<?xml version="1.0" encoding="UTF-8"?>
<gpx xmlns="http://www.topografix.com/GPX/1/1" xmlns:ns2="http://www.garmin.com/xmlschemas/GpxExtensions/v3" xmlns:ns3="http://www.garmin.com/xmlschemas/TrackPointExtension/v1" xmlns:xsi="http://www.w3.org/2001/XMLSchema-instance" xsi:schemaLocation="http://www.topografix.com/GPX/1/1 http://www.topografix.com/GPX/11.xsd" version="1.1" creator="Garmin Connect">
  <metadata>
    <link href="connect.garmin.com">
      <text>Garmin Connect</text>
    </link>
    <time>2024-05-11T07:59:20Z</time>
  </metadata>
  <trk>
    <name>Braintree Cycling</name>
    <type>cycling</type>
    <trkseg>
      <trkpt lat="51.873356737196445" lon="0.5060669593513012">
        <ele>76.5999984741211</ele>
        <time>2024-05-11T07:59:20Z</time>
        <extensions>
          <ns3:TrackPointExtension></ns3:TrackPointExtension>
        </extensions>
      </trkpt>
      <trkpt lat="51.873428989201784" lon="0.5060948710888624">
        <ele>76.0</ele>
        <time>2024-05-11T08:00:33Z</time>
        <extensions>
          <ns3:TrackPointExtension></ns3:TrackPointExtension>
        </extensions>
      </trkpt>
      <trkpt lat="51.873465199023485" lon="0.5060409754514694">
        <ele>76.0</ele>
        <time>2024-05-11T08:01:54Z</time>
        <extensions>
          <ns3:TrackPointExtension></ns3:TrackPointExtension>
        </extensions>
      </trkpt>
      <trkpt lat="51.87332714907825" lon="0.505954222753644">
        <ele>76.80000305175781</ele>
        <time>2024-05-11T08:03:10Z</time>
        <extensions>
          <ns3:TrackPointExtension></ns3:TrackPointExtension>
        </extensions>
      </trkpt>
      <trkpt lat="51.87345421873033" lon="0.5059859063476324">
        <ele>76.0</ele>
        <time>2024-05-11T08:04:22Z</time>
        <extensions>
          <ns3:TrackPointExtension></ns3:TrackPointExtension>
        </extensions>
      </trkpt>
      <trkpt lat="51.87443062663078" lon="0.506418077275157">
        <ele>77.5999984741211</ele>
        <time>2024-05-11T08:04:39Z</time>
        <extensions>
          <ns3:TrackPointExtension></ns3:TrackPointExtension>
        </extensions>
      </trkpt>
      <trkpt lat="51.87481602653861" lon="0.5065206717699766">
        <ele>77.0</ele>
        <time>2024-05-11T08:04:47Z</time>
        <extensions>
          <ns3:TrackPointExtension></ns3:TrackPointExtension>
        </extensions>
      </trkpt>
      <trkpt lat="51.874997075647116" lon="0.5065077636390924">
        <ele>76.80000305175781</ele>
        <time>2024-05-11T08:04:51Z</time>
        <extensions>
          <ns3:TrackPointExtension></ns3:TrackPointExtension>
        </extensions>
      </trkpt>
      <trkpt lat="51.87509790994227" lon="0.5062595754861832">
        <ele>76.0</ele>
        <time>2024-05-11T08:04:58Z</time>
        <extensions>
          <ns3:TrackPointExtension></ns3:TrackPointExtension>
        </extensions>
      </trkpt>
      <trkpt lat="51.874974025413394" lon="0.5052870232611895">
        <ele>76.0</ele>
        <time>2024-05-11T08:05:09Z</time>
        <extensions>
          <ns3:TrackPointExtension></ns3:TrackPointExtension>
        </extensions>
      </trkpt>
      <trkpt lat="51.87488827854395" lon="0.5043138843029737">
        <ele>75.19999694824219</ele>
        <time>2024-05-11T08:05:18Z</time>
        <extensions>
          <ns3:TrackPointExtension></ns3:TrackPointExtension>
        </extensions>
      </trkpt>
      <trkpt lat="51.87475039623678" lon="0.5034231394529343">
        <ele>77.0</ele>
        <time>2024-05-11T08:05:29Z</time>
        <extensions>
          <ns3:TrackPointExtension></ns3:TrackPointExtension>
        </extensions>
      </trkpt>
      <trkpt lat="51.874660374596715" lon="0.502051692456007">
        <ele>75.19999694824219</ele>
        <time>2024-05-11T08:05:43Z</time>
        <extensions>
          <ns3:TrackPointExtension></ns3:TrackPointExtension>
        </extensions>
      </trkpt>
      <trkpt lat="51.87443255446851" lon="0.5000966135412455">
        <ele>77.4000015258789</ele>
        <time>2024-05-11T08:06:02Z</time>
        <extensions>
          <ns3:TrackPointExtension></ns3:TrackPointExtension>
        </extensions>
      </trkpt>
      <trkpt lat="51.874271454289556" lon="0.49906949512660503">
        <ele>78.0</ele>
        <time>2024-05-11T08:06:11Z</time>
        <extensions>
          <ns3:TrackPointExtension></ns3:TrackPointExtension>
        </extensions>
      </trkpt>
      <trkpt lat="51.87416022643447" lon="0.4977418854832649">
        <ele>78.0</ele>
        <time>2024-05-11T08:06:23Z</time>
        <extensions>
          <ns3:TrackPointExtension></ns3:TrackPointExtension>
        </extensions>
      </trkpt>
      <trkpt lat="51.87392477877438" lon="0.49561405554413795">
        <ele>76.0</ele>
        <time>2024-05-11T08:06:41Z</time>
        <extensions>
          <ns3:TrackPointExtension></ns3:TrackPointExtension>
        </extensions>
      </trkpt>
      <trkpt lat="51.8738495092839" lon="0.49375612288713455">
        <ele>77.5999984741211</ele>
        <time>2024-05-11T08:06:56Z</time>
        <extensions>
          <ns3:TrackPointExtension></ns3:TrackPointExtension>
        </extensions>
      </trkpt>
      <trkpt lat="51.87366192229092" lon="0.49161002039909363">
        <ele>72.80000305175781</ele>
        <time>2024-05-11T08:07:14Z</time>
        <extensions>
          <ns3:TrackPointExtension></ns3:TrackPointExtension>
        </extensions>
      </trkpt>
      <trkpt lat="51.87367072328925" lon="0.4894714616239071">
        <ele>71.0</ele>
        <time>2024-05-11T08:07:32Z</time>
        <extensions>
          <ns3:TrackPointExtension></ns3:TrackPointExtension>
        </extensions>
      </trkpt>
      <trkpt lat="51.87371514737606" lon="0.48803103156387806">
        <ele>70.0</ele>
        <time>2024-05-11T08:07:44Z</time>
        <extensions>
          <ns3:TrackPointExtension></ns3:TrackPointExtension>
        </extensions>
      </trkpt>
      <trkpt lat="51.87369461171329" lon="0.48786263912916183">
        <ele>70.0</ele>
        <time>2024-05-11T08:07:46Z</time>
        <extensions>
          <ns3:TrackPointExtension></ns3:TrackPointExtension>
        </extensions>
      </trkpt>
      <trkpt lat="51.87356209382415" lon="0.48769441433250904">
        <ele>69.19999694824219</ele>
        <time>2024-05-11T08:07:50Z</time>
        <extensions>
          <ns3:TrackPointExtension></ns3:TrackPointExtension>
        </extensions>
      </trkpt>
      <trkpt lat="51.87331357039511" lon="0.48776297830045223">
        <ele>69.0</ele>
        <time>2024-05-11T08:07:55Z</time>
        <extensions>
          <ns3:TrackPointExtension></ns3:TrackPointExtension>
        </extensions>
      </trkpt>
      <trkpt lat="51.87311600893736" lon="0.48760950565338135">
        <ele>68.80000305175781</ele>
        <time>2024-05-11T08:07:59Z</time>
        <extensions>
          <ns3:TrackPointExtension></ns3:TrackPointExtension>
        </extensions>
      </trkpt>
      <trkpt lat="51.87307837419212" lon="0.48731865361332893">
        <ele>68.5999984741211</ele>
        <time>2024-05-11T08:08:02Z</time>
        <extensions>
          <ns3:TrackPointExtension></ns3:TrackPointExtension>
        </extensions>
      </trkpt>
      <trkpt lat="51.87315825372934" lon="0.4870516899973154">
        <ele>68.0</ele>
        <time>2024-05-11T08:08:05Z</time>
        <extensions>
          <ns3:TrackPointExtension></ns3:TrackPointExtension>
        </extensions>
      </trkpt>
      <trkpt lat="51.8734869081527" lon="0.48664466477930546">
        <ele>68.5999984741211</ele>
        <time>2024-05-11T08:08:11Z</time>
        <extensions>
          <ns3:TrackPointExtension></ns3:TrackPointExtension>
        </extensions>
      </trkpt>
      <trkpt lat="51.8736785184592" lon="0.48626882024109364">
        <ele>70.80000305175781</ele>
        <time>2024-05-11T08:08:15Z</time>
        <extensions>
          <ns3:TrackPointExtension></ns3:TrackPointExtension>
        </extensions>
      </trkpt>
      <trkpt lat="51.873975824564695" lon="0.48533172346651554">
        <ele>69.19999694824219</ele>
        <time>2024-05-11T08:08:24Z</time>
        <extensions>
          <ns3:TrackPointExtension></ns3:TrackPointExtension>
        </extensions>
      </trkpt>
      <trkpt lat="51.874508913606405" lon="0.48314882442355156">
        <ele>70.0</ele>
        <time>2024-05-11T08:08:45Z</time>
        <extensions>
          <ns3:TrackPointExtension></ns3:TrackPointExtension>
        </extensions>
      </trkpt>
      <trkpt lat="51.87494686804712" lon="0.4815856833010912">
        <ele>68.4000015258789</ele>
        <time>2024-05-11T08:09:00Z</time>
        <extensions>
          <ns3:TrackPointExtension></ns3:TrackPointExtension>
        </extensions>
      </trkpt>
      <trkpt lat="51.87514778226614" lon="0.4806104488670826">
        <ele>71.0</ele>
        <time>2024-05-11T08:09:09Z</time>
        <extensions>
          <ns3:TrackPointExtension></ns3:TrackPointExtension>
        </extensions>
      </trkpt>
      <trkpt lat="51.875399658456445" lon="0.4789272788912058">
        <ele>69.0</ele>
        <time>2024-05-11T08:09:24Z</time>
        <extensions>
          <ns3:TrackPointExtension></ns3:TrackPointExtension>
        </extensions>
      </trkpt>
      <trkpt lat="51.875551622360945" lon="0.47827038913965225">
        <ele>69.5999984741211</ele>
        <time>2024-05-11T08:09:30Z</time>
        <extensions>
          <ns3:TrackPointExtension></ns3:TrackPointExtension>
        </extensions>
      </trkpt>
      <trkpt lat="51.87775547616184" lon="0.4724474810063839">
        <ele>70.80000305175781</ele>
        <time>2024-05-11T08:10:27Z</time>
        <extensions>
          <ns3:TrackPointExtension></ns3:TrackPointExtension>
        </extensions>
      </trkpt>
      <trkpt lat="51.8779475055635" lon="0.47179813496768475">
        <ele>70.19999694824219</ele>
        <time>2024-05-11T08:10:33Z</time>
        <extensions>
          <ns3:TrackPointExtension></ns3:TrackPointExtension>
        </extensions>
      </trkpt>
      <trkpt lat="51.87825093045831" lon="0.4700826108455658">
        <ele>70.4000015258789</ele>
        <time>2024-05-11T08:10:48Z</time>
        <extensions>
          <ns3:TrackPointExtension></ns3:TrackPointExtension>
        </extensions>
      </trkpt>
      <trkpt lat="51.878551840782166" lon="0.46867051161825657">
        <ele>69.4000015258789</ele>
        <time>2024-05-11T08:11:01Z</time>
        <extensions>
          <ns3:TrackPointExtension></ns3:TrackPointExtension>
        </extensions>
      </trkpt>
      <trkpt lat="51.878750156611204" lon="0.46631100587546825">
        <ele>72.80000305175781</ele>
        <time>2024-05-11T08:11:19Z</time>
        <extensions>
          <ns3:TrackPointExtension></ns3:TrackPointExtension>
        </extensions>
      </trkpt>
      <trkpt lat="51.879220297560096" lon="0.4626285005360842">
        <ele>72.0</ele>
        <time>2024-05-11T08:11:52Z</time>
        <extensions>
          <ns3:TrackPointExtension></ns3:TrackPointExtension>
        </extensions>
      </trkpt>
      <trkpt lat="51.87939941883087" lon="0.46088858507573605">
        <ele>71.5999984741211</ele>
        <time>2024-05-11T08:12:07Z</time>
        <extensions>
          <ns3:TrackPointExtension></ns3:TrackPointExtension>
        </extensions>
      </trkpt>
      <trkpt lat="51.879825638607144" lon="0.4574043955653906">
        <ele>74.0</ele>
        <time>2024-05-11T08:12:37Z</time>
        <extensions>
          <ns3:TrackPointExtension></ns3:TrackPointExtension>
        </extensions>
      </trkpt>
      <trkpt lat="51.879902416840196" lon="0.45629069209098816">
        <ele>74.5999984741211</ele>
        <time>2024-05-11T08:12:46Z</time>
        <extensions>
          <ns3:TrackPointExtension></ns3:TrackPointExtension>
        </extensions>
      </trkpt>
      <trkpt lat="51.87989009544253" lon="0.455585103482008">
        <ele>74.19999694824219</ele>
        <time>2024-05-11T08:12:52Z</time>
        <extensions>
          <ns3:TrackPointExtension></ns3:TrackPointExtension>
        </extensions>
      </trkpt>
      <trkpt lat="51.87981080263853" lon="0.4545957874506712">
        <ele>75.0</ele>
        <time>2024-05-11T08:13:01Z</time>
        <extensions>
          <ns3:TrackPointExtension></ns3:TrackPointExtension>
        </extensions>
      </trkpt>
      <trkpt lat="51.879689348861575" lon="0.45375810004770756">
        <ele>76.0</ele>
        <time>2024-05-11T08:13:10Z</time>
        <extensions>
          <ns3:TrackPointExtension></ns3:TrackPointExtension>
        </extensions>
      </trkpt>
      <trkpt lat="51.87981625087559" lon="0.4534789826720953">
        <ele>77.0</ele>
        <time>2024-05-11T08:13:14Z</time>
        <extensions>
          <ns3:TrackPointExtension></ns3:TrackPointExtension>
        </extensions>
      </trkpt>
      <trkpt lat="51.87999989837408" lon="0.45324898324906826">
        <ele>76.80000305175781</ele>
        <time>2024-05-11T08:13:17Z</time>
        <extensions>
          <ns3:TrackPointExtension></ns3:TrackPointExtension>
        </extensions>
      </trkpt>
      <trkpt lat="51.88015328720212" lon="0.452938936650753">
        <ele>76.80000305175781</ele>
        <time>2024-05-11T08:13:20Z</time>
        <extensions>
          <ns3:TrackPointExtension></ns3:TrackPointExtension>
        </extensions>
      </trkpt>
      <trkpt lat="51.88024523667991" lon="0.45256393030285835">
        <ele>76.19999694824219</ele>
        <time>2024-05-11T08:13:23Z</time>
        <extensions>
          <ns3:TrackPointExtension></ns3:TrackPointExtension>
        </extensions>
      </trkpt>
      <trkpt lat="51.88047490082681" lon="0.45042780227959156">
        <ele>74.5999984741211</ele>
        <time>2024-05-11T08:13:40Z</time>
        <extensions>
          <ns3:TrackPointExtension></ns3:TrackPointExtension>
        </extensions>
      </trkpt>
      <trkpt lat="51.880811769515276" lon="0.448722168803215">
        <ele>75.5999984741211</ele>
        <time>2024-05-11T08:13:55Z</time>
        <extensions>
          <ns3:TrackPointExtension></ns3:TrackPointExtension>
        </extensions>
      </trkpt>
      <trkpt lat="51.880912939086556" lon="0.44841731898486614">
        <ele>76.0</ele>
        <time>2024-05-11T08:13:58Z</time>
        <extensions>
          <ns3:TrackPointExtension></ns3:TrackPointExtension>
        </extensions>
      </trkpt>
      <trkpt lat="51.881148386746645" lon="0.44788867235183716">
        <ele>76.19999694824219</ele>
        <time>2024-05-11T08:14:04Z</time>
        <extensions>
          <ns3:TrackPointExtension></ns3:TrackPointExtension>
        </extensions>
      </trkpt>
      <trkpt lat="51.88536540605128" lon="0.4407691676169634">
        <ele>79.0</ele>
        <time>2024-05-11T08:15:30Z</time>
        <extensions>
          <ns3:TrackPointExtension></ns3:TrackPointExtension>
        </extensions>
      </trkpt>
      <trkpt lat="51.88602522946894" lon="0.4390250612050295">
        <ele>77.80000305175781</ele>
        <time>2024-05-11T08:15:48Z</time>
        <extensions>
          <ns3:TrackPointExtension></ns3:TrackPointExtension>
        </extensions>
      </trkpt>
      <trkpt lat="51.88650827854872" lon="0.43795536272227764">
        <ele>81.19999694824219</ele>
        <time>2024-05-11T08:16:00Z</time>
        <extensions>
          <ns3:TrackPointExtension></ns3:TrackPointExtension>
        </extensions>
      </trkpt>
      <trkpt lat="51.88683341257274" lon="0.4371196869760752">
        <ele>81.5999984741211</ele>
        <time>2024-05-11T08:16:09Z</time>
        <extensions>
          <ns3:TrackPointExtension></ns3:TrackPointExtension>
        </extensions>
      </trkpt>
      <trkpt lat="51.88732182607055" lon="0.4360215738415718">
        <ele>82.0</ele>
        <time>2024-05-11T08:16:21Z</time>
        <extensions>
          <ns3:TrackPointExtension></ns3:TrackPointExtension>
        </extensions>
      </trkpt>
      <trkpt lat="51.88742618076503" lon="0.4357110243290663">
        <ele>81.0</ele>
        <time>2024-05-11T08:16:24Z</time>
        <extensions>
          <ns3:TrackPointExtension></ns3:TrackPointExtension>
        </extensions>
      </trkpt>
      <trkpt lat="51.887500528246164" lon="0.4353767540305853">
        <ele>80.4000015258789</ele>
        <time>2024-05-11T08:16:27Z</time>
        <extensions>
          <ns3:TrackPointExtension></ns3:TrackPointExtension>
        </extensions>
      </trkpt>
      <trkpt lat="51.8875331338495" lon="0.4350349400192499">
        <ele>80.5999984741211</ele>
        <time>2024-05-11T08:16:30Z</time>
        <extensions>
          <ns3:TrackPointExtension></ns3:TrackPointExtension>
        </extensions>
      </trkpt>
      <trkpt lat="51.88750966452062" lon="0.43438064865767956">
        <ele>81.0</ele>
        <time>2024-05-11T08:16:36Z</time>
        <extensions>
          <ns3:TrackPointExtension></ns3:TrackPointExtension>
        </extensions>
      </trkpt>
      <trkpt lat="51.88744906336069" lon="0.4338506609201431">
        <ele>80.5999984741211</ele>
        <time>2024-05-11T08:16:41Z</time>
        <extensions>
          <ns3:TrackPointExtension></ns3:TrackPointExtension>
        </extensions>
      </trkpt>
      <trkpt lat="51.887080846354365" lon="0.4317213222384453">
        <ele>83.0</ele>
        <time>2024-05-11T08:17:01Z</time>
        <extensions>
          <ns3:TrackPointExtension></ns3:TrackPointExtension>
        </extensions>
      </trkpt>
      <trkpt lat="51.887035919353366" lon="0.4310196731239557">
        <ele>84.0</ele>
        <time>2024-05-11T08:17:07Z</time>
        <extensions>
          <ns3:TrackPointExtension></ns3:TrackPointExtension>
        </extensions>
      </trkpt>
      <trkpt lat="51.88706056214869" lon="0.4303731769323349">
        <ele>84.0</ele>
        <time>2024-05-11T08:17:14Z</time>
        <extensions>
          <ns3:TrackPointExtension></ns3:TrackPointExtension>
        </extensions>
      </trkpt>
      <trkpt lat="51.88726491294801" lon="0.42909217067062855">
        <ele>83.19999694824219</ele>
        <time>2024-05-11T08:17:49Z</time>
        <extensions>
          <ns3:TrackPointExtension></ns3:TrackPointExtension>
        </extensions>
      </trkpt>
      <trkpt lat="51.88733188435435" lon="0.428466210141778">
        <ele>84.0</ele>
        <time>2024-05-11T08:17:55Z</time>
        <extensions>
          <ns3:TrackPointExtension></ns3:TrackPointExtension>
        </extensions>
      </trkpt>
      <trkpt lat="51.88732392154634" lon="0.42721244506537914">
        <ele>85.0</ele>
        <time>2024-05-11T08:18:07Z</time>
        <extensions>
          <ns3:TrackPointExtension></ns3:TrackPointExtension>
        </extensions>
      </trkpt>
      <trkpt lat="51.887269439175725" lon="0.425978796556592">
        <ele>85.80000305175781</ele>
        <time>2024-05-11T08:18:20Z</time>
        <extensions>
          <ns3:TrackPointExtension></ns3:TrackPointExtension>
        </extensions>
      </trkpt>
      <trkpt lat="51.88735996372998" lon="0.42572373524308205">
        <ele>85.5999984741211</ele>
        <time>2024-05-11T08:18:23Z</time>
        <extensions>
          <ns3:TrackPointExtension></ns3:TrackPointExtension>
        </extensions>
      </trkpt>
      <trkpt lat="51.88837149180472" lon="0.4248564597219229">
        <ele>83.19999694824219</ele>
        <time>2024-05-11T08:18:39Z</time>
        <extensions>
          <ns3:TrackPointExtension></ns3:TrackPointExtension>
        </extensions>
      </trkpt>
      <trkpt lat="51.88939031213522" lon="0.4237796366214752">
        <ele>82.4000015258789</ele>
        <time>2024-05-11T08:18:57Z</time>
        <extensions>
          <ns3:TrackPointExtension></ns3:TrackPointExtension>
        </extensions>
      </trkpt>
      <trkpt lat="51.89045263454318" lon="0.4228173941373825">
        <ele>81.80000305175781</ele>
        <time>2024-05-11T08:19:15Z</time>
        <extensions>
          <ns3:TrackPointExtension></ns3:TrackPointExtension>
        </extensions>
      </trkpt>
      <trkpt lat="51.89071498811245" lon="0.4224715568125248">
        <ele>81.19999694824219</ele>
        <time>2024-05-11T08:19:20Z</time>
        <extensions>
          <ns3:TrackPointExtension></ns3:TrackPointExtension>
        </extensions>
      </trkpt>
      <trkpt lat="51.890834514051676" lon="0.4221765138208866">
        <ele>81.5999984741211</ele>
        <time>2024-05-11T08:19:23Z</time>
        <extensions>
          <ns3:TrackPointExtension></ns3:TrackPointExtension>
        </extensions>
      </trkpt>
      <trkpt lat="51.890852535143495" lon="0.42181014083325863">
        <ele>81.5999984741211</ele>
        <time>2024-05-11T08:19:26Z</time>
        <extensions>
          <ns3:TrackPointExtension></ns3:TrackPointExtension>
        </extensions>
      </trkpt>
      <trkpt lat="51.89051072113216" lon="0.4206342436373234">
        <ele>80.4000015258789</ele>
        <time>2024-05-11T08:19:36Z</time>
        <extensions>
          <ns3:TrackPointExtension></ns3:TrackPointExtension>
        </extensions>
      </trkpt>
      <trkpt lat="51.89043838530779" lon="0.4202842153608799">
        <ele>80.0</ele>
        <time>2024-05-11T08:19:39Z</time>
        <extensions>
          <ns3:TrackPointExtension></ns3:TrackPointExtension>
        </extensions>
      </trkpt>
      <trkpt lat="51.89032179303467" lon="0.419544680044055">
        <ele>79.5999984741211</ele>
        <time>2024-05-11T08:19:45Z</time>
        <extensions>
          <ns3:TrackPointExtension></ns3:TrackPointExtension>
        </extensions>
      </trkpt>
      <trkpt lat="51.89023847691715" lon="0.4187490697950125">
        <ele>77.19999694824219</ele>
        <time>2024-05-11T08:19:51Z</time>
        <extensions>
          <ns3:TrackPointExtension></ns3:TrackPointExtension>
        </extensions>
      </trkpt>
      <trkpt lat="51.89008651301265" lon="0.41798505932092667">
        <ele>76.0</ele>
        <time>2024-05-11T08:19:57Z</time>
        <extensions>
          <ns3:TrackPointExtension></ns3:TrackPointExtension>
        </extensions>
      </trkpt>
      <trkpt lat="51.88998215831816" lon="0.41763545013964176">
        <ele>76.0</ele>
        <time>2024-05-11T08:20:00Z</time>
        <extensions>
          <ns3:TrackPointExtension></ns3:TrackPointExtension>
        </extensions>
      </trkpt>
      <trkpt lat="51.88992935232818" lon="0.4175462666898966">
        <ele>76.19999694824219</ele>
        <time>2024-05-11T08:20:01Z</time>
        <extensions>
          <ns3:TrackPointExtension></ns3:TrackPointExtension>
        </extensions>
      </trkpt>
      <trkpt lat="51.889562644064426" lon="0.4171193763613701">
        <ele>77.5999984741211</ele>
        <time>2024-05-11T08:20:08Z</time>
        <extensions>
          <ns3:TrackPointExtension></ns3:TrackPointExtension>
        </extensions>
      </trkpt>
      <trkpt lat="51.8894639890641" lon="0.4167691804468632">
        <ele>77.0</ele>
        <time>2024-05-11T08:20:12Z</time>
        <extensions>
          <ns3:TrackPointExtension></ns3:TrackPointExtension>
        </extensions>
      </trkpt>
      <trkpt lat="51.889353934675455" lon="0.4160555452108383">
        <ele>74.19999694824219</ele>
        <time>2024-05-11T08:20:20Z</time>
        <extensions>
          <ns3:TrackPointExtension></ns3:TrackPointExtension>
        </extensions>
      </trkpt>
      <trkpt lat="51.889458457008004" lon="0.415762010961771">
        <ele>73.5999984741211</ele>
        <time>2024-05-11T08:20:24Z</time>
        <extensions>
          <ns3:TrackPointExtension></ns3:TrackPointExtension>
        </extensions>
      </trkpt>
      <trkpt lat="51.89006187021732" lon="0.41518684476614">
        <ele>70.5999984741211</ele>
        <time>2024-05-11T08:20:32Z</time>
        <extensions>
          <ns3:TrackPointExtension></ns3:TrackPointExtension>
        </extensions>
      </trkpt>
      <trkpt lat="51.89103693701327" lon="0.4144125245511532">
        <ele>74.4000015258789</ele>
        <time>2024-05-11T08:20:49Z</time>
        <extensions>
          <ns3:TrackPointExtension></ns3:TrackPointExtension>
        </extensions>
      </trkpt>
      <trkpt lat="51.89153775572777" lon="0.41374540887773037">
        <ele>76.0</ele>
        <time>2024-05-11T08:21:01Z</time>
        <extensions>
          <ns3:TrackPointExtension></ns3:TrackPointExtension>
        </extensions>
      </trkpt>
      <trkpt lat="51.892980113625526" lon="0.41208612732589245">
        <ele>75.5999984741211</ele>
        <time>2024-05-11T08:21:33Z</time>
        <extensions>
          <ns3:TrackPointExtension></ns3:TrackPointExtension>
        </extensions>
      </trkpt>
      <trkpt lat="51.89402122981846" lon="0.41071283631026745">
        <ele>72.80000305175781</ele>
        <time>2024-05-11T08:21:52Z</time>
        <extensions>
          <ns3:TrackPointExtension></ns3:TrackPointExtension>
        </extensions>
      </trkpt>
      <trkpt lat="51.89455750398338" lon="0.4095969535410404">
        <ele>76.0</ele>
        <time>2024-05-11T08:22:08Z</time>
        <extensions>
          <ns3:TrackPointExtension></ns3:TrackPointExtension>
        </extensions>
      </trkpt>
      <trkpt lat="51.89463377930224" lon="0.4094738233834505">
        <ele>76.4000015258789</ele>
        <time>2024-05-11T08:22:10Z</time>
        <extensions>
          <ns3:TrackPointExtension></ns3:TrackPointExtension>
        </extensions>
      </trkpt>
      <trkpt lat="51.89483888447285" lon="0.4092817101627588">
        <ele>77.0</ele>
        <time>2024-05-11T08:22:14Z</time>
        <extensions>
          <ns3:TrackPointExtension></ns3:TrackPointExtension>
        </extensions>
      </trkpt>
      <trkpt lat="51.89524574205279" lon="0.40911516174674034">
        <ele>75.0</ele>
        <time>2024-05-11T08:22:20Z</time>
        <extensions>
          <ns3:TrackPointExtension></ns3:TrackPointExtension>
        </extensions>
      </trkpt>
      <trkpt lat="51.89547582529485" lon="0.409067552536726">
        <ele>74.4000015258789</ele>
        <time>2024-05-11T08:22:23Z</time>
        <extensions>
          <ns3:TrackPointExtension></ns3:TrackPointExtension>
        </extensions>
      </trkpt>
      <trkpt lat="51.896797148510814" lon="0.4090413171797991">
        <ele>75.19999694824219</ele>
        <time>2024-05-11T08:22:41Z</time>
        <extensions>
          <ns3:TrackPointExtension></ns3:TrackPointExtension>
        </extensions>
      </trkpt>
      <trkpt lat="51.89781471155584" lon="0.4088551551103592">
        <ele>74.0</ele>
        <time>2024-05-11T08:22:56Z</time>
        <extensions>
          <ns3:TrackPointExtension></ns3:TrackPointExtension>
        </extensions>
      </trkpt>
      <trkpt lat="51.89802970737219" lon="0.4087751917541027">
        <ele>73.5999984741211</ele>
        <time>2024-05-11T08:22:59Z</time>
        <extensions>
          <ns3:TrackPointExtension></ns3:TrackPointExtension>
        </extensions>
      </trkpt>
      <trkpt lat="51.89824034459889" lon="0.4085890296846628">
        <ele>72.4000015258789</ele>
        <time>2024-05-11T08:23:02Z</time>
        <extensions>
          <ns3:TrackPointExtension></ns3:TrackPointExtension>
        </extensions>
      </trkpt>
      <trkpt lat="51.898430194705725" lon="0.40828811936080456">
        <ele>70.0</ele>
        <time>2024-05-11T08:23:05Z</time>
        <extensions>
          <ns3:TrackPointExtension></ns3:TrackPointExtension>
        </extensions>
      </trkpt>
      <trkpt lat="51.89882489852607" lon="0.4072972945868969">
        <ele>66.0</ele>
        <time>2024-05-11T08:23:12Z</time>
        <extensions>
          <ns3:TrackPointExtension></ns3:TrackPointExtension>
        </extensions>
      </trkpt>
      <trkpt lat="51.899487571790814" lon="0.4060678370296955">
        <ele>70.5999984741211</ele>
        <time>2024-05-11T08:23:27Z</time>
        <extensions>
          <ns3:TrackPointExtension></ns3:TrackPointExtension>
        </extensions>
      </trkpt>
      <trkpt lat="51.899589747190475" lon="0.40593397803604603">
        <ele>71.80000305175781</ele>
        <time>2024-05-11T08:23:30Z</time>
        <extensions>
          <ns3:TrackPointExtension></ns3:TrackPointExtension>
        </extensions>
      </trkpt>
      <trkpt lat="51.89975939691067" lon="0.4058168828487396">
        <ele>72.80000305175781</ele>
        <time>2024-05-11T08:23:35Z</time>
        <extensions>
          <ns3:TrackPointExtension></ns3:TrackPointExtension>
        </extensions>
      </trkpt>
      <trkpt lat="51.89996148459613" lon="0.405757874250412">
        <ele>74.0</ele>
        <time>2024-05-11T08:23:41Z</time>
        <extensions>
          <ns3:TrackPointExtension></ns3:TrackPointExtension>
        </extensions>
      </trkpt>
      <trkpt lat="51.90017522312701" lon="0.40575871244072914">
        <ele>75.19999694824219</ele>
        <time>2024-05-11T08:23:46Z</time>
        <extensions>
          <ns3:TrackPointExtension></ns3:TrackPointExtension>
        </extensions>
      </trkpt>
      <trkpt lat="51.900311848148704" lon="0.40561605244874954">
        <ele>75.80000305175781</ele>
        <time>2024-05-11T08:23:50Z</time>
        <extensions>
          <ns3:TrackPointExtension></ns3:TrackPointExtension>
        </extensions>
      </trkpt>
      <trkpt lat="51.900630025193095" lon="0.40474475361406803">
        <ele>76.19999694824219</ele>
        <time>2024-05-11T08:24:03Z</time>
        <extensions>
          <ns3:TrackPointExtension></ns3:TrackPointExtension>
        </extensions>
      </trkpt>
      <trkpt lat="51.90075290389359" lon="0.4044500458985567">
        <ele>76.0</ele>
        <time>2024-05-11T08:24:07Z</time>
        <extensions>
          <ns3:TrackPointExtension></ns3:TrackPointExtension>
        </extensions>
      </trkpt>
      <trkpt lat="51.90089665353298" lon="0.4042076412588358">
        <ele>76.4000015258789</ele>
        <time>2024-05-11T08:24:11Z</time>
        <extensions>
          <ns3:TrackPointExtension></ns3:TrackPointExtension>
        </extensions>
      </trkpt>
      <trkpt lat="51.90167625434697" lon="0.4031932633370161">
        <ele>78.0</ele>
        <time>2024-05-11T08:24:35Z</time>
        <extensions>
          <ns3:TrackPointExtension></ns3:TrackPointExtension>
        </extensions>
      </trkpt>
      <trkpt lat="51.901837941259146" lon="0.40308672934770584">
        <ele>77.80000305175781</ele>
        <time>2024-05-11T08:25:36Z</time>
        <extensions>
          <ns3:TrackPointExtension></ns3:TrackPointExtension>
        </extensions>
      </trkpt>
      <trkpt lat="51.902565993368626" lon="0.403889799490571">
        <ele>76.19999694824219</ele>
        <time>2024-05-11T08:25:52Z</time>
        <extensions>
          <ns3:TrackPointExtension></ns3:TrackPointExtension>
        </extensions>
      </trkpt>
      <trkpt lat="51.90374474041164" lon="0.40506385266780853">
        <ele>79.19999694824219</ele>
        <time>2024-05-11T08:26:13Z</time>
        <extensions>
          <ns3:TrackPointExtension></ns3:TrackPointExtension>
        </extensions>
      </trkpt>
      <trkpt lat="51.90408890135586" lon="0.40535579435527325">
        <ele>79.0</ele>
        <time>2024-05-11T08:26:19Z</time>
        <extensions>
          <ns3:TrackPointExtension></ns3:TrackPointExtension>
        </extensions>
      </trkpt>
      <trkpt lat="51.90447396598756" lon="0.4056104365736246">
        <ele>80.0</ele>
        <time>2024-05-11T08:26:25Z</time>
        <extensions>
          <ns3:TrackPointExtension></ns3:TrackPointExtension>
        </extensions>
      </trkpt>
      <trkpt lat="51.904890798032284" lon="0.4057708662003279">
        <ele>81.0</ele>
        <time>2024-05-11T08:26:31Z</time>
        <extensions>
          <ns3:TrackPointExtension></ns3:TrackPointExtension>
        </extensions>
      </trkpt>
      <trkpt lat="51.90535909496248" lon="0.4058248456567526">
        <ele>80.19999694824219</ele>
        <time>2024-05-11T08:26:37Z</time>
        <extensions>
          <ns3:TrackPointExtension></ns3:TrackPointExtension>
        </extensions>
      </trkpt>
      <trkpt lat="51.90599067136645" lon="0.4057873785495758">
        <ele>79.80000305175781</ele>
        <time>2024-05-11T08:26:46Z</time>
        <extensions>
          <ns3:TrackPointExtension></ns3:TrackPointExtension>
        </extensions>
      </trkpt>
      <trkpt lat="51.90643306821585" lon="0.40562577545642853">
        <ele>78.5999984741211</ele>
        <time>2024-05-11T08:26:52Z</time>
        <extensions>
          <ns3:TrackPointExtension></ns3:TrackPointExtension>
        </extensions>
      </trkpt>
      <trkpt lat="51.906651332974434" lon="0.4056186508387327">
        <ele>78.5999984741211</ele>
        <time>2024-05-11T08:26:55Z</time>
        <extensions>
          <ns3:TrackPointExtension></ns3:TrackPointExtension>
        </extensions>
      </trkpt>
      <trkpt lat="51.90703723579645" lon="0.4057421162724495">
        <ele>78.80000305175781</ele>
        <time>2024-05-11T08:27:01Z</time>
        <extensions>
          <ns3:TrackPointExtension></ns3:TrackPointExtension>
        </extensions>
      </trkpt>
      <trkpt lat="51.90762019716203" lon="0.40603321976959705">
        <ele>77.80000305175781</ele>
        <time>2024-05-11T08:27:10Z</time>
        <extensions>
          <ns3:TrackPointExtension></ns3:TrackPointExtension>
        </extensions>
      </trkpt>
      <trkpt lat="51.908414885401726" lon="0.4062742833048105">
        <ele>76.80000305175781</ele>
        <time>2024-05-11T08:27:22Z</time>
        <extensions>
          <ns3:TrackPointExtension></ns3:TrackPointExtension>
        </extensions>
      </trkpt>
      <trkpt lat="51.909195659682155" lon="0.4067397303879261">
        <ele>79.0</ele>
        <time>2024-05-11T08:27:34Z</time>
        <extensions>
          <ns3:TrackPointExtension></ns3:TrackPointExtension>
        </extensions>
      </trkpt>
      <trkpt lat="51.9094127509743" lon="0.4067254811525345">
        <ele>79.80000305175781</ele>
        <time>2024-05-11T08:27:38Z</time>
        <extensions>
          <ns3:TrackPointExtension></ns3:TrackPointExtension>
        </extensions>
      </trkpt>
      <trkpt lat="51.90973788499832" lon="0.4065800551325083">
        <ele>80.5999984741211</ele>
        <time>2024-05-11T08:27:44Z</time>
        <extensions>
          <ns3:TrackPointExtension></ns3:TrackPointExtension>
        </extensions>
      </trkpt>
      <trkpt lat="51.910057654604316" lon="0.4063426796346903">
        <ele>82.5999984741211</ele>
        <time>2024-05-11T08:27:49Z</time>
        <extensions>
          <ns3:TrackPointExtension></ns3:TrackPointExtension>
        </extensions>
      </trkpt>
      <trkpt lat="51.9106247741729" lon="0.4056757315993309">
        <ele>81.19999694824219</ele>
        <time>2024-05-11T08:27:59Z</time>
        <extensions>
          <ns3:TrackPointExtension></ns3:TrackPointExtension>
        </extensions>
      </trkpt>
      <trkpt lat="51.91135777160525" lon="0.4049688018858433">
        <ele>78.0</ele>
        <time>2024-05-11T08:28:09Z</time>
        <extensions>
          <ns3:TrackPointExtension></ns3:TrackPointExtension>
        </extensions>
      </trkpt>
      <trkpt lat="51.911529349163175" lon="0.40463704615831375">
        <ele>77.80000305175781</ele>
        <time>2024-05-11T08:28:12Z</time>
        <extensions>
          <ns3:TrackPointExtension></ns3:TrackPointExtension>
        </extensions>
      </trkpt>
      <trkpt lat="51.91159799695015" lon="0.40424276143312454">
        <ele>77.0</ele>
        <time>2024-05-11T08:28:15Z</time>
        <extensions>
          <ns3:TrackPointExtension></ns3:TrackPointExtension>
        </extensions>
      </trkpt>
      <trkpt lat="51.911603109911084" lon="0.4038531705737114">
        <ele>76.0</ele>
        <time>2024-05-11T08:28:18Z</time>
        <extensions>
          <ns3:TrackPointExtension></ns3:TrackPointExtension>
        </extensions>
      </trkpt>
      <trkpt lat="51.9116853363812" lon="0.40353809483349323">
        <ele>74.5999984741211</ele>
        <time>2024-05-11T08:28:21Z</time>
        <extensions>
          <ns3:TrackPointExtension></ns3:TrackPointExtension>
        </extensions>
      </trkpt>
      <trkpt lat="51.91186831332743" lon="0.4033256974071264">
        <ele>74.4000015258789</ele>
        <time>2024-05-11T08:28:24Z</time>
        <extensions>
          <ns3:TrackPointExtension></ns3:TrackPointExtension>
        </extensions>
      </trkpt>
      <trkpt lat="51.91247164271772" lon="0.4030264634639025">
        <ele>76.0</ele>
        <time>2024-05-11T08:28:32Z</time>
        <extensions>
          <ns3:TrackPointExtension></ns3:TrackPointExtension>
        </extensions>
      </trkpt>
      <trkpt lat="51.9130096770823" lon="0.402687918394804">
        <ele>76.0</ele>
        <time>2024-05-11T08:28:40Z</time>
        <extensions>
          <ns3:TrackPointExtension></ns3:TrackPointExtension>
        </extensions>
      </trkpt>
      <trkpt lat="51.913419384509325" lon="0.4026710707694292">
        <ele>76.80000305175781</ele>
        <time>2024-05-11T08:28:46Z</time>
        <extensions>
          <ns3:TrackPointExtension></ns3:TrackPointExtension>
        </extensions>
      </trkpt>
      <trkpt lat="51.91369850188494" lon="0.4027777723968029">
        <ele>77.0</ele>
        <time>2024-05-11T08:28:50Z</time>
        <extensions>
          <ns3:TrackPointExtension></ns3:TrackPointExtension>
        </extensions>
      </trkpt>
      <trkpt lat="51.913878209888935" lon="0.40266537107527256">
        <ele>78.0</ele>
        <time>2024-05-11T08:28:53Z</time>
        <extensions>
          <ns3:TrackPointExtension></ns3:TrackPointExtension>
        </extensions>
      </trkpt>
      <trkpt lat="51.913975439965725" lon="0.40236898697912693">
        <ele>77.5999984741211</ele>
        <time>2024-05-11T08:28:56Z</time>
        <extensions>
          <ns3:TrackPointExtension></ns3:TrackPointExtension>
        </extensions>
      </trkpt>
      <trkpt lat="51.91403185017407" lon="0.4018628876656294">
        <ele>77.0</ele>
        <time>2024-05-11T08:29:01Z</time>
        <extensions>
          <ns3:TrackPointExtension></ns3:TrackPointExtension>
        </extensions>
      </trkpt>
      <trkpt lat="51.91417325288057" lon="0.4012367594987154">
        <ele>78.19999694824219</ele>
        <time>2024-05-11T08:29:07Z</time>
        <extensions>
          <ns3:TrackPointExtension></ns3:TrackPointExtension>
        </extensions>
      </trkpt>
      <trkpt lat="51.9144497718662" lon="0.4005788639187813">
        <ele>77.5999984741211</ele>
        <time>2024-05-11T08:29:13Z</time>
        <extensions>
          <ns3:TrackPointExtension></ns3:TrackPointExtension>
        </extensions>
      </trkpt>
      <trkpt lat="51.91458648070693" lon="0.40011635050177574">
        <ele>76.0</ele>
        <time>2024-05-11T08:29:17Z</time>
        <extensions>
          <ns3:TrackPointExtension></ns3:TrackPointExtension>
        </extensions>
      </trkpt>
      <trkpt lat="51.914693685248494" lon="0.3993717022240162">
        <ele>74.80000305175781</ele>
        <time>2024-05-11T08:29:23Z</time>
        <extensions>
          <ns3:TrackPointExtension></ns3:TrackPointExtension>
        </extensions>
      </trkpt>
      <trkpt lat="51.91477163694799" lon="0.3990462329238653">
        <ele>73.80000305175781</ele>
        <time>2024-05-11T08:29:26Z</time>
        <extensions>
          <ns3:TrackPointExtension></ns3:TrackPointExtension>
        </extensions>
      </trkpt>
      <trkpt lat="51.91490859724581" lon="0.3987892437726259">
        <ele>74.5999984741211</ele>
        <time>2024-05-11T08:29:29Z</time>
        <extensions>
          <ns3:TrackPointExtension></ns3:TrackPointExtension>
        </extensions>
      </trkpt>
      <trkpt lat="51.915296763181686" lon="0.39840669371187687">
        <ele>76.5999984741211</ele>
        <time>2024-05-11T08:29:36Z</time>
        <extensions>
          <ns3:TrackPointExtension></ns3:TrackPointExtension>
        </extensions>
      </trkpt>
      <trkpt lat="51.91564972512424" lon="0.3982392232865095">
        <ele>78.80000305175781</ele>
        <time>2024-05-11T08:29:42Z</time>
        <extensions>
          <ns3:TrackPointExtension></ns3:TrackPointExtension>
        </extensions>
      </trkpt>
      <trkpt lat="51.915980307385325" lon="0.39826822467148304">
        <ele>81.19999694824219</ele>
        <time>2024-05-11T08:29:48Z</time>
        <extensions>
          <ns3:TrackPointExtension></ns3:TrackPointExtension>
        </extensions>
      </trkpt>
      <trkpt lat="51.91654943861067" lon="0.39857433177530766">
        <ele>83.0</ele>
        <time>2024-05-11T08:30:02Z</time>
        <extensions>
          <ns3:TrackPointExtension></ns3:TrackPointExtension>
        </extensions>
      </trkpt>
      <trkpt lat="51.91710985265672" lon="0.39895864203572273">
        <ele>84.4000015258789</ele>
        <time>2024-05-11T08:30:18Z</time>
        <extensions>
          <ns3:TrackPointExtension></ns3:TrackPointExtension>
        </extensions>
      </trkpt>
      <trkpt lat="51.91794628277421" lon="0.3994070738554001">
        <ele>85.80000305175781</ele>
        <time>2024-05-11T08:30:35Z</time>
        <extensions>
          <ns3:TrackPointExtension></ns3:TrackPointExtension>
        </extensions>
      </trkpt>
      <trkpt lat="51.91832011565566" lon="0.3995535895228386">
        <ele>84.0</ele>
        <time>2024-05-11T08:30:41Z</time>
        <extensions>
          <ns3:TrackPointExtension></ns3:TrackPointExtension>
        </extensions>
      </trkpt>
      <trkpt lat="51.91870895214379" lon="0.3996281884610653">
        <ele>81.19999694824219</ele>
        <time>2024-05-11T08:30:47Z</time>
        <extensions>
          <ns3:TrackPointExtension></ns3:TrackPointExtension>
        </extensions>
      </trkpt>
      <trkpt lat="51.91887726075947" lon="0.399616789072752">
        <ele>80.4000015258789</ele>
        <time>2024-05-11T08:30:50Z</time>
        <extensions>
          <ns3:TrackPointExtension></ns3:TrackPointExtension>
        </extensions>
      </trkpt>
      <trkpt lat="51.91897348500788" lon="0.3993569500744343">
        <ele>79.19999694824219</ele>
        <time>2024-05-11T08:30:54Z</time>
        <extensions>
          <ns3:TrackPointExtension></ns3:TrackPointExtension>
        </extensions>
      </trkpt>
      <trkpt lat="51.91889972425997" lon="0.3990705404430628">
        <ele>79.5999984741211</ele>
        <time>2024-05-11T08:30:57Z</time>
        <extensions>
          <ns3:TrackPointExtension></ns3:TrackPointExtension>
        </extensions>
      </trkpt>
      <trkpt lat="51.91866318695247" lon="0.3986285626888275">
        <ele>78.80000305175781</ele>
        <time>2024-05-11T08:31:03Z</time>
        <extensions>
          <ns3:TrackPointExtension></ns3:TrackPointExtension>
        </extensions>
      </trkpt>
      <trkpt lat="51.91844458691776" lon="0.3980751894414425">
        <ele>78.0</ele>
        <time>2024-05-11T08:31:09Z</time>
        <extensions>
          <ns3:TrackPointExtension></ns3:TrackPointExtension>
        </extensions>
      </trkpt>
      <trkpt lat="51.91817837767303" lon="0.39687749929726124">
        <ele>81.80000305175781</ele>
        <time>2024-05-11T08:31:21Z</time>
        <extensions>
          <ns3:TrackPointExtension></ns3:TrackPointExtension>
        </extensions>
      </trkpt>
      <trkpt lat="51.917987018823624" lon="0.3963201027363539">
        <ele>80.80000305175781</ele>
        <time>2024-05-11T08:31:27Z</time>
        <extensions>
          <ns3:TrackPointExtension></ns3:TrackPointExtension>
        </extensions>
      </trkpt>
      <trkpt lat="51.91744261421263" lon="0.3952579479664564">
        <ele>79.19999694824219</ele>
        <time>2024-05-11T08:31:41Z</time>
        <extensions>
          <ns3:TrackPointExtension></ns3:TrackPointExtension>
        </extensions>
      </trkpt>
      <trkpt lat="51.916960487142205" lon="0.39443325251340866">
        <ele>79.4000015258789</ele>
        <time>2024-05-11T08:31:53Z</time>
        <extensions>
          <ns3:TrackPointExtension></ns3:TrackPointExtension>
        </extensions>
      </trkpt>
      <trkpt lat="51.91686786711216" lon="0.3940810449421406">
        <ele>79.0</ele>
        <time>2024-05-11T08:31:57Z</time>
        <extensions>
          <ns3:TrackPointExtension></ns3:TrackPointExtension>
        </extensions>
      </trkpt>
      <trkpt lat="51.91678731702268" lon="0.39350973442196846">
        <ele>77.80000305175781</ele>
        <time>2024-05-11T08:32:03Z</time>
        <extensions>
          <ns3:TrackPointExtension></ns3:TrackPointExtension>
        </extensions>
      </trkpt>
      <trkpt lat="51.91682796925306" lon="0.3931477200239897">
        <ele>77.4000015258789</ele>
        <time>2024-05-11T08:32:06Z</time>
        <extensions>
          <ns3:TrackPointExtension></ns3:TrackPointExtension>
        </extensions>
      </trkpt>
      <trkpt lat="51.91693617962301" lon="0.39280070923268795">
        <ele>76.80000305175781</ele>
        <time>2024-05-11T08:32:09Z</time>
        <extensions>
          <ns3:TrackPointExtension></ns3:TrackPointExtension>
        </extensions>
      </trkpt>
      <trkpt lat="51.917395843192935" lon="0.3917016740888357">
        <ele>74.80000305175781</ele>
        <time>2024-05-11T08:32:19Z</time>
        <extensions>
          <ns3:TrackPointExtension></ns3:TrackPointExtension>
        </extensions>
      </trkpt>
      <trkpt lat="51.917514028027654" lon="0.39130227640271187">
        <ele>75.80000305175781</ele>
        <time>2024-05-11T08:32:23Z</time>
        <extensions>
          <ns3:TrackPointExtension></ns3:TrackPointExtension>
        </extensions>
      </trkpt>
      <trkpt lat="51.917501874268055" lon="0.39098854176700115">
        <ele>76.5999984741211</ele>
        <time>2024-05-11T08:32:27Z</time>
        <extensions>
          <ns3:TrackPointExtension></ns3:TrackPointExtension>
        </extensions>
      </trkpt>
      <trkpt lat="51.91712049767375" lon="0.39048822596669197">
        <ele>76.4000015258789</ele>
        <time>2024-05-11T08:32:35Z</time>
        <extensions>
          <ns3:TrackPointExtension></ns3:TrackPointExtension>
        </extensions>
      </trkpt>
      <trkpt lat="51.91695872694254" lon="0.3901296481490135">
        <ele>77.4000015258789</ele>
        <time>2024-05-11T08:32:40Z</time>
        <extensions>
          <ns3:TrackPointExtension></ns3:TrackPointExtension>
        </extensions>
      </trkpt>
      <trkpt lat="51.91691757179797" lon="0.3897564858198166">
        <ele>77.80000305175781</ele>
        <time>2024-05-11T08:32:44Z</time>
        <extensions>
          <ns3:TrackPointExtension></ns3:TrackPointExtension>
        </extensions>
      </trkpt>
      <trkpt lat="51.916990745812654" lon="0.3886865358799696">
        <ele>80.0</ele>
        <time>2024-05-11T08:32:55Z</time>
        <extensions>
          <ns3:TrackPointExtension></ns3:TrackPointExtension>
        </extensions>
      </trkpt>
      <trkpt lat="51.917058639228344" lon="0.38835251703858376">
        <ele>80.0</ele>
        <time>2024-05-11T08:32:59Z</time>
        <extensions>
          <ns3:TrackPointExtension></ns3:TrackPointExtension>
        </extensions>
      </trkpt>
      <trkpt lat="51.91741763614118" lon="0.3873894363641739">
        <ele>82.80000305175781</ele>
        <time>2024-05-11T08:33:11Z</time>
        <extensions>
          <ns3:TrackPointExtension></ns3:TrackPointExtension>
        </extensions>
      </trkpt>
      <trkpt lat="51.91770060919225" lon="0.386436078697443">
        <ele>86.0</ele>
        <time>2024-05-11T08:33:23Z</time>
        <extensions>
          <ns3:TrackPointExtension></ns3:TrackPointExtension>
        </extensions>
      </trkpt>
      <trkpt lat="51.917924573644996" lon="0.385255990549922">
        <ele>88.0</ele>
        <time>2024-05-11T08:33:38Z</time>
        <extensions>
          <ns3:TrackPointExtension></ns3:TrackPointExtension>
        </extensions>
      </trkpt>
      <trkpt lat="51.91805491223931" lon="0.3847851790487766">
        <ele>87.5999984741211</ele>
        <time>2024-05-11T08:33:44Z</time>
        <extensions>
          <ns3:TrackPointExtension></ns3:TrackPointExtension>
        </extensions>
      </trkpt>
      <trkpt lat="51.918097576126456" lon="0.3844442870467901">
        <ele>87.19999694824219</ele>
        <time>2024-05-11T08:33:48Z</time>
        <extensions>
          <ns3:TrackPointExtension></ns3:TrackPointExtension>
        </extensions>
      </trkpt>
      <trkpt lat="51.91810662858188" lon="0.38379544392228127">
        <ele>87.19999694824219</ele>
        <time>2024-05-11T08:33:56Z</time>
        <extensions>
          <ns3:TrackPointExtension></ns3:TrackPointExtension>
        </extensions>
      </trkpt>
      <trkpt lat="51.91800797358155" lon="0.38277863524854183">
        <ele>89.5999984741211</ele>
        <time>2024-05-11T08:34:08Z</time>
        <extensions>
          <ns3:TrackPointExtension></ns3:TrackPointExtension>
        </extensions>
      </trkpt>
      <trkpt lat="51.917941672727466" lon="0.3824488911777735">
        <ele>89.80000305175781</ele>
        <time>2024-05-11T08:34:12Z</time>
        <extensions>
          <ns3:TrackPointExtension></ns3:TrackPointExtension>
        </extensions>
      </trkpt>
      <trkpt lat="51.91741067916155" lon="0.3806004300713539">
        <ele>91.80000305175781</ele>
        <time>2024-05-11T08:34:34Z</time>
        <extensions>
          <ns3:TrackPointExtension></ns3:TrackPointExtension>
        </extensions>
      </trkpt>
      <trkpt lat="51.91735317930579" lon="0.38024076260626316">
        <ele>92.0</ele>
        <time>2024-05-11T08:34:38Z</time>
        <extensions>
          <ns3:TrackPointExtension></ns3:TrackPointExtension>
        </extensions>
      </trkpt>
      <trkpt lat="51.91730565391481" lon="0.3788361232727766">
        <ele>93.0</ele>
        <time>2024-05-11T08:34:54Z</time>
        <extensions>
          <ns3:TrackPointExtension></ns3:TrackPointExtension>
        </extensions>
      </trkpt>
      <trkpt lat="51.91735644824803" lon="0.37678238935768604">
        <ele>95.0</ele>
        <time>2024-05-11T08:35:18Z</time>
        <extensions>
          <ns3:TrackPointExtension></ns3:TrackPointExtension>
        </extensions>
      </trkpt>
      <trkpt lat="51.91739995032549" lon="0.37641769275069237">
        <ele>94.0</ele>
        <time>2024-05-11T08:35:22Z</time>
        <extensions>
          <ns3:TrackPointExtension></ns3:TrackPointExtension>
        </extensions>
      </trkpt>
      <trkpt lat="51.91752559505403" lon="0.37590681575238705">
        <ele>95.0</ele>
        <time>2024-05-11T08:35:28Z</time>
        <extensions>
          <ns3:TrackPointExtension></ns3:TrackPointExtension>
        </extensions>
      </trkpt>
      <trkpt lat="51.91807905212045" lon="0.3747668769210577">
        <ele>97.0</ele>
        <time>2024-05-11T08:35:44Z</time>
        <extensions>
          <ns3:TrackPointExtension></ns3:TrackPointExtension>
        </extensions>
      </trkpt>
      <trkpt lat="51.91839597187936" lon="0.3738580271601677">
        <ele>97.80000305175781</ele>
        <time>2024-05-11T08:35:55Z</time>
        <extensions>
          <ns3:TrackPointExtension></ns3:TrackPointExtension>
        </extensions>
      </trkpt>
      <trkpt lat="51.9185892585665" lon="0.3729269653558731">
        <ele>97.5999984741211</ele>
        <time>2024-05-11T08:36:05Z</time>
        <extensions>
          <ns3:TrackPointExtension></ns3:TrackPointExtension>
        </extensions>
      </trkpt>
      <trkpt lat="51.91879981197417" lon="0.3712809272110462">
        <ele>97.19999694824219</ele>
        <time>2024-05-11T08:36:23Z</time>
        <extensions>
          <ns3:TrackPointExtension></ns3:TrackPointExtension>
        </extensions>
      </trkpt>
      <trkpt lat="51.918784053996205" lon="0.3709177393466234">
        <ele>97.19999694824219</ele>
        <time>2024-05-11T08:36:26Z</time>
        <extensions>
          <ns3:TrackPointExtension></ns3:TrackPointExtension>
        </extensions>
      </trkpt>
      <trkpt lat="51.91885865293443" lon="0.36903164349496365">
        <ele>96.4000015258789</ele>
        <time>2024-05-11T08:36:44Z</time>
        <extensions>
          <ns3:TrackPointExtension></ns3:TrackPointExtension>
        </extensions>
      </trkpt>
      <trkpt lat="51.91897583194077" lon="0.3670176398009062">
        <ele>94.0</ele>
        <time>2024-05-11T08:37:02Z</time>
        <extensions>
          <ns3:TrackPointExtension></ns3:TrackPointExtension>
        </extensions>
      </trkpt>
      <trkpt lat="51.91899209283292" lon="0.364851001650095">
        <ele>91.0</ele>
        <time>2024-05-11T08:37:20Z</time>
        <extensions>
          <ns3:TrackPointExtension></ns3:TrackPointExtension>
        </extensions>
      </trkpt>
      <trkpt lat="51.91882680170238" lon="0.362633652985096">
        <ele>89.19999694824219</ele>
        <time>2024-05-11T08:37:38Z</time>
        <extensions>
          <ns3:TrackPointExtension></ns3:TrackPointExtension>
        </extensions>
      </trkpt>
      <trkpt lat="51.91858632490039" lon="0.3605209104716778">
        <ele>84.5999984741211</ele>
        <time>2024-05-11T08:37:56Z</time>
        <extensions>
          <ns3:TrackPointExtension></ns3:TrackPointExtension>
        </extensions>
      </trkpt>
      <trkpt lat="51.91838105209172" lon="0.359195563942194">
        <ele>80.19999694824219</ele>
        <time>2024-05-11T08:38:06Z</time>
        <extensions>
          <ns3:TrackPointExtension></ns3:TrackPointExtension>
        </extensions>
      </trkpt>
      <trkpt lat="51.91829765215516" lon="0.3576991427689791">
        <ele>75.19999694824219</ele>
        <time>2024-05-11T08:38:16Z</time>
        <extensions>
          <ns3:TrackPointExtension></ns3:TrackPointExtension>
        </extensions>
      </trkpt>
      <trkpt lat="51.918444000184536" lon="0.3567448630928993">
        <ele>77.5999984741211</ele>
        <time>2024-05-11T08:38:23Z</time>
        <extensions>
          <ns3:TrackPointExtension></ns3:TrackPointExtension>
        </extensions>
      </trkpt>
      <trkpt lat="51.91852396354079" lon="0.35557039082050323">
        <ele>79.19999694824219</ele>
        <time>2024-05-11T08:38:37Z</time>
        <extensions>
          <ns3:TrackPointExtension></ns3:TrackPointExtension>
        </extensions>
      </trkpt>
      <trkpt lat="51.91862538456917" lon="0.3549615293741226">
        <ele>80.19999694824219</ele>
        <time>2024-05-11T08:38:45Z</time>
        <extensions>
          <ns3:TrackPointExtension></ns3:TrackPointExtension>
        </extensions>
      </trkpt>
      <trkpt lat="51.91953926347196" lon="0.35265675745904446">
        <ele>86.4000015258789</ele>
        <time>2024-05-11T08:39:25Z</time>
        <extensions>
          <ns3:TrackPointExtension></ns3:TrackPointExtension>
        </extensions>
      </trkpt>
      <trkpt lat="51.92001409828663" lon="0.3516360931098461">
        <ele>89.5999984741211</ele>
        <time>2024-05-11T08:39:43Z</time>
        <extensions>
          <ns3:TrackPointExtension></ns3:TrackPointExtension>
        </extensions>
      </trkpt>
      <trkpt lat="51.92043428309262" lon="0.35043790005147457">
        <ele>92.80000305175781</ele>
        <time>2024-05-11T08:40:03Z</time>
        <extensions>
          <ns3:TrackPointExtension></ns3:TrackPointExtension>
        </extensions>
      </trkpt>
      <trkpt lat="51.920507373288274" lon="0.35016607493162155">
        <ele>92.4000015258789</ele>
        <time>2024-05-11T08:40:07Z</time>
        <extensions>
          <ns3:TrackPointExtension></ns3:TrackPointExtension>
        </extensions>
      </trkpt>
      <trkpt lat="51.920539643615484" lon="0.34976642578840256">
        <ele>91.4000015258789</ele>
        <time>2024-05-11T08:40:12Z</time>
        <extensions>
          <ns3:TrackPointExtension></ns3:TrackPointExtension>
        </extensions>
      </trkpt>
      <trkpt lat="51.92043973132968" lon="0.3490953706204891">
        <ele>89.0</ele>
        <time>2024-05-11T08:40:19Z</time>
        <extensions>
          <ns3:TrackPointExtension></ns3:TrackPointExtension>
        </extensions>
      </trkpt>
      <trkpt lat="51.92012934945524" lon="0.3483694978058338">
        <ele>87.0</ele>
        <time>2024-05-11T08:40:26Z</time>
        <extensions>
          <ns3:TrackPointExtension></ns3:TrackPointExtension>
        </extensions>
      </trkpt>
      <trkpt lat="51.919748559594154" lon="0.3473414573818445">
        <ele>84.0</ele>
        <time>2024-05-11T08:40:35Z</time>
        <extensions>
          <ns3:TrackPointExtension></ns3:TrackPointExtension>
        </extensions>
      </trkpt>
      <trkpt lat="51.919477405026555" lon="0.34620093181729317">
        <ele>82.19999694824219</ele>
        <time>2024-05-11T08:42:16Z</time>
        <extensions>
          <ns3:TrackPointExtension></ns3:TrackPointExtension>
        </extensions>
      </trkpt>
      <trkpt lat="51.91926366649568" lon="0.34607134759426117">
        <ele>81.80000305175781</ele>
        <time>2024-05-11T08:42:21Z</time>
        <extensions>
          <ns3:TrackPointExtension></ns3:TrackPointExtension>
        </extensions>
      </trkpt>
      <trkpt lat="51.91910005174577" lon="0.34591217525303364">
        <ele>81.19999694824219</ele>
        <time>2024-05-11T08:42:24Z</time>
        <extensions>
          <ns3:TrackPointExtension></ns3:TrackPointExtension>
        </extensions>
      </trkpt>
      <trkpt lat="51.918425392359495" lon="0.34508504904806614">
        <ele>79.4000015258789</ele>
        <time>2024-05-11T08:42:36Z</time>
        <extensions>
          <ns3:TrackPointExtension></ns3:TrackPointExtension>
        </extensions>
      </trkpt>
      <trkpt lat="51.91762089729309" lon="0.34422649070620537">
        <ele>74.4000015258789</ele>
        <time>2024-05-11T08:42:48Z</time>
        <extensions>
          <ns3:TrackPointExtension></ns3:TrackPointExtension>
        </extensions>
      </trkpt>
      <trkpt lat="51.91677264869213" lon="0.3431206662207842">
        <ele>69.5999984741211</ele>
        <time>2024-05-11T08:42:59Z</time>
        <extensions>
          <ns3:TrackPointExtension></ns3:TrackPointExtension>
        </extensions>
      </trkpt>
      <trkpt lat="51.915852734819055" lon="0.3421689011156559">
        <ele>69.5999984741211</ele>
        <time>2024-05-11T08:43:11Z</time>
        <extensions>
          <ns3:TrackPointExtension></ns3:TrackPointExtension>
        </extensions>
      </trkpt>
      <trkpt lat="51.91567302681506" lon="0.3418945614248514">
        <ele>69.0</ele>
        <time>2024-05-11T08:43:14Z</time>
        <extensions>
          <ns3:TrackPointExtension></ns3:TrackPointExtension>
        </extensions>
      </trkpt>
      <trkpt lat="51.915358705446124" lon="0.3412438742816448">
        <ele>68.5999984741211</ele>
        <time>2024-05-11T08:43:20Z</time>
        <extensions>
          <ns3:TrackPointExtension></ns3:TrackPointExtension>
        </extensions>
      </trkpt>
      <trkpt lat="51.91524328663945" lon="0.3408980369567871">
        <ele>68.0</ele>
        <time>2024-05-11T08:43:23Z</time>
        <extensions>
          <ns3:TrackPointExtension></ns3:TrackPointExtension>
        </extensions>
      </trkpt>
      <trkpt lat="51.91517413593829" lon="0.34057374112308025">
        <ele>67.4000015258789</ele>
        <time>2024-05-11T08:43:26Z</time>
        <extensions>
          <ns3:TrackPointExtension></ns3:TrackPointExtension>
        </extensions>
      </trkpt>
      <trkpt lat="51.91511043347418" lon="0.34007937647402287">
        <ele>67.0</ele>
        <time>2024-05-11T08:43:32Z</time>
        <extensions>
          <ns3:TrackPointExtension></ns3:TrackPointExtension>
        </extensions>
      </trkpt>
      <trkpt lat="51.91511219367385" lon="0.3398159332573414">
        <ele>67.0</ele>
        <time>2024-05-11T08:43:37Z</time>
        <extensions>
          <ns3:TrackPointExtension></ns3:TrackPointExtension>
        </extensions>
      </trkpt>
      <trkpt lat="51.916126906871796" lon="0.3375742770731449">
        <ele>73.0</ele>
        <time>2024-05-11T08:44:09Z</time>
        <extensions>
          <ns3:TrackPointExtension></ns3:TrackPointExtension>
        </extensions>
      </trkpt>
      <trkpt lat="51.916216257959604" lon="0.3369942493736744">
        <ele>74.0</ele>
        <time>2024-05-11T08:44:15Z</time>
        <extensions>
          <ns3:TrackPointExtension></ns3:TrackPointExtension>
        </extensions>
      </trkpt>
      <trkpt lat="51.91640418022871" lon="0.33509206026792526">
        <ele>77.0</ele>
        <time>2024-05-11T08:44:41Z</time>
        <extensions>
          <ns3:TrackPointExtension></ns3:TrackPointExtension>
        </extensions>
      </trkpt>
      <trkpt lat="51.91650920547545" lon="0.3344931732863188">
        <ele>77.4000015258789</ele>
        <time>2024-05-11T08:44:50Z</time>
        <extensions>
          <ns3:TrackPointExtension></ns3:TrackPointExtension>
        </extensions>
      </trkpt>
      <trkpt lat="51.91656444221735" lon="0.33420106396079063">
        <ele>77.5999984741211</ele>
        <time>2024-05-11T08:44:54Z</time>
        <extensions>
          <ns3:TrackPointExtension></ns3:TrackPointExtension>
        </extensions>
      </trkpt>
      <trkpt lat="51.91676250658929" lon="0.3336078766733408">
        <ele>78.80000305175781</ele>
        <time>2024-05-11T08:45:02Z</time>
        <extensions>
          <ns3:TrackPointExtension></ns3:TrackPointExtension>
        </extensions>
      </trkpt>
      <trkpt lat="51.91693869419396" lon="0.3327618073672056">
        <ele>79.5999984741211</ele>
        <time>2024-05-11T08:45:13Z</time>
        <extensions>
          <ns3:TrackPointExtension></ns3:TrackPointExtension>
        </extensions>
      </trkpt>
      <trkpt lat="51.917156958952546" lon="0.33199637196958065">
        <ele>79.5999984741211</ele>
        <time>2024-05-11T08:45:23Z</time>
        <extensions>
          <ns3:TrackPointExtension></ns3:TrackPointExtension>
        </extensions>
      </trkpt>
      <trkpt lat="51.917278580367565" lon="0.3313768655061722">
        <ele>79.80000305175781</ele>
        <time>2024-05-11T08:45:30Z</time>
        <extensions>
          <ns3:TrackPointExtension></ns3:TrackPointExtension>
        </extensions>
      </trkpt>
      <trkpt lat="51.91740481182933" lon="0.330367935821414">
        <ele>74.19999694824219</ele>
        <time>2024-05-11T08:45:39Z</time>
        <extensions>
          <ns3:TrackPointExtension></ns3:TrackPointExtension>
        </extensions>
      </trkpt>
      <trkpt lat="51.91753573715687" lon="0.32961742021143436">
        <ele>70.5999984741211</ele>
        <time>2024-05-11T08:45:45Z</time>
        <extensions>
          <ns3:TrackPointExtension></ns3:TrackPointExtension>
        </extensions>
      </trkpt>
      <trkpt lat="51.91772089339793" lon="0.32885768450796604">
        <ele>67.5999984741211</ele>
        <time>2024-05-11T08:45:51Z</time>
        <extensions>
          <ns3:TrackPointExtension></ns3:TrackPointExtension>
        </extensions>
      </trkpt>
      <trkpt lat="51.91791443154216" lon="0.3282466437667608">
        <ele>64.80000305175781</ele>
        <time>2024-05-11T08:45:56Z</time>
        <extensions>
          <ns3:TrackPointExtension></ns3:TrackPointExtension>
        </extensions>
      </trkpt>
      <trkpt lat="51.91797369159758" lon="0.32791187055408955">
        <ele>63.79999923706055</ele>
        <time>2024-05-11T08:46:00Z</time>
        <extensions>
          <ns3:TrackPointExtension></ns3:TrackPointExtension>
        </extensions>
      </trkpt>
      <trkpt lat="51.91795508377254" lon="0.32780508510768414">
        <ele>63.79999923706055</ele>
        <time>2024-05-11T08:46:02Z</time>
        <extensions>
          <ns3:TrackPointExtension></ns3:TrackPointExtension>
        </extensions>
      </trkpt>
      <trkpt lat="51.91772256977856" lon="0.32775345258414745">
        <ele>64.0</ele>
        <time>2024-05-11T08:46:07Z</time>
        <extensions>
          <ns3:TrackPointExtension></ns3:TrackPointExtension>
        </extensions>
      </trkpt>
      <trkpt lat="51.91650979220867" lon="0.32783668488264084">
        <ele>63.400001525878906</ele>
        <time>2024-05-11T08:46:25Z</time>
        <extensions>
          <ns3:TrackPointExtension></ns3:TrackPointExtension>
        </extensions>
      </trkpt>
      <trkpt lat="51.91572692245245" lon="0.32797230407595634">
        <ele>65.0</ele>
        <time>2024-05-11T08:46:37Z</time>
        <extensions>
          <ns3:TrackPointExtension></ns3:TrackPointExtension>
        </extensions>
      </trkpt>
      <trkpt lat="51.915336241945624" lon="0.3281462285667658">
        <ele>64.19999694824219</ele>
        <time>2024-05-11T08:46:43Z</time>
        <extensions>
          <ns3:TrackPointExtension></ns3:TrackPointExtension>
        </extensions>
      </trkpt>
      <trkpt lat="51.914763171225786" lon="0.32856750302016735">
        <ele>61.0</ele>
        <time>2024-05-11T08:46:52Z</time>
        <extensions>
          <ns3:TrackPointExtension></ns3:TrackPointExtension>
        </extensions>
      </trkpt>
      <trkpt lat="51.913928501307964" lon="0.3289973270148039">
        <ele>62.0</ele>
        <time>2024-05-11T08:47:06Z</time>
        <extensions>
          <ns3:TrackPointExtension></ns3:TrackPointExtension>
        </extensions>
      </trkpt>
      <trkpt lat="51.91379204392433" lon="0.3287486359477043">
        <ele>62.0</ele>
        <time>2024-05-11T08:47:11Z</time>
        <extensions>
          <ns3:TrackPointExtension></ns3:TrackPointExtension>
        </extensions>
      </trkpt>
      <trkpt lat="51.913179913535714" lon="0.3252504486590624">
        <ele>76.0</ele>
        <time>2024-05-11T08:47:58Z</time>
        <extensions>
          <ns3:TrackPointExtension></ns3:TrackPointExtension>
        </extensions>
      </trkpt>
      <trkpt lat="51.91315870732069" lon="0.3240062389522791">
        <ele>78.0</ele>
        <time>2024-05-11T08:48:18Z</time>
        <extensions>
          <ns3:TrackPointExtension></ns3:TrackPointExtension>
        </extensions>
      </trkpt>
      <trkpt lat="51.91304236650467" lon="0.32276554964482784">
        <ele>80.80000305175781</ele>
        <time>2024-05-11T08:48:39Z</time>
        <extensions>
          <ns3:TrackPointExtension></ns3:TrackPointExtension>
        </extensions>
      </trkpt>
      <trkpt lat="51.91301931627095" lon="0.3221689257770777">
        <ele>82.0</ele>
        <time>2024-05-11T08:48:49Z</time>
        <extensions>
          <ns3:TrackPointExtension></ns3:TrackPointExtension>
        </extensions>
      </trkpt>
      <trkpt lat="51.91302769817412" lon="0.3218586277216673">
        <ele>82.5999984741211</ele>
        <time>2024-05-11T08:48:54Z</time>
        <extensions>
          <ns3:TrackPointExtension></ns3:TrackPointExtension>
        </extensions>
      </trkpt>
      <trkpt lat="51.91309701651335" lon="0.32126099802553654">
        <ele>84.80000305175781</ele>
        <time>2024-05-11T08:49:05Z</time>
        <extensions>
          <ns3:TrackPointExtension></ns3:TrackPointExtension>
        </extensions>
      </trkpt>
      <trkpt lat="51.91344645805657" lon="0.3201498929411173">
        <ele>86.19999694824219</ele>
        <time>2024-05-11T08:49:26Z</time>
        <extensions>
          <ns3:TrackPointExtension></ns3:TrackPointExtension>
        </extensions>
      </trkpt>
      <trkpt lat="51.91396068781614" lon="0.3182658925652504">
        <ele>89.0</ele>
        <time>2024-05-11T08:49:54Z</time>
        <extensions>
          <ns3:TrackPointExtension></ns3:TrackPointExtension>
        </extensions>
      </trkpt>
      <trkpt lat="51.91408960148692" lon="0.31752509996294975">
        <ele>88.0</ele>
        <time>2024-05-11T08:50:03Z</time>
        <extensions>
          <ns3:TrackPointExtension></ns3:TrackPointExtension>
        </extensions>
      </trkpt>
      <trkpt lat="51.91422446630895" lon="0.31726199202239513">
        <ele>88.0</ele>
        <time>2024-05-11T08:50:07Z</time>
        <extensions>
          <ns3:TrackPointExtension></ns3:TrackPointExtension>
        </extensions>
      </trkpt>
      <trkpt lat="51.91444901749492" lon="0.31702788546681404">
        <ele>89.5999984741211</ele>
        <time>2024-05-11T08:50:12Z</time>
        <extensions>
          <ns3:TrackPointExtension></ns3:TrackPointExtension>
        </extensions>
      </trkpt>
      <trkpt lat="51.91471011377871" lon="0.31684163957834244">
        <ele>91.0</ele>
        <time>2024-05-11T08:50:17Z</time>
        <extensions>
          <ns3:TrackPointExtension></ns3:TrackPointExtension>
        </extensions>
      </trkpt>
      <trkpt lat="51.9149283785373" lon="0.31674801371991634">
        <ele>91.80000305175781</ele>
        <time>2024-05-11T08:50:21Z</time>
        <extensions>
          <ns3:TrackPointExtension></ns3:TrackPointExtension>
        </extensions>
      </trkpt>
      <trkpt lat="51.91528335213661" lon="0.3166823834180832">
        <ele>92.0</ele>
        <time>2024-05-11T08:50:27Z</time>
        <extensions>
          <ns3:TrackPointExtension></ns3:TrackPointExtension>
        </extensions>
      </trkpt>
      <trkpt lat="51.915430035442114" lon="0.31643494963645935">
        <ele>91.0</ele>
        <time>2024-05-11T08:50:31Z</time>
        <extensions>
          <ns3:TrackPointExtension></ns3:TrackPointExtension>
        </extensions>
      </trkpt>
      <trkpt lat="51.91548937931657" lon="0.31571938656270504">
        <ele>89.80000305175781</ele>
        <time>2024-05-11T08:50:39Z</time>
        <extensions>
          <ns3:TrackPointExtension></ns3:TrackPointExtension>
        </extensions>
      </trkpt>
      <trkpt lat="51.91563229076564" lon="0.3146997280418873">
        <ele>89.0</ele>
        <time>2024-05-11T08:50:51Z</time>
        <extensions>
          <ns3:TrackPointExtension></ns3:TrackPointExtension>
        </extensions>
      </trkpt>
      <trkpt lat="51.915636230260134" lon="0.3136659041047096">
        <ele>89.0</ele>
        <time>2024-05-11T08:51:03Z</time>
        <extensions>
          <ns3:TrackPointExtension></ns3:TrackPointExtension>
        </extensions>
      </trkpt>
      <trkpt lat="51.91572449170053" lon="0.3123158309608698">
        <ele>89.5999984741211</ele>
        <time>2024-05-11T08:51:19Z</time>
        <extensions>
          <ns3:TrackPointExtension></ns3:TrackPointExtension>
        </extensions>
      </trkpt>
      <trkpt lat="51.91575827077031" lon="0.31092988327145576">
        <ele>92.80000305175781</ele>
        <time>2024-05-11T08:51:35Z</time>
        <extensions>
          <ns3:TrackPointExtension></ns3:TrackPointExtension>
        </extensions>
      </trkpt>
      <trkpt lat="51.91578752361238" lon="0.3106187470257282">
        <ele>93.0</ele>
        <time>2024-05-11T08:51:39Z</time>
        <extensions>
          <ns3:TrackPointExtension></ns3:TrackPointExtension>
        </extensions>
      </trkpt>
      <trkpt lat="51.91585340537131" lon="0.3103157412260771">
        <ele>93.0</ele>
        <time>2024-05-11T08:51:43Z</time>
        <extensions>
          <ns3:TrackPointExtension></ns3:TrackPointExtension>
        </extensions>
      </trkpt>
      <trkpt lat="51.916038980707526" lon="0.3097022697329521">
        <ele>92.0</ele>
        <time>2024-05-11T08:51:51Z</time>
        <extensions>
          <ns3:TrackPointExtension></ns3:TrackPointExtension>
        </extensions>
      </trkpt>
      <trkpt lat="51.91653527319431" lon="0.30841732397675514">
        <ele>85.5999984741211</ele>
        <time>2024-05-11T08:52:04Z</time>
        <extensions>
          <ns3:TrackPointExtension></ns3:TrackPointExtension>
        </extensions>
      </trkpt>
      <trkpt lat="51.916953111067414" lon="0.30753253027796745">
        <ele>79.80000305175781</ele>
        <time>2024-05-11T08:52:13Z</time>
        <extensions>
          <ns3:TrackPointExtension></ns3:TrackPointExtension>
        </extensions>
      </trkpt>
      <trkpt lat="51.917303055524826" lon="0.30700094997882843">
        <ele>76.5999984741211</ele>
        <time>2024-05-11T08:52:19Z</time>
        <extensions>
          <ns3:TrackPointExtension></ns3:TrackPointExtension>
        </extensions>
      </trkpt>
      <trkpt lat="51.91777638159692" lon="0.3065102733671665">
        <ele>76.4000015258789</ele>
        <time>2024-05-11T08:52:25Z</time>
        <extensions>
          <ns3:TrackPointExtension></ns3:TrackPointExtension>
        </extensions>
      </trkpt>
      <trkpt lat="51.91811794415116" lon="0.3060266375541687">
        <ele>79.0</ele>
        <time>2024-05-11T08:52:32Z</time>
        <extensions>
          <ns3:TrackPointExtension></ns3:TrackPointExtension>
        </extensions>
      </trkpt>
      <trkpt lat="51.918739629909396" lon="0.3047792427241802">
        <ele>83.5999984741211</ele>
        <time>2024-05-11T08:53:07Z</time>
        <extensions>
          <ns3:TrackPointExtension></ns3:TrackPointExtension>
        </extensions>
      </trkpt>
      <trkpt lat="51.91877793520689" lon="0.30445544980466366">
        <ele>85.19999694824219</ele>
        <time>2024-05-11T08:53:14Z</time>
        <extensions>
          <ns3:TrackPointExtension></ns3:TrackPointExtension>
        </extensions>
      </trkpt>
      <trkpt lat="51.91876670345664" lon="0.3041577246040106">
        <ele>86.0</ele>
        <time>2024-05-11T08:53:20Z</time>
        <extensions>
          <ns3:TrackPointExtension></ns3:TrackPointExtension>
        </extensions>
      </trkpt>
      <trkpt lat="51.91866838373244" lon="0.3039035014808178">
        <ele>86.5999984741211</ele>
        <time>2024-05-11T08:53:26Z</time>
        <extensions>
          <ns3:TrackPointExtension></ns3:TrackPointExtension>
        </extensions>
      </trkpt>
      <trkpt lat="51.91765031777322" lon="0.3021927550435066">
        <ele>85.19999694824219</ele>
        <time>2024-05-11T08:54:48Z</time>
        <extensions>
          <ns3:TrackPointExtension></ns3:TrackPointExtension>
        </extensions>
      </trkpt>
      <trkpt lat="51.91747915931046" lon="0.30184557661414146">
        <ele>85.0</ele>
        <time>2024-05-11T08:54:53Z</time>
        <extensions>
          <ns3:TrackPointExtension></ns3:TrackPointExtension>
        </extensions>
      </trkpt>
      <trkpt lat="51.91743372939527" lon="0.3015235438942909">
        <ele>85.0</ele>
        <time>2024-05-11T08:54:56Z</time>
        <extensions>
          <ns3:TrackPointExtension></ns3:TrackPointExtension>
        </extensions>
      </trkpt>
      <trkpt lat="51.91753942519426" lon="0.3008842561393976">
        <ele>85.80000305175781</ele>
        <time>2024-05-11T08:55:02Z</time>
        <extensions>
          <ns3:TrackPointExtension></ns3:TrackPointExtension>
        </extensions>
      </trkpt>
      <trkpt lat="51.91754118539393" lon="0.300564905628562">
        <ele>85.80000305175781</ele>
        <time>2024-05-11T08:55:05Z</time>
        <extensions>
          <ns3:TrackPointExtension></ns3:TrackPointExtension>
        </extensions>
      </trkpt>
      <trkpt lat="51.917472537606955" lon="0.30026357620954514">
        <ele>85.0</ele>
        <time>2024-05-11T08:55:08Z</time>
        <extensions>
          <ns3:TrackPointExtension></ns3:TrackPointExtension>
        </extensions>
      </trkpt>
      <trkpt lat="51.917242873460054" lon="0.29981883242726326">
        <ele>84.4000015258789</ele>
        <time>2024-05-11T08:55:13Z</time>
        <extensions>
          <ns3:TrackPointExtension></ns3:TrackPointExtension>
        </extensions>
      </trkpt>
      <trkpt lat="51.91681087017059" lon="0.2991895191371441">
        <ele>86.80000305175781</ele>
        <time>2024-05-11T08:55:22Z</time>
        <extensions>
          <ns3:TrackPointExtension></ns3:TrackPointExtension>
        </extensions>
      </trkpt>
      <trkpt lat="51.91655463539064" lon="0.2986940648406744">
        <ele>88.5999984741211</ele>
        <time>2024-05-11T08:55:28Z</time>
        <extensions>
          <ns3:TrackPointExtension></ns3:TrackPointExtension>
        </extensions>
      </trkpt>
      <trkpt lat="51.91643142141402" lon="0.2984195575118065">
        <ele>89.0</ele>
        <time>2024-05-11T08:55:33Z</time>
        <extensions>
          <ns3:TrackPointExtension></ns3:TrackPointExtension>
        </extensions>
      </trkpt>
      <trkpt lat="51.91643192432821" lon="0.2981521748006344">
        <ele>89.4000015258789</ele>
        <time>2024-05-11T08:55:38Z</time>
        <extensions>
          <ns3:TrackPointExtension></ns3:TrackPointExtension>
        </extensions>
      </trkpt>
      <trkpt lat="51.916583720594645" lon="0.2980090118944645">
        <ele>90.0</ele>
        <time>2024-05-11T08:55:42Z</time>
        <extensions>
          <ns3:TrackPointExtension></ns3:TrackPointExtension>
        </extensions>
      </trkpt>
      <trkpt lat="51.91698278300464" lon="0.2977949380874634">
        <ele>90.4000015258789</ele>
        <time>2024-05-11T08:55:50Z</time>
        <extensions>
          <ns3:TrackPointExtension></ns3:TrackPointExtension>
        </extensions>
      </trkpt>
      <trkpt lat="51.91794443875551" lon="0.29752839356660843">
        <ele>94.0</ele>
        <time>2024-05-11T08:56:10Z</time>
        <extensions>
          <ns3:TrackPointExtension></ns3:TrackPointExtension>
        </extensions>
      </trkpt>
      <trkpt lat="51.91857140511274" lon="0.2974116336554289">
        <ele>97.0</ele>
        <time>2024-05-11T08:56:25Z</time>
        <extensions>
          <ns3:TrackPointExtension></ns3:TrackPointExtension>
        </extensions>
      </trkpt>
      <trkpt lat="51.919327452778816" lon="0.2975043375045061">
        <ele>98.80000305175781</ele>
        <time>2024-05-11T08:56:42Z</time>
        <extensions>
          <ns3:TrackPointExtension></ns3:TrackPointExtension>
        </extensions>
      </trkpt>
      <trkpt lat="51.91949509084225" lon="0.2974014915525913">
        <ele>99.0</ele>
        <time>2024-05-11T08:56:46Z</time>
        <extensions>
          <ns3:TrackPointExtension></ns3:TrackPointExtension>
        </extensions>
      </trkpt>
      <trkpt lat="51.91961017437279" lon="0.2971443347632885">
        <ele>99.19999694824219</ele>
        <time>2024-05-11T08:56:50Z</time>
        <extensions>
          <ns3:TrackPointExtension></ns3:TrackPointExtension>
        </extensions>
      </trkpt>
      <trkpt lat="51.91998199559748" lon="0.2952636871486902">
        <ele>103.4000015258789</ele>
        <time>2024-05-11T08:57:15Z</time>
        <extensions>
          <ns3:TrackPointExtension></ns3:TrackPointExtension>
        </extensions>
      </trkpt>
      <trkpt lat="51.92024854011834" lon="0.29442683793604374">
        <ele>105.80000305175781</ele>
        <time>2024-05-11T08:57:27Z</time>
        <extensions>
          <ns3:TrackPointExtension></ns3:TrackPointExtension>
        </extensions>
      </trkpt>
      <trkpt lat="51.9203179422766" lon="0.29411863535642624">
        <ele>106.0</ele>
        <time>2024-05-11T08:57:31Z</time>
        <extensions>
          <ns3:TrackPointExtension></ns3:TrackPointExtension>
        </extensions>
      </trkpt>
      <trkpt lat="51.920312996953726" lon="0.2937748096883297">
        <ele>106.0</ele>
        <time>2024-05-11T08:57:35Z</time>
        <extensions>
          <ns3:TrackPointExtension></ns3:TrackPointExtension>
        </extensions>
      </trkpt>
      <trkpt lat="51.92025541327894" lon="0.293323528021574">
        <ele>106.80000305175781</ele>
        <time>2024-05-11T08:57:40Z</time>
        <extensions>
          <ns3:TrackPointExtension></ns3:TrackPointExtension>
        </extensions>
      </trkpt>
      <trkpt lat="51.91995223984122" lon="0.292088370770216">
        <ele>108.80000305175781</ele>
        <time>2024-05-11T08:57:55Z</time>
        <extensions>
          <ns3:TrackPointExtension></ns3:TrackPointExtension>
        </extensions>
      </trkpt>
      <trkpt lat="51.91994100809097" lon="0.29175435192883015">
        <ele>108.80000305175781</ele>
        <time>2024-05-11T08:57:59Z</time>
        <extensions>
          <ns3:TrackPointExtension></ns3:TrackPointExtension>
        </extensions>
      </trkpt>
      <trkpt lat="51.92007679492235" lon="0.29100676998496056">
        <ele>110.19999694824219</ele>
        <time>2024-05-11T08:58:07Z</time>
        <extensions>
          <ns3:TrackPointExtension></ns3:TrackPointExtension>
        </extensions>
      </trkpt>
      <trkpt lat="51.92007880657911" lon="0.29068607836961746">
        <ele>111.0</ele>
        <time>2024-05-11T08:58:10Z</time>
        <extensions>
          <ns3:TrackPointExtension></ns3:TrackPointExtension>
        </extensions>
      </trkpt>
      <trkpt lat="51.92000378854573" lon="0.2897302061319351">
        <ele>110.5999984741211</ele>
        <time>2024-05-11T08:58:19Z</time>
        <extensions>
          <ns3:TrackPointExtension></ns3:TrackPointExtension>
        </extensions>
      </trkpt>
      <trkpt lat="51.92013404332101" lon="0.2891323249787092">
        <ele>110.0</ele>
        <time>2024-05-11T08:58:25Z</time>
        <extensions>
          <ns3:TrackPointExtension></ns3:TrackPointExtension>
        </extensions>
      </trkpt>
      <trkpt lat="51.92026815377176" lon="0.2888941112905741">
        <ele>108.5999984741211</ele>
        <time>2024-05-11T08:58:28Z</time>
        <extensions>
          <ns3:TrackPointExtension></ns3:TrackPointExtension>
        </extensions>
      </trkpt>
      <trkpt lat="51.92079051397741" lon="0.28845347464084625">
        <ele>108.80000305175781</ele>
        <time>2024-05-11T08:58:37Z</time>
        <extensions>
          <ns3:TrackPointExtension></ns3:TrackPointExtension>
        </extensions>
      </trkpt>
      <trkpt lat="51.92112344317138" lon="0.2882571704685688">
        <ele>108.4000015258789</ele>
        <time>2024-05-11T08:58:43Z</time>
        <extensions>
          <ns3:TrackPointExtension></ns3:TrackPointExtension>
        </extensions>
      </trkpt>
      <trkpt lat="51.92141303792596" lon="0.28815885074436665">
        <ele>106.80000305175781</ele>
        <time>2024-05-11T08:58:48Z</time>
        <extensions>
          <ns3:TrackPointExtension></ns3:TrackPointExtension>
        </extensions>
      </trkpt>
      <trkpt lat="51.92199256271124" lon="0.28767035342752934">
        <ele>106.19999694824219</ele>
        <time>2024-05-11T08:58:57Z</time>
        <extensions>
          <ns3:TrackPointExtension></ns3:TrackPointExtension>
        </extensions>
      </trkpt>
      <trkpt lat="51.92236580885947" lon="0.2874457184225321">
        <ele>103.80000305175781</ele>
        <time>2024-05-11T08:59:11Z</time>
        <extensions>
          <ns3:TrackPointExtension></ns3:TrackPointExtension>
        </extensions>
      </trkpt>
      <trkpt lat="51.92285061813891" lon="0.28630745597183704">
        <ele>101.19999694824219</ele>
        <time>2024-05-11T08:59:25Z</time>
        <extensions>
          <ns3:TrackPointExtension></ns3:TrackPointExtension>
        </extensions>
      </trkpt>
      <trkpt lat="51.92301029339433" lon="0.2860365528613329">
        <ele>98.80000305175781</ele>
        <time>2024-05-11T08:59:28Z</time>
        <extensions>
          <ns3:TrackPointExtension></ns3:TrackPointExtension>
        </extensions>
      </trkpt>
      <trkpt lat="51.923166532069445" lon="0.28586195781826973">
        <ele>96.4000015258789</ele>
        <time>2024-05-11T08:59:30Z</time>
        <extensions>
          <ns3:TrackPointExtension></ns3:TrackPointExtension>
        </extensions>
      </trkpt>
      <trkpt lat="51.92342184484005" lon="0.2858949825167656">
        <ele>95.19999694824219</ele>
        <time>2024-05-11T08:59:33Z</time>
        <extensions>
          <ns3:TrackPointExtension></ns3:TrackPointExtension>
        </extensions>
      </trkpt>
      <trkpt lat="51.92451283335686" lon="0.28678715229034424">
        <ele>93.4000015258789</ele>
        <time>2024-05-11T08:59:47Z</time>
        <extensions>
          <ns3:TrackPointExtension></ns3:TrackPointExtension>
        </extensions>
      </trkpt>
      <trkpt lat="51.924735959619284" lon="0.2867820393294096">
        <ele>93.4000015258789</ele>
        <time>2024-05-11T08:59:50Z</time>
        <extensions>
          <ns3:TrackPointExtension></ns3:TrackPointExtension>
        </extensions>
      </trkpt>
      <trkpt lat="51.924899071455" lon="0.28654977679252625">
        <ele>93.4000015258789</ele>
        <time>2024-05-11T08:59:53Z</time>
        <extensions>
          <ns3:TrackPointExtension></ns3:TrackPointExtension>
        </extensions>
      </trkpt>
      <trkpt lat="51.924959756433964" lon="0.286205280572176">
        <ele>94.4000015258789</ele>
        <time>2024-05-11T08:59:56Z</time>
        <extensions>
          <ns3:TrackPointExtension></ns3:TrackPointExtension>
        </extensions>
      </trkpt>
      <trkpt lat="51.92532939836383" lon="0.28238791041076183">
        <ele>106.19999694824219</ele>
        <time>2024-05-11T09:00:50Z</time>
        <extensions>
          <ns3:TrackPointExtension></ns3:TrackPointExtension>
        </extensions>
      </trkpt>
      <trkpt lat="51.9253221899271" lon="0.2813846804201603">
        <ele>107.19999694824219</ele>
        <time>2024-05-11T09:01:04Z</time>
        <extensions>
          <ns3:TrackPointExtension></ns3:TrackPointExtension>
        </extensions>
      </trkpt>
      <trkpt lat="51.92527265287936" lon="0.28077129274606705">
        <ele>107.4000015258789</ele>
        <time>2024-05-11T09:01:12Z</time>
        <extensions>
          <ns3:TrackPointExtension></ns3:TrackPointExtension>
        </extensions>
      </trkpt>
      <trkpt lat="51.92491357214749" lon="0.27848479337990284">
        <ele>107.0</ele>
        <time>2024-05-11T09:01:36Z</time>
        <extensions>
          <ns3:TrackPointExtension></ns3:TrackPointExtension>
        </extensions>
      </trkpt>
      <trkpt lat="51.924831345677376" lon="0.2777859941124916">
        <ele>107.0</ele>
        <time>2024-05-11T09:01:42Z</time>
        <extensions>
          <ns3:TrackPointExtension></ns3:TrackPointExtension>
        </extensions>
      </trkpt>
      <trkpt lat="51.924694972112775" lon="0.27713052928447723">
        <ele>107.19999694824219</ele>
        <time>2024-05-11T09:01:48Z</time>
        <extensions>
          <ns3:TrackPointExtension></ns3:TrackPointExtension>
        </extensions>
      </trkpt>
      <trkpt lat="51.92440705373883" lon="0.276227630674839">
        <ele>109.80000305175781</ele>
        <time>2024-05-11T09:01:57Z</time>
        <extensions>
          <ns3:TrackPointExtension></ns3:TrackPointExtension>
        </extensions>
      </trkpt>
      <trkpt lat="51.92393498495221" lon="0.2751494664698839">
        <ele>111.0</ele>
        <time>2024-05-11T09:02:09Z</time>
        <extensions>
          <ns3:TrackPointExtension></ns3:TrackPointExtension>
        </extensions>
      </trkpt>
      <trkpt lat="51.92356115207076" lon="0.2743841987103224">
        <ele>112.5999984741211</ele>
        <time>2024-05-11T09:02:19Z</time>
        <extensions>
          <ns3:TrackPointExtension></ns3:TrackPointExtension>
        </extensions>
      </trkpt>
      <trkpt lat="51.92341631278396" lon="0.2737532090395689">
        <ele>113.80000305175781</ele>
        <time>2024-05-11T09:02:26Z</time>
        <extensions>
          <ns3:TrackPointExtension></ns3:TrackPointExtension>
        </extensions>
      </trkpt>
      <trkpt lat="51.92336509935558" lon="0.27317242696881294">
        <ele>112.0</ele>
        <time>2024-05-11T09:02:32Z</time>
        <extensions>
          <ns3:TrackPointExtension></ns3:TrackPointExtension>
        </extensions>
      </trkpt>
      <trkpt lat="51.923529552295804" lon="0.27017991989851">
        <ele>107.80000305175781</ele>
        <time>2024-05-11T09:03:01Z</time>
        <extensions>
          <ns3:TrackPointExtension></ns3:TrackPointExtension>
        </extensions>
      </trkpt>
      <trkpt lat="51.92379509098828" lon="0.2686057146638632">
        <ele>106.0</ele>
        <time>2024-05-11T09:03:12Z</time>
        <extensions>
          <ns3:TrackPointExtension></ns3:TrackPointExtension>
        </extensions>
      </trkpt>
      <trkpt lat="51.92385736852884" lon="0.26783399283885956">
        <ele>105.0</ele>
        <time>2024-05-11T09:03:18Z</time>
        <extensions>
          <ns3:TrackPointExtension></ns3:TrackPointExtension>
        </extensions>
      </trkpt>
      <trkpt lat="51.923950323835015" lon="0.2671237103641033">
        <ele>104.80000305175781</ele>
        <time>2024-05-11T09:03:24Z</time>
        <extensions>
          <ns3:TrackPointExtension></ns3:TrackPointExtension>
        </extensions>
      </trkpt>
      <trkpt lat="51.92417839542031" lon="0.26616339571774006">
        <ele>104.5999984741211</ele>
        <time>2024-05-11T09:03:33Z</time>
        <extensions>
          <ns3:TrackPointExtension></ns3:TrackPointExtension>
        </extensions>
      </trkpt>
      <trkpt lat="51.924441335722804" lon="0.26446119882166386">
        <ele>102.80000305175781</ele>
        <time>2024-05-11T09:03:48Z</time>
        <extensions>
          <ns3:TrackPointExtension></ns3:TrackPointExtension>
        </extensions>
      </trkpt>
      <trkpt lat="51.92464979365468" lon="0.2633298095315695">
        <ele>102.19999694824219</ele>
        <time>2024-05-11T09:03:57Z</time>
        <extensions>
          <ns3:TrackPointExtension></ns3:TrackPointExtension>
        </extensions>
      </trkpt>
      <trkpt lat="51.9247439224273" lon="0.26214033365249634">
        <ele>100.0</ele>
        <time>2024-05-11T09:04:06Z</time>
        <extensions>
          <ns3:TrackPointExtension></ns3:TrackPointExtension>
        </extensions>
      </trkpt>
      <trkpt lat="51.92474719136953" lon="0.2613438852131367">
        <ele>98.4000015258789</ele>
        <time>2024-05-11T09:04:12Z</time>
        <extensions>
          <ns3:TrackPointExtension></ns3:TrackPointExtension>
        </extensions>
      </trkpt>
      <trkpt lat="51.92471148446202" lon="0.26096099987626076">
        <ele>98.0</ele>
        <time>2024-05-11T09:04:15Z</time>
        <extensions>
          <ns3:TrackPointExtension></ns3:TrackPointExtension>
        </extensions>
      </trkpt>
      <trkpt lat="51.92457175813615" lon="0.260242335498333">
        <ele>98.0</ele>
        <time>2024-05-11T09:04:21Z</time>
        <extensions>
          <ns3:TrackPointExtension></ns3:TrackPointExtension>
        </extensions>
      </trkpt>
      <trkpt lat="51.92405526526272" lon="0.2583242207765579">
        <ele>98.80000305175781</ele>
        <time>2024-05-11T09:04:39Z</time>
        <extensions>
          <ns3:TrackPointExtension></ns3:TrackPointExtension>
        </extensions>
      </trkpt>
      <trkpt lat="51.92387228831649" lon="0.25735678151249886">
        <ele>97.5999984741211</ele>
        <time>2024-05-11T09:04:48Z</time>
        <extensions>
          <ns3:TrackPointExtension></ns3:TrackPointExtension>
        </extensions>
      </trkpt>
      <trkpt lat="51.923700626939535" lon="0.25673090480268">
        <ele>96.0</ele>
        <time>2024-05-11T09:04:54Z</time>
        <extensions>
          <ns3:TrackPointExtension></ns3:TrackPointExtension>
        </extensions>
      </trkpt>
      <trkpt lat="51.923521840944886" lon="0.25617409497499466">
        <ele>96.19999694824219</ele>
        <time>2024-05-11T09:05:00Z</time>
        <extensions>
          <ns3:TrackPointExtension></ns3:TrackPointExtension>
        </extensions>
      </trkpt>
      <trkpt lat="51.923132333904505" lon="0.25543958880007267">
        <ele>94.19999694824219</ele>
        <time>2024-05-11T09:05:09Z</time>
        <extensions>
          <ns3:TrackPointExtension></ns3:TrackPointExtension>
        </extensions>
      </trkpt>
      <trkpt lat="51.92306821234524" lon="0.2552318014204502">
        <ele>94.4000015258789</ele>
        <time>2024-05-11T09:05:11Z</time>
        <extensions>
          <ns3:TrackPointExtension></ns3:TrackPointExtension>
        </extensions>
      </trkpt>
      <trkpt lat="51.92254182882607" lon="0.25214726105332375">
        <ele>96.0</ele>
        <time>2024-05-11T09:05:38Z</time>
        <extensions>
          <ns3:TrackPointExtension></ns3:TrackPointExtension>
        </extensions>
      </trkpt>
      <trkpt lat="51.92244300618768" lon="0.25111486203968525">
        <ele>95.4000015258789</ele>
        <time>2024-05-11T09:05:47Z</time>
        <extensions>
          <ns3:TrackPointExtension></ns3:TrackPointExtension>
        </extensions>
      </trkpt>
      <trkpt lat="51.922253742814064" lon="0.2498110570013523">
        <ele>96.0</ele>
        <time>2024-05-11T09:06:01Z</time>
        <extensions>
          <ns3:TrackPointExtension></ns3:TrackPointExtension>
        </extensions>
      </trkpt>
      <trkpt lat="51.92219347693026" lon="0.2484873030334711">
        <ele>96.19999694824219</ele>
        <time>2024-05-11T09:06:15Z</time>
        <extensions>
          <ns3:TrackPointExtension></ns3:TrackPointExtension>
        </extensions>
      </trkpt>
      <trkpt lat="51.92193707451224" lon="0.24695995263755322">
        <ele>97.19999694824219</ele>
        <time>2024-05-11T09:06:30Z</time>
        <extensions>
          <ns3:TrackPointExtension></ns3:TrackPointExtension>
        </extensions>
      </trkpt>
      <trkpt lat="51.921732472255826" lon="0.2460733987390995">
        <ele>96.80000305175781</ele>
        <time>2024-05-11T09:06:43Z</time>
        <extensions>
          <ns3:TrackPointExtension></ns3:TrackPointExtension>
        </extensions>
      </trkpt>
      <trkpt lat="51.921879490837455" lon="0.24596820585429668">
        <ele>97.5999984741211</ele>
        <time>2024-05-11T09:06:48Z</time>
        <extensions>
          <ns3:TrackPointExtension></ns3:TrackPointExtension>
        </extensions>
      </trkpt>
      <trkpt lat="51.922873416915536" lon="0.24552522227168083">
        <ele>101.0</ele>
        <time>2024-05-11T09:07:10Z</time>
        <extensions>
          <ns3:TrackPointExtension></ns3:TrackPointExtension>
        </extensions>
      </trkpt>
      <trkpt lat="51.92420186474919" lon="0.24509087204933167">
        <ele>107.0</ele>
        <time>2024-05-11T09:07:45Z</time>
        <extensions>
          <ns3:TrackPointExtension></ns3:TrackPointExtension>
        </extensions>
      </trkpt>
      <trkpt lat="51.92540282383561" lon="0.24444915354251862">
        <ele>105.19999694824219</ele>
        <time>2024-05-11T09:08:11Z</time>
        <extensions>
          <ns3:TrackPointExtension></ns3:TrackPointExtension>
        </extensions>
      </trkpt>
      <trkpt lat="51.925801718607545" lon="0.24429526180028915">
        <ele>105.80000305175781</ele>
        <time>2024-05-11T09:08:18Z</time>
        <extensions>
          <ns3:TrackPointExtension></ns3:TrackPointExtension>
        </extensions>
      </trkpt>
      <trkpt lat="51.926415944471955" lon="0.2441691979765892">
        <ele>105.0</ele>
        <time>2024-05-11T09:08:27Z</time>
        <extensions>
          <ns3:TrackPointExtension></ns3:TrackPointExtension>
        </extensions>
      </trkpt>
      <trkpt lat="51.928520472720265" lon="0.24427237920463085">
        <ele>104.19999694824219</ele>
        <time>2024-05-11T09:08:56Z</time>
        <extensions>
          <ns3:TrackPointExtension></ns3:TrackPointExtension>
        </extensions>
      </trkpt>
      <trkpt lat="51.92913293838501" lon="0.2443896420300007">
        <ele>106.0</ele>
        <time>2024-05-11T09:09:06Z</time>
        <extensions>
          <ns3:TrackPointExtension></ns3:TrackPointExtension>
        </extensions>
      </trkpt>
      <trkpt lat="51.92929646931589" lon="0.24459801614284515">
        <ele>106.80000305175781</ele>
        <time>2024-05-11T09:09:10Z</time>
        <extensions>
          <ns3:TrackPointExtension></ns3:TrackPointExtension>
        </extensions>
      </trkpt>
      <trkpt lat="51.92984011955559" lon="0.24668745696544647">
        <ele>110.0</ele>
        <time>2024-05-11T09:09:35Z</time>
        <extensions>
          <ns3:TrackPointExtension></ns3:TrackPointExtension>
        </extensions>
      </trkpt>
      <trkpt lat="51.93011571653187" lon="0.2475457638502121">
        <ele>109.5999984741211</ele>
        <time>2024-05-11T09:09:47Z</time>
        <extensions>
          <ns3:TrackPointExtension></ns3:TrackPointExtension>
        </extensions>
      </trkpt>
      <trkpt lat="51.930220406502485" lon="0.24771247990429401">
        <ele>109.80000305175781</ele>
        <time>2024-05-11T09:09:50Z</time>
        <extensions>
          <ns3:TrackPointExtension></ns3:TrackPointExtension>
        </extensions>
      </trkpt>
      <trkpt lat="51.93072357214987" lon="0.2478981390595436">
        <ele>112.19999694824219</ele>
        <time>2024-05-11T09:10:00Z</time>
        <extensions>
          <ns3:TrackPointExtension></ns3:TrackPointExtension>
        </extensions>
      </trkpt>
      <trkpt lat="51.931138057261705" lon="0.24796494282782078">
        <ele>113.0</ele>
        <time>2024-05-11T09:10:07Z</time>
        <extensions>
          <ns3:TrackPointExtension></ns3:TrackPointExtension>
        </extensions>
      </trkpt>
      <trkpt lat="51.93301174789667" lon="0.24764408357441425">
        <ele>117.0</ele>
        <time>2024-05-11T09:10:41Z</time>
        <extensions>
          <ns3:TrackPointExtension></ns3:TrackPointExtension>
        </extensions>
      </trkpt>
      <trkpt lat="51.933331433683634" lon="0.24765514768660069">
        <ele>116.4000015258789</ele>
        <time>2024-05-11T09:10:47Z</time>
        <extensions>
          <ns3:TrackPointExtension></ns3:TrackPointExtension>
        </extensions>
      </trkpt>
      <trkpt lat="51.93345498293638" lon="0.24789067916572094">
        <ele>116.0</ele>
        <time>2024-05-11T09:10:51Z</time>
        <extensions>
          <ns3:TrackPointExtension></ns3:TrackPointExtension>
        </extensions>
      </trkpt>
      <trkpt lat="51.93347577005625" lon="0.24885786697268486">
        <ele>114.0</ele>
        <time>2024-05-11T09:11:01Z</time>
        <extensions>
          <ns3:TrackPointExtension></ns3:TrackPointExtension>
        </extensions>
      </trkpt>
      <trkpt lat="51.93344567902386" lon="0.2506611496210098">
        <ele>114.4000015258789</ele>
        <time>2024-05-11T09:11:19Z</time>
        <extensions>
          <ns3:TrackPointExtension></ns3:TrackPointExtension>
        </extensions>
      </trkpt>
      <trkpt lat="51.933573419228196" lon="0.2528337389230728">
        <ele>115.4000015258789</ele>
        <time>2024-05-11T09:11:41Z</time>
        <extensions>
          <ns3:TrackPointExtension></ns3:TrackPointExtension>
        </extensions>
      </trkpt>
      <trkpt lat="51.93386527709663" lon="0.25574661791324615">
        <ele>118.4000015258789</ele>
        <time>2024-05-11T09:12:12Z</time>
        <extensions>
          <ns3:TrackPointExtension></ns3:TrackPointExtension>
        </extensions>
      </trkpt>
      <trkpt lat="51.93399905227125" lon="0.25647089816629887">
        <ele>117.0</ele>
        <time>2024-05-11T09:12:20Z</time>
        <extensions>
          <ns3:TrackPointExtension></ns3:TrackPointExtension>
        </extensions>
      </trkpt>
      <trkpt lat="51.93435746245086" lon="0.25794091634452343">
        <ele>117.0</ele>
        <time>2024-05-11T09:12:36Z</time>
        <extensions>
          <ns3:TrackPointExtension></ns3:TrackPointExtension>
        </extensions>
      </trkpt>
      <trkpt lat="51.93547862581909" lon="0.26099905371665955">
        <ele>115.80000305175781</ele>
        <time>2024-05-11T09:13:11Z</time>
        <extensions>
          <ns3:TrackPointExtension></ns3:TrackPointExtension>
        </extensions>
      </trkpt>
      <trkpt lat="51.935641737654805" lon="0.26157631538808346">
        <ele>116.80000305175781</ele>
        <time>2024-05-11T09:13:17Z</time>
        <extensions>
          <ns3:TrackPointExtension></ns3:TrackPointExtension>
        </extensions>
      </trkpt>
      <trkpt lat="51.93574517033994" lon="0.26404453441500664">
        <ele>113.19999694824219</ele>
        <time>2024-05-11T09:13:38Z</time>
        <extensions>
          <ns3:TrackPointExtension></ns3:TrackPointExtension>
        </extensions>
      </trkpt>
      <trkpt lat="51.93572748452425" lon="0.2656702883541584">
        <ele>111.80000305175781</ele>
        <time>2024-05-11T09:13:52Z</time>
        <extensions>
          <ns3:TrackPointExtension></ns3:TrackPointExtension>
        </extensions>
      </trkpt>
      <trkpt lat="51.93583904765546" lon="0.2663808222860098">
        <ele>112.0</ele>
        <time>2024-05-11T09:13:58Z</time>
        <extensions>
          <ns3:TrackPointExtension></ns3:TrackPointExtension>
        </extensions>
      </trkpt>
      <trkpt lat="51.93586528301239" lon="0.2667376399040222">
        <ele>112.80000305175781</ele>
        <time>2024-05-11T09:14:01Z</time>
        <extensions>
          <ns3:TrackPointExtension></ns3:TrackPointExtension>
        </extensions>
      </trkpt>
      <trkpt lat="51.93581935018301" lon="0.2676822803914547">
        <ele>113.0</ele>
        <time>2024-05-11T09:14:10Z</time>
        <extensions>
          <ns3:TrackPointExtension></ns3:TrackPointExtension>
        </extensions>
      </trkpt>
      <trkpt lat="51.935966704040766" lon="0.26794723235070705">
        <ele>113.0</ele>
        <time>2024-05-11T09:14:14Z</time>
        <extensions>
          <ns3:TrackPointExtension></ns3:TrackPointExtension>
        </extensions>
      </trkpt>
      <trkpt lat="51.93666189908981" lon="0.26830974966287613">
        <ele>114.5999984741211</ele>
        <time>2024-05-11T09:14:26Z</time>
        <extensions>
          <ns3:TrackPointExtension></ns3:TrackPointExtension>
        </extensions>
      </trkpt>
      <trkpt lat="51.937894793227315" lon="0.2687806449830532">
        <ele>116.0</ele>
        <time>2024-05-11T09:14:48Z</time>
        <extensions>
          <ns3:TrackPointExtension></ns3:TrackPointExtension>
        </extensions>
      </trkpt>
      <trkpt lat="51.93831346929073" lon="0.26887460611760616">
        <ele>117.4000015258789</ele>
        <time>2024-05-11T09:14:56Z</time>
        <extensions>
          <ns3:TrackPointExtension></ns3:TrackPointExtension>
        </extensions>
      </trkpt>
      <trkpt lat="51.93961928598583" lon="0.26896068826317787">
        <ele>118.0</ele>
        <time>2024-05-11T09:15:20Z</time>
        <extensions>
          <ns3:TrackPointExtension></ns3:TrackPointExtension>
        </extensions>
      </trkpt>
      <trkpt lat="51.94010401144624" lon="0.26907610706984997">
        <ele>120.0</ele>
        <time>2024-05-11T09:15:30Z</time>
        <extensions>
          <ns3:TrackPointExtension></ns3:TrackPointExtension>
        </extensions>
      </trkpt>
      <trkpt lat="51.94023250602186" lon="0.269154142588377">
        <ele>120.4000015258789</ele>
        <time>2024-05-11T09:15:33Z</time>
        <extensions>
          <ns3:TrackPointExtension></ns3:TrackPointExtension>
        </extensions>
      </trkpt>
      <trkpt lat="51.94036745466292" lon="0.2694507781416178">
        <ele>121.19999694824219</ele>
        <time>2024-05-11T09:15:37Z</time>
        <extensions>
          <ns3:TrackPointExtension></ns3:TrackPointExtension>
        </extensions>
      </trkpt>
      <trkpt lat="51.94054699502885" lon="0.27049885131418705">
        <ele>120.0</ele>
        <time>2024-05-11T09:15:48Z</time>
        <extensions>
          <ns3:TrackPointExtension></ns3:TrackPointExtension>
        </extensions>
      </trkpt>
      <trkpt lat="51.94064363837242" lon="0.2708438504487276">
        <ele>120.0</ele>
        <time>2024-05-11T09:15:52Z</time>
        <extensions>
          <ns3:TrackPointExtension></ns3:TrackPointExtension>
        </extensions>
      </trkpt>
      <trkpt lat="51.94078135304153" lon="0.27113855816423893">
        <ele>120.4000015258789</ele>
        <time>2024-05-11T09:15:56Z</time>
        <extensions>
          <ns3:TrackPointExtension></ns3:TrackPointExtension>
        </extensions>
      </trkpt>
      <trkpt lat="51.94107052870095" lon="0.2715891692787409">
        <ele>121.0</ele>
        <time>2024-05-11T09:16:04Z</time>
        <extensions>
          <ns3:TrackPointExtension></ns3:TrackPointExtension>
        </extensions>
      </trkpt>
      <trkpt lat="51.94115744903684" lon="0.27169670909643173">
        <ele>120.5999984741211</ele>
        <time>2024-05-11T09:16:06Z</time>
        <extensions>
          <ns3:TrackPointExtension></ns3:TrackPointExtension>
        </extensions>
      </trkpt>
      <trkpt lat="51.94135643541813" lon="0.2716758381575346">
        <ele>120.19999694824219</ele>
        <time>2024-05-11T09:16:10Z</time>
        <extensions>
          <ns3:TrackPointExtension></ns3:TrackPointExtension>
        </extensions>
      </trkpt>
      <trkpt lat="51.94182104431093" lon="0.27105088345706463">
        <ele>120.19999694824219</ele>
        <time>2024-05-11T09:16:20Z</time>
        <extensions>
          <ns3:TrackPointExtension></ns3:TrackPointExtension>
        </extensions>
      </trkpt>
      <trkpt lat="51.94200695492327" lon="0.27085835114121437">
        <ele>120.80000305175781</ele>
        <time>2024-05-11T09:16:24Z</time>
        <extensions>
          <ns3:TrackPointExtension></ns3:TrackPointExtension>
        </extensions>
      </trkpt>
      <trkpt lat="51.942223040387034" lon="0.2708420902490616">
        <ele>121.4000015258789</ele>
        <time>2024-05-11T09:16:28Z</time>
        <extensions>
          <ns3:TrackPointExtension></ns3:TrackPointExtension>
        </extensions>
      </trkpt>
      <trkpt lat="51.94240559823811" lon="0.2710223849862814">
        <ele>121.0</ele>
        <time>2024-05-11T09:16:32Z</time>
        <extensions>
          <ns3:TrackPointExtension></ns3:TrackPointExtension>
        </extensions>
      </trkpt>
      <trkpt lat="51.94291815161705" lon="0.27175236493349075">
        <ele>121.0</ele>
        <time>2024-05-11T09:16:44Z</time>
        <extensions>
          <ns3:TrackPointExtension></ns3:TrackPointExtension>
        </extensions>
      </trkpt>
      <trkpt lat="51.94517464376986" lon="0.2742650080472231">
        <ele>123.19999694824219</ele>
        <time>2024-05-11T09:17:35Z</time>
        <extensions>
          <ns3:TrackPointExtension></ns3:TrackPointExtension>
        </extensions>
      </trkpt>
      <trkpt lat="51.94595189765096" lon="0.27530754916369915">
        <ele>125.0</ele>
        <time>2024-05-11T09:17:57Z</time>
        <extensions>
          <ns3:TrackPointExtension></ns3:TrackPointExtension>
        </extensions>
      </trkpt>
      <trkpt lat="51.94651298224926" lon="0.2761443145573139">
        <ele>125.5999984741211</ele>
        <time>2024-05-11T09:18:09Z</time>
        <extensions>
          <ns3:TrackPointExtension></ns3:TrackPointExtension>
        </extensions>
      </trkpt>
      <trkpt lat="51.947289649397135" lon="0.27716338634490967">
        <ele>122.80000305175781</ele>
        <time>2024-05-11T09:18:25Z</time>
        <extensions>
          <ns3:TrackPointExtension></ns3:TrackPointExtension>
        </extensions>
      </trkpt>
      <trkpt lat="51.9475797470659" lon="0.2775827329605818">
        <ele>122.4000015258789</ele>
        <time>2024-05-11T09:18:31Z</time>
        <extensions>
          <ns3:TrackPointExtension></ns3:TrackPointExtension>
        </extensions>
      </trkpt>
      <trkpt lat="51.94783966988325" lon="0.2781000640243292">
        <ele>121.0</ele>
        <time>2024-05-11T09:18:37Z</time>
        <extensions>
          <ns3:TrackPointExtension></ns3:TrackPointExtension>
        </extensions>
      </trkpt>
      <trkpt lat="51.948016276583076" lon="0.2786462288349867">
        <ele>121.0</ele>
        <time>2024-05-11T09:18:43Z</time>
        <extensions>
          <ns3:TrackPointExtension></ns3:TrackPointExtension>
        </extensions>
      </trkpt>
      <trkpt lat="51.94821526296437" lon="0.27941493317484856">
        <ele>120.19999694824219</ele>
        <time>2024-05-11T09:18:51Z</time>
        <extensions>
          <ns3:TrackPointExtension></ns3:TrackPointExtension>
        </extensions>
      </trkpt>
      <trkpt lat="51.94837510585785" lon="0.2795709203928709">
        <ele>120.80000305175781</ele>
        <time>2024-05-11T09:18:54Z</time>
        <extensions>
          <ns3:TrackPointExtension></ns3:TrackPointExtension>
        </extensions>
      </trkpt>
      <trkpt lat="51.9488060194999" lon="0.27936648577451706">
        <ele>122.19999694824219</ele>
        <time>2024-05-11T09:19:02Z</time>
        <extensions>
          <ns3:TrackPointExtension></ns3:TrackPointExtension>
        </extensions>
      </trkpt>
      <trkpt lat="51.94904322735965" lon="0.2793352212756872">
        <ele>122.80000305175781</ele>
        <time>2024-05-11T09:19:06Z</time>
        <extensions>
          <ns3:TrackPointExtension></ns3:TrackPointExtension>
        </extensions>
      </trkpt>
      <trkpt lat="51.94923953153193" lon="0.27939481660723686">
        <ele>123.0</ele>
        <time>2024-05-11T09:19:09Z</time>
        <extensions>
          <ns3:TrackPointExtension></ns3:TrackPointExtension>
        </extensions>
      </trkpt>
      <trkpt lat="51.949840262532234" lon="0.27978843078017235">
        <ele>122.0</ele>
        <time>2024-05-11T09:19:19Z</time>
        <extensions>
          <ns3:TrackPointExtension></ns3:TrackPointExtension>
        </extensions>
      </trkpt>
      <trkpt lat="51.94997990503907" lon="0.27999646961688995">
        <ele>122.0</ele>
        <time>2024-05-11T09:19:22Z</time>
        <extensions>
          <ns3:TrackPointExtension></ns3:TrackPointExtension>
        </extensions>
      </trkpt>
      <trkpt lat="51.95019758306444" lon="0.2804617490619421">
        <ele>121.19999694824219</ele>
        <time>2024-05-11T09:19:28Z</time>
        <extensions>
          <ns3:TrackPointExtension></ns3:TrackPointExtension>
        </extensions>
      </trkpt>
      <trkpt lat="51.9503964856267" lon="0.28062913566827774">
        <ele>121.0</ele>
        <time>2024-05-11T09:19:32Z</time>
        <extensions>
          <ns3:TrackPointExtension></ns3:TrackPointExtension>
        </extensions>
      </trkpt>
      <trkpt lat="51.950587844476104" lon="0.2806619927287102">
        <ele>121.0</ele>
        <time>2024-05-11T09:19:35Z</time>
        <extensions>
          <ns3:TrackPointExtension></ns3:TrackPointExtension>
        </extensions>
      </trkpt>
      <trkpt lat="51.9512580614537" lon="0.28059711679816246">
        <ele>120.80000305175781</ele>
        <time>2024-05-11T09:19:46Z</time>
        <extensions>
          <ns3:TrackPointExtension></ns3:TrackPointExtension>
        </extensions>
      </trkpt>
      <trkpt lat="51.95156777277589" lon="0.2806131262332201">
        <ele>121.19999694824219</ele>
        <time>2024-05-11T09:19:51Z</time>
        <extensions>
          <ns3:TrackPointExtension></ns3:TrackPointExtension>
        </extensions>
      </trkpt>
      <trkpt lat="51.95304265245795" lon="0.28185448609292507">
        <ele>124.0</ele>
        <time>2024-05-11T09:20:20Z</time>
        <extensions>
          <ns3:TrackPointExtension></ns3:TrackPointExtension>
        </extensions>
      </trkpt>
      <trkpt lat="51.95318925194442" lon="0.2820528019219637">
        <ele>124.0</ele>
        <time>2024-05-11T09:20:23Z</time>
        <extensions>
          <ns3:TrackPointExtension></ns3:TrackPointExtension>
        </extensions>
      </trkpt>
      <trkpt lat="51.95327416062355" lon="0.2823323383927345">
        <ele>123.4000015258789</ele>
        <time>2024-05-11T09:20:26Z</time>
        <extensions>
          <ns3:TrackPointExtension></ns3:TrackPointExtension>
        </extensions>
      </trkpt>
      <trkpt lat="51.95349209010601" lon="0.2844722382724285">
        <ele>121.4000015258789</ele>
        <time>2024-05-11T09:20:47Z</time>
        <extensions>
          <ns3:TrackPointExtension></ns3:TrackPointExtension>
        </extensions>
      </trkpt>
      <trkpt lat="51.9535858836025" lon="0.28615280985832214">
        <ele>118.5999984741211</ele>
        <time>2024-05-11T09:21:02Z</time>
        <extensions>
          <ns3:TrackPointExtension></ns3:TrackPointExtension>
        </extensions>
      </trkpt>
      <trkpt lat="51.95391319692135" lon="0.288065979257226">
        <ele>117.4000015258789</ele>
        <time>2024-05-11T09:21:18Z</time>
        <extensions>
          <ns3:TrackPointExtension></ns3:TrackPointExtension>
        </extensions>
      </trkpt>
      <trkpt lat="51.95396080613136" lon="0.2882898598909378">
        <ele>117.19999694824219</ele>
        <time>2024-05-11T09:21:20Z</time>
        <extensions>
          <ns3:TrackPointExtension></ns3:TrackPointExtension>
        </extensions>
      </trkpt>
      <trkpt lat="51.95408334955573" lon="0.28854927979409695">
        <ele>117.0</ele>
        <time>2024-05-11T09:21:23Z</time>
        <extensions>
          <ns3:TrackPointExtension></ns3:TrackPointExtension>
        </extensions>
      </trkpt>
      <trkpt lat="51.954429019242525" lon="0.28881222009658813">
        <ele>117.0</ele>
        <time>2024-05-11T09:21:28Z</time>
        <extensions>
          <ns3:TrackPointExtension></ns3:TrackPointExtension>
        </extensions>
      </trkpt>
      <trkpt lat="51.95466664619744" lon="0.28889075852930546">
        <ele>116.5999984741211</ele>
        <time>2024-05-11T09:21:31Z</time>
        <extensions>
          <ns3:TrackPointExtension></ns3:TrackPointExtension>
        </extensions>
      </trkpt>
      <trkpt lat="51.95515581406653" lon="0.28892730362713337">
        <ele>113.80000305175781</ele>
        <time>2024-05-11T09:21:37Z</time>
        <extensions>
          <ns3:TrackPointExtension></ns3:TrackPointExtension>
        </extensions>
      </trkpt>
      <trkpt lat="51.95541883818805" lon="0.28888204135000706">
        <ele>112.0</ele>
        <time>2024-05-11T09:21:40Z</time>
        <extensions>
          <ns3:TrackPointExtension></ns3:TrackPointExtension>
        </extensions>
      </trkpt>
      <trkpt lat="51.95633925497532" lon="0.28834735974669456">
        <ele>112.19999694824219</ele>
        <time>2024-05-11T09:21:52Z</time>
        <extensions>
          <ns3:TrackPointExtension></ns3:TrackPointExtension>
        </extensions>
      </trkpt>
      <trkpt lat="51.95666765794158" lon="0.2882180269807577">
        <ele>113.0</ele>
        <time>2024-05-11T09:21:57Z</time>
        <extensions>
          <ns3:TrackPointExtension></ns3:TrackPointExtension>
        </extensions>
      </trkpt>
      <trkpt lat="51.956936214119196" lon="0.2883399836719036">
        <ele>113.19999694824219</ele>
        <time>2024-05-11T09:22:01Z</time>
        <extensions>
          <ns3:TrackPointExtension></ns3:TrackPointExtension>
        </extensions>
      </trkpt>
      <trkpt lat="51.958144549280405" lon="0.28927456587553024">
        <ele>112.0</ele>
        <time>2024-05-11T09:22:19Z</time>
        <extensions>
          <ns3:TrackPointExtension></ns3:TrackPointExtension>
        </extensions>
      </trkpt>
      <trkpt lat="51.958937058225274" lon="0.2900959085673094">
        <ele>108.0</ele>
        <time>2024-05-11T09:22:31Z</time>
        <extensions>
          <ns3:TrackPointExtension></ns3:TrackPointExtension>
        </extensions>
      </trkpt>
      <trkpt lat="51.95968656800687" lon="0.2909944485872984">
        <ele>107.5999984741211</ele>
        <time>2024-05-11T09:22:43Z</time>
        <extensions>
          <ns3:TrackPointExtension></ns3:TrackPointExtension>
        </extensions>
      </trkpt>
      <trkpt lat="51.9600978679955" lon="0.29134497977793217">
        <ele>106.0</ele>
        <time>2024-05-11T09:22:49Z</time>
        <extensions>
          <ns3:TrackPointExtension></ns3:TrackPointExtension>
        </extensions>
      </trkpt>
      <trkpt lat="51.96056121960282" lon="0.29155226424336433">
        <ele>105.19999694824219</ele>
        <time>2024-05-11T09:22:55Z</time>
        <extensions>
          <ns3:TrackPointExtension></ns3:TrackPointExtension>
        </extensions>
      </trkpt>
      <trkpt lat="51.960809491574764" lon="0.2915166411548853">
        <ele>105.80000305175781</ele>
        <time>2024-05-11T09:22:58Z</time>
        <extensions>
          <ns3:TrackPointExtension></ns3:TrackPointExtension>
        </extensions>
      </trkpt>
      <trkpt lat="51.96118541993201" lon="0.291287312284112">
        <ele>107.80000305175781</ele>
        <time>2024-05-11T09:23:03Z</time>
        <extensions>
          <ns3:TrackPointExtension></ns3:TrackPointExtension>
        </extensions>
      </trkpt>
      <trkpt lat="51.96138775907457" lon="0.29121916741132736">
        <ele>108.0</ele>
        <time>2024-05-11T09:23:06Z</time>
        <extensions>
          <ns3:TrackPointExtension></ns3:TrackPointExtension>
        </extensions>
      </trkpt>
      <trkpt lat="51.961516588926315" lon="0.2912296447902918">
        <ele>108.0</ele>
        <time>2024-05-11T09:23:08Z</time>
        <extensions>
          <ns3:TrackPointExtension></ns3:TrackPointExtension>
        </extensions>
      </trkpt>
      <trkpt lat="51.9616674631834" lon="0.29139661230146885">
        <ele>108.0</ele>
        <time>2024-05-11T09:23:11Z</time>
        <extensions>
          <ns3:TrackPointExtension></ns3:TrackPointExtension>
        </extensions>
      </trkpt>
      <trkpt lat="51.96169956587255" lon="0.29169836081564426">
        <ele>108.4000015258789</ele>
        <time>2024-05-11T09:23:14Z</time>
        <extensions>
          <ns3:TrackPointExtension></ns3:TrackPointExtension>
        </extensions>
      </trkpt>
      <trkpt lat="51.9617385417223" lon="0.29320500791072845">
        <ele>104.19999694824219</ele>
        <time>2024-05-11T09:23:26Z</time>
        <extensions>
          <ns3:TrackPointExtension></ns3:TrackPointExtension>
        </extensions>
      </trkpt>
      <trkpt lat="51.961789168417454" lon="0.29359702952206135">
        <ele>103.80000305175781</ele>
        <time>2024-05-11T09:23:29Z</time>
        <extensions>
          <ns3:TrackPointExtension></ns3:TrackPointExtension>
        </extensions>
      </trkpt>
      <trkpt lat="51.961880614981055" lon="0.29397983103990555">
        <ele>103.0</ele>
        <time>2024-05-11T09:23:32Z</time>
        <extensions>
          <ns3:TrackPointExtension></ns3:TrackPointExtension>
        </extensions>
      </trkpt>
      <trkpt lat="51.96245117112994" lon="0.29565151780843735">
        <ele>101.0</ele>
        <time>2024-05-11T09:23:47Z</time>
        <extensions>
          <ns3:TrackPointExtension></ns3:TrackPointExtension>
        </extensions>
      </trkpt>
      <trkpt lat="51.96300337091088" lon="0.29699480161070824">
        <ele>102.0</ele>
        <time>2024-05-11T09:23:59Z</time>
        <extensions>
          <ns3:TrackPointExtension></ns3:TrackPointExtension>
        </extensions>
      </trkpt>
      <trkpt lat="51.96378950960934" lon="0.29853254556655884">
        <ele>103.0</ele>
        <time>2024-05-11T09:24:17Z</time>
        <extensions>
          <ns3:TrackPointExtension></ns3:TrackPointExtension>
        </extensions>
      </trkpt>
      <trkpt lat="51.96391984820366" lon="0.29876447282731533">
        <ele>102.19999694824219</ele>
        <time>2024-05-11T09:24:20Z</time>
        <extensions>
          <ns3:TrackPointExtension></ns3:TrackPointExtension>
        </extensions>
      </trkpt>
      <trkpt lat="51.96423794142902" lon="0.29918650165200233">
        <ele>100.80000305175781</ele>
        <time>2024-05-11T09:24:26Z</time>
        <extensions>
          <ns3:TrackPointExtension></ns3:TrackPointExtension>
        </extensions>
      </trkpt>
      <trkpt lat="51.964424941688776" lon="0.29939563013613224">
        <ele>101.4000015258789</ele>
        <time>2024-05-11T09:24:30Z</time>
        <extensions>
          <ns3:TrackPointExtension></ns3:TrackPointExtension>
        </extensions>
      </trkpt>
      <trkpt lat="51.964596854522824" lon="0.299508199095726">
        <ele>101.5999984741211</ele>
        <time>2024-05-11T09:24:36Z</time>
        <extensions>
          <ns3:TrackPointExtension></ns3:TrackPointExtension>
        </extensions>
      </trkpt>
      <trkpt lat="51.96493238210678" lon="0.2991856634616852">
        <ele>102.4000015258789</ele>
        <time>2024-05-11T09:24:47Z</time>
        <extensions>
          <ns3:TrackPointExtension></ns3:TrackPointExtension>
        </extensions>
      </trkpt>
      <trkpt lat="51.96523538790643" lon="0.29873413033783436">
        <ele>101.0</ele>
        <time>2024-05-11T09:24:57Z</time>
        <extensions>
          <ns3:TrackPointExtension></ns3:TrackPointExtension>
        </extensions>
      </trkpt>
      <trkpt lat="51.96550855413079" lon="0.2982460521161556">
        <ele>102.4000015258789</ele>
        <time>2024-05-11T09:25:06Z</time>
        <extensions>
          <ns3:TrackPointExtension></ns3:TrackPointExtension>
        </extensions>
      </trkpt>
      <trkpt lat="51.96599604561925" lon="0.2972021698951721">
        <ele>107.19999694824219</ele>
        <time>2024-05-11T09:25:22Z</time>
        <extensions>
          <ns3:TrackPointExtension></ns3:TrackPointExtension>
        </extensions>
      </trkpt>
      <trkpt lat="51.96682384237647" lon="0.29571807011961937">
        <ele>114.19999694824219</ele>
        <time>2024-05-11T09:25:50Z</time>
        <extensions>
          <ns3:TrackPointExtension></ns3:TrackPointExtension>
        </extensions>
      </trkpt>
      <trkpt lat="51.967085022479296" lon="0.2951694745570421">
        <ele>115.80000305175781</ele>
        <time>2024-05-11T09:26:00Z</time>
        <extensions>
          <ns3:TrackPointExtension></ns3:TrackPointExtension>
        </extensions>
      </trkpt>
      <trkpt lat="51.9676252361387" lon="0.29374245554208755">
        <ele>115.0</ele>
        <time>2024-05-11T09:26:19Z</time>
        <extensions>
          <ns3:TrackPointExtension></ns3:TrackPointExtension>
        </extensions>
      </trkpt>
      <trkpt lat="51.968072075396776" lon="0.2927184384316206">
        <ele>115.0</ele>
        <time>2024-05-11T09:26:31Z</time>
        <extensions>
          <ns3:TrackPointExtension></ns3:TrackPointExtension>
        </extensions>
      </trkpt>
      <trkpt lat="51.9683538749814" lon="0.29225089587271214">
        <ele>114.0</ele>
        <time>2024-05-11T09:26:37Z</time>
        <extensions>
          <ns3:TrackPointExtension></ns3:TrackPointExtension>
        </extensions>
      </trkpt>
      <trkpt lat="51.96916222572327" lon="0.29123174026608467">
        <ele>112.0</ele>
        <time>2024-05-11T09:26:52Z</time>
        <extensions>
          <ns3:TrackPointExtension></ns3:TrackPointExtension>
        </extensions>
      </trkpt>
      <trkpt lat="51.9697339553386" lon="0.290304534137249">
        <ele>110.4000015258789</ele>
        <time>2024-05-11T09:27:04Z</time>
        <extensions>
          <ns3:TrackPointExtension></ns3:TrackPointExtension>
        </extensions>
      </trkpt>
      <trkpt lat="51.97009513154626" lon="0.28949140571057796">
        <ele>110.4000015258789</ele>
        <time>2024-05-11T09:27:15Z</time>
        <extensions>
          <ns3:TrackPointExtension></ns3:TrackPointExtension>
        </extensions>
      </trkpt>
      <trkpt lat="51.9703796133399" lon="0.28864634223282337">
        <ele>110.80000305175781</ele>
        <time>2024-05-11T09:27:27Z</time>
        <extensions>
          <ns3:TrackPointExtension></ns3:TrackPointExtension>
        </extensions>
      </trkpt>
      <trkpt lat="51.97043367661536" lon="0.2883114852011204">
        <ele>111.0</ele>
        <time>2024-05-11T09:27:31Z</time>
        <extensions>
          <ns3:TrackPointExtension></ns3:TrackPointExtension>
        </extensions>
      </trkpt>
      <trkpt lat="51.970445327460766" lon="0.2879728563129902">
        <ele>111.19999694824219</ele>
        <time>2024-05-11T09:27:35Z</time>
        <extensions>
          <ns3:TrackPointExtension></ns3:TrackPointExtension>
        </extensions>
      </trkpt>
      <trkpt lat="51.97048380039632" lon="0.28640057891607285">
        <ele>111.5999984741211</ele>
        <time>2024-05-11T09:27:51Z</time>
        <extensions>
          <ns3:TrackPointExtension></ns3:TrackPointExtension>
        </extensions>
      </trkpt>
      <trkpt lat="51.970453625544906" lon="0.28577176854014397">
        <ele>111.19999694824219</ele>
        <time>2024-05-11T09:27:57Z</time>
        <extensions>
          <ns3:TrackPointExtension></ns3:TrackPointExtension>
        </extensions>
      </trkpt>
      <trkpt lat="51.97003059089184" lon="0.28252956457436085">
        <ele>107.5999984741211</ele>
        <time>2024-05-11T09:28:24Z</time>
        <extensions>
          <ns3:TrackPointExtension></ns3:TrackPointExtension>
        </extensions>
      </trkpt>
      <trkpt lat="51.969905784353614" lon="0.2819737605750561">
        <ele>106.4000015258789</ele>
        <time>2024-05-11T09:28:28Z</time>
        <extensions>
          <ns3:TrackPointExtension></ns3:TrackPointExtension>
        </extensions>
      </trkpt>
      <trkpt lat="51.96955852210522" lon="0.2808836102485657">
        <ele>102.4000015258789</ele>
        <time>2024-05-11T09:28:36Z</time>
        <extensions>
          <ns3:TrackPointExtension></ns3:TrackPointExtension>
        </extensions>
      </trkpt>
      <trkpt lat="51.96945399977267" lon="0.2802729047834873">
        <ele>101.5999984741211</ele>
        <time>2024-05-11T09:28:40Z</time>
        <extensions>
          <ns3:TrackPointExtension></ns3:TrackPointExtension>
        </extensions>
      </trkpt>
      <trkpt lat="51.969455257058144" lon="0.27982480823993683">
        <ele>101.4000015258789</ele>
        <time>2024-05-11T09:28:43Z</time>
        <extensions>
          <ns3:TrackPointExtension></ns3:TrackPointExtension>
        </extensions>
      </trkpt>
      <trkpt lat="51.96959841996431" lon="0.2792797330766916">
        <ele>102.0</ele>
        <time>2024-05-11T09:28:47Z</time>
        <extensions>
          <ns3:TrackPointExtension></ns3:TrackPointExtension>
        </extensions>
      </trkpt>
      <trkpt lat="51.96974275633693" lon="0.2789561077952385">
        <ele>101.0</ele>
        <time>2024-05-11T09:28:50Z</time>
        <extensions>
          <ns3:TrackPointExtension></ns3:TrackPointExtension>
        </extensions>
      </trkpt>
      <trkpt lat="51.97023343294859" lon="0.2780975494533777">
        <ele>100.5999984741211</ele>
        <time>2024-05-11T09:28:59Z</time>
        <extensions>
          <ns3:TrackPointExtension></ns3:TrackPointExtension>
        </extensions>
      </trkpt>
      <trkpt lat="51.970966178923845" lon="0.27702223509550095">
        <ele>97.0</ele>
        <time>2024-05-11T09:29:11Z</time>
        <extensions>
          <ns3:TrackPointExtension></ns3:TrackPointExtension>
        </extensions>
      </trkpt>
      <trkpt lat="51.97113507427275" lon="0.27672124095261097">
        <ele>97.5999984741211</ele>
        <time>2024-05-11T09:29:14Z</time>
        <extensions>
          <ns3:TrackPointExtension></ns3:TrackPointExtension>
        </extensions>
      </trkpt>
      <trkpt lat="51.9714433606714" lon="0.2761241979897022">
        <ele>99.0</ele>
        <time>2024-05-11T09:29:20Z</time>
        <extensions>
          <ns3:TrackPointExtension></ns3:TrackPointExtension>
        </extensions>
      </trkpt>
      <trkpt lat="51.97180478833616" lon="0.27525591664016247">
        <ele>99.0</ele>
        <time>2024-05-11T09:29:29Z</time>
        <extensions>
          <ns3:TrackPointExtension></ns3:TrackPointExtension>
        </extensions>
      </trkpt>
      <trkpt lat="51.971992710605264" lon="0.27451244182884693">
        <ele>100.0</ele>
        <time>2024-05-11T09:29:35Z</time>
        <extensions>
          <ns3:TrackPointExtension></ns3:TrackPointExtension>
        </extensions>
      </trkpt>
      <trkpt lat="51.97232128120959" lon="0.27236868627369404">
        <ele>97.19999694824219</ele>
        <time>2024-05-11T09:29:53Z</time>
        <extensions>
          <ns3:TrackPointExtension></ns3:TrackPointExtension>
        </extensions>
      </trkpt>
      <trkpt lat="51.97245832532644" lon="0.271760243922472">
        <ele>99.19999694824219</ele>
        <time>2024-05-11T09:29:59Z</time>
        <extensions>
          <ns3:TrackPointExtension></ns3:TrackPointExtension>
        </extensions>
      </trkpt>
      <trkpt lat="51.97286040522158" lon="0.2706014458090067">
        <ele>100.5999984741211</ele>
        <time>2024-05-11T09:30:14Z</time>
        <extensions>
          <ns3:TrackPointExtension></ns3:TrackPointExtension>
        </extensions>
      </trkpt>
      <trkpt lat="51.973117059096694" lon="0.2700259443372488">
        <ele>101.4000015258789</ele>
        <time>2024-05-11T09:30:22Z</time>
        <extensions>
          <ns3:TrackPointExtension></ns3:TrackPointExtension>
        </extensions>
      </trkpt>
      <trkpt lat="51.97330095805228" lon="0.26977800764143467">
        <ele>100.80000305175781</ele>
        <time>2024-05-11T09:30:26Z</time>
        <extensions>
          <ns3:TrackPointExtension></ns3:TrackPointExtension>
        </extensions>
      </trkpt>
      <trkpt lat="51.97346415370703" lon="0.2696491777896881">
        <ele>101.0</ele>
        <time>2024-05-11T09:30:29Z</time>
        <extensions>
          <ns3:TrackPointExtension></ns3:TrackPointExtension>
        </extensions>
      </trkpt>
      <trkpt lat="51.975504979491234" lon="0.2683935686945915">
        <ele>104.80000305175781</ele>
        <time>2024-05-11T09:31:06Z</time>
        <extensions>
          <ns3:TrackPointExtension></ns3:TrackPointExtension>
        </extensions>
      </trkpt>
      <trkpt lat="51.9764737598598" lon="0.26786492206156254">
        <ele>109.80000305175781</ele>
        <time>2024-05-11T09:31:30Z</time>
        <extensions>
          <ns3:TrackPointExtension></ns3:TrackPointExtension>
        </extensions>
      </trkpt>
      <trkpt lat="51.97659948840737" lon="0.26778378523886204">
        <ele>110.0</ele>
        <time>2024-05-11T09:31:33Z</time>
        <extensions>
          <ns3:TrackPointExtension></ns3:TrackPointExtension>
        </extensions>
      </trkpt>
      <trkpt lat="51.97675027884543" lon="0.26758672669529915">
        <ele>110.19999694824219</ele>
        <time>2024-05-11T09:31:37Z</time>
        <extensions>
          <ns3:TrackPointExtension></ns3:TrackPointExtension>
        </extensions>
      </trkpt>
      <trkpt lat="51.976877097040415" lon="0.2672553900629282">
        <ele>110.0</ele>
        <time>2024-05-11T09:31:42Z</time>
        <extensions>
          <ns3:TrackPointExtension></ns3:TrackPointExtension>
        </extensions>
      </trkpt>
      <trkpt lat="51.97694029659033" lon="0.2669472713023424">
        <ele>110.0</ele>
        <time>2024-05-11T09:31:46Z</time>
        <extensions>
          <ns3:TrackPointExtension></ns3:TrackPointExtension>
        </extensions>
      </trkpt>
      <trkpt lat="51.977060325443745" lon="0.2659659180790186">
        <ele>110.19999694824219</ele>
        <time>2024-05-11T09:31:56Z</time>
        <extensions>
          <ns3:TrackPointExtension></ns3:TrackPointExtension>
        </extensions>
      </trkpt>
      <trkpt lat="51.97710961103439" lon="0.264992443844676">
        <ele>112.19999694824219</ele>
        <time>2024-05-11T09:32:05Z</time>
        <extensions>
          <ns3:TrackPointExtension></ns3:TrackPointExtension>
        </extensions>
      </trkpt>
      <trkpt lat="51.977345729246736" lon="0.2635298855602741">
        <ele>112.0</ele>
        <time>2024-05-11T09:32:21Z</time>
        <extensions>
          <ns3:TrackPointExtension></ns3:TrackPointExtension>
        </extensions>
      </trkpt>
      <trkpt lat="51.97743935510516" lon="0.26327038183808327">
        <ele>111.4000015258789</ele>
        <time>2024-05-11T09:32:24Z</time>
        <extensions>
          <ns3:TrackPointExtension></ns3:TrackPointExtension>
        </extensions>
      </trkpt>
      <trkpt lat="51.977645298466086" lon="0.2630827948451042">
        <ele>111.4000015258789</ele>
        <time>2024-05-11T09:32:28Z</time>
        <extensions>
          <ns3:TrackPointExtension></ns3:TrackPointExtension>
        </extensions>
      </trkpt>
      <trkpt lat="51.978171011433005" lon="0.262925298884511">
        <ele>113.80000305175781</ele>
        <time>2024-05-11T09:32:37Z</time>
        <extensions>
          <ns3:TrackPointExtension></ns3:TrackPointExtension>
        </extensions>
      </trkpt>
      <trkpt lat="51.9790190923959" lon="0.26276453398168087">
        <ele>115.0</ele>
        <time>2024-05-11T09:32:54Z</time>
        <extensions>
          <ns3:TrackPointExtension></ns3:TrackPointExtension>
        </extensions>
      </trkpt>
      <trkpt lat="51.98005392216146" lon="0.26279118843376637">
        <ele>115.0</ele>
        <time>2024-05-11T09:33:10Z</time>
        <extensions>
          <ns3:TrackPointExtension></ns3:TrackPointExtension>
        </extensions>
      </trkpt>
      <trkpt lat="51.981931049376726" lon="0.262570409104228">
        <ele>104.5999984741211</ele>
        <time>2024-05-11T09:33:32Z</time>
        <extensions>
          <ns3:TrackPointExtension></ns3:TrackPointExtension>
        </extensions>
      </trkpt>
      <trkpt lat="51.98318732902408" lon="0.26249371469020844">
        <ele>94.0</ele>
        <time>2024-05-11T09:33:44Z</time>
        <extensions>
          <ns3:TrackPointExtension></ns3:TrackPointExtension>
        </extensions>
      </trkpt>
      <trkpt lat="51.98360768146813" lon="0.26237611658871174">
        <ele>91.4000015258789</ele>
        <time>2024-05-11T09:33:53Z</time>
        <extensions>
          <ns3:TrackPointExtension></ns3:TrackPointExtension>
        </extensions>
      </trkpt>
      <trkpt lat="51.98366777971387" lon="0.26240402832627296">
        <ele>91.19999694824219</ele>
        <time>2024-05-11T09:34:10Z</time>
        <extensions>
          <ns3:TrackPointExtension></ns3:TrackPointExtension>
        </extensions>
      </trkpt>
      <trkpt lat="51.98388461954892" lon="0.2646100614219904">
        <ele>95.80000305175781</ele>
        <time>2024-05-11T09:34:42Z</time>
        <extensions>
          <ns3:TrackPointExtension></ns3:TrackPointExtension>
        </extensions>
      </trkpt>
      <trkpt lat="51.98393231257796" lon="0.26653085835278034">
        <ele>98.80000305175781</ele>
        <time>2024-05-11T09:35:06Z</time>
        <extensions>
          <ns3:TrackPointExtension></ns3:TrackPointExtension>
        </extensions>
      </trkpt>
      <trkpt lat="51.98401705361903" lon="0.26752620935440063">
        <ele>99.0</ele>
        <time>2024-05-11T09:35:21Z</time>
        <extensions>
          <ns3:TrackPointExtension></ns3:TrackPointExtension>
        </extensions>
      </trkpt>
      <trkpt lat="51.9840494915843" lon="0.2678249403834343">
        <ele>99.0</ele>
        <time>2024-05-11T09:35:26Z</time>
        <extensions>
          <ns3:TrackPointExtension></ns3:TrackPointExtension>
        </extensions>
      </trkpt>
      <trkpt lat="51.984290555119514" lon="0.26901567354798317">
        <ele>100.0</ele>
        <time>2024-05-11T09:35:46Z</time>
        <extensions>
          <ns3:TrackPointExtension></ns3:TrackPointExtension>
        </extensions>
      </trkpt>
      <trkpt lat="51.98436959646642" lon="0.26964071206748486">
        <ele>100.19999694824219</ele>
        <time>2024-05-11T09:35:57Z</time>
        <extensions>
          <ns3:TrackPointExtension></ns3:TrackPointExtension>
        </extensions>
      </trkpt>
      <trkpt lat="51.98441821150482" lon="0.27029852382838726">
        <ele>102.19999694824219</ele>
        <time>2024-05-11T09:36:08Z</time>
        <extensions>
          <ns3:TrackPointExtension></ns3:TrackPointExtension>
        </extensions>
      </trkpt>
      <trkpt lat="51.98444763198495" lon="0.27156276628375053">
        <ele>105.5999984741211</ele>
        <time>2024-05-11T09:36:27Z</time>
        <extensions>
          <ns3:TrackPointExtension></ns3:TrackPointExtension>
        </extensions>
      </trkpt>
      <trkpt lat="51.9847228936851" lon="0.27391531504690647">
        <ele>109.5999984741211</ele>
        <time>2024-05-11T09:37:01Z</time>
        <extensions>
          <ns3:TrackPointExtension></ns3:TrackPointExtension>
        </extensions>
      </trkpt>
      <trkpt lat="51.98482976295054" lon="0.2752513065934181">
        <ele>113.0</ele>
        <time>2024-05-11T09:37:20Z</time>
        <extensions>
          <ns3:TrackPointExtension></ns3:TrackPointExtension>
        </extensions>
      </trkpt>
      <trkpt lat="51.984967393800616" lon="0.2759115491062403">
        <ele>114.5999984741211</ele>
        <time>2024-05-11T09:37:30Z</time>
        <extensions>
          <ns3:TrackPointExtension></ns3:TrackPointExtension>
        </extensions>
      </trkpt>
      <trkpt lat="51.985306441783905" lon="0.2771684993058443">
        <ele>116.0</ele>
        <time>2024-05-11T09:37:49Z</time>
        <extensions>
          <ns3:TrackPointExtension></ns3:TrackPointExtension>
        </extensions>
      </trkpt>
      <trkpt lat="51.98585721664131" lon="0.27972145937383175">
        <ele>116.19999694824219</ele>
        <time>2024-05-11T09:38:23Z</time>
        <extensions>
          <ns3:TrackPointExtension></ns3:TrackPointExtension>
        </extensions>
      </trkpt>
      <trkpt lat="51.98601387441158" lon="0.2807431295514107">
        <ele>116.19999694824219</ele>
        <time>2024-05-11T09:38:34Z</time>
        <extensions>
          <ns3:TrackPointExtension></ns3:TrackPointExtension>
        </extensions>
      </trkpt>
      <trkpt lat="51.98632291518152" lon="0.28326189145445824">
        <ele>113.0</ele>
        <time>2024-05-11T09:38:58Z</time>
        <extensions>
          <ns3:TrackPointExtension></ns3:TrackPointExtension>
        </extensions>
      </trkpt>
      <trkpt lat="51.986433221027255" lon="0.2838917914777994">
        <ele>114.0</ele>
        <time>2024-05-11T09:39:04Z</time>
        <extensions>
          <ns3:TrackPointExtension></ns3:TrackPointExtension>
        </extensions>
      </trkpt>
      <trkpt lat="51.98684619739652" lon="0.28580336831510067">
        <ele>115.0</ele>
        <time>2024-05-11T09:39:22Z</time>
        <extensions>
          <ns3:TrackPointExtension></ns3:TrackPointExtension>
        </extensions>
      </trkpt>
      <trkpt lat="51.98703051544726" lon="0.2871425449848175">
        <ele>111.80000305175781</ele>
        <time>2024-05-11T09:39:34Z</time>
        <extensions>
          <ns3:TrackPointExtension></ns3:TrackPointExtension>
        </extensions>
      </trkpt>
      <trkpt lat="51.987217934802175" lon="0.28923760168254375">
        <ele>111.0</ele>
        <time>2024-05-11T09:39:52Z</time>
        <extensions>
          <ns3:TrackPointExtension></ns3:TrackPointExtension>
        </extensions>
      </trkpt>
      <trkpt lat="51.98724844492972" lon="0.2902752812951803">
        <ele>109.4000015258789</ele>
        <time>2024-05-11T09:40:01Z</time>
        <extensions>
          <ns3:TrackPointExtension></ns3:TrackPointExtension>
        </extensions>
      </trkpt>
      <trkpt lat="51.98718993924558" lon="0.29135570861399174">
        <ele>109.0</ele>
        <time>2024-05-11T09:40:10Z</time>
        <extensions>
          <ns3:TrackPointExtension></ns3:TrackPointExtension>
        </extensions>
      </trkpt>
      <trkpt lat="51.98701894842088" lon="0.292857913300395">
        <ele>107.80000305175781</ele>
        <time>2024-05-11T09:40:22Z</time>
        <extensions>
          <ns3:TrackPointExtension></ns3:TrackPointExtension>
        </extensions>
      </trkpt>
      <trkpt lat="51.986997071653605" lon="0.29324683360755444">
        <ele>107.80000305175781</ele>
        <time>2024-05-11T09:40:25Z</time>
        <extensions>
          <ns3:TrackPointExtension></ns3:TrackPointExtension>
        </extensions>
      </trkpt>
      <trkpt lat="51.98702422901988" lon="0.2936396934092045">
        <ele>108.19999694824219</ele>
        <time>2024-05-11T09:40:28Z</time>
        <extensions>
          <ns3:TrackPointExtension></ns3:TrackPointExtension>
        </extensions>
      </trkpt>
      <trkpt lat="51.987108550965786" lon="0.2940134424716234">
        <ele>109.0</ele>
        <time>2024-05-11T09:40:31Z</time>
        <extensions>
          <ns3:TrackPointExtension></ns3:TrackPointExtension>
        </extensions>
      </trkpt>
      <trkpt lat="51.98724023066461" lon="0.2943417616188526">
        <ele>108.4000015258789</ele>
        <time>2024-05-11T09:40:34Z</time>
        <extensions>
          <ns3:TrackPointExtension></ns3:TrackPointExtension>
        </extensions>
      </trkpt>
      <trkpt lat="51.98740979656577" lon="0.29461643658578396">
        <ele>107.80000305175781</ele>
        <time>2024-05-11T09:40:37Z</time>
        <extensions>
          <ns3:TrackPointExtension></ns3:TrackPointExtension>
        </extensions>
      </trkpt>
      <trkpt lat="51.98803081177175" lon="0.29526703990995884">
        <ele>106.0</ele>
        <time>2024-05-11T09:40:47Z</time>
        <extensions>
          <ns3:TrackPointExtension></ns3:TrackPointExtension>
        </extensions>
      </trkpt>
      <trkpt lat="51.98840422555804" lon="0.295594185590744">
        <ele>106.80000305175781</ele>
        <time>2024-05-11T09:40:54Z</time>
        <extensions>
          <ns3:TrackPointExtension></ns3:TrackPointExtension>
        </extensions>
      </trkpt>
      <trkpt lat="51.98850715532899" lon="0.2957355882972479">
        <ele>107.19999694824219</ele>
        <time>2024-05-11T09:40:59Z</time>
        <extensions>
          <ns3:TrackPointExtension></ns3:TrackPointExtension>
        </extensions>
      </trkpt>
      <trkpt lat="51.98848620057106" lon="0.2960286196321249">
        <ele>108.0</ele>
        <time>2024-05-11T09:41:08Z</time>
        <extensions>
          <ns3:TrackPointExtension></ns3:TrackPointExtension>
        </extensions>
      </trkpt>
      <trkpt lat="51.9886654894799" lon="0.29626859351992607">
        <ele>108.80000305175781</ele>
        <time>2024-05-11T09:41:18Z</time>
        <extensions>
          <ns3:TrackPointExtension></ns3:TrackPointExtension>
        </extensions>
      </trkpt>
      <trkpt lat="51.98867806233466" lon="0.2967347949743271">
        <ele>109.5999984741211</ele>
        <time>2024-05-11T10:01:06Z</time>
        <extensions>
          <ns3:TrackPointExtension></ns3:TrackPointExtension>
        </extensions>
      </trkpt>
      <trkpt lat="51.98877336457372" lon="0.2966891974210739">
        <ele>109.19999694824219</ele>
        <time>2024-05-11T10:23:54Z</time>
        <extensions>
          <ns3:TrackPointExtension></ns3:TrackPointExtension>
        </extensions>
      </trkpt>
      <trkpt lat="51.988714104518294" lon="0.2965110819786787">
        <ele>109.0</ele>
        <time>2024-05-11T10:24:28Z</time>
        <extensions>
          <ns3:TrackPointExtension></ns3:TrackPointExtension>
        </extensions>
      </trkpt>
      <trkpt lat="51.98869591578841" lon="0.29626624658703804">
        <ele>108.80000305175781</ele>
        <time>2024-05-11T10:26:54Z</time>
        <extensions>
          <ns3:TrackPointExtension></ns3:TrackPointExtension>
        </extensions>
      </trkpt>
      <trkpt lat="51.98848905041814" lon="0.2959819324314594">
        <ele>107.80000305175781</ele>
        <time>2024-05-11T10:27:07Z</time>
        <extensions>
          <ns3:TrackPointExtension></ns3:TrackPointExtension>
        </extensions>
      </trkpt>
      <trkpt lat="51.98852366767824" lon="0.2957159746438265">
        <ele>107.19999694824219</ele>
        <time>2024-05-11T10:27:47Z</time>
        <extensions>
          <ns3:TrackPointExtension></ns3:TrackPointExtension>
        </extensions>
      </trkpt>
      <trkpt lat="51.988701950758696" lon="0.29574522748589516">
        <ele>107.80000305175781</ele>
        <time>2024-05-11T10:27:53Z</time>
        <extensions>
          <ns3:TrackPointExtension></ns3:TrackPointExtension>
        </extensions>
      </trkpt>
      <trkpt lat="51.989430505782366" lon="0.29613674618303776">
        <ele>107.19999694824219</ele>
        <time>2024-05-11T10:28:08Z</time>
        <extensions>
          <ns3:TrackPointExtension></ns3:TrackPointExtension>
        </extensions>
      </trkpt>
      <trkpt lat="51.98960753157735" lon="0.29625660739839077">
        <ele>107.5999984741211</ele>
        <time>2024-05-11T10:28:13Z</time>
        <extensions>
          <ns3:TrackPointExtension></ns3:TrackPointExtension>
        </extensions>
      </trkpt>
      <trkpt lat="51.98972144164145" lon="0.2964096609503031">
        <ele>107.4000015258789</ele>
        <time>2024-05-11T10:28:49Z</time>
        <extensions>
          <ns3:TrackPointExtension></ns3:TrackPointExtension>
        </extensions>
      </trkpt>
      <trkpt lat="51.989270159974694" lon="0.29817916452884674">
        <ele>109.80000305175781</ele>
        <time>2024-05-11T10:29:15Z</time>
        <extensions>
          <ns3:TrackPointExtension></ns3:TrackPointExtension>
        </extensions>
      </trkpt>
      <trkpt lat="51.98894402012229" lon="0.29968983493745327">
        <ele>111.19999694824219</ele>
        <time>2024-05-11T10:29:37Z</time>
        <extensions>
          <ns3:TrackPointExtension></ns3:TrackPointExtension>
        </extensions>
      </trkpt>
      <trkpt lat="51.988785937428474" lon="0.3006019536405802">
        <ele>113.0</ele>
        <time>2024-05-11T10:29:51Z</time>
        <extensions>
          <ns3:TrackPointExtension></ns3:TrackPointExtension>
        </extensions>
      </trkpt>
      <trkpt lat="51.988741932436824" lon="0.3013159241527319">
        <ele>113.0</ele>
        <time>2024-05-11T10:29:59Z</time>
        <extensions>
          <ns3:TrackPointExtension></ns3:TrackPointExtension>
        </extensions>
      </trkpt>
      <trkpt lat="51.988851986825466" lon="0.3027599584311247">
        <ele>112.5999984741211</ele>
        <time>2024-05-11T10:30:15Z</time>
        <extensions>
          <ns3:TrackPointExtension></ns3:TrackPointExtension>
        </extensions>
      </trkpt>
      <trkpt lat="51.988846035674214" lon="0.30447673983871937">
        <ele>112.4000015258789</ele>
        <time>2024-05-11T10:30:32Z</time>
        <extensions>
          <ns3:TrackPointExtension></ns3:TrackPointExtension>
        </extensions>
      </trkpt>
      <trkpt lat="51.98875827714801" lon="0.30512088909745216">
        <ele>111.4000015258789</ele>
        <time>2024-05-11T10:30:38Z</time>
        <extensions>
          <ns3:TrackPointExtension></ns3:TrackPointExtension>
        </extensions>
      </trkpt>
      <trkpt lat="51.98847656138241" lon="0.30603996478021145">
        <ele>110.0</ele>
        <time>2024-05-11T10:30:47Z</time>
        <extensions>
          <ns3:TrackPointExtension></ns3:TrackPointExtension>
        </extensions>
      </trkpt>
      <trkpt lat="51.98841386474669" lon="0.3063428867608309">
        <ele>110.19999694824219</ele>
        <time>2024-05-11T10:30:50Z</time>
        <extensions>
          <ns3:TrackPointExtension></ns3:TrackPointExtension>
        </extensions>
      </trkpt>
      <trkpt lat="51.98822434991598" lon="0.30823392793536186">
        <ele>110.5999984741211</ele>
        <time>2024-05-11T10:31:08Z</time>
        <extensions>
          <ns3:TrackPointExtension></ns3:TrackPointExtension>
        </extensions>
      </trkpt>
      <trkpt lat="51.988109182566404" lon="0.3088275343179703">
        <ele>111.0</ele>
        <time>2024-05-11T10:31:14Z</time>
        <extensions>
          <ns3:TrackPointExtension></ns3:TrackPointExtension>
        </extensions>
      </trkpt>
      <trkpt lat="51.98791748844087" lon="0.3095272555947304">
        <ele>111.0</ele>
        <time>2024-05-11T10:31:22Z</time>
        <extensions>
          <ns3:TrackPointExtension></ns3:TrackPointExtension>
        </extensions>
      </trkpt>
      <trkpt lat="51.98731650598347" lon="0.3112121019512415">
        <ele>110.80000305175781</ele>
        <time>2024-05-11T10:31:41Z</time>
        <extensions>
          <ns3:TrackPointExtension></ns3:TrackPointExtension>
        </extensions>
      </trkpt>
      <trkpt lat="51.986976535990834" lon="0.3123317565768957">
        <ele>111.0</ele>
        <time>2024-05-11T10:31:53Z</time>
        <extensions>
          <ns3:TrackPointExtension></ns3:TrackPointExtension>
        </extensions>
      </trkpt>
      <trkpt lat="51.98639525100589" lon="0.31393010169267654">
        <ele>110.5999984741211</ele>
        <time>2024-05-11T10:32:11Z</time>
        <extensions>
          <ns3:TrackPointExtension></ns3:TrackPointExtension>
        </extensions>
      </trkpt>
      <trkpt lat="51.98603675700724" lon="0.3146754205226898">
        <ele>110.0</ele>
        <time>2024-05-11T10:32:20Z</time>
        <extensions>
          <ns3:TrackPointExtension></ns3:TrackPointExtension>
        </extensions>
      </trkpt>
      <trkpt lat="51.98523678816855" lon="0.3159228153526783">
        <ele>106.80000305175781</ele>
        <time>2024-05-11T10:32:35Z</time>
        <extensions>
          <ns3:TrackPointExtension></ns3:TrackPointExtension>
        </extensions>
      </trkpt>
      <trkpt lat="51.984972674399614" lon="0.31655246391892433">
        <ele>104.5999984741211</ele>
        <time>2024-05-11T10:32:41Z</time>
        <extensions>
          <ns3:TrackPointExtension></ns3:TrackPointExtension>
        </extensions>
      </trkpt>
      <trkpt lat="51.98454201221466" lon="0.31799926422536373">
        <ele>101.80000305175781</ele>
        <time>2024-05-11T10:32:53Z</time>
        <extensions>
          <ns3:TrackPointExtension></ns3:TrackPointExtension>
        </extensions>
      </trkpt>
      <trkpt lat="51.984131718054414" lon="0.32000656239688396">
        <ele>97.0</ele>
        <time>2024-05-11T10:33:08Z</time>
        <extensions>
          <ns3:TrackPointExtension></ns3:TrackPointExtension>
        </extensions>
      </trkpt>
      <trkpt lat="51.983837597072124" lon="0.32091532833874226">
        <ele>95.0</ele>
        <time>2024-05-11T10:33:15Z</time>
        <extensions>
          <ns3:TrackPointExtension></ns3:TrackPointExtension>
        </extensions>
      </trkpt>
      <trkpt lat="51.98349385522306" lon="0.32150281593203545">
        <ele>94.0</ele>
        <time>2024-05-11T10:33:21Z</time>
        <extensions>
          <ns3:TrackPointExtension></ns3:TrackPointExtension>
        </extensions>
      </trkpt>
      <trkpt lat="51.983306435868144" lon="0.3217574581503868">
        <ele>94.5999984741211</ele>
        <time>2024-05-11T10:33:24Z</time>
        <extensions>
          <ns3:TrackPointExtension></ns3:TrackPointExtension>
        </extensions>
      </trkpt>
      <trkpt lat="51.98254150338471" lon="0.32259514555335045">
        <ele>95.5999984741211</ele>
        <time>2024-05-11T10:33:36Z</time>
        <extensions>
          <ns3:TrackPointExtension></ns3:TrackPointExtension>
        </extensions>
      </trkpt>
      <trkpt lat="51.98215954005718" lon="0.3229170944541693">
        <ele>95.19999694824219</ele>
        <time>2024-05-11T10:33:42Z</time>
        <extensions>
          <ns3:TrackPointExtension></ns3:TrackPointExtension>
        </extensions>
      </trkpt>
      <trkpt lat="51.9811312481761" lon="0.3235923405736685">
        <ele>93.80000305175781</ele>
        <time>2024-05-11T10:33:57Z</time>
        <extensions>
          <ns3:TrackPointExtension></ns3:TrackPointExtension>
        </extensions>
      </trkpt>
      <trkpt lat="51.98075012303889" lon="0.3240552730858326">
        <ele>92.4000015258789</ele>
        <time>2024-05-11T10:34:03Z</time>
        <extensions>
          <ns3:TrackPointExtension></ns3:TrackPointExtension>
        </extensions>
      </trkpt>
      <trkpt lat="51.979494262486696" lon="0.32609425485134125">
        <ele>91.0</ele>
        <time>2024-05-11T10:34:27Z</time>
        <extensions>
          <ns3:TrackPointExtension></ns3:TrackPointExtension>
        </extensions>
      </trkpt>
      <trkpt lat="51.97850578464568" lon="0.32751054503023624">
        <ele>94.4000015258789</ele>
        <time>2024-05-11T10:34:45Z</time>
        <extensions>
          <ns3:TrackPointExtension></ns3:TrackPointExtension>
        </extensions>
      </trkpt>
      <trkpt lat="51.97827544994652" lon="0.32798747532069683">
        <ele>95.0</ele>
        <time>2024-05-11T10:34:51Z</time>
        <extensions>
          <ns3:TrackPointExtension></ns3:TrackPointExtension>
        </extensions>
      </trkpt>
      <trkpt lat="51.97796121239662" lon="0.3289346303790808">
        <ele>95.0</ele>
        <time>2024-05-11T10:35:00Z</time>
        <extensions>
          <ns3:TrackPointExtension></ns3:TrackPointExtension>
        </extensions>
      </trkpt>
      <trkpt lat="51.97771872393787" lon="0.32955531030893326">
        <ele>94.5999984741211</ele>
        <time>2024-05-11T10:35:06Z</time>
        <extensions>
          <ns3:TrackPointExtension></ns3:TrackPointExtension>
        </extensions>
      </trkpt>
      <trkpt lat="51.97723592631519" lon="0.33057253807783127">
        <ele>95.0</ele>
        <time>2024-05-11T10:35:18Z</time>
        <extensions>
          <ns3:TrackPointExtension></ns3:TrackPointExtension>
        </extensions>
      </trkpt>
      <trkpt lat="51.976953791454434" lon="0.33104234375059605">
        <ele>94.0</ele>
        <time>2024-05-11T10:35:24Z</time>
        <extensions>
          <ns3:TrackPointExtension></ns3:TrackPointExtension>
        </extensions>
      </trkpt>
      <trkpt lat="51.976774502545595" lon="0.3312510531395674">
        <ele>94.4000015258789</ele>
        <time>2024-05-11T10:35:27Z</time>
        <extensions>
          <ns3:TrackPointExtension></ns3:TrackPointExtension>
        </extensions>
      </trkpt>
      <trkpt lat="51.97657501325011" lon="0.3314103092998266">
        <ele>94.4000015258789</ele>
        <time>2024-05-11T10:35:30Z</time>
        <extensions>
          <ns3:TrackPointExtension></ns3:TrackPointExtension>
        </extensions>
      </trkpt>
      <trkpt lat="51.97558888234198" lon="0.3320901654660702">
        <ele>93.5999984741211</ele>
        <time>2024-05-11T10:35:45Z</time>
        <extensions>
          <ns3:TrackPointExtension></ns3:TrackPointExtension>
        </extensions>
      </trkpt>
      <trkpt lat="51.97492486797273" lon="0.3327781520783901">
        <ele>94.0</ele>
        <time>2024-05-11T10:35:57Z</time>
        <extensions>
          <ns3:TrackPointExtension></ns3:TrackPointExtension>
        </extensions>
      </trkpt>
      <trkpt lat="51.974740885198116" lon="0.3329043835401535">
        <ele>92.5999984741211</ele>
        <time>2024-05-11T10:36:00Z</time>
        <extensions>
          <ns3:TrackPointExtension></ns3:TrackPointExtension>
        </extensions>
      </trkpt>
      <trkpt lat="51.97434416972101" lon="0.3330399189144373">
        <ele>91.19999694824219</ele>
        <time>2024-05-11T10:36:06Z</time>
        <extensions>
          <ns3:TrackPointExtension></ns3:TrackPointExtension>
        </extensions>
      </trkpt>
      <trkpt lat="51.9735312089324" lon="0.33311267383396626">
        <ele>90.80000305175781</ele>
        <time>2024-05-11T10:36:18Z</time>
        <extensions>
          <ns3:TrackPointExtension></ns3:TrackPointExtension>
        </extensions>
      </trkpt>
      <trkpt lat="51.972697880119085" lon="0.3332643862813711">
        <ele>89.0</ele>
        <time>2024-05-11T10:36:30Z</time>
        <extensions>
          <ns3:TrackPointExtension></ns3:TrackPointExtension>
        </extensions>
      </trkpt>
      <trkpt lat="51.97229655459523" lon="0.3332701697945595">
        <ele>89.19999694824219</ele>
        <time>2024-05-11T10:36:36Z</time>
        <extensions>
          <ns3:TrackPointExtension></ns3:TrackPointExtension>
        </extensions>
      </trkpt>
      <trkpt lat="51.9709996227175" lon="0.33295090310275555">
        <ele>85.4000015258789</ele>
        <time>2024-05-11T10:36:52Z</time>
        <extensions>
          <ns3:TrackPointExtension></ns3:TrackPointExtension>
        </extensions>
      </trkpt>
      <trkpt lat="51.97021943517029" lon="0.3326229192316532">
        <ele>84.5999984741211</ele>
        <time>2024-05-11T10:37:01Z</time>
        <extensions>
          <ns3:TrackPointExtension></ns3:TrackPointExtension>
        </extensions>
      </trkpt>
      <trkpt lat="51.96997635997832" lon="0.3326844424009323">
        <ele>85.0</ele>
        <time>2024-05-11T10:37:04Z</time>
        <extensions>
          <ns3:TrackPointExtension></ns3:TrackPointExtension>
        </extensions>
      </trkpt>
      <trkpt lat="51.96983369998634" lon="0.3328018728643656">
        <ele>85.4000015258789</ele>
        <time>2024-05-11T10:37:06Z</time>
        <extensions>
          <ns3:TrackPointExtension></ns3:TrackPointExtension>
        </extensions>
      </trkpt>
      <trkpt lat="51.969647789373994" lon="0.3330552577972412">
        <ele>86.0</ele>
        <time>2024-05-11T10:37:09Z</time>
        <extensions>
          <ns3:TrackPointExtension></ns3:TrackPointExtension>
        </extensions>
      </trkpt>
      <trkpt lat="51.9689257722348" lon="0.33432687632739544">
        <ele>89.4000015258789</ele>
        <time>2024-05-11T10:37:26Z</time>
        <extensions>
          <ns3:TrackPointExtension></ns3:TrackPointExtension>
        </extensions>
      </trkpt>
      <trkpt lat="51.96833266876638" lon="0.3355800546705723">
        <ele>93.19999694824219</ele>
        <time>2024-05-11T10:37:46Z</time>
        <extensions>
          <ns3:TrackPointExtension></ns3:TrackPointExtension>
        </extensions>
      </trkpt>
      <trkpt lat="51.968031004071236" lon="0.33604759722948074">
        <ele>94.5999984741211</ele>
        <time>2024-05-11T10:37:54Z</time>
        <extensions>
          <ns3:TrackPointExtension></ns3:TrackPointExtension>
        </extensions>
      </trkpt>
      <trkpt lat="51.96787250228226" lon="0.33623015508055687">
        <ele>95.19999694824219</ele>
        <time>2024-05-11T10:37:58Z</time>
        <extensions>
          <ns3:TrackPointExtension></ns3:TrackPointExtension>
        </extensions>
      </trkpt>
      <trkpt lat="51.966911014169455" lon="0.3368079196661711">
        <ele>94.80000305175781</ele>
        <time>2024-05-11T10:38:17Z</time>
        <extensions>
          <ns3:TrackPointExtension></ns3:TrackPointExtension>
        </extensions>
      </trkpt>
      <trkpt lat="51.96598833426833" lon="0.33758911304175854">
        <ele>92.5999984741211</ele>
        <time>2024-05-11T10:38:32Z</time>
        <extensions>
          <ns3:TrackPointExtension></ns3:TrackPointExtension>
        </extensions>
      </trkpt>
      <trkpt lat="51.964787459000945" lon="0.3383336775004864">
        <ele>84.4000015258789</ele>
        <time>2024-05-11T10:38:46Z</time>
        <extensions>
          <ns3:TrackPointExtension></ns3:TrackPointExtension>
        </extensions>
      </trkpt>
      <trkpt lat="51.96402931585908" lon="0.3388772439211607">
        <ele>80.0</ele>
        <time>2024-05-11T10:38:54Z</time>
        <extensions>
          <ns3:TrackPointExtension></ns3:TrackPointExtension>
        </extensions>
      </trkpt>
      <trkpt lat="51.963630337268114" lon="0.3392187226563692">
        <ele>78.4000015258789</ele>
        <time>2024-05-11T10:38:58Z</time>
        <extensions>
          <ns3:TrackPointExtension></ns3:TrackPointExtension>
        </extensions>
      </trkpt>
      <trkpt lat="51.96328366175294" lon="0.3396744467318058">
        <ele>79.0</ele>
        <time>2024-05-11T10:39:02Z</time>
        <extensions>
          <ns3:TrackPointExtension></ns3:TrackPointExtension>
        </extensions>
      </trkpt>
      <trkpt lat="51.96248050779104" lon="0.3411969356238842">
        <ele>86.5999984741211</ele>
        <time>2024-05-11T10:39:18Z</time>
        <extensions>
          <ns3:TrackPointExtension></ns3:TrackPointExtension>
        </extensions>
      </trkpt>
      <trkpt lat="51.96190668269992" lon="0.34208575263619423">
        <ele>91.19999694824219</ele>
        <time>2024-05-11T10:39:41Z</time>
        <extensions>
          <ns3:TrackPointExtension></ns3:TrackPointExtension>
        </extensions>
      </trkpt>
      <trkpt lat="51.96143235079944" lon="0.3425118885934353">
        <ele>94.80000305175781</ele>
        <time>2024-05-11T10:39:57Z</time>
        <extensions>
          <ns3:TrackPointExtension></ns3:TrackPointExtension>
        </extensions>
      </trkpt>
      <trkpt lat="51.96083849295974" lon="0.34285755828022957">
        <ele>98.80000305175781</ele>
        <time>2024-05-11T10:40:16Z</time>
        <extensions>
          <ns3:TrackPointExtension></ns3:TrackPointExtension>
        </extensions>
      </trkpt>
      <trkpt lat="51.96044068783522" lon="0.34296367317438126">
        <ele>100.80000305175781</ele>
        <time>2024-05-11T10:40:26Z</time>
        <extensions>
          <ns3:TrackPointExtension></ns3:TrackPointExtension>
        </extensions>
      </trkpt>
      <trkpt lat="51.96022938005626" lon="0.3429389465600252">
        <ele>100.4000015258789</ele>
        <time>2024-05-11T10:40:31Z</time>
        <extensions>
          <ns3:TrackPointExtension></ns3:TrackPointExtension>
        </extensions>
      </trkpt>
      <trkpt lat="51.95853036828339" lon="0.34244139678776264">
        <ele>99.0</ele>
        <time>2024-05-11T10:41:00Z</time>
        <extensions>
          <ns3:TrackPointExtension></ns3:TrackPointExtension>
        </extensions>
      </trkpt>
      <trkpt lat="51.95678777061403" lon="0.3418117482215166">
        <ele>98.5999984741211</ele>
        <time>2024-05-11T10:41:29Z</time>
        <extensions>
          <ns3:TrackPointExtension></ns3:TrackPointExtension>
        </extensions>
      </trkpt>
      <trkpt lat="51.955875903367996" lon="0.34121998585760593">
        <ele>96.5999984741211</ele>
        <time>2024-05-11T10:41:44Z</time>
        <extensions>
          <ns3:TrackPointExtension></ns3:TrackPointExtension>
        </extensions>
      </trkpt>
      <trkpt lat="51.9556977879256" lon="0.34117489121854305">
        <ele>97.80000305175781</ele>
        <time>2024-05-11T10:41:47Z</time>
        <extensions>
          <ns3:TrackPointExtension></ns3:TrackPointExtension>
        </extensions>
      </trkpt>
      <trkpt lat="51.95512563921511" lon="0.3411582112312317">
        <ele>97.4000015258789</ele>
        <time>2024-05-11T10:41:56Z</time>
        <extensions>
          <ns3:TrackPointExtension></ns3:TrackPointExtension>
        </extensions>
      </trkpt>
      <trkpt lat="51.9546202942729" lon="0.3412623982876539">
        <ele>96.19999694824219</ele>
        <time>2024-05-11T10:42:04Z</time>
        <extensions>
          <ns3:TrackPointExtension></ns3:TrackPointExtension>
        </extensions>
      </trkpt>
      <trkpt lat="51.95451225154102" lon="0.3414960019290447">
        <ele>96.0</ele>
        <time>2024-05-11T10:42:08Z</time>
        <extensions>
          <ns3:TrackPointExtension></ns3:TrackPointExtension>
        </extensions>
      </trkpt>
      <trkpt lat="51.954569751396775" lon="0.34254097379744053">
        <ele>94.5999984741211</ele>
        <time>2024-05-11T10:42:17Z</time>
        <extensions>
          <ns3:TrackPointExtension></ns3:TrackPointExtension>
        </extensions>
      </trkpt>
      <trkpt lat="51.95456455461681" lon="0.34266469068825245">
        <ele>94.19999694824219</ele>
        <time>2024-05-11T10:42:18Z</time>
        <extensions>
          <ns3:TrackPointExtension></ns3:TrackPointExtension>
        </extensions>
      </trkpt>
      <trkpt lat="51.954444106668234" lon="0.3431434649974108">
        <ele>91.5999984741211</ele>
        <time>2024-05-11T10:42:22Z</time>
        <extensions>
          <ns3:TrackPointExtension></ns3:TrackPointExtension>
        </extensions>
      </trkpt>
      <trkpt lat="51.954263309016824" lon="0.3434410225600004">
        <ele>89.4000015258789</ele>
        <time>2024-05-11T10:42:25Z</time>
        <extensions>
          <ns3:TrackPointExtension></ns3:TrackPointExtension>
        </extensions>
      </trkpt>
      <trkpt lat="51.953827030956745" lon="0.34382499754428864">
        <ele>86.4000015258789</ele>
        <time>2024-05-11T10:42:31Z</time>
        <extensions>
          <ns3:TrackPointExtension></ns3:TrackPointExtension>
        </extensions>
      </trkpt>
      <trkpt lat="51.953704319894314" lon="0.3440034482628107">
        <ele>85.4000015258789</ele>
        <time>2024-05-11T10:42:33Z</time>
        <extensions>
          <ns3:TrackPointExtension></ns3:TrackPointExtension>
        </extensions>
      </trkpt>
      <trkpt lat="51.95311540737748" lon="0.34497792832553387">
        <ele>84.0</ele>
        <time>2024-05-11T10:42:43Z</time>
        <extensions>
          <ns3:TrackPointExtension></ns3:TrackPointExtension>
        </extensions>
      </trkpt>
      <trkpt lat="51.952561447396874" lon="0.3460932243615389">
        <ele>86.19999694824219</ele>
        <time>2024-05-11T10:42:55Z</time>
        <extensions>
          <ns3:TrackPointExtension></ns3:TrackPointExtension>
        </extensions>
      </trkpt>
      <trkpt lat="51.95202223956585" lon="0.34699193201959133">
        <ele>88.4000015258789</ele>
        <time>2024-05-11T10:43:08Z</time>
        <extensions>
          <ns3:TrackPointExtension></ns3:TrackPointExtension>
        </extensions>
      </trkpt>
      <trkpt lat="51.95197546854615" lon="0.3471697121858597">
        <ele>89.0</ele>
        <time>2024-05-11T10:43:10Z</time>
        <extensions>
          <ns3:TrackPointExtension></ns3:TrackPointExtension>
        </extensions>
      </trkpt>
      <trkpt lat="51.95198074914515" lon="0.34758872352540493">
        <ele>90.0</ele>
        <time>2024-05-11T10:43:14Z</time>
        <extensions>
          <ns3:TrackPointExtension></ns3:TrackPointExtension>
        </extensions>
      </trkpt>
      <trkpt lat="51.95206389762461" lon="0.3483220562338829">
        <ele>93.19999694824219</ele>
        <time>2024-05-11T10:43:21Z</time>
        <extensions>
          <ns3:TrackPointExtension></ns3:TrackPointExtension>
        </extensions>
      </trkpt>
      <trkpt lat="51.952138915658" lon="0.3486063703894615">
        <ele>93.5999984741211</ele>
        <time>2024-05-11T10:43:24Z</time>
        <extensions>
          <ns3:TrackPointExtension></ns3:TrackPointExtension>
        </extensions>
      </trkpt>
      <trkpt lat="51.952573265880346" lon="0.35105958580970764">
        <ele>98.19999694824219</ele>
        <time>2024-05-11T10:44:00Z</time>
        <extensions>
          <ns3:TrackPointExtension></ns3:TrackPointExtension>
        </extensions>
      </trkpt>
      <trkpt lat="51.952753476798534" lon="0.35263923928141594">
        <ele>101.0</ele>
        <time>2024-05-11T10:44:25Z</time>
        <extensions>
          <ns3:TrackPointExtension></ns3:TrackPointExtension>
        </extensions>
      </trkpt>
      <trkpt lat="51.95275951176882" lon="0.35349100828170776">
        <ele>102.80000305175781</ele>
        <time>2024-05-11T10:44:38Z</time>
        <extensions>
          <ns3:TrackPointExtension></ns3:TrackPointExtension>
        </extensions>
      </trkpt>
      <trkpt lat="51.952695390209556" lon="0.35554876551032066">
        <ele>107.80000305175781</ele>
        <time>2024-05-11T10:45:08Z</time>
        <extensions>
          <ns3:TrackPointExtension></ns3:TrackPointExtension>
        </extensions>
      </trkpt>
      <trkpt lat="51.95255826227367" lon="0.3573029302060604">
        <ele>108.80000305175781</ele>
        <time>2024-05-11T10:45:35Z</time>
        <extensions>
          <ns3:TrackPointExtension></ns3:TrackPointExtension>
        </extensions>
      </trkpt>
      <trkpt lat="51.952475449070334" lon="0.35924392752349377">
        <ele>111.0</ele>
        <time>2024-05-11T10:46:01Z</time>
        <extensions>
          <ns3:TrackPointExtension></ns3:TrackPointExtension>
        </extensions>
      </trkpt>
      <trkpt lat="51.95249883458018" lon="0.3621081914752722">
        <ele>112.4000015258789</ele>
        <time>2024-05-11T10:46:32Z</time>
        <extensions>
          <ns3:TrackPointExtension></ns3:TrackPointExtension>
        </extensions>
      </trkpt>
      <trkpt lat="51.95239154621959" lon="0.36280447617173195">
        <ele>111.80000305175781</ele>
        <time>2024-05-11T10:46:40Z</time>
        <extensions>
          <ns3:TrackPointExtension></ns3:TrackPointExtension>
        </extensions>
      </trkpt>
      <trkpt lat="51.9521645642817" lon="0.36379395984113216">
        <ele>114.19999694824219</ele>
        <time>2024-05-11T10:46:52Z</time>
        <extensions>
          <ns3:TrackPointExtension></ns3:TrackPointExtension>
        </extensions>
      </trkpt>
      <trkpt lat="51.95170230232179" lon="0.36542465910315514">
        <ele>113.4000015258789</ele>
        <time>2024-05-11T10:47:11Z</time>
        <extensions>
          <ns3:TrackPointExtension></ns3:TrackPointExtension>
        </extensions>
      </trkpt>
      <trkpt lat="51.95140675641596" lon="0.36627206951379776">
        <ele>113.4000015258789</ele>
        <time>2024-05-11T10:47:21Z</time>
        <extensions>
          <ns3:TrackPointExtension></ns3:TrackPointExtension>
        </extensions>
      </trkpt>
      <trkpt lat="51.95103703066707" lon="0.3670154605060816">
        <ele>113.80000305175781</ele>
        <time>2024-05-11T10:47:30Z</time>
        <extensions>
          <ns3:TrackPointExtension></ns3:TrackPointExtension>
        </extensions>
      </trkpt>
      <trkpt lat="51.9499974232167" lon="0.36873919889330864">
        <ele>110.0</ele>
        <time>2024-05-11T10:47:51Z</time>
        <extensions>
          <ns3:TrackPointExtension></ns3:TrackPointExtension>
        </extensions>
      </trkpt>
      <trkpt lat="51.94908471778035" lon="0.37017527036368847">
        <ele>110.80000305175781</ele>
        <time>2024-05-11T10:48:09Z</time>
        <extensions>
          <ns3:TrackPointExtension></ns3:TrackPointExtension>
        </extensions>
      </trkpt>
      <trkpt lat="51.948800990357995" lon="0.3706861473619938">
        <ele>110.80000305175781</ele>
        <time>2024-05-11T10:48:15Z</time>
        <extensions>
          <ns3:TrackPointExtension></ns3:TrackPointExtension>
        </extensions>
      </trkpt>
      <trkpt lat="51.94868791848421" lon="0.37096853367984295">
        <ele>110.4000015258789</ele>
        <time>2024-05-11T10:48:18Z</time>
        <extensions>
          <ns3:TrackPointExtension></ns3:TrackPointExtension>
        </extensions>
      </trkpt>
      <trkpt lat="51.948516592383385" lon="0.37157999351620674">
        <ele>110.0</ele>
        <time>2024-05-11T10:48:24Z</time>
        <extensions>
          <ns3:TrackPointExtension></ns3:TrackPointExtension>
        </extensions>
      </trkpt>
      <trkpt lat="51.948400838300586" lon="0.37223998457193375">
        <ele>110.19999694824219</ele>
        <time>2024-05-11T10:48:30Z</time>
        <extensions>
          <ns3:TrackPointExtension></ns3:TrackPointExtension>
        </extensions>
      </trkpt>
      <trkpt lat="51.94820327684283" lon="0.3742538206279278">
        <ele>108.5999984741211</ele>
        <time>2024-05-11T10:48:48Z</time>
        <extensions>
          <ns3:TrackPointExtension></ns3:TrackPointExtension>
        </extensions>
      </trkpt>
      <trkpt lat="51.948078302666545" lon="0.3766858298331499">
        <ele>108.4000015258789</ele>
        <time>2024-05-11T10:49:09Z</time>
        <extensions>
          <ns3:TrackPointExtension></ns3:TrackPointExtension>
        </extensions>
      </trkpt>
      <trkpt lat="51.9480234850198" lon="0.3792810346931219">
        <ele>107.0</ele>
        <time>2024-05-11T10:49:30Z</time>
        <extensions>
          <ns3:TrackPointExtension></ns3:TrackPointExtension>
        </extensions>
      </trkpt>
      <trkpt lat="51.94806690327823" lon="0.3804747015237808">
        <ele>104.0</ele>
        <time>2024-05-11T10:49:39Z</time>
        <extensions>
          <ns3:TrackPointExtension></ns3:TrackPointExtension>
        </extensions>
      </trkpt>
      <trkpt lat="51.94827946834266" lon="0.3831694833934307">
        <ele>101.0</ele>
        <time>2024-05-11T10:50:00Z</time>
        <extensions>
          <ns3:TrackPointExtension></ns3:TrackPointExtension>
        </extensions>
      </trkpt>
      <trkpt lat="51.9485383015126" lon="0.38506857119500637">
        <ele>98.80000305175781</ele>
        <time>2024-05-11T10:50:15Z</time>
        <extensions>
          <ns3:TrackPointExtension></ns3:TrackPointExtension>
        </extensions>
      </trkpt>
      <trkpt lat="51.94863083772361" lon="0.38618361577391624">
        <ele>98.0</ele>
        <time>2024-05-11T10:50:24Z</time>
        <extensions>
          <ns3:TrackPointExtension></ns3:TrackPointExtension>
        </extensions>
      </trkpt>
      <trkpt lat="51.948782382532954" lon="0.3869406692683697">
        <ele>96.0</ele>
        <time>2024-05-11T10:50:30Z</time>
        <extensions>
          <ns3:TrackPointExtension></ns3:TrackPointExtension>
        </extensions>
      </trkpt>
      <trkpt lat="51.949059991165996" lon="0.3880081884562969">
        <ele>92.4000015258789</ele>
        <time>2024-05-11T10:50:38Z</time>
        <extensions>
          <ns3:TrackPointExtension></ns3:TrackPointExtension>
        </extensions>
      </trkpt>
      <trkpt lat="51.94913970306516" lon="0.38840574212372303">
        <ele>91.5999984741211</ele>
        <time>2024-05-11T10:50:41Z</time>
        <extensions>
          <ns3:TrackPointExtension></ns3:TrackPointExtension>
        </extensions>
      </trkpt>
      <trkpt lat="51.94914900697768" lon="0.3886624798178673">
        <ele>91.19999694824219</ele>
        <time>2024-05-11T10:50:43Z</time>
        <extensions>
          <ns3:TrackPointExtension></ns3:TrackPointExtension>
        </extensions>
      </trkpt>
      <trkpt lat="51.94909083656967" lon="0.3890692535787821">
        <ele>89.5999984741211</ele>
        <time>2024-05-11T10:50:46Z</time>
        <extensions>
          <ns3:TrackPointExtension></ns3:TrackPointExtension>
        </extensions>
      </trkpt>
      <trkpt lat="51.94867559708655" lon="0.39029376581311226">
        <ele>85.4000015258789</ele>
        <time>2024-05-11T10:50:55Z</time>
        <extensions>
          <ns3:TrackPointExtension></ns3:TrackPointExtension>
        </extensions>
      </trkpt>
      <trkpt lat="51.94798048585653" lon="0.393206225708127">
        <ele>93.4000015258789</ele>
        <time>2024-05-11T10:51:24Z</time>
        <extensions>
          <ns3:TrackPointExtension></ns3:TrackPointExtension>
        </extensions>
      </trkpt>
      <trkpt lat="51.947792982682586" lon="0.39449846372008324">
        <ele>96.0</ele>
        <time>2024-05-11T10:51:43Z</time>
        <extensions>
          <ns3:TrackPointExtension></ns3:TrackPointExtension>
        </extensions>
      </trkpt>
      <trkpt lat="51.94769851863384" lon="0.39583923295140266">
        <ele>94.80000305175781</ele>
        <time>2024-05-11T10:51:58Z</time>
        <extensions>
          <ns3:TrackPointExtension></ns3:TrackPointExtension>
        </extensions>
      </trkpt>
      <trkpt lat="51.94777739234269" lon="0.3968418762087822">
        <ele>91.19999694824219</ele>
        <time>2024-05-11T10:52:07Z</time>
        <extensions>
          <ns3:TrackPointExtension></ns3:TrackPointExtension>
        </extensions>
      </trkpt>
      <trkpt lat="51.94804678671062" lon="0.3987651038914919">
        <ele>86.4000015258789</ele>
        <time>2024-05-11T10:52:22Z</time>
        <extensions>
          <ns3:TrackPointExtension></ns3:TrackPointExtension>
        </extensions>
      </trkpt>
      <trkpt lat="51.948570907115936" lon="0.40129425935447216">
        <ele>83.19999694824219</ele>
        <time>2024-05-11T10:52:41Z</time>
        <extensions>
          <ns3:TrackPointExtension></ns3:TrackPointExtension>
        </extensions>
      </trkpt>
      <trkpt lat="51.948552299290895" lon="0.401694243773818">
        <ele>82.80000305175781</ele>
        <time>2024-05-11T10:52:44Z</time>
        <extensions>
          <ns3:TrackPointExtension></ns3:TrackPointExtension>
        </extensions>
      </trkpt>
      <trkpt lat="51.948270332068205" lon="0.4027555603533983">
        <ele>81.0</ele>
        <time>2024-05-11T10:52:52Z</time>
        <extensions>
          <ns3:TrackPointExtension></ns3:TrackPointExtension>
        </extensions>
      </trkpt>
      <trkpt lat="51.94812105037272" lon="0.4035462252795696">
        <ele>80.80000305175781</ele>
        <time>2024-05-11T10:52:58Z</time>
        <extensions>
          <ns3:TrackPointExtension></ns3:TrackPointExtension>
        </extensions>
      </trkpt>
      <trkpt lat="51.94810738787055" lon="0.4037987720221281">
        <ele>81.0</ele>
        <time>2024-05-11T10:53:00Z</time>
        <extensions>
          <ns3:TrackPointExtension></ns3:TrackPointExtension>
        </extensions>
      </trkpt>
      <trkpt lat="51.94815608672798" lon="0.4041750356554985">
        <ele>81.19999694824219</ele>
        <time>2024-05-11T10:53:03Z</time>
        <extensions>
          <ns3:TrackPointExtension></ns3:TrackPointExtension>
        </extensions>
      </trkpt>
      <trkpt lat="51.94834040477872" lon="0.40473930537700653">
        <ele>80.80000305175781</ele>
        <time>2024-05-11T10:53:08Z</time>
        <extensions>
          <ns3:TrackPointExtension></ns3:TrackPointExtension>
        </extensions>
      </trkpt>
      <trkpt lat="51.94858004339039" lon="0.4053021501749754">
        <ele>80.0</ele>
        <time>2024-05-11T10:53:14Z</time>
        <extensions>
          <ns3:TrackPointExtension></ns3:TrackPointExtension>
        </extensions>
      </trkpt>
      <trkpt lat="51.9490512739867" lon="0.40662900544703007">
        <ele>83.80000305175781</ele>
        <time>2024-05-11T10:53:29Z</time>
        <extensions>
          <ns3:TrackPointExtension></ns3:TrackPointExtension>
        </extensions>
      </trkpt>
      <trkpt lat="51.949813859537244" lon="0.409336443990469">
        <ele>80.80000305175781</ele>
        <time>2024-05-11T10:53:59Z</time>
        <extensions>
          <ns3:TrackPointExtension></ns3:TrackPointExtension>
        </extensions>
      </trkpt>
      <trkpt lat="51.95000873878598" lon="0.41030061431229115">
        <ele>79.4000015258789</ele>
        <time>2024-05-11T10:54:08Z</time>
        <extensions>
          <ns3:TrackPointExtension></ns3:TrackPointExtension>
        </extensions>
      </trkpt>
      <trkpt lat="51.95011627860367" lon="0.4113114718347788">
        <ele>78.0</ele>
        <time>2024-05-11T10:54:17Z</time>
        <extensions>
          <ns3:TrackPointExtension></ns3:TrackPointExtension>
        </extensions>
      </trkpt>
      <trkpt lat="51.95018517784774" lon="0.41167600080370903">
        <ele>77.80000305175781</ele>
        <time>2024-05-11T10:54:21Z</time>
        <extensions>
          <ns3:TrackPointExtension></ns3:TrackPointExtension>
        </extensions>
      </trkpt>
      <trkpt lat="51.9502770435065" lon="0.41192703880369663">
        <ele>77.4000015258789</ele>
        <time>2024-05-11T10:54:24Z</time>
        <extensions>
          <ns3:TrackPointExtension></ns3:TrackPointExtension>
        </extensions>
      </trkpt>
      <trkpt lat="51.95044786669314" lon="0.4121942538768053">
        <ele>77.80000305175781</ele>
        <time>2024-05-11T10:54:28Z</time>
        <extensions>
          <ns3:TrackPointExtension></ns3:TrackPointExtension>
        </extensions>
      </trkpt>
      <trkpt lat="51.95099084638059" lon="0.4127217270433903">
        <ele>77.80000305175781</ele>
        <time>2024-05-11T10:54:38Z</time>
        <extensions>
          <ns3:TrackPointExtension></ns3:TrackPointExtension>
        </extensions>
      </trkpt>
      <trkpt lat="51.951163932681084" lon="0.41299606673419476">
        <ele>77.4000015258789</ele>
        <time>2024-05-11T10:54:42Z</time>
        <extensions>
          <ns3:TrackPointExtension></ns3:TrackPointExtension>
        </extensions>
      </trkpt>
      <trkpt lat="51.95130365900695" lon="0.4134652856737375">
        <ele>77.19999694824219</ele>
        <time>2024-05-11T10:54:47Z</time>
        <extensions>
          <ns3:TrackPointExtension></ns3:TrackPointExtension>
        </extensions>
      </trkpt>
      <trkpt lat="51.95142846554518" lon="0.41406383737921715">
        <ele>76.4000015258789</ele>
        <time>2024-05-11T10:54:53Z</time>
        <extensions>
          <ns3:TrackPointExtension></ns3:TrackPointExtension>
        </extensions>
      </trkpt>
      <trkpt lat="51.95184538140893" lon="0.41515717282891273">
        <ele>78.0</ele>
        <time>2024-05-11T10:55:05Z</time>
        <extensions>
          <ns3:TrackPointExtension></ns3:TrackPointExtension>
        </extensions>
      </trkpt>
      <trkpt lat="51.95188947021961" lon="0.4155061114579439">
        <ele>78.0</ele>
        <time>2024-05-11T10:55:09Z</time>
        <extensions>
          <ns3:TrackPointExtension></ns3:TrackPointExtension>
        </extensions>
      </trkpt>
      <trkpt lat="51.951911598443985" lon="0.4161257017403841">
        <ele>76.5999984741211</ele>
        <time>2024-05-11T10:55:16Z</time>
        <extensions>
          <ns3:TrackPointExtension></ns3:TrackPointExtension>
        </extensions>
      </trkpt>
      <trkpt lat="51.95195568725467" lon="0.41641839779913425">
        <ele>76.80000305175781</ele>
        <time>2024-05-11T10:55:19Z</time>
        <extensions>
          <ns3:TrackPointExtension></ns3:TrackPointExtension>
        </extensions>
      </trkpt>
      <trkpt lat="51.95257402025163" lon="0.41856005787849426">
        <ele>74.4000015258789</ele>
        <time>2024-05-11T10:55:43Z</time>
        <extensions>
          <ns3:TrackPointExtension></ns3:TrackPointExtension>
        </extensions>
      </trkpt>
      <trkpt lat="51.95270352065563" lon="0.41878100484609604">
        <ele>74.0</ele>
        <time>2024-05-11T10:55:46Z</time>
        <extensions>
          <ns3:TrackPointExtension></ns3:TrackPointExtension>
        </extensions>
      </trkpt>
      <trkpt lat="51.952853724360466" lon="0.41893632151186466">
        <ele>74.0</ele>
        <time>2024-05-11T10:55:49Z</time>
        <extensions>
          <ns3:TrackPointExtension></ns3:TrackPointExtension>
        </extensions>
      </trkpt>
      <trkpt lat="51.953138122335076" lon="0.41910555213689804">
        <ele>74.0</ele>
        <time>2024-05-11T10:55:58Z</time>
        <extensions>
          <ns3:TrackPointExtension></ns3:TrackPointExtension>
        </extensions>
      </trkpt>
      <trkpt lat="51.95364975370467" lon="0.4192051291465759">
        <ele>73.5999984741211</ele>
        <time>2024-05-11T10:56:06Z</time>
        <extensions>
          <ns3:TrackPointExtension></ns3:TrackPointExtension>
        </extensions>
      </trkpt>
      <trkpt lat="51.95384044200182" lon="0.4193602781742811">
        <ele>73.4000015258789</ele>
        <time>2024-05-11T10:56:09Z</time>
        <extensions>
          <ns3:TrackPointExtension></ns3:TrackPointExtension>
        </extensions>
      </trkpt>
      <trkpt lat="51.95397203788161" lon="0.4196080472320318">
        <ele>73.80000305175781</ele>
        <time>2024-05-11T10:56:12Z</time>
        <extensions>
          <ns3:TrackPointExtension></ns3:TrackPointExtension>
        </extensions>
      </trkpt>
      <trkpt lat="51.95407094433904" lon="0.4200849775224924">
        <ele>74.0</ele>
        <time>2024-05-11T10:56:17Z</time>
        <extensions>
          <ns3:TrackPointExtension></ns3:TrackPointExtension>
        </extensions>
      </trkpt>
      <trkpt lat="51.954248640686274" lon="0.4213928896933794">
        <ele>72.0</ele>
        <time>2024-05-11T10:56:29Z</time>
        <extensions>
          <ns3:TrackPointExtension></ns3:TrackPointExtension>
        </extensions>
      </trkpt>
      <trkpt lat="51.954308822751045" lon="0.4222412221133709">
        <ele>68.0</ele>
        <time>2024-05-11T10:56:35Z</time>
        <extensions>
          <ns3:TrackPointExtension></ns3:TrackPointExtension>
        </extensions>
      </trkpt>
      <trkpt lat="51.95424931123853" lon="0.42279576882719994">
        <ele>68.0</ele>
        <time>2024-05-11T10:56:39Z</time>
        <extensions>
          <ns3:TrackPointExtension></ns3:TrackPointExtension>
        </extensions>
      </trkpt>
      <trkpt lat="51.95415711030364" lon="0.42305233888328075">
        <ele>68.0</ele>
        <time>2024-05-11T10:56:41Z</time>
        <extensions>
          <ns3:TrackPointExtension></ns3:TrackPointExtension>
        </extensions>
      </trkpt>
      <trkpt lat="51.953848572447896" lon="0.4233052209019661">
        <ele>68.0</ele>
        <time>2024-05-11T10:56:45Z</time>
        <extensions>
          <ns3:TrackPointExtension></ns3:TrackPointExtension>
        </extensions>
      </trkpt>
      <trkpt lat="51.95307433605194" lon="0.42369967326521873">
        <ele>70.4000015258789</ele>
        <time>2024-05-11T10:56:56Z</time>
        <extensions>
          <ns3:TrackPointExtension></ns3:TrackPointExtension>
        </extensions>
      </trkpt>
      <trkpt lat="51.952741323038936" lon="0.42398717254400253">
        <ele>70.19999694824219</ele>
        <time>2024-05-11T10:57:02Z</time>
        <extensions>
          <ns3:TrackPointExtension></ns3:TrackPointExtension>
        </extensions>
      </trkpt>
      <trkpt lat="51.95239691063762" lon="0.4244633484631777">
        <ele>70.4000015258789</ele>
        <time>2024-05-11T10:57:10Z</time>
        <extensions>
          <ns3:TrackPointExtension></ns3:TrackPointExtension>
        </extensions>
      </trkpt>
      <trkpt lat="51.952195912599564" lon="0.4249126184731722">
        <ele>71.80000305175781</ele>
        <time>2024-05-11T10:57:16Z</time>
        <extensions>
          <ns3:TrackPointExtension></ns3:TrackPointExtension>
        </extensions>
      </trkpt>
      <trkpt lat="51.9519092515111" lon="0.42613386176526546">
        <ele>71.4000015258789</ele>
        <time>2024-05-11T10:57:30Z</time>
        <extensions>
          <ns3:TrackPointExtension></ns3:TrackPointExtension>
        </extensions>
      </trkpt>
      <trkpt lat="51.95114507339895" lon="0.42807544581592083">
        <ele>67.19999694824219</ele>
        <time>2024-05-11T10:57:51Z</time>
        <extensions>
          <ns3:TrackPointExtension></ns3:TrackPointExtension>
        </extensions>
      </trkpt>
      <trkpt lat="51.95020227693021" lon="0.42990404181182384">
        <ele>64.0</ele>
        <time>2024-05-11T10:58:12Z</time>
        <extensions>
          <ns3:TrackPointExtension></ns3:TrackPointExtension>
        </extensions>
      </trkpt>
      <trkpt lat="51.949536334723234" lon="0.4307979717850685">
        <ele>68.19999694824219</ele>
        <time>2024-05-11T10:58:24Z</time>
        <extensions>
          <ns3:TrackPointExtension></ns3:TrackPointExtension>
        </extensions>
      </trkpt>
      <trkpt lat="51.94941630586982" lon="0.4310936015099287">
        <ele>71.19999694824219</ele>
        <time>2024-05-11T10:58:28Z</time>
        <extensions>
          <ns3:TrackPointExtension></ns3:TrackPointExtension>
        </extensions>
      </trkpt>
      <trkpt lat="51.94933332502842" lon="0.43140540830790997">
        <ele>72.5999984741211</ele>
        <time>2024-05-11T10:58:33Z</time>
        <extensions>
          <ns3:TrackPointExtension></ns3:TrackPointExtension>
        </extensions>
      </trkpt>
      <trkpt lat="51.94926635362208" lon="0.4323956463485956">
        <ele>72.5999984741211</ele>
        <time>2024-05-11T10:58:45Z</time>
        <extensions>
          <ns3:TrackPointExtension></ns3:TrackPointExtension>
        </extensions>
      </trkpt>
      <trkpt lat="51.948833260685205" lon="0.4337831027805805">
        <ele>76.4000015258789</ele>
        <time>2024-05-11T10:59:03Z</time>
        <extensions>
          <ns3:TrackPointExtension></ns3:TrackPointExtension>
        </extensions>
      </trkpt>
      <trkpt lat="51.948690013960004" lon="0.43403154239058495">
        <ele>77.19999694824219</ele>
        <time>2024-05-11T10:59:07Z</time>
        <extensions>
          <ns3:TrackPointExtension></ns3:TrackPointExtension>
        </extensions>
      </trkpt>
      <trkpt lat="51.94784880615771" lon="0.43481893837451935">
        <ele>78.19999694824219</ele>
        <time>2024-05-11T10:59:29Z</time>
        <extensions>
          <ns3:TrackPointExtension></ns3:TrackPointExtension>
        </extensions>
      </trkpt>
      <trkpt lat="51.94756985642016" lon="0.4353110399097204">
        <ele>76.80000305175781</ele>
        <time>2024-05-11T10:59:38Z</time>
        <extensions>
          <ns3:TrackPointExtension></ns3:TrackPointExtension>
        </extensions>
      </trkpt>
      <trkpt lat="51.94763003848493" lon="0.43547356501221657">
        <ele>76.19999694824219</ele>
        <time>2024-05-11T10:59:42Z</time>
        <extensions>
          <ns3:TrackPointExtension></ns3:TrackPointExtension>
        </extensions>
      </trkpt>
      <trkpt lat="51.94806640036404" lon="0.436273030936718">
        <ele>73.0</ele>
        <time>2024-05-11T10:59:55Z</time>
        <extensions>
          <ns3:TrackPointExtension></ns3:TrackPointExtension>
        </extensions>
      </trkpt>
      <trkpt lat="51.94815080612898" lon="0.43651845306158066">
        <ele>72.4000015258789</ele>
        <time>2024-05-11T10:59:58Z</time>
        <extensions>
          <ns3:TrackPointExtension></ns3:TrackPointExtension>
        </extensions>
      </trkpt>
      <trkpt lat="51.948202857747674" lon="0.4371421504765749">
        <ele>70.19999694824219</ele>
        <time>2024-05-11T11:00:04Z</time>
        <extensions>
          <ns3:TrackPointExtension></ns3:TrackPointExtension>
        </extensions>
      </trkpt>
      <trkpt lat="51.94821065291762" lon="0.4382420238107443">
        <ele>66.19999694824219</ele>
        <time>2024-05-11T11:00:13Z</time>
        <extensions>
          <ns3:TrackPointExtension></ns3:TrackPointExtension>
        </extensions>
      </trkpt>
      <trkpt lat="51.948177460581064" lon="0.43896052055060863">
        <ele>64.5999984741211</ele>
        <time>2024-05-11T11:00:18Z</time>
        <extensions>
          <ns3:TrackPointExtension></ns3:TrackPointExtension>
        </extensions>
      </trkpt>
      <trkpt lat="51.94806187413633" lon="0.439928462728858">
        <ele>65.19999694824219</ele>
        <time>2024-05-11T11:00:27Z</time>
        <extensions>
          <ns3:TrackPointExtension></ns3:TrackPointExtension>
        </extensions>
      </trkpt>
      <trkpt lat="51.94799750111997" lon="0.4402150399982929">
        <ele>66.19999694824219</ele>
        <time>2024-05-11T11:00:31Z</time>
        <extensions>
          <ns3:TrackPointExtension></ns3:TrackPointExtension>
        </extensions>
      </trkpt>
      <trkpt lat="51.94791276007891" lon="0.4403781518340111">
        <ele>67.0</ele>
        <time>2024-05-11T11:00:34Z</time>
        <extensions>
          <ns3:TrackPointExtension></ns3:TrackPointExtension>
        </extensions>
      </trkpt>
      <trkpt lat="51.94777747616172" lon="0.44057789258658886">
        <ele>67.4000015258789</ele>
        <time>2024-05-11T11:00:38Z</time>
        <extensions>
          <ns3:TrackPointExtension></ns3:TrackPointExtension>
        </extensions>
      </trkpt>
      <trkpt lat="51.94744236767292" lon="0.44088819064199924">
        <ele>69.4000015258789</ele>
        <time>2024-05-11T11:00:46Z</time>
        <extensions>
          <ns3:TrackPointExtension></ns3:TrackPointExtension>
        </extensions>
      </trkpt>
      <trkpt lat="51.946947081014514" lon="0.4411320202052593">
        <ele>71.80000305175781</ele>
        <time>2024-05-11T11:00:58Z</time>
        <extensions>
          <ns3:TrackPointExtension></ns3:TrackPointExtension>
        </extensions>
      </trkpt>
      <trkpt lat="51.94676016457379" lon="0.4411372169852257">
        <ele>73.0</ele>
        <time>2024-05-11T11:01:03Z</time>
        <extensions>
          <ns3:TrackPointExtension></ns3:TrackPointExtension>
        </extensions>
      </trkpt>
      <trkpt lat="51.945936139672995" lon="0.44076799415051937">
        <ele>76.19999694824219</ele>
        <time>2024-05-11T11:01:24Z</time>
        <extensions>
          <ns3:TrackPointExtension></ns3:TrackPointExtension>
        </extensions>
      </trkpt>
      <trkpt lat="51.94523608312011" lon="0.4402861185371876">
        <ele>78.0</ele>
        <time>2024-05-11T11:01:49Z</time>
        <extensions>
          <ns3:TrackPointExtension></ns3:TrackPointExtension>
        </extensions>
      </trkpt>
      <trkpt lat="51.94356464780867" lon="0.43948221020400524">
        <ele>79.80000305175781</ele>
        <time>2024-05-11T11:02:28Z</time>
        <extensions>
          <ns3:TrackPointExtension></ns3:TrackPointExtension>
        </extensions>
      </trkpt>
      <trkpt lat="51.94300037808716" lon="0.43922086246311665">
        <ele>80.5999984741211</ele>
        <time>2024-05-11T11:02:40Z</time>
        <extensions>
          <ns3:TrackPointExtension></ns3:TrackPointExtension>
        </extensions>
      </trkpt>
      <trkpt lat="51.94252579472959" lon="0.43915607035160065">
        <ele>82.4000015258789</ele>
        <time>2024-05-11T11:02:50Z</time>
        <extensions>
          <ns3:TrackPointExtension></ns3:TrackPointExtension>
        </extensions>
      </trkpt>
      <trkpt lat="51.94212857633829" lon="0.43933033011853695">
        <ele>83.5999984741211</ele>
        <time>2024-05-11T11:02:59Z</time>
        <extensions>
          <ns3:TrackPointExtension></ns3:TrackPointExtension>
        </extensions>
      </trkpt>
      <trkpt lat="51.940605249255896" lon="0.4407360590994358">
        <ele>88.0</ele>
        <time>2024-05-11T11:03:36Z</time>
        <extensions>
          <ns3:TrackPointExtension></ns3:TrackPointExtension>
        </extensions>
      </trkpt>
      <trkpt lat="51.94036209024489" lon="0.44108483009040356">
        <ele>88.0</ele>
        <time>2024-05-11T11:03:43Z</time>
        <extensions>
          <ns3:TrackPointExtension></ns3:TrackPointExtension>
        </extensions>
      </trkpt>
      <trkpt lat="51.93996671587229" lon="0.44217816554009914">
        <ele>86.19999694824219</ele>
        <time>2024-05-11T11:03:56Z</time>
        <extensions>
          <ns3:TrackPointExtension></ns3:TrackPointExtension>
        </extensions>
      </trkpt>
      <trkpt lat="51.93912249058485" lon="0.4447911400347948">
        <ele>85.4000015258789</ele>
        <time>2024-05-11T11:04:20Z</time>
        <extensions>
          <ns3:TrackPointExtension></ns3:TrackPointExtension>
        </extensions>
      </trkpt>
      <trkpt lat="51.93886290304363" lon="0.44540184549987316">
        <ele>85.0</ele>
        <time>2024-05-11T11:04:26Z</time>
        <extensions>
          <ns3:TrackPointExtension></ns3:TrackPointExtension>
        </extensions>
      </trkpt>
      <trkpt lat="51.93861429579556" lon="0.4455860797315836">
        <ele>83.4000015258789</ele>
        <time>2024-05-11T11:04:29Z</time>
        <extensions>
          <ns3:TrackPointExtension></ns3:TrackPointExtension>
        </extensions>
      </trkpt>
      <trkpt lat="51.93808254785836" lon="0.44561021961271763">
        <ele>83.80000305175781</ele>
        <time>2024-05-11T11:04:35Z</time>
        <extensions>
          <ns3:TrackPointExtension></ns3:TrackPointExtension>
        </extensions>
      </trkpt>
      <trkpt lat="51.93714687600732" lon="0.44573938474059105">
        <ele>83.19999694824219</ele>
        <time>2024-05-11T11:04:47Z</time>
        <extensions>
          <ns3:TrackPointExtension></ns3:TrackPointExtension>
        </extensions>
      </trkpt>
      <trkpt lat="51.93594356998801" lon="0.44603518210351467">
        <ele>81.80000305175781</ele>
        <time>2024-05-11T11:05:02Z</time>
        <extensions>
          <ns3:TrackPointExtension></ns3:TrackPointExtension>
        </extensions>
      </trkpt>
      <trkpt lat="51.93553042598069" lon="0.4463553708046675">
        <ele>82.0</ele>
        <time>2024-05-11T11:05:08Z</time>
        <extensions>
          <ns3:TrackPointExtension></ns3:TrackPointExtension>
        </extensions>
      </trkpt>
      <trkpt lat="51.93487538024783" lon="0.44714142568409443">
        <ele>82.0</ele>
        <time>2024-05-11T11:05:20Z</time>
        <extensions>
          <ns3:TrackPointExtension></ns3:TrackPointExtension>
        </extensions>
      </trkpt>
      <trkpt lat="51.93440632894635" lon="0.4477855749428272">
        <ele>84.0</ele>
        <time>2024-05-11T11:05:30Z</time>
        <extensions>
          <ns3:TrackPointExtension></ns3:TrackPointExtension>
        </extensions>
      </trkpt>
      <trkpt lat="51.933559169992805" lon="0.44925316236913204">
        <ele>86.0</ele>
        <time>2024-05-11T11:05:50Z</time>
        <extensions>
          <ns3:TrackPointExtension></ns3:TrackPointExtension>
        </extensions>
      </trkpt>
      <trkpt lat="51.93343469873071" lon="0.4495508037507534">
        <ele>86.0</ele>
        <time>2024-05-11T11:05:53Z</time>
        <extensions>
          <ns3:TrackPointExtension></ns3:TrackPointExtension>
        </extensions>
      </trkpt>
      <trkpt lat="51.93241361528635" lon="0.45146120712161064">
        <ele>83.80000305175781</ele>
        <time>2024-05-11T11:06:14Z</time>
        <extensions>
          <ns3:TrackPointExtension></ns3:TrackPointExtension>
        </extensions>
      </trkpt>
      <trkpt lat="51.93193735554814" lon="0.45253350399434566">
        <ele>83.0</ele>
        <time>2024-05-11T11:06:26Z</time>
        <extensions>
          <ns3:TrackPointExtension></ns3:TrackPointExtension>
        </extensions>
      </trkpt>
      <trkpt lat="51.93059817887843" lon="0.45534529723227024">
        <ele>79.19999694824219</ele>
        <time>2024-05-11T11:06:56Z</time>
        <extensions>
          <ns3:TrackPointExtension></ns3:TrackPointExtension>
        </extensions>
      </trkpt>
      <trkpt lat="51.92976853810251" lon="0.45695009641349316">
        <ele>82.0</ele>
        <time>2024-05-11T11:07:14Z</time>
        <extensions>
          <ns3:TrackPointExtension></ns3:TrackPointExtension>
        </extensions>
      </trkpt>
      <trkpt lat="51.92910175770521" lon="0.4584792908281088">
        <ele>82.19999694824219</ele>
        <time>2024-05-11T11:07:34Z</time>
        <extensions>
          <ns3:TrackPointExtension></ns3:TrackPointExtension>
        </extensions>
      </trkpt>
      <trkpt lat="51.928107496351004" lon="0.4610973782837391">
        <ele>88.80000305175781</ele>
        <time>2024-05-11T11:08:10Z</time>
        <extensions>
          <ns3:TrackPointExtension></ns3:TrackPointExtension>
        </extensions>
      </trkpt>
      <trkpt lat="51.927713295444846" lon="0.4617983568459749">
        <ele>89.0</ele>
        <time>2024-05-11T11:08:20Z</time>
        <extensions>
          <ns3:TrackPointExtension></ns3:TrackPointExtension>
        </extensions>
      </trkpt>
      <trkpt lat="51.927336947992444" lon="0.4626416601240635">
        <ele>86.0</ele>
        <time>2024-05-11T11:08:29Z</time>
        <extensions>
          <ns3:TrackPointExtension></ns3:TrackPointExtension>
        </extensions>
      </trkpt>
      <trkpt lat="51.92720677703619" lon="0.4629020020365715">
        <ele>85.0</ele>
        <time>2024-05-11T11:08:32Z</time>
        <extensions>
          <ns3:TrackPointExtension></ns3:TrackPointExtension>
        </extensions>
      </trkpt>
      <trkpt lat="51.927037043496966" lon="0.46312831342220306">
        <ele>84.0</ele>
        <time>2024-05-11T11:08:35Z</time>
        <extensions>
          <ns3:TrackPointExtension></ns3:TrackPointExtension>
        </extensions>
      </trkpt>
      <trkpt lat="51.92682431079447" lon="0.4633638449013233">
        <ele>81.80000305175781</ele>
        <time>2024-05-11T11:08:38Z</time>
        <extensions>
          <ns3:TrackPointExtension></ns3:TrackPointExtension>
        </extensions>
      </trkpt>
      <trkpt lat="51.92648886702955" lon="0.46363474801182747">
        <ele>80.5999984741211</ele>
        <time>2024-05-11T11:08:42Z</time>
        <extensions>
          <ns3:TrackPointExtension></ns3:TrackPointExtension>
        </extensions>
      </trkpt>
      <trkpt lat="51.925995675846934" lon="0.46390573494136333">
        <ele>79.80000305175781</ele>
        <time>2024-05-11T11:08:48Z</time>
        <extensions>
          <ns3:TrackPointExtension></ns3:TrackPointExtension>
        </extensions>
      </trkpt>
      <trkpt lat="51.92552536725998" lon="0.46406851150095463">
        <ele>82.0</ele>
        <time>2024-05-11T11:08:54Z</time>
        <extensions>
          <ns3:TrackPointExtension></ns3:TrackPointExtension>
        </extensions>
      </trkpt>
      <trkpt lat="51.92457393743098" lon="0.464289290830493">
        <ele>80.0</ele>
        <time>2024-05-11T11:09:09Z</time>
        <extensions>
          <ns3:TrackPointExtension></ns3:TrackPointExtension>
        </extensions>
      </trkpt>
      <trkpt lat="51.92331246100366" lon="0.4644316155463457">
        <ele>82.4000015258789</ele>
        <time>2024-05-11T11:09:27Z</time>
        <extensions>
          <ns3:TrackPointExtension></ns3:TrackPointExtension>
        </extensions>
      </trkpt>
      <trkpt lat="51.92285078577697" lon="0.46454502269625664">
        <ele>81.19999694824219</ele>
        <time>2024-05-11T11:09:33Z</time>
        <extensions>
          <ns3:TrackPointExtension></ns3:TrackPointExtension>
        </extensions>
      </trkpt>
      <trkpt lat="51.922004548832774" lon="0.4648449271917343">
        <ele>79.0</ele>
        <time>2024-05-11T11:09:45Z</time>
        <extensions>
          <ns3:TrackPointExtension></ns3:TrackPointExtension>
        </extensions>
      </trkpt>
      <trkpt lat="51.92164035513997" lon="0.4648346174508333">
        <ele>80.0</ele>
        <time>2024-05-11T11:09:51Z</time>
        <extensions>
          <ns3:TrackPointExtension></ns3:TrackPointExtension>
        </extensions>
      </trkpt>
      <trkpt lat="51.92128764465451" lon="0.46471877954900265">
        <ele>80.80000305175781</ele>
        <time>2024-05-11T11:09:57Z</time>
        <extensions>
          <ns3:TrackPointExtension></ns3:TrackPointExtension>
        </extensions>
      </trkpt>
      <trkpt lat="51.92048046737909" lon="0.4641887918114662">
        <ele>82.0</ele>
        <time>2024-05-11T11:10:11Z</time>
        <extensions>
          <ns3:TrackPointExtension></ns3:TrackPointExtension>
        </extensions>
      </trkpt>
      <trkpt lat="51.92017653957009" lon="0.4641369916498661">
        <ele>82.0</ele>
        <time>2024-05-11T11:10:16Z</time>
        <extensions>
          <ns3:TrackPointExtension></ns3:TrackPointExtension>
        </extensions>
      </trkpt>
      <trkpt lat="51.91998794674873" lon="0.4641902167350054">
        <ele>81.80000305175781</ele>
        <time>2024-05-11T11:10:19Z</time>
        <extensions>
          <ns3:TrackPointExtension></ns3:TrackPointExtension>
        </extensions>
      </trkpt>
      <trkpt lat="51.919591315090656" lon="0.46447092667222023">
        <ele>82.0</ele>
        <time>2024-05-11T11:10:25Z</time>
        <extensions>
          <ns3:TrackPointExtension></ns3:TrackPointExtension>
        </extensions>
      </trkpt>
      <trkpt lat="51.919393418356776" lon="0.4647156782448292">
        <ele>82.0</ele>
        <time>2024-05-11T11:10:28Z</time>
        <extensions>
          <ns3:TrackPointExtension></ns3:TrackPointExtension>
        </extensions>
      </trkpt>
      <trkpt lat="51.919043473899364" lon="0.4652636870741844">
        <ele>81.0</ele>
        <time>2024-05-11T11:10:34Z</time>
        <extensions>
          <ns3:TrackPointExtension></ns3:TrackPointExtension>
        </extensions>
      </trkpt>
      <trkpt lat="51.91812171600759" lon="0.46639373525977135">
        <ele>79.0</ele>
        <time>2024-05-11T11:10:49Z</time>
        <extensions>
          <ns3:TrackPointExtension></ns3:TrackPointExtension>
        </extensions>
      </trkpt>
      <trkpt lat="51.917726593092084" lon="0.4667620360851288">
        <ele>78.5999984741211</ele>
        <time>2024-05-11T11:10:55Z</time>
        <extensions>
          <ns3:TrackPointExtension></ns3:TrackPointExtension>
        </extensions>
      </trkpt>
      <trkpt lat="51.91689485684037" lon="0.4672864079475403">
        <ele>81.0</ele>
        <time>2024-05-11T11:11:07Z</time>
        <extensions>
          <ns3:TrackPointExtension></ns3:TrackPointExtension>
        </extensions>
      </trkpt>
      <trkpt lat="51.916509540751576" lon="0.4674373660236597">
        <ele>82.0</ele>
        <time>2024-05-11T11:11:13Z</time>
        <extensions>
          <ns3:TrackPointExtension></ns3:TrackPointExtension>
        </extensions>
      </trkpt>
      <trkpt lat="51.91557797603309" lon="0.46744784340262413">
        <ele>84.0</ele>
        <time>2024-05-11T11:11:28Z</time>
        <extensions>
          <ns3:TrackPointExtension></ns3:TrackPointExtension>
        </extensions>
      </trkpt>
      <trkpt lat="51.91539474762976" lon="0.4674041736871004">
        <ele>84.0</ele>
        <time>2024-05-11T11:11:31Z</time>
        <extensions>
          <ns3:TrackPointExtension></ns3:TrackPointExtension>
        </extensions>
      </trkpt>
      <trkpt lat="51.91480306908488" lon="0.46705858781933784">
        <ele>84.0</ele>
        <time>2024-05-11T11:11:42Z</time>
        <extensions>
          <ns3:TrackPointExtension></ns3:TrackPointExtension>
        </extensions>
      </trkpt>
      <trkpt lat="51.914424039423466" lon="0.4669319372624159">
        <ele>83.5999984741211</ele>
        <time>2024-05-11T11:11:48Z</time>
        <extensions>
          <ns3:TrackPointExtension></ns3:TrackPointExtension>
        </extensions>
      </trkpt>
      <trkpt lat="51.914228992536664" lon="0.4669155925512314">
        <ele>83.0</ele>
        <time>2024-05-11T11:11:51Z</time>
        <extensions>
          <ns3:TrackPointExtension></ns3:TrackPointExtension>
        </extensions>
      </trkpt>
      <trkpt lat="51.91378952935338" lon="0.46701081097126007">
        <ele>82.19999694824219</ele>
        <time>2024-05-11T11:11:58Z</time>
        <extensions>
          <ns3:TrackPointExtension></ns3:TrackPointExtension>
        </extensions>
      </trkpt>
      <trkpt lat="51.91320748999715" lon="0.46721281483769417">
        <ele>82.0</ele>
        <time>2024-05-11T11:12:07Z</time>
        <extensions>
          <ns3:TrackPointExtension></ns3:TrackPointExtension>
        </extensions>
      </trkpt>
      <trkpt lat="51.91263718530536" lon="0.46755362302064896">
        <ele>82.0</ele>
        <time>2024-05-11T11:12:16Z</time>
        <extensions>
          <ns3:TrackPointExtension></ns3:TrackPointExtension>
        </extensions>
      </trkpt>
      <trkpt lat="51.912458734586835" lon="0.46774473041296005">
        <ele>81.4000015258789</ele>
        <time>2024-05-11T11:12:19Z</time>
        <extensions>
          <ns3:TrackPointExtension></ns3:TrackPointExtension>
        </extensions>
      </trkpt>
      <trkpt lat="51.911549465730786" lon="0.4689979087561369">
        <ele>77.5999984741211</ele>
        <time>2024-05-11T11:12:34Z</time>
        <extensions>
          <ns3:TrackPointExtension></ns3:TrackPointExtension>
        </extensions>
      </trkpt>
      <trkpt lat="51.91134301945567" lon="0.4692282434552908">
        <ele>77.0</ele>
        <time>2024-05-11T11:12:37Z</time>
        <extensions>
          <ns3:TrackPointExtension></ns3:TrackPointExtension>
        </extensions>
      </trkpt>
      <trkpt lat="51.911193151026964" lon="0.4693274851888418">
        <ele>76.19999694824219</ele>
        <time>2024-05-11T11:12:39Z</time>
        <extensions>
          <ns3:TrackPointExtension></ns3:TrackPointExtension>
        </extensions>
      </trkpt>
      <trkpt lat="51.91096365451813" lon="0.46937601640820503">
        <ele>76.0</ele>
        <time>2024-05-11T11:12:42Z</time>
        <extensions>
          <ns3:TrackPointExtension></ns3:TrackPointExtension>
        </extensions>
      </trkpt>
      <trkpt lat="51.91000023856759" lon="0.46902104280889034">
        <ele>75.5999984741211</ele>
        <time>2024-05-11T11:12:54Z</time>
        <extensions>
          <ns3:TrackPointExtension></ns3:TrackPointExtension>
        </extensions>
      </trkpt>
      <trkpt lat="51.90973092801869" lon="0.4690028540790081">
        <ele>75.0</ele>
        <time>2024-05-11T11:12:57Z</time>
        <extensions>
          <ns3:TrackPointExtension></ns3:TrackPointExtension>
        </extensions>
      </trkpt>
      <trkpt lat="51.909480560570955" lon="0.4690807219594717">
        <ele>74.19999694824219</ele>
        <time>2024-05-11T11:13:00Z</time>
        <extensions>
          <ns3:TrackPointExtension></ns3:TrackPointExtension>
        </extensions>
      </trkpt>
      <trkpt lat="51.90925248898566" lon="0.46921701170504093">
        <ele>75.19999694824219</ele>
        <time>2024-05-11T11:13:03Z</time>
        <extensions>
          <ns3:TrackPointExtension></ns3:TrackPointExtension>
        </extensions>
      </trkpt>
      <trkpt lat="51.90851622261107" lon="0.4698516055941582">
        <ele>79.0</ele>
        <time>2024-05-11T11:13:17Z</time>
        <extensions>
          <ns3:TrackPointExtension></ns3:TrackPointExtension>
        </extensions>
      </trkpt>
      <trkpt lat="51.908328384160995" lon="0.4699077643454075">
        <ele>79.0</ele>
        <time>2024-05-11T11:13:21Z</time>
        <extensions>
          <ns3:TrackPointExtension></ns3:TrackPointExtension>
        </extensions>
      </trkpt>
      <trkpt lat="51.90814699977636" lon="0.46985537745058537">
        <ele>79.0</ele>
        <time>2024-05-11T11:13:25Z</time>
        <extensions>
          <ns3:TrackPointExtension></ns3:TrackPointExtension>
        </extensions>
      </trkpt>
      <trkpt lat="51.90754140727222" lon="0.4694949556142092">
        <ele>81.19999694824219</ele>
        <time>2024-05-11T11:13:40Z</time>
        <extensions>
          <ns3:TrackPointExtension></ns3:TrackPointExtension>
        </extensions>
      </trkpt>
      <trkpt lat="51.907360944896936" lon="0.4694238770753145">
        <ele>82.0</ele>
        <time>2024-05-11T11:13:44Z</time>
        <extensions>
          <ns3:TrackPointExtension></ns3:TrackPointExtension>
        </extensions>
      </trkpt>
      <trkpt lat="51.907225074246526" lon="0.4694297444075346">
        <ele>83.19999694824219</ele>
        <time>2024-05-11T11:13:47Z</time>
        <extensions>
          <ns3:TrackPointExtension></ns3:TrackPointExtension>
        </extensions>
      </trkpt>
      <trkpt lat="51.9068259280175" lon="0.4697172436863184">
        <ele>85.5999984741211</ele>
        <time>2024-05-11T11:13:57Z</time>
        <extensions>
          <ns3:TrackPointExtension></ns3:TrackPointExtension>
        </extensions>
      </trkpt>
      <trkpt lat="51.90626475960016" lon="0.47053758054971695">
        <ele>87.80000305175781</ele>
        <time>2024-05-11T11:14:14Z</time>
        <extensions>
          <ns3:TrackPointExtension></ns3:TrackPointExtension>
        </extensions>
      </trkpt>
      <trkpt lat="51.90589972771704" lon="0.4708619602024555">
        <ele>85.80000305175781</ele>
        <time>2024-05-11T11:14:23Z</time>
        <extensions>
          <ns3:TrackPointExtension></ns3:TrackPointExtension>
        </extensions>
      </trkpt>
      <trkpt lat="51.905467389151454" lon="0.4709877725690603">
        <ele>86.19999694824219</ele>
        <time>2024-05-11T11:14:31Z</time>
        <extensions>
          <ns3:TrackPointExtension></ns3:TrackPointExtension>
        </extensions>
      </trkpt>
      <trkpt lat="51.90444563515484" lon="0.47104284167289734">
        <ele>85.4000015258789</ele>
        <time>2024-05-11T11:14:49Z</time>
        <extensions>
          <ns3:TrackPointExtension></ns3:TrackPointExtension>
        </extensions>
      </trkpt>
      <trkpt lat="51.90362513065338" lon="0.47122472897171974">
        <ele>87.4000015258789</ele>
        <time>2024-05-11T11:15:04Z</time>
        <extensions>
          <ns3:TrackPointExtension></ns3:TrackPointExtension>
        </extensions>
      </trkpt>
      <trkpt lat="51.90342321060598" lon="0.4713095538318157">
        <ele>87.4000015258789</ele>
        <time>2024-05-11T11:15:08Z</time>
        <extensions>
          <ns3:TrackPointExtension></ns3:TrackPointExtension>
        </extensions>
      </trkpt>
      <trkpt lat="51.9030075520277" lon="0.4715796187520027">
        <ele>88.4000015258789</ele>
        <time>2024-05-11T11:15:16Z</time>
        <extensions>
          <ns3:TrackPointExtension></ns3:TrackPointExtension>
        </extensions>
      </trkpt>
      <trkpt lat="51.90243003889918" lon="0.4720140527933836">
        <ele>89.5999984741211</ele>
        <time>2024-05-11T11:15:28Z</time>
        <extensions>
          <ns3:TrackPointExtension></ns3:TrackPointExtension>
        </extensions>
      </trkpt>
      <trkpt lat="51.90226558595896" lon="0.47219392843544483">
        <ele>90.0</ele>
        <time>2024-05-11T11:15:32Z</time>
        <extensions>
          <ns3:TrackPointExtension></ns3:TrackPointExtension>
        </extensions>
      </trkpt>
      <trkpt lat="51.90230917185545" lon="0.47250506468117237">
        <ele>90.0</ele>
        <time>2024-05-11T11:15:37Z</time>
        <extensions>
          <ns3:TrackPointExtension></ns3:TrackPointExtension>
        </extensions>
      </trkpt>
      <trkpt lat="51.902488209307194" lon="0.4728280194103718">
        <ele>89.19999694824219</ele>
        <time>2024-05-11T11:17:22Z</time>
        <extensions>
          <ns3:TrackPointExtension></ns3:TrackPointExtension>
        </extensions>
      </trkpt>
      <trkpt lat="51.902580158784986" lon="0.47311384230852127">
        <ele>87.80000305175781</ele>
        <time>2024-05-11T11:17:28Z</time>
        <extensions>
          <ns3:TrackPointExtension></ns3:TrackPointExtension>
        </extensions>
      </trkpt>
      <trkpt lat="51.90259164199233" lon="0.4732418339699507">
        <ele>87.4000015258789</ele>
        <time>2024-05-11T11:17:30Z</time>
        <extensions>
          <ns3:TrackPointExtension></ns3:TrackPointExtension>
        </extensions>
      </trkpt>
      <trkpt lat="51.90255015157163" lon="0.473515335470438">
        <ele>87.4000015258789</ele>
        <time>2024-05-11T11:17:34Z</time>
        <extensions>
          <ns3:TrackPointExtension></ns3:TrackPointExtension>
        </extensions>
      </trkpt>
      <trkpt lat="51.9023550208658" lon="0.4740930162370205">
        <ele>87.80000305175781</ele>
        <time>2024-05-11T11:17:41Z</time>
        <extensions>
          <ns3:TrackPointExtension></ns3:TrackPointExtension>
        </extensions>
      </trkpt>
      <trkpt lat="51.90201840363443" lon="0.47460724599659443">
        <ele>88.5999984741211</ele>
        <time>2024-05-11T11:17:49Z</time>
        <extensions>
          <ns3:TrackPointExtension></ns3:TrackPointExtension>
        </extensions>
      </trkpt>
      <trkpt lat="51.90195679664612" lon="0.4747801646590233">
        <ele>87.80000305175781</ele>
        <time>2024-05-11T11:17:51Z</time>
        <extensions>
          <ns3:TrackPointExtension></ns3:TrackPointExtension>
        </extensions>
      </trkpt>
      <trkpt lat="51.9016726501286" lon="0.4758109711110592">
        <ele>83.19999694824219</ele>
        <time>2024-05-11T11:18:00Z</time>
        <extensions>
          <ns3:TrackPointExtension></ns3:TrackPointExtension>
        </extensions>
      </trkpt>
      <trkpt lat="51.90167851746082" lon="0.47616636380553246">
        <ele>82.5999984741211</ele>
        <time>2024-05-11T11:18:03Z</time>
        <extensions>
          <ns3:TrackPointExtension></ns3:TrackPointExtension>
        </extensions>
      </trkpt>
      <trkpt lat="51.9023048132658" lon="0.47875394113361835">
        <ele>80.0</ele>
        <time>2024-05-11T11:18:25Z</time>
        <extensions>
          <ns3:TrackPointExtension></ns3:TrackPointExtension>
        </extensions>
      </trkpt>
      <trkpt lat="51.902628522366285" lon="0.4797391500324011">
        <ele>80.0</ele>
        <time>2024-05-11T11:18:34Z</time>
        <extensions>
          <ns3:TrackPointExtension></ns3:TrackPointExtension>
        </extensions>
      </trkpt>
      <trkpt lat="51.90281585790217" lon="0.4801622685045004">
        <ele>79.19999694824219</ele>
        <time>2024-05-11T11:18:38Z</time>
        <extensions>
          <ns3:TrackPointExtension></ns3:TrackPointExtension>
        </extensions>
      </trkpt>
      <trkpt lat="51.90366360358894" lon="0.48120539635419846">
        <ele>80.4000015258789</ele>
        <time>2024-05-11T11:18:54Z</time>
        <extensions>
          <ns3:TrackPointExtension></ns3:TrackPointExtension>
        </extensions>
      </trkpt>
      <trkpt lat="51.903870552778244" lon="0.4812055639922619">
        <ele>80.80000305175781</ele>
        <time>2024-05-11T11:18:58Z</time>
        <extensions>
          <ns3:TrackPointExtension></ns3:TrackPointExtension>
        </extensions>
      </trkpt>
      <trkpt lat="51.90507880412042" lon="0.4799467697739601">
        <ele>84.80000305175781</ele>
        <time>2024-05-11T11:19:25Z</time>
        <extensions>
          <ns3:TrackPointExtension></ns3:TrackPointExtension>
        </extensions>
      </trkpt>
      <trkpt lat="51.90541927702725" lon="0.4797479510307312">
        <ele>86.0</ele>
        <time>2024-05-11T11:19:32Z</time>
        <extensions>
          <ns3:TrackPointExtension></ns3:TrackPointExtension>
        </extensions>
      </trkpt>
      <trkpt lat="51.905652210116386" lon="0.4798035230487585">
        <ele>86.0</ele>
        <time>2024-05-11T11:19:36Z</time>
        <extensions>
          <ns3:TrackPointExtension></ns3:TrackPointExtension>
        </extensions>
      </trkpt>
      <trkpt lat="51.906378669664264" lon="0.48017827793955803">
        <ele>82.80000305175781</ele>
        <time>2024-05-11T11:19:48Z</time>
        <extensions>
          <ns3:TrackPointExtension></ns3:TrackPointExtension>
        </extensions>
      </trkpt>
      <trkpt lat="51.907063722610474" lon="0.48065914772450924">
        <ele>82.5999984741211</ele>
        <time>2024-05-11T11:20:00Z</time>
        <extensions>
          <ns3:TrackPointExtension></ns3:TrackPointExtension>
        </extensions>
      </trkpt>
      <trkpt lat="51.90794013440609" lon="0.4814382456243038">
        <ele>82.19999694824219</ele>
        <time>2024-05-11T11:20:17Z</time>
        <extensions>
          <ns3:TrackPointExtension></ns3:TrackPointExtension>
        </extensions>
      </trkpt>
      <trkpt lat="51.90802093595266" lon="0.48168844543397427">
        <ele>83.0</ele>
        <time>2024-05-11T11:20:22Z</time>
        <extensions>
          <ns3:TrackPointExtension></ns3:TrackPointExtension>
        </extensions>
      </trkpt>
      <trkpt lat="51.90791859291494" lon="0.4820344503968954">
        <ele>83.0</ele>
        <time>2024-05-11T11:20:27Z</time>
        <extensions>
          <ns3:TrackPointExtension></ns3:TrackPointExtension>
        </extensions>
      </trkpt>
      <trkpt lat="51.90701670013368" lon="0.4837496392428875">
        <ele>80.19999694824219</ele>
        <time>2024-05-11T11:20:49Z</time>
        <extensions>
          <ns3:TrackPointExtension></ns3:TrackPointExtension>
        </extensions>
      </trkpt>
      <trkpt lat="51.90679349005222" lon="0.4842876736074686">
        <ele>79.5999984741211</ele>
        <time>2024-05-11T11:20:55Z</time>
        <extensions>
          <ns3:TrackPointExtension></ns3:TrackPointExtension>
        </extensions>
      </trkpt>
      <trkpt lat="51.90675426274538" lon="0.48472143709659576">
        <ele>79.0</ele>
        <time>2024-05-11T11:20:59Z</time>
        <extensions>
          <ns3:TrackPointExtension></ns3:TrackPointExtension>
        </extensions>
      </trkpt>
      <trkpt lat="51.90678351558745" lon="0.4852513410151005">
        <ele>79.0</ele>
        <time>2024-05-11T11:21:04Z</time>
        <extensions>
          <ns3:TrackPointExtension></ns3:TrackPointExtension>
        </extensions>
      </trkpt>
      <trkpt lat="51.9067463837564" lon="0.4855846893042326">
        <ele>78.80000305175781</ele>
        <time>2024-05-11T11:21:07Z</time>
        <extensions>
          <ns3:TrackPointExtension></ns3:TrackPointExtension>
        </extensions>
      </trkpt>
      <trkpt lat="51.90662283450365" lon="0.4859980009496212">
        <ele>77.4000015258789</ele>
        <time>2024-05-11T11:21:11Z</time>
        <extensions>
          <ns3:TrackPointExtension></ns3:TrackPointExtension>
        </extensions>
      </trkpt>
      <trkpt lat="51.906323097646236" lon="0.48652807250618935">
        <ele>76.80000305175781</ele>
        <time>2024-05-11T11:21:17Z</time>
        <extensions>
          <ns3:TrackPointExtension></ns3:TrackPointExtension>
        </extensions>
      </trkpt>
      <trkpt lat="51.90593970939517" lon="0.4870587307959795">
        <ele>76.0</ele>
        <time>2024-05-11T11:21:23Z</time>
        <extensions>
          <ns3:TrackPointExtension></ns3:TrackPointExtension>
        </extensions>
      </trkpt>
      <trkpt lat="51.905733263120055" lon="0.48727297224104404">
        <ele>77.0</ele>
        <time>2024-05-11T11:21:26Z</time>
        <extensions>
          <ns3:TrackPointExtension></ns3:TrackPointExtension>
        </extensions>
      </trkpt>
      <trkpt lat="51.90544283017516" lon="0.4874235112220049">
        <ele>76.19999694824219</ele>
        <time>2024-05-11T11:21:30Z</time>
        <extensions>
          <ns3:TrackPointExtension></ns3:TrackPointExtension>
        </extensions>
      </trkpt>
      <trkpt lat="51.90514854155481" lon="0.4874665942043066">
        <ele>76.0</ele>
        <time>2024-05-11T11:21:34Z</time>
        <extensions>
          <ns3:TrackPointExtension></ns3:TrackPointExtension>
        </extensions>
      </trkpt>
      <trkpt lat="51.90494880080223" lon="0.48761176876723766">
        <ele>75.0</ele>
        <time>2024-05-11T11:21:37Z</time>
        <extensions>
          <ns3:TrackPointExtension></ns3:TrackPointExtension>
        </extensions>
      </trkpt>
      <trkpt lat="51.90432778559625" lon="0.48821501433849335">
        <ele>73.0</ele>
        <time>2024-05-11T11:21:46Z</time>
        <extensions>
          <ns3:TrackPointExtension></ns3:TrackPointExtension>
        </extensions>
      </trkpt>
      <trkpt lat="51.90335573628545" lon="0.4888851474970579">
        <ele>69.0</ele>
        <time>2024-05-11T11:21:59Z</time>
        <extensions>
          <ns3:TrackPointExtension></ns3:TrackPointExtension>
        </extensions>
      </trkpt>
      <trkpt lat="51.90312565304339" lon="0.4889701399952173">
        <ele>68.5999984741211</ele>
        <time>2024-05-11T11:22:02Z</time>
        <extensions>
          <ns3:TrackPointExtension></ns3:TrackPointExtension>
        </extensions>
      </trkpt>
      <trkpt lat="51.90216047689319" lon="0.4890392068773508">
        <ele>66.0</ele>
        <time>2024-05-11T11:22:14Z</time>
        <extensions>
          <ns3:TrackPointExtension></ns3:TrackPointExtension>
        </extensions>
      </trkpt>
      <trkpt lat="51.900938814505935" lon="0.48984806053340435">
        <ele>68.0</ele>
        <time>2024-05-11T11:22:31Z</time>
        <extensions>
          <ns3:TrackPointExtension></ns3:TrackPointExtension>
        </extensions>
      </trkpt>
      <trkpt lat="51.90070982091129" lon="0.48993414267897606">
        <ele>68.19999694824219</ele>
        <time>2024-05-11T11:22:35Z</time>
        <extensions>
          <ns3:TrackPointExtension></ns3:TrackPointExtension>
        </extensions>
      </trkpt>
      <trkpt lat="51.900257198140025" lon="0.4900290258228779">
        <ele>68.4000015258789</ele>
        <time>2024-05-11T11:22:43Z</time>
        <extensions>
          <ns3:TrackPointExtension></ns3:TrackPointExtension>
        </extensions>
      </trkpt>
      <trkpt lat="51.89917174167931" lon="0.4901280999183655">
        <ele>73.4000015258789</ele>
        <time>2024-05-11T11:23:03Z</time>
        <extensions>
          <ns3:TrackPointExtension></ns3:TrackPointExtension>
        </extensions>
      </trkpt>
      <trkpt lat="51.898769326508045" lon="0.4902294371277094">
        <ele>73.19999694824219</ele>
        <time>2024-05-11T11:23:10Z</time>
        <extensions>
          <ns3:TrackPointExtension></ns3:TrackPointExtension>
        </extensions>
      </trkpt>
      <trkpt lat="51.8981898855418" lon="0.4905632045120001">
        <ele>70.0</ele>
        <time>2024-05-11T11:23:20Z</time>
        <extensions>
          <ns3:TrackPointExtension></ns3:TrackPointExtension>
        </extensions>
      </trkpt>
      <trkpt lat="51.89746242016554" lon="0.4911399632692337">
        <ele>68.0</ele>
        <time>2024-05-11T11:23:32Z</time>
        <extensions>
          <ns3:TrackPointExtension></ns3:TrackPointExtension>
        </extensions>
      </trkpt>
      <trkpt lat="51.897144662216306" lon="0.4912952799350023">
        <ele>67.5999984741211</ele>
        <time>2024-05-11T11:23:36Z</time>
        <extensions>
          <ns3:TrackPointExtension></ns3:TrackPointExtension>
        </extensions>
      </trkpt>
      <trkpt lat="51.89657519571483" lon="0.4918215796351433">
        <ele>70.0</ele>
        <time>2024-05-11T11:23:46Z</time>
        <extensions>
          <ns3:TrackPointExtension></ns3:TrackPointExtension>
        </extensions>
      </trkpt>
      <trkpt lat="51.89591118134558" lon="0.49217856489121914">
        <ele>72.80000305175781</ele>
        <time>2024-05-11T11:23:58Z</time>
        <extensions>
          <ns3:TrackPointExtension></ns3:TrackPointExtension>
        </extensions>
      </trkpt>
      <trkpt lat="51.89484626054764" lon="0.4931096266955137">
        <ele>69.80000305175781</ele>
        <time>2024-05-11T11:24:17Z</time>
        <extensions>
          <ns3:TrackPointExtension></ns3:TrackPointExtension>
        </extensions>
      </trkpt>
      <trkpt lat="51.89400245435536" lon="0.4937270376831293">
        <ele>71.0</ele>
        <time>2024-05-11T11:24:32Z</time>
        <extensions>
          <ns3:TrackPointExtension></ns3:TrackPointExtension>
        </extensions>
      </trkpt>
      <trkpt lat="51.893768934533" lon="0.4941124375909567">
        <ele>69.5999984741211</ele>
        <time>2024-05-11T11:24:37Z</time>
        <extensions>
          <ns3:TrackPointExtension></ns3:TrackPointExtension>
        </extensions>
      </trkpt>
      <trkpt lat="51.8929710611701" lon="0.49563970416784286">
        <ele>66.5999984741211</ele>
        <time>2024-05-11T11:24:55Z</time>
        <extensions>
          <ns3:TrackPointExtension></ns3:TrackPointExtension>
        </extensions>
      </trkpt>
      <trkpt lat="51.89249756745994" lon="0.4963048081845045">
        <ele>66.19999694824219</ele>
        <time>2024-05-11T11:25:04Z</time>
        <extensions>
          <ns3:TrackPointExtension></ns3:TrackPointExtension>
        </extensions>
      </trkpt>
      <trkpt lat="51.891766246408224" lon="0.4968788009136915">
        <ele>65.19999694824219</ele>
        <time>2024-05-11T11:25:16Z</time>
        <extensions>
          <ns3:TrackPointExtension></ns3:TrackPointExtension>
        </extensions>
      </trkpt>
      <trkpt lat="51.890965439379215" lon="0.49760492518544197">
        <ele>61.20000076293945</ele>
        <time>2024-05-11T11:25:28Z</time>
        <extensions>
          <ns3:TrackPointExtension></ns3:TrackPointExtension>
        </extensions>
      </trkpt>
      <trkpt lat="51.89040418714285" lon="0.4980351682752371">
        <ele>60.20000076293945</ele>
        <time>2024-05-11T11:25:35Z</time>
        <extensions>
          <ns3:TrackPointExtension></ns3:TrackPointExtension>
        </extensions>
      </trkpt>
      <trkpt lat="51.88980177976191" lon="0.49862416461110115">
        <ele>59.20000076293945</ele>
        <time>2024-05-11T11:25:44Z</time>
        <extensions>
          <ns3:TrackPointExtension></ns3:TrackPointExtension>
        </extensions>
      </trkpt>
      <trkpt lat="51.88924488611519" lon="0.49928130581974983">
        <ele>61.20000076293945</ele>
        <time>2024-05-11T11:25:54Z</time>
        <extensions>
          <ns3:TrackPointExtension></ns3:TrackPointExtension>
        </extensions>
      </trkpt>
      <trkpt lat="51.88909870572388" lon="0.499391108751297">
        <ele>61.20000076293945</ele>
        <time>2024-05-11T11:25:57Z</time>
        <extensions>
          <ns3:TrackPointExtension></ns3:TrackPointExtension>
        </extensions>
      </trkpt>
      <trkpt lat="51.88886929303408" lon="0.49941642209887505">
        <ele>61.20000076293945</ele>
        <time>2024-05-11T11:26:01Z</time>
        <extensions>
          <ns3:TrackPointExtension></ns3:TrackPointExtension>
        </extensions>
      </trkpt>
      <trkpt lat="51.888695703819394" lon="0.4993099719285965">
        <ele>61.400001525878906</ele>
        <time>2024-05-11T11:26:04Z</time>
        <extensions>
          <ns3:TrackPointExtension></ns3:TrackPointExtension>
        </extensions>
      </trkpt>
      <trkpt lat="51.88798760063946" lon="0.49850321374833584">
        <ele>62.0</ele>
        <time>2024-05-11T11:26:17Z</time>
        <extensions>
          <ns3:TrackPointExtension></ns3:TrackPointExtension>
        </extensions>
      </trkpt>
      <trkpt lat="51.88754134811461" lon="0.49783509224653244">
        <ele>61.79999923706055</ele>
        <time>2024-05-11T11:26:26Z</time>
        <extensions>
          <ns3:TrackPointExtension></ns3:TrackPointExtension>
        </extensions>
      </trkpt>
      <trkpt lat="51.88672394491732" lon="0.49633716233074665">
        <ele>64.4000015258789</ele>
        <time>2024-05-11T11:26:45Z</time>
        <extensions>
          <ns3:TrackPointExtension></ns3:TrackPointExtension>
        </extensions>
      </trkpt>
      <trkpt lat="51.88626319169998" lon="0.4955599922686815">
        <ele>67.0</ele>
        <time>2024-05-11T11:26:57Z</time>
        <extensions>
          <ns3:TrackPointExtension></ns3:TrackPointExtension>
        </extensions>
      </trkpt>
      <trkpt lat="51.886169062927365" lon="0.49543552100658417">
        <ele>66.80000305175781</ele>
        <time>2024-05-11T11:26:59Z</time>
        <extensions>
          <ns3:TrackPointExtension></ns3:TrackPointExtension>
        </extensions>
      </trkpt>
      <trkpt lat="51.88596890307963" lon="0.4953665379434824">
        <ele>66.19999694824219</ele>
        <time>2024-05-11T11:27:02Z</time>
        <extensions>
          <ns3:TrackPointExtension></ns3:TrackPointExtension>
        </extensions>
      </trkpt>
      <trkpt lat="51.885206904262304" lon="0.49572846852242947">
        <ele>67.5999984741211</ele>
        <time>2024-05-11T11:27:16Z</time>
        <extensions>
          <ns3:TrackPointExtension></ns3:TrackPointExtension>
        </extensions>
      </trkpt>
      <trkpt lat="51.88487405888736" lon="0.49578504636883736">
        <ele>68.5999984741211</ele>
        <time>2024-05-11T11:27:23Z</time>
        <extensions>
          <ns3:TrackPointExtension></ns3:TrackPointExtension>
        </extensions>
      </trkpt>
      <trkpt lat="51.8847200833261" lon="0.4957124590873718">
        <ele>69.4000015258789</ele>
        <time>2024-05-11T11:27:26Z</time>
        <extensions>
          <ns3:TrackPointExtension></ns3:TrackPointExtension>
        </extensions>
      </trkpt>
      <trkpt lat="51.88436024822295" lon="0.4953770153224468">
        <ele>70.80000305175781</ele>
        <time>2024-05-11T11:27:33Z</time>
        <extensions>
          <ns3:TrackPointExtension></ns3:TrackPointExtension>
        </extensions>
      </trkpt>
      <trkpt lat="51.88419722020626" lon="0.49528506584465504">
        <ele>71.4000015258789</ele>
        <time>2024-05-11T11:27:36Z</time>
        <extensions>
          <ns3:TrackPointExtension></ns3:TrackPointExtension>
        </extensions>
      </trkpt>
      <trkpt lat="51.88391810283065" lon="0.4953023325651884">
        <ele>72.0</ele>
        <time>2024-05-11T11:27:41Z</time>
        <extensions>
          <ns3:TrackPointExtension></ns3:TrackPointExtension>
        </extensions>
      </trkpt>
      <trkpt lat="51.88269032165408" lon="0.4961560294032097">
        <ele>75.5999984741211</ele>
        <time>2024-05-11T11:28:05Z</time>
        <extensions>
          <ns3:TrackPointExtension></ns3:TrackPointExtension>
        </extensions>
      </trkpt>
      <trkpt lat="51.88189756125212" lon="0.4966076463460922">
        <ele>78.4000015258789</ele>
        <time>2024-05-11T11:28:21Z</time>
        <extensions>
          <ns3:TrackPointExtension></ns3:TrackPointExtension>
        </extensions>
      </trkpt>
      <trkpt lat="51.88148592598736" lon="0.4969668108969927">
        <ele>79.0</ele>
        <time>2024-05-11T11:28:29Z</time>
        <extensions>
          <ns3:TrackPointExtension></ns3:TrackPointExtension>
        </extensions>
      </trkpt>
      <trkpt lat="51.88110270537436" lon="0.4974511172622442">
        <ele>78.0</ele>
        <time>2024-05-11T11:28:38Z</time>
        <extensions>
          <ns3:TrackPointExtension></ns3:TrackPointExtension>
        </extensions>
      </trkpt>
      <trkpt lat="51.88088913448155" lon="0.49750685691833496">
        <ele>77.80000305175781</ele>
        <time>2024-05-11T11:28:42Z</time>
        <extensions>
          <ns3:TrackPointExtension></ns3:TrackPointExtension>
        </extensions>
      </trkpt>
      <trkpt lat="51.88034296967089" lon="0.4974813759326935">
        <ele>77.0</ele>
        <time>2024-05-11T11:28:52Z</time>
        <extensions>
          <ns3:TrackPointExtension></ns3:TrackPointExtension>
        </extensions>
      </trkpt>
      <trkpt lat="51.879904763773084" lon="0.4973730817437172">
        <ele>77.19999694824219</ele>
        <time>2024-05-11T11:29:00Z</time>
        <extensions>
          <ns3:TrackPointExtension></ns3:TrackPointExtension>
        </extensions>
      </trkpt>
      <trkpt lat="51.87948550097644" lon="0.4971450101584196">
        <ele>77.0</ele>
        <time>2024-05-11T11:29:08Z</time>
        <extensions>
          <ns3:TrackPointExtension></ns3:TrackPointExtension>
        </extensions>
      </trkpt>
      <trkpt lat="51.878578159958124" lon="0.4967878572642803">
        <ele>77.5999984741211</ele>
        <time>2024-05-11T11:29:24Z</time>
        <extensions>
          <ns3:TrackPointExtension></ns3:TrackPointExtension>
        </extensions>
      </trkpt>
      <trkpt lat="51.87744333408773" lon="0.4962286166846752">
        <ele>79.0</ele>
        <time>2024-05-11T11:29:43Z</time>
        <extensions>
          <ns3:TrackPointExtension></ns3:TrackPointExtension>
        </extensions>
      </trkpt>
      <trkpt lat="51.877254992723465" lon="0.4961739666759968">
        <ele>78.5999984741211</ele>
        <time>2024-05-11T11:29:46Z</time>
        <extensions>
          <ns3:TrackPointExtension></ns3:TrackPointExtension>
        </extensions>
      </trkpt>
      <trkpt lat="51.87707494944334" lon="0.4961914848536253">
        <ele>78.0</ele>
        <time>2024-05-11T11:29:49Z</time>
        <extensions>
          <ns3:TrackPointExtension></ns3:TrackPointExtension>
        </extensions>
      </trkpt>
      <trkpt lat="51.87664152123034" lon="0.4964229092001915">
        <ele>76.5999984741211</ele>
        <time>2024-05-11T11:29:56Z</time>
        <extensions>
          <ns3:TrackPointExtension></ns3:TrackPointExtension>
        </extensions>
      </trkpt>
      <trkpt lat="51.8760428018868" lon="0.49656741321086884">
        <ele>76.5999984741211</ele>
        <time>2024-05-11T11:30:13Z</time>
        <extensions>
          <ns3:TrackPointExtension></ns3:TrackPointExtension>
        </extensions>
      </trkpt>
      <trkpt lat="51.87568564899266" lon="0.4967361409217119">
        <ele>78.0</ele>
        <time>2024-05-11T11:30:20Z</time>
        <extensions>
          <ns3:TrackPointExtension></ns3:TrackPointExtension>
        </extensions>
      </trkpt>
      <trkpt lat="51.874916357919574" lon="0.497218519449234">
        <ele>77.5999984741211</ele>
        <time>2024-05-11T11:30:37Z</time>
        <extensions>
          <ns3:TrackPointExtension></ns3:TrackPointExtension>
        </extensions>
      </trkpt>
      <trkpt lat="51.874745870009065" lon="0.497360173612833">
        <ele>78.19999694824219</ele>
        <time>2024-05-11T11:30:41Z</time>
        <extensions>
          <ns3:TrackPointExtension></ns3:TrackPointExtension>
        </extensions>
      </trkpt>
      <trkpt lat="51.874293414875865" lon="0.49788261763751507">
        <ele>79.0</ele>
        <time>2024-05-11T11:30:51Z</time>
        <extensions>
          <ns3:TrackPointExtension></ns3:TrackPointExtension>
        </extensions>
      </trkpt>
      <trkpt lat="51.874268939718604" lon="0.49800784327089787">
        <ele>79.0</ele>
        <time>2024-05-11T11:30:53Z</time>
        <extensions>
          <ns3:TrackPointExtension></ns3:TrackPointExtension>
        </extensions>
      </trkpt>
      <trkpt lat="51.87429760582745" lon="0.4983555246144533">
        <ele>79.0</ele>
        <time>2024-05-11T11:30:57Z</time>
        <extensions>
          <ns3:TrackPointExtension></ns3:TrackPointExtension>
        </extensions>
      </trkpt>
      <trkpt lat="51.87472952529788" lon="0.5019198451191187">
        <ele>75.4000015258789</ele>
        <time>2024-05-11T11:31:30Z</time>
        <extensions>
          <ns3:TrackPointExtension></ns3:TrackPointExtension>
        </extensions>
      </trkpt>
      <trkpt lat="51.87485449947417" lon="0.5035295058041811">
        <ele>76.19999694824219</ele>
        <time>2024-05-11T11:31:45Z</time>
        <extensions>
          <ns3:TrackPointExtension></ns3:TrackPointExtension>
        </extensions>
      </trkpt>
      <trkpt lat="51.875005289912224" lon="0.5047886352986097">
        <ele>75.5999984741211</ele>
        <time>2024-05-11T11:31:57Z</time>
        <extensions>
          <ns3:TrackPointExtension></ns3:TrackPointExtension>
        </extensions>
      </trkpt>
      <trkpt lat="51.875116769224405" lon="0.5060983914881945">
        <ele>76.0</ele>
        <time>2024-05-11T11:32:10Z</time>
        <extensions>
          <ns3:TrackPointExtension></ns3:TrackPointExtension>
        </extensions>
      </trkpt>
      <trkpt lat="51.87518675811589" lon="0.5064906645566225">
        <ele>76.0</ele>
        <time>2024-05-11T11:32:16Z</time>
        <extensions>
          <ns3:TrackPointExtension></ns3:TrackPointExtension>
        </extensions>
      </trkpt>
      <trkpt lat="51.87540099956095" lon="0.5089133698493242">
        <ele>78.0</ele>
        <time>2024-05-11T11:32:48Z</time>
        <extensions>
          <ns3:TrackPointExtension></ns3:TrackPointExtension>
        </extensions>
      </trkpt>
      <trkpt lat="51.875669388100505" lon="0.5108816083520651">
        <ele>74.0</ele>
        <time>2024-05-11T11:33:08Z</time>
        <extensions>
          <ns3:TrackPointExtension></ns3:TrackPointExtension>
        </extensions>
      </trkpt>
      <trkpt lat="51.87580190598965" lon="0.512584475800395">
        <ele>73.4000015258789</ele>
        <time>2024-05-11T11:33:23Z</time>
        <extensions>
          <ns3:TrackPointExtension></ns3:TrackPointExtension>
        </extensions>
      </trkpt>
      <trkpt lat="51.87610952183604" lon="0.514247277751565">
        <ele>69.0</ele>
        <time>2024-05-11T11:34:03Z</time>
        <extensions>
          <ns3:TrackPointExtension></ns3:TrackPointExtension>
        </extensions>
      </trkpt>
      <trkpt lat="51.876328624784946" lon="0.5150729790329933">
        <ele>67.19999694824219</ele>
        <time>2024-05-11T11:34:09Z</time>
        <extensions>
          <ns3:TrackPointExtension></ns3:TrackPointExtension>
        </extensions>
      </trkpt>
      <trkpt lat="51.87643985264003" lon="0.515653258189559">
        <ele>66.0</ele>
        <time>2024-05-11T11:34:13Z</time>
        <extensions>
          <ns3:TrackPointExtension></ns3:TrackPointExtension>
        </extensions>
      </trkpt>
      <trkpt lat="51.87648754566908" lon="0.5162692442536354">
        <ele>64.4000015258789</ele>
        <time>2024-05-11T11:34:17Z</time>
        <extensions>
          <ns3:TrackPointExtension></ns3:TrackPointExtension>
        </extensions>
      </trkpt>
      <trkpt lat="51.876521576195955" lon="0.5178431142121553">
        <ele>62.599998474121094</ele>
        <time>2024-05-11T11:34:27Z</time>
        <extensions>
          <ns3:TrackPointExtension></ns3:TrackPointExtension>
        </extensions>
      </trkpt>
      <trkpt lat="51.87682575546205" lon="0.5214688740670681">
        <ele>58.599998474121094</ele>
        <time>2024-05-11T11:34:53Z</time>
        <extensions>
          <ns3:TrackPointExtension></ns3:TrackPointExtension>
        </extensions>
      </trkpt>
      <trkpt lat="51.877288771793246" lon="0.5261483229696751">
        <ele>51.20000076293945</ele>
        <time>2024-05-11T11:35:31Z</time>
        <extensions>
          <ns3:TrackPointExtension></ns3:TrackPointExtension>
        </extensions>
      </trkpt>
      <trkpt lat="51.877357587218285" lon="0.5277523677796125">
        <ele>49.79999923706055</ele>
        <time>2024-05-11T11:35:41Z</time>
        <extensions>
          <ns3:TrackPointExtension></ns3:TrackPointExtension>
        </extensions>
      </trkpt>
      <trkpt lat="51.877701161429286" lon="0.5306796636432409">
        <ele>55.20000076293945</ele>
        <time>2024-05-11T11:36:21Z</time>
        <extensions>
          <ns3:TrackPointExtension></ns3:TrackPointExtension>
        </extensions>
      </trkpt>
      <trkpt lat="51.87790526077151" lon="0.5319296568632126">
        <ele>61.0</ele>
        <time>2024-05-11T11:36:49Z</time>
        <extensions>
          <ns3:TrackPointExtension></ns3:TrackPointExtension>
        </extensions>
      </trkpt>
      <trkpt lat="51.87810491770506" lon="0.5341734085232019">
        <ele>66.5999984741211</ele>
        <time>2024-05-11T11:37:39Z</time>
        <extensions>
          <ns3:TrackPointExtension></ns3:TrackPointExtension>
        </extensions>
      </trkpt>
      <trkpt lat="51.87818655744195" lon="0.5344801861792803">
        <ele>67.0</ele>
        <time>2024-05-11T11:37:45Z</time>
        <extensions>
          <ns3:TrackPointExtension></ns3:TrackPointExtension>
        </extensions>
      </trkpt>
      <trkpt lat="51.878341706469655" lon="0.5348620656877756">
        <ele>67.4000015258789</ele>
        <time>2024-05-11T11:37:51Z</time>
        <extensions>
          <ns3:TrackPointExtension></ns3:TrackPointExtension>
        </extensions>
      </trkpt>
      <trkpt lat="51.87832812778652" lon="0.5357874277979136">
        <ele>69.4000015258789</ele>
        <time>2024-05-11T11:38:04Z</time>
        <extensions>
          <ns3:TrackPointExtension></ns3:TrackPointExtension>
        </extensions>
      </trkpt>
      <trkpt lat="51.878556283190846" lon="0.5370856169611216">
        <ele>70.0</ele>
        <time>2024-05-11T11:38:28Z</time>
        <extensions>
          <ns3:TrackPointExtension></ns3:TrackPointExtension>
        </extensions>
      </trkpt>
      <trkpt lat="51.878826851025224" lon="0.5401693191379309">
        <ele>71.4000015258789</ele>
        <time>2024-05-11T11:39:15Z</time>
        <extensions>
          <ns3:TrackPointExtension></ns3:TrackPointExtension>
        </extensions>
      </trkpt>
      <trkpt lat="51.87893204391003" lon="0.5433740559965372">
        <ele>69.80000305175781</ele>
        <time>2024-05-11T11:39:59Z</time>
        <extensions>
          <ns3:TrackPointExtension></ns3:TrackPointExtension>
        </extensions>
      </trkpt>
      <trkpt lat="51.87909800559282" lon="0.5450267996639013">
        <ele>70.0</ele>
        <time>2024-05-11T11:40:25Z</time>
        <extensions>
          <ns3:TrackPointExtension></ns3:TrackPointExtension>
        </extensions>
      </trkpt>
      <trkpt lat="51.8791785556823" lon="0.5476809293031693">
        <ele>69.5999984741211</ele>
        <time>2024-05-11T11:40:53Z</time>
        <extensions>
          <ns3:TrackPointExtension></ns3:TrackPointExtension>
        </extensions>
      </trkpt>
    </trkseg>
  </trk>
</gpx>