<?xml version="1.0" encoding="UTF-8"?>
<gpx xmlns="http://www.topografix.com/GPX/1/1" xmlns:ns2="http://www.garmin.com/xmlschemas/GpxExtensions/v3" xmlns:ns3="http://www.garmin.com/xmlschemas/TrackPointExtension/v1" xmlns:xsi="http://www.w3.org/2001/XMLSchema-instance" xsi:schemaLocation="http://www.topografix.com/GPX/1/1 http://www.topografix.com/GPX/11.xsd" version="1.1" creator="Garmin Connect">
  <metadata>
    <link href="connect.garmin.com">
      <text>Garmin Connect</text>
    </link>
    <time>2024-06-16T07:22:48Z</time>
  </metadata>
  <trk>
    <name>Wandsworth Cycling</name>
    <type>cycling</type>
    <trkseg>
      <trkpt lat="51.453786911442876" lon="-0.1489650271832943">
        <ele>28.600000381469727</ele>
        <time>2024-06-16T07:22:48Z</time>
        <extensions>
          <ns3:TrackPointExtension></ns3:TrackPointExtension>
        </extensions>
      </trkpt>
      <trkpt lat="51.45374424755573" lon="-0.14996926300227642">
        <ele>30.200000762939453</ele>
        <time>2024-06-16T07:32:47Z</time>
        <extensions>
          <ns3:TrackPointExtension></ns3:TrackPointExtension>
        </extensions>
      </trkpt>
      <trkpt lat="51.45345482043922" lon="-0.1503187045454979">
        <ele>28.399999618530273</ele>
        <time>2024-06-16T07:34:26Z</time>
        <extensions>
          <ns3:TrackPointExtension></ns3:TrackPointExtension>
        </extensions>
      </trkpt>
      <trkpt lat="51.45326823927462" lon="-0.15036916360259056">
        <ele>28.600000381469727</ele>
        <time>2024-06-16T07:35:00Z</time>
        <extensions>
          <ns3:TrackPointExtension></ns3:TrackPointExtension>
        </extensions>
      </trkpt>
      <trkpt lat="51.45312708802521" lon="-0.15054887160658836">
        <ele>30.799999237060547</ele>
        <time>2024-06-16T07:35:14Z</time>
        <extensions>
          <ns3:TrackPointExtension></ns3:TrackPointExtension>
        </extensions>
      </trkpt>
      <trkpt lat="51.45294528454542" lon="-0.15065942890942097">
        <ele>33.20000076293945</ele>
        <time>2024-06-16T07:35:25Z</time>
        <extensions>
          <ns3:TrackPointExtension></ns3:TrackPointExtension>
        </extensions>
      </trkpt>
      <trkpt lat="51.45286498591304" lon="-0.15095564536750317">
        <ele>35.400001525878906</ele>
        <time>2024-06-16T07:35:33Z</time>
        <extensions>
          <ns3:TrackPointExtension></ns3:TrackPointExtension>
        </extensions>
      </trkpt>
      <trkpt lat="51.45271930843592" lon="-0.15216222032904625">
        <ele>37.599998474121094</ele>
        <time>2024-06-16T07:36:00Z</time>
        <extensions>
          <ns3:TrackPointExtension></ns3:TrackPointExtension>
        </extensions>
      </trkpt>
      <trkpt lat="51.452481262385845" lon="-0.1526650507003069">
        <ele>34.0</ele>
        <time>2024-06-16T07:36:12Z</time>
        <extensions>
          <ns3:TrackPointExtension></ns3:TrackPointExtension>
        </extensions>
      </trkpt>
      <trkpt lat="51.45213760435581" lon="-0.15308154746890068">
        <ele>31.0</ele>
        <time>2024-06-16T07:36:22Z</time>
        <extensions>
          <ns3:TrackPointExtension></ns3:TrackPointExtension>
        </extensions>
      </trkpt>
      <trkpt lat="51.45133369602263" lon="-0.15393616631627083">
        <ele>31.799999237060547</ele>
        <time>2024-06-16T07:36:43Z</time>
        <extensions>
          <ns3:TrackPointExtension></ns3:TrackPointExtension>
        </extensions>
      </trkpt>
      <trkpt lat="51.4512231387198" lon="-0.15418301336467266">
        <ele>33.0</ele>
        <time>2024-06-16T07:36:47Z</time>
        <extensions>
          <ns3:TrackPointExtension></ns3:TrackPointExtension>
        </extensions>
      </trkpt>
      <trkpt lat="51.45107528194785" lon="-0.15476220287382603">
        <ele>33.400001525878906</ele>
        <time>2024-06-16T07:36:55Z</time>
        <extensions>
          <ns3:TrackPointExtension></ns3:TrackPointExtension>
        </extensions>
      </trkpt>
      <trkpt lat="51.45091678015888" lon="-0.15567163936793804">
        <ele>31.0</ele>
        <time>2024-06-16T07:37:07Z</time>
        <extensions>
          <ns3:TrackPointExtension></ns3:TrackPointExtension>
        </extensions>
      </trkpt>
      <trkpt lat="51.4504665043205" lon="-0.15709949657320976">
        <ele>28.399999618530273</ele>
        <time>2024-06-16T07:37:25Z</time>
        <extensions>
          <ns3:TrackPointExtension></ns3:TrackPointExtension>
        </extensions>
      </trkpt>
      <trkpt lat="51.450074734166265" lon="-0.15861595049500465">
        <ele>25.600000381469727</ele>
        <time>2024-06-16T07:37:42Z</time>
        <extensions>
          <ns3:TrackPointExtension></ns3:TrackPointExtension>
        </extensions>
      </trkpt>
      <trkpt lat="51.449899803847075" lon="-0.15948515385389328">
        <ele>25.200000762939453</ele>
        <time>2024-06-16T07:37:51Z</time>
        <extensions>
          <ns3:TrackPointExtension></ns3:TrackPointExtension>
        </extensions>
      </trkpt>
      <trkpt lat="51.44888626411557" lon="-0.16226048581302166">
        <ele>20.0</ele>
        <time>2024-06-16T07:38:24Z</time>
        <extensions>
          <ns3:TrackPointExtension></ns3:TrackPointExtension>
        </extensions>
      </trkpt>
      <trkpt lat="51.44853975623846" lon="-0.1630393322557211">
        <ele>22.0</ele>
        <time>2024-06-16T07:38:38Z</time>
        <extensions>
          <ns3:TrackPointExtension></ns3:TrackPointExtension>
        </extensions>
      </trkpt>
      <trkpt lat="51.44827622920275" lon="-0.16349798999726772">
        <ele>22.200000762939453</ele>
        <time>2024-06-16T07:39:07Z</time>
        <extensions>
          <ns3:TrackPointExtension></ns3:TrackPointExtension>
        </extensions>
      </trkpt>
      <trkpt lat="51.44811739213765" lon="-0.16366277821362019">
        <ele>22.799999237060547</ele>
        <time>2024-06-16T07:39:11Z</time>
        <extensions>
          <ns3:TrackPointExtension></ns3:TrackPointExtension>
        </extensions>
      </trkpt>
      <trkpt lat="51.44727157428861" lon="-0.16449015587568283">
        <ele>25.200000762939453</ele>
        <time>2024-06-16T07:39:32Z</time>
        <extensions>
          <ns3:TrackPointExtension></ns3:TrackPointExtension>
        </extensions>
      </trkpt>
      <trkpt lat="51.445503579452634" lon="-0.16633031889796257">
        <ele>29.0</ele>
        <time>2024-06-16T07:40:15Z</time>
        <extensions>
          <ns3:TrackPointExtension></ns3:TrackPointExtension>
        </extensions>
      </trkpt>
      <trkpt lat="51.44530300050974" lon="-0.1664960291236639">
        <ele>29.200000762939453</ele>
        <time>2024-06-16T07:40:20Z</time>
        <extensions>
          <ns3:TrackPointExtension></ns3:TrackPointExtension>
        </extensions>
      </trkpt>
      <trkpt lat="51.44495900720358" lon="-0.16688838601112366">
        <ele>30.0</ele>
        <time>2024-06-16T07:40:30Z</time>
        <extensions>
          <ns3:TrackPointExtension></ns3:TrackPointExtension>
        </extensions>
      </trkpt>
      <trkpt lat="51.44459984265268" lon="-0.16718116588890553">
        <ele>30.0</ele>
        <time>2024-06-16T07:40:39Z</time>
        <extensions>
          <ns3:TrackPointExtension></ns3:TrackPointExtension>
        </extensions>
      </trkpt>
      <trkpt lat="51.444301111623645" lon="-0.16756723634898663">
        <ele>30.799999237060547</ele>
        <time>2024-06-16T07:40:50Z</time>
        <extensions>
          <ns3:TrackPointExtension></ns3:TrackPointExtension>
        </extensions>
      </trkpt>
      <trkpt lat="51.443977653980255" lon="-0.1677490398287773">
        <ele>33.20000076293945</ele>
        <time>2024-06-16T07:41:50Z</time>
        <extensions>
          <ns3:TrackPointExtension></ns3:TrackPointExtension>
        </extensions>
      </trkpt>
      <trkpt lat="51.44382334314287" lon="-0.16797585412859917">
        <ele>33.79999923706055</ele>
        <time>2024-06-16T07:41:56Z</time>
        <extensions>
          <ns3:TrackPointExtension></ns3:TrackPointExtension>
        </extensions>
      </trkpt>
      <trkpt lat="51.44369610585272" lon="-0.16824457794427872">
        <ele>33.79999923706055</ele>
        <time>2024-06-16T07:42:01Z</time>
        <extensions>
          <ns3:TrackPointExtension></ns3:TrackPointExtension>
        </extensions>
      </trkpt>
      <trkpt lat="51.44350927323103" lon="-0.1688217557966709">
        <ele>32.400001525878906</ele>
        <time>2024-06-16T07:42:11Z</time>
        <extensions>
          <ns3:TrackPointExtension></ns3:TrackPointExtension>
        </extensions>
      </trkpt>
      <trkpt lat="51.443273993209004" lon="-0.16930773854255676">
        <ele>30.799999237060547</ele>
        <time>2024-06-16T07:42:19Z</time>
        <extensions>
          <ns3:TrackPointExtension></ns3:TrackPointExtension>
        </extensions>
      </trkpt>
      <trkpt lat="51.44292891025543" lon="-0.16974594444036484">
        <ele>32.0</ele>
        <time>2024-06-16T07:42:27Z</time>
        <extensions>
          <ns3:TrackPointExtension></ns3:TrackPointExtension>
        </extensions>
      </trkpt>
      <trkpt lat="51.44224469549954" lon="-0.1704905927181244">
        <ele>30.399999618530273</ele>
        <time>2024-06-16T07:42:42Z</time>
        <extensions>
          <ns3:TrackPointExtension></ns3:TrackPointExtension>
        </extensions>
      </trkpt>
      <trkpt lat="51.44209415651858" lon="-0.17075378447771072">
        <ele>30.600000381469727</ele>
        <time>2024-06-16T07:42:46Z</time>
        <extensions>
          <ns3:TrackPointExtension></ns3:TrackPointExtension>
        </extensions>
      </trkpt>
      <trkpt lat="51.44173415377736" lon="-0.17169775441288948">
        <ele>30.799999237060547</ele>
        <time>2024-06-16T07:42:58Z</time>
        <extensions>
          <ns3:TrackPointExtension></ns3:TrackPointExtension>
        </extensions>
      </trkpt>
      <trkpt lat="51.441231491044164" lon="-0.1731724664568901">
        <ele>23.600000381469727</ele>
        <time>2024-06-16T07:43:14Z</time>
        <extensions>
          <ns3:TrackPointExtension></ns3:TrackPointExtension>
        </extensions>
      </trkpt>
      <trkpt lat="51.440998474135995" lon="-0.174019206315279">
        <ele>23.399999618530273</ele>
        <time>2024-06-16T07:43:22Z</time>
        <extensions>
          <ns3:TrackPointExtension></ns3:TrackPointExtension>
        </extensions>
      </trkpt>
      <trkpt lat="51.440394474193454" lon="-0.1759200543165207">
        <ele>19.799999237060547</ele>
        <time>2024-06-16T07:43:40Z</time>
        <extensions>
          <ns3:TrackPointExtension></ns3:TrackPointExtension>
        </extensions>
      </trkpt>
      <trkpt lat="51.43941312097013" lon="-0.17845608294010162">
        <ele>16.799999237060547</ele>
        <time>2024-06-16T07:44:09Z</time>
        <extensions>
          <ns3:TrackPointExtension></ns3:TrackPointExtension>
        </extensions>
      </trkpt>
      <trkpt lat="51.43888011574745" lon="-0.17929108813405037">
        <ele>17.0</ele>
        <time>2024-06-16T07:44:22Z</time>
        <extensions>
          <ns3:TrackPointExtension></ns3:TrackPointExtension>
        </extensions>
      </trkpt>
      <trkpt lat="51.43789239227772" lon="-0.1812717318534851">
        <ele>11.600000381469727</ele>
        <time>2024-06-16T07:44:46Z</time>
        <extensions>
          <ns3:TrackPointExtension></ns3:TrackPointExtension>
        </extensions>
      </trkpt>
      <trkpt lat="51.43761796876788" lon="-0.18172888085246086">
        <ele>11.399999618530273</ele>
        <time>2024-06-16T07:44:52Z</time>
        <extensions>
          <ns3:TrackPointExtension></ns3:TrackPointExtension>
        </extensions>
      </trkpt>
      <trkpt lat="51.43589993007481" lon="-0.18532798625528812">
        <ele>11.199999809265137</ele>
        <time>2024-06-16T07:45:38Z</time>
        <extensions>
          <ns3:TrackPointExtension></ns3:TrackPointExtension>
        </extensions>
      </trkpt>
      <trkpt lat="51.43550908192992" lon="-0.18606584519147873">
        <ele>8.800000190734863</ele>
        <time>2024-06-16T07:45:49Z</time>
        <extensions>
          <ns3:TrackPointExtension></ns3:TrackPointExtension>
        </extensions>
      </trkpt>
      <trkpt lat="51.435340186581016" lon="-0.18599845468997955">
        <ele>9.0</ele>
        <time>2024-06-16T07:45:53Z</time>
        <extensions>
          <ns3:TrackPointExtension></ns3:TrackPointExtension>
        </extensions>
      </trkpt>
      <trkpt lat="51.434904243797064" lon="-0.18558522686362267">
        <ele>10.0</ele>
        <time>2024-06-16T07:46:04Z</time>
        <extensions>
          <ns3:TrackPointExtension></ns3:TrackPointExtension>
        </extensions>
      </trkpt>
      <trkpt lat="51.433807387948036" lon="-0.18509731628000736">
        <ele>10.199999809265137</ele>
        <time>2024-06-16T07:46:30Z</time>
        <extensions>
          <ns3:TrackPointExtension></ns3:TrackPointExtension>
        </extensions>
      </trkpt>
      <trkpt lat="51.433564145118" lon="-0.18480990082025528">
        <ele>10.399999618530273</ele>
        <time>2024-06-16T07:46:36Z</time>
        <extensions>
          <ns3:TrackPointExtension></ns3:TrackPointExtension>
        </extensions>
      </trkpt>
      <trkpt lat="51.433262480422854" lon="-0.18420648761093616">
        <ele>10.0</ele>
        <time>2024-06-16T07:46:46Z</time>
        <extensions>
          <ns3:TrackPointExtension></ns3:TrackPointExtension>
        </extensions>
      </trkpt>
      <trkpt lat="51.43301353789866" lon="-0.18331012688577175">
        <ele>11.800000190734863</ele>
        <time>2024-06-16T07:46:59Z</time>
        <extensions>
          <ns3:TrackPointExtension></ns3:TrackPointExtension>
        </extensions>
      </trkpt>
      <trkpt lat="51.43292251043022" lon="-0.1824544183909893">
        <ele>11.800000190734863</ele>
        <time>2024-06-16T07:47:12Z</time>
        <extensions>
          <ns3:TrackPointExtension></ns3:TrackPointExtension>
        </extensions>
      </trkpt>
      <trkpt lat="51.43296802416444" lon="-0.18216289579868317">
        <ele>11.800000190734863</ele>
        <time>2024-06-16T07:47:16Z</time>
        <extensions>
          <ns3:TrackPointExtension></ns3:TrackPointExtension>
        </extensions>
      </trkpt>
      <trkpt lat="51.433154521510005" lon="-0.18160306848585606">
        <ele>11.600000381469727</ele>
        <time>2024-06-16T07:47:25Z</time>
        <extensions>
          <ns3:TrackPointExtension></ns3:TrackPointExtension>
        </extensions>
      </trkpt>
      <trkpt lat="51.43322157673538" lon="-0.1813081931322813">
        <ele>11.399999618530273</ele>
        <time>2024-06-16T07:47:30Z</time>
        <extensions>
          <ns3:TrackPointExtension></ns3:TrackPointExtension>
        </extensions>
      </trkpt>
      <trkpt lat="51.43322233110666" lon="-0.1811301615089178">
        <ele>11.399999618530273</ele>
        <time>2024-06-16T07:47:33Z</time>
        <extensions>
          <ns3:TrackPointExtension></ns3:TrackPointExtension>
        </extensions>
      </trkpt>
      <trkpt lat="51.43251674249768" lon="-0.17949317581951618">
        <ele>14.800000190734863</ele>
        <time>2024-06-16T07:47:57Z</time>
        <extensions>
          <ns3:TrackPointExtension></ns3:TrackPointExtension>
        </extensions>
      </trkpt>
      <trkpt lat="51.432098569348454" lon="-0.17737154848873615">
        <ele>11.600000381469727</ele>
        <time>2024-06-16T07:48:19Z</time>
        <extensions>
          <ns3:TrackPointExtension></ns3:TrackPointExtension>
        </extensions>
      </trkpt>
      <trkpt lat="51.43177008256316" lon="-0.1765010878443718">
        <ele>11.600000381469727</ele>
        <time>2024-06-16T07:48:31Z</time>
        <extensions>
          <ns3:TrackPointExtension></ns3:TrackPointExtension>
        </extensions>
      </trkpt>
      <trkpt lat="51.431542010977864" lon="-0.17604293301701546">
        <ele>11.399999618530273</ele>
        <time>2024-06-16T07:48:38Z</time>
        <extensions>
          <ns3:TrackPointExtension></ns3:TrackPointExtension>
        </extensions>
      </trkpt>
      <trkpt lat="51.430894089862704" lon="-0.17520884983241558">
        <ele>13.0</ele>
        <time>2024-06-16T07:48:54Z</time>
        <extensions>
          <ns3:TrackPointExtension></ns3:TrackPointExtension>
        </extensions>
      </trkpt>
      <trkpt lat="51.43013745546341" lon="-0.17407067120075226">
        <ele>13.0</ele>
        <time>2024-06-16T07:49:14Z</time>
        <extensions>
          <ns3:TrackPointExtension></ns3:TrackPointExtension>
        </extensions>
      </trkpt>
      <trkpt lat="51.430029245093465" lon="-0.17380907200276852">
        <ele>12.800000190734863</ele>
        <time>2024-06-16T07:49:17Z</time>
        <extensions>
          <ns3:TrackPointExtension></ns3:TrackPointExtension>
        </extensions>
      </trkpt>
      <trkpt lat="51.429772758856416" lon="-0.17268765717744827">
        <ele>14.0</ele>
        <time>2024-06-16T07:49:26Z</time>
        <extensions>
          <ns3:TrackPointExtension></ns3:TrackPointExtension>
        </extensions>
      </trkpt>
      <trkpt lat="51.429667230695486" lon="-0.17234810627996922">
        <ele>14.0</ele>
        <time>2024-06-16T07:49:29Z</time>
        <extensions>
          <ns3:TrackPointExtension></ns3:TrackPointExtension>
        </extensions>
      </trkpt>
      <trkpt lat="51.42946279607713" lon="-0.17196329310536385">
        <ele>14.0</ele>
        <time>2024-06-16T07:49:33Z</time>
        <extensions>
          <ns3:TrackPointExtension></ns3:TrackPointExtension>
        </extensions>
      </trkpt>
      <trkpt lat="51.42939129844308" lon="-0.1712763961404562">
        <ele>16.0</ele>
        <time>2024-06-16T07:49:39Z</time>
        <extensions>
          <ns3:TrackPointExtension></ns3:TrackPointExtension>
        </extensions>
      </trkpt>
      <trkpt lat="51.42922424711287" lon="-0.1706736534833908">
        <ele>15.600000381469727</ele>
        <time>2024-06-16T07:49:44Z</time>
        <extensions>
          <ns3:TrackPointExtension></ns3:TrackPointExtension>
        </extensions>
      </trkpt>
      <trkpt lat="51.42863340675831" lon="-0.16920430585741997">
        <ele>15.0</ele>
        <time>2024-06-16T07:49:59Z</time>
        <extensions>
          <ns3:TrackPointExtension></ns3:TrackPointExtension>
        </extensions>
      </trkpt>
      <trkpt lat="51.428051283583045" lon="-0.16787954606115818">
        <ele>20.399999618530273</ele>
        <time>2024-06-16T07:50:14Z</time>
        <extensions>
          <ns3:TrackPointExtension></ns3:TrackPointExtension>
        </extensions>
      </trkpt>
      <trkpt lat="51.42777099274099" lon="-0.16739959828555584">
        <ele>21.0</ele>
        <time>2024-06-16T07:50:21Z</time>
        <extensions>
          <ns3:TrackPointExtension></ns3:TrackPointExtension>
        </extensions>
      </trkpt>
      <trkpt lat="51.42744309268892" lon="-0.1669991109520197">
        <ele>20.0</ele>
        <time>2024-06-16T07:50:28Z</time>
        <extensions>
          <ns3:TrackPointExtension></ns3:TrackPointExtension>
        </extensions>
      </trkpt>
      <trkpt lat="51.42593787051737" lon="-0.16537092626094818">
        <ele>20.200000762939453</ele>
        <time>2024-06-16T07:51:16Z</time>
        <extensions>
          <ns3:TrackPointExtension></ns3:TrackPointExtension>
        </extensions>
      </trkpt>
      <trkpt lat="51.4256480243057" lon="-0.16491109505295753">
        <ele>20.0</ele>
        <time>2024-06-16T07:51:25Z</time>
        <extensions>
          <ns3:TrackPointExtension></ns3:TrackPointExtension>
        </extensions>
      </trkpt>
      <trkpt lat="51.42556630074978" lon="-0.16462837345898151">
        <ele>19.0</ele>
        <time>2024-06-16T07:51:30Z</time>
        <extensions>
          <ns3:TrackPointExtension></ns3:TrackPointExtension>
        </extensions>
      </trkpt>
      <trkpt lat="51.42527058720589" lon="-0.1640952005982399">
        <ele>18.0</ele>
        <time>2024-06-16T07:51:38Z</time>
        <extensions>
          <ns3:TrackPointExtension></ns3:TrackPointExtension>
        </extensions>
      </trkpt>
      <trkpt lat="51.42473238520324" lon="-0.16341534443199635">
        <ele>17.200000762939453</ele>
        <time>2024-06-16T07:51:47Z</time>
        <extensions>
          <ns3:TrackPointExtension></ns3:TrackPointExtension>
        </extensions>
      </trkpt>
      <trkpt lat="51.42398337833583" lon="-0.1626037247478962">
        <ele>19.600000381469727</ele>
        <time>2024-06-16T07:52:02Z</time>
        <extensions>
          <ns3:TrackPointExtension></ns3:TrackPointExtension>
        </extensions>
      </trkpt>
      <trkpt lat="51.42381900921464" lon="-0.1623685285449028">
        <ele>19.600000381469727</ele>
        <time>2024-06-16T07:52:06Z</time>
        <extensions>
          <ns3:TrackPointExtension></ns3:TrackPointExtension>
        </extensions>
      </trkpt>
      <trkpt lat="51.423305282369256" lon="-0.16099859029054642">
        <ele>17.0</ele>
        <time>2024-06-16T07:52:33Z</time>
        <extensions>
          <ns3:TrackPointExtension></ns3:TrackPointExtension>
        </extensions>
      </trkpt>
      <trkpt lat="51.42315507866442" lon="-0.16083145514130592">
        <ele>17.600000381469727</ele>
        <time>2024-06-16T07:52:51Z</time>
        <extensions>
          <ns3:TrackPointExtension></ns3:TrackPointExtension>
        </extensions>
      </trkpt>
      <trkpt lat="51.423050221055746" lon="-0.1605541817843914">
        <ele>17.399999618530273</ele>
        <time>2024-06-16T07:53:01Z</time>
        <extensions>
          <ns3:TrackPointExtension></ns3:TrackPointExtension>
        </extensions>
      </trkpt>
      <trkpt lat="51.42287855967879" lon="-0.16037640161812305">
        <ele>17.600000381469727</ele>
        <time>2024-06-16T07:53:08Z</time>
        <extensions>
          <ns3:TrackPointExtension></ns3:TrackPointExtension>
        </extensions>
      </trkpt>
      <trkpt lat="51.42203064635396" lon="-0.16031496226787567">
        <ele>19.0</ele>
        <time>2024-06-16T07:53:24Z</time>
        <extensions>
          <ns3:TrackPointExtension></ns3:TrackPointExtension>
        </extensions>
      </trkpt>
      <trkpt lat="51.42178648151457" lon="-0.16038235276937485">
        <ele>19.0</ele>
        <time>2024-06-16T07:53:28Z</time>
        <extensions>
          <ns3:TrackPointExtension></ns3:TrackPointExtension>
        </extensions>
      </trkpt>
      <trkpt lat="51.420845529064536" lon="-0.16104980371892452">
        <ele>21.799999237060547</ele>
        <time>2024-06-16T07:53:46Z</time>
        <extensions>
          <ns3:TrackPointExtension></ns3:TrackPointExtension>
        </extensions>
      </trkpt>
      <trkpt lat="51.420429116114974" lon="-0.16128642484545708">
        <ele>21.0</ele>
        <time>2024-06-16T07:53:54Z</time>
        <extensions>
          <ns3:TrackPointExtension></ns3:TrackPointExtension>
        </extensions>
      </trkpt>
      <trkpt lat="51.420024605467916" lon="-0.16143914312124252">
        <ele>20.399999618530273</ele>
        <time>2024-06-16T07:54:02Z</time>
        <extensions>
          <ns3:TrackPointExtension></ns3:TrackPointExtension>
        </extensions>
      </trkpt>
      <trkpt lat="51.41963576897979" lon="-0.16166201792657375">
        <ele>20.0</ele>
        <time>2024-06-16T07:54:11Z</time>
        <extensions>
          <ns3:TrackPointExtension></ns3:TrackPointExtension>
        </extensions>
      </trkpt>
      <trkpt lat="51.41922388225794" lon="-0.16182353720068932">
        <ele>20.0</ele>
        <time>2024-06-16T07:54:18Z</time>
        <extensions>
          <ns3:TrackPointExtension></ns3:TrackPointExtension>
        </extensions>
      </trkpt>
      <trkpt lat="51.41880470328033" lon="-0.1619247067719698">
        <ele>20.799999237060547</ele>
        <time>2024-06-16T07:54:25Z</time>
        <extensions>
          <ns3:TrackPointExtension></ns3:TrackPointExtension>
        </extensions>
      </trkpt>
      <trkpt lat="51.41816943883896" lon="-0.1619285624474287">
        <ele>19.200000762939453</ele>
        <time>2024-06-16T07:54:35Z</time>
        <extensions>
          <ns3:TrackPointExtension></ns3:TrackPointExtension>
        </extensions>
      </trkpt>
      <trkpt lat="51.41636162996292" lon="-0.16171691939234734">
        <ele>19.0</ele>
        <time>2024-06-16T07:55:03Z</time>
        <extensions>
          <ns3:TrackPointExtension></ns3:TrackPointExtension>
        </extensions>
      </trkpt>
      <trkpt lat="51.414188873022795" lon="-0.16160770319402218">
        <ele>20.200000762939453</ele>
        <time>2024-06-16T07:55:38Z</time>
        <extensions>
          <ns3:TrackPointExtension></ns3:TrackPointExtension>
        </extensions>
      </trkpt>
      <trkpt lat="51.4119506534189" lon="-0.16142187640070915">
        <ele>21.600000381469727</ele>
        <time>2024-06-16T07:56:16Z</time>
        <extensions>
          <ns3:TrackPointExtension></ns3:TrackPointExtension>
        </extensions>
      </trkpt>
      <trkpt lat="51.41135461628437" lon="-0.16142782755196095">
        <ele>21.0</ele>
        <time>2024-06-16T07:56:31Z</time>
        <extensions>
          <ns3:TrackPointExtension></ns3:TrackPointExtension>
        </extensions>
      </trkpt>
      <trkpt lat="51.41077651642263" lon="-0.16153964214026928">
        <ele>22.0</ele>
        <time>2024-06-16T07:57:25Z</time>
        <extensions>
          <ns3:TrackPointExtension></ns3:TrackPointExtension>
        </extensions>
      </trkpt>
      <trkpt lat="51.41034761443734" lon="-0.16182496212422848">
        <ele>21.399999618530273</ele>
        <time>2024-06-16T07:57:34Z</time>
        <extensions>
          <ns3:TrackPointExtension></ns3:TrackPointExtension>
        </extensions>
      </trkpt>
      <trkpt lat="51.40957396477461" lon="-0.16224514693021774">
        <ele>21.0</ele>
        <time>2024-06-16T07:57:48Z</time>
        <extensions>
          <ns3:TrackPointExtension></ns3:TrackPointExtension>
        </extensions>
      </trkpt>
      <trkpt lat="51.40877994708717" lon="-0.16285685822367668">
        <ele>21.0</ele>
        <time>2024-06-16T07:58:00Z</time>
        <extensions>
          <ns3:TrackPointExtension></ns3:TrackPointExtension>
        </extensions>
      </trkpt>
      <trkpt lat="51.40817225910723" lon="-0.16324913129210472">
        <ele>20.399999618530273</ele>
        <time>2024-06-16T07:58:09Z</time>
        <extensions>
          <ns3:TrackPointExtension></ns3:TrackPointExtension>
        </extensions>
      </trkpt>
      <trkpt lat="51.407386623322964" lon="-0.16364241018891335">
        <ele>22.0</ele>
        <time>2024-06-16T07:58:36Z</time>
        <extensions>
          <ns3:TrackPointExtension></ns3:TrackPointExtension>
        </extensions>
      </trkpt>
      <trkpt lat="51.40726969577372" lon="-0.16387257725000381">
        <ele>22.0</ele>
        <time>2024-06-16T07:58:40Z</time>
        <extensions>
          <ns3:TrackPointExtension></ns3:TrackPointExtension>
        </extensions>
      </trkpt>
      <trkpt lat="51.40704380348325" lon="-0.1647159643471241">
        <ele>22.399999618530273</ele>
        <time>2024-06-16T07:58:49Z</time>
        <extensions>
          <ns3:TrackPointExtension></ns3:TrackPointExtension>
        </extensions>
      </trkpt>
      <trkpt lat="51.40689888037741" lon="-0.16502098180353642">
        <ele>23.0</ele>
        <time>2024-06-16T07:58:53Z</time>
        <extensions>
          <ns3:TrackPointExtension></ns3:TrackPointExtension>
        </extensions>
      </trkpt>
      <trkpt lat="51.40674524009228" lon="-0.16520890407264233">
        <ele>22.399999618530273</ele>
        <time>2024-06-16T07:58:56Z</time>
        <extensions>
          <ns3:TrackPointExtension></ns3:TrackPointExtension>
        </extensions>
      </trkpt>
      <trkpt lat="51.40656544826925" lon="-0.16533052548766136">
        <ele>22.600000381469727</ele>
        <time>2024-06-16T07:59:00Z</time>
        <extensions>
          <ns3:TrackPointExtension></ns3:TrackPointExtension>
        </extensions>
      </trkpt>
      <trkpt lat="51.40619941055775" lon="-0.1654560025781393">
        <ele>22.399999618530273</ele>
        <time>2024-06-16T07:59:08Z</time>
        <extensions>
          <ns3:TrackPointExtension></ns3:TrackPointExtension>
        </extensions>
      </trkpt>
      <trkpt lat="51.40615297481418" lon="-0.16544921323657036">
        <ele>22.200000762939453</ele>
        <time>2024-06-16T07:59:09Z</time>
        <extensions>
          <ns3:TrackPointExtension></ns3:TrackPointExtension>
        </extensions>
      </trkpt>
      <trkpt lat="51.40598198398948" lon="-0.16526875086128712">
        <ele>21.600000381469727</ele>
        <time>2024-06-16T07:59:13Z</time>
        <extensions>
          <ns3:TrackPointExtension></ns3:TrackPointExtension>
        </extensions>
      </trkpt>
      <trkpt lat="51.4059098996222" lon="-0.16511804424226284">
        <ele>22.0</ele>
        <time>2024-06-16T07:59:15Z</time>
        <extensions>
          <ns3:TrackPointExtension></ns3:TrackPointExtension>
        </extensions>
      </trkpt>
      <trkpt lat="51.405704878270626" lon="-0.16460356302559376">
        <ele>22.0</ele>
        <time>2024-06-16T07:59:21Z</time>
        <extensions>
          <ns3:TrackPointExtension></ns3:TrackPointExtension>
        </extensions>
      </trkpt>
      <trkpt lat="51.405397932976484" lon="-0.16366294585168362">
        <ele>21.399999618530273</ele>
        <time>2024-06-16T07:59:32Z</time>
        <extensions>
          <ns3:TrackPointExtension></ns3:TrackPointExtension>
        </extensions>
      </trkpt>
      <trkpt lat="51.40501890331507" lon="-0.16290027648210526">
        <ele>22.200000762939453</ele>
        <time>2024-06-16T07:59:42Z</time>
        <extensions>
          <ns3:TrackPointExtension></ns3:TrackPointExtension>
        </extensions>
      </trkpt>
      <trkpt lat="51.404608357697725" lon="-0.16232033260166645">
        <ele>23.399999618530273</ele>
        <time>2024-06-16T07:59:51Z</time>
        <extensions>
          <ns3:TrackPointExtension></ns3:TrackPointExtension>
        </extensions>
      </trkpt>
      <trkpt lat="51.40401818789542" lon="-0.16170325689017773">
        <ele>23.399999618530273</ele>
        <time>2024-06-16T08:00:00Z</time>
        <extensions>
          <ns3:TrackPointExtension></ns3:TrackPointExtension>
        </extensions>
      </trkpt>
      <trkpt lat="51.40332014299929" lon="-0.16111593693494797">
        <ele>24.0</ele>
        <time>2024-06-16T08:00:20Z</time>
        <extensions>
          <ns3:TrackPointExtension></ns3:TrackPointExtension>
        </extensions>
      </trkpt>
      <trkpt lat="51.40308452770114" lon="-0.1611705031245947">
        <ele>24.0</ele>
        <time>2024-06-16T08:00:25Z</time>
        <extensions>
          <ns3:TrackPointExtension></ns3:TrackPointExtension>
        </extensions>
      </trkpt>
      <trkpt lat="51.40040927566588" lon="-0.1600504294037819">
        <ele>25.600000381469727</ele>
        <time>2024-06-16T08:01:12Z</time>
        <extensions>
          <ns3:TrackPointExtension></ns3:TrackPointExtension>
        </extensions>
      </trkpt>
      <trkpt lat="51.39983654022217" lon="-0.15970861539244652">
        <ele>24.799999237060547</ele>
        <time>2024-06-16T08:01:27Z</time>
        <extensions>
          <ns3:TrackPointExtension></ns3:TrackPointExtension>
        </extensions>
      </trkpt>
      <trkpt lat="51.39883968047798" lon="-0.15901115722954273">
        <ele>25.200000762939453</ele>
        <time>2024-06-16T08:01:46Z</time>
        <extensions>
          <ns3:TrackPointExtension></ns3:TrackPointExtension>
        </extensions>
      </trkpt>
      <trkpt lat="51.398665169253945" lon="-0.15887235291302204">
        <ele>26.399999618530273</ele>
        <time>2024-06-16T08:01:49Z</time>
        <extensions>
          <ns3:TrackPointExtension></ns3:TrackPointExtension>
        </extensions>
      </trkpt>
      <trkpt lat="51.398412957787514" lon="-0.15854520723223686">
        <ele>28.200000762939453</ele>
        <time>2024-06-16T08:01:55Z</time>
        <extensions>
          <ns3:TrackPointExtension></ns3:TrackPointExtension>
        </extensions>
      </trkpt>
      <trkpt lat="51.39821891672909" lon="-0.15853523276746273">
        <ele>29.200000762939453</ele>
        <time>2024-06-16T08:01:59Z</time>
        <extensions>
          <ns3:TrackPointExtension></ns3:TrackPointExtension>
        </extensions>
      </trkpt>
      <trkpt lat="51.398003082722425" lon="-0.15861527994275093">
        <ele>29.799999237060547</ele>
        <time>2024-06-16T08:02:03Z</time>
        <extensions>
          <ns3:TrackPointExtension></ns3:TrackPointExtension>
        </extensions>
      </trkpt>
      <trkpt lat="51.397242257371545" lon="-0.15859524719417095">
        <ele>30.0</ele>
        <time>2024-06-16T08:02:15Z</time>
        <extensions>
          <ns3:TrackPointExtension></ns3:TrackPointExtension>
        </extensions>
      </trkpt>
      <trkpt lat="51.395567217841744" lon="-0.1588133443146944">
        <ele>31.0</ele>
        <time>2024-06-16T08:02:39Z</time>
        <extensions>
          <ns3:TrackPointExtension></ns3:TrackPointExtension>
        </extensions>
      </trkpt>
      <trkpt lat="51.394672617316246" lon="-0.15875332988798618">
        <ele>26.0</ele>
        <time>2024-06-16T08:02:51Z</time>
        <extensions>
          <ns3:TrackPointExtension></ns3:TrackPointExtension>
        </extensions>
      </trkpt>
      <trkpt lat="51.39359571039677" lon="-0.15875408425927162">
        <ele>26.200000762939453</ele>
        <time>2024-06-16T08:03:06Z</time>
        <extensions>
          <ns3:TrackPointExtension></ns3:TrackPointExtension>
        </extensions>
      </trkpt>
      <trkpt lat="51.389313815161586" lon="-0.1583597995340824">
        <ele>23.399999618530273</ele>
        <time>2024-06-16T08:04:03Z</time>
        <extensions>
          <ns3:TrackPointExtension></ns3:TrackPointExtension>
        </extensions>
      </trkpt>
      <trkpt lat="51.3870180118829" lon="-0.15802360139787197">
        <ele>28.200000762939453</ele>
        <time>2024-06-16T08:04:33Z</time>
        <extensions>
          <ns3:TrackPointExtension></ns3:TrackPointExtension>
        </extensions>
      </trkpt>
      <trkpt lat="51.38549988158047" lon="-0.15750853344798088">
        <ele>26.0</ele>
        <time>2024-06-16T08:04:54Z</time>
        <extensions>
          <ns3:TrackPointExtension></ns3:TrackPointExtension>
        </extensions>
      </trkpt>
      <trkpt lat="51.38338630087674" lon="-0.1572968065738678">
        <ele>25.399999618530273</ele>
        <time>2024-06-16T08:05:24Z</time>
        <extensions>
          <ns3:TrackPointExtension></ns3:TrackPointExtension>
        </extensions>
      </trkpt>
      <trkpt lat="51.382812140509486" lon="-0.15713763423264027">
        <ele>25.200000762939453</ele>
        <time>2024-06-16T08:05:33Z</time>
        <extensions>
          <ns3:TrackPointExtension></ns3:TrackPointExtension>
        </extensions>
      </trkpt>
      <trkpt lat="51.381826009601355" lon="-0.15667201951146126">
        <ele>23.799999237060547</ele>
        <time>2024-06-16T08:05:49Z</time>
        <extensions>
          <ns3:TrackPointExtension></ns3:TrackPointExtension>
        </extensions>
      </trkpt>
      <trkpt lat="51.3808133918792" lon="-0.155678428709507">
        <ele>26.0</ele>
        <time>2024-06-16T08:06:07Z</time>
        <extensions>
          <ns3:TrackPointExtension></ns3:TrackPointExtension>
        </extensions>
      </trkpt>
      <trkpt lat="51.38044634833932" lon="-0.155398640781641">
        <ele>26.0</ele>
        <time>2024-06-16T08:06:13Z</time>
        <extensions>
          <ns3:TrackPointExtension></ns3:TrackPointExtension>
        </extensions>
      </trkpt>
      <trkpt lat="51.38026521541178" lon="-0.15532596968114376">
        <ele>25.200000762939453</ele>
        <time>2024-06-16T08:06:16Z</time>
        <extensions>
          <ns3:TrackPointExtension></ns3:TrackPointExtension>
        </extensions>
      </trkpt>
      <trkpt lat="51.38008517213166" lon="-0.1553251314908266">
        <ele>24.399999618530273</ele>
        <time>2024-06-16T08:06:19Z</time>
        <extensions>
          <ns3:TrackPointExtension></ns3:TrackPointExtension>
        </extensions>
      </trkpt>
      <trkpt lat="51.379542108625174" lon="-0.1554585713893175">
        <ele>25.600000381469727</ele>
        <time>2024-06-16T08:06:28Z</time>
        <extensions>
          <ns3:TrackPointExtension></ns3:TrackPointExtension>
        </extensions>
      </trkpt>
      <trkpt lat="51.37946113944054" lon="-0.15574229881167412">
        <ele>25.799999237060547</ele>
        <time>2024-06-16T08:06:33Z</time>
        <extensions>
          <ns3:TrackPointExtension></ns3:TrackPointExtension>
        </extensions>
      </trkpt>
      <trkpt lat="51.37941386550665" lon="-0.15610146336257458">
        <ele>25.399999618530273</ele>
        <time>2024-06-16T08:06:38Z</time>
        <extensions>
          <ns3:TrackPointExtension></ns3:TrackPointExtension>
        </extensions>
      </trkpt>
      <trkpt lat="51.379328118637204" lon="-0.15643933787941933">
        <ele>25.399999618530273</ele>
        <time>2024-06-16T08:06:42Z</time>
        <extensions>
          <ns3:TrackPointExtension></ns3:TrackPointExtension>
        </extensions>
      </trkpt>
      <trkpt lat="51.37922351248562" lon="-0.15675374306738377">
        <ele>25.0</ele>
        <time>2024-06-16T08:06:46Z</time>
        <extensions>
          <ns3:TrackPointExtension></ns3:TrackPointExtension>
        </extensions>
      </trkpt>
      <trkpt lat="51.37910499237478" lon="-0.15698189847171307">
        <ele>24.600000381469727</ele>
        <time>2024-06-16T08:06:49Z</time>
        <extensions>
          <ns3:TrackPointExtension></ns3:TrackPointExtension>
        </extensions>
      </trkpt>
      <trkpt lat="51.37840493582189" lon="-0.15769905410706997">
        <ele>24.600000381469727</ele>
        <time>2024-06-16T08:07:01Z</time>
        <extensions>
          <ns3:TrackPointExtension></ns3:TrackPointExtension>
        </extensions>
      </trkpt>
      <trkpt lat="51.37797888368368" lon="-0.15844915062189102">
        <ele>27.200000762939453</ele>
        <time>2024-06-16T08:07:10Z</time>
        <extensions>
          <ns3:TrackPointExtension></ns3:TrackPointExtension>
        </extensions>
      </trkpt>
      <trkpt lat="51.37750195339322" lon="-0.1594835612922907">
        <ele>26.799999237060547</ele>
        <time>2024-06-16T08:07:22Z</time>
        <extensions>
          <ns3:TrackPointExtension></ns3:TrackPointExtension>
        </extensions>
      </trkpt>
      <trkpt lat="51.37731084600091" lon="-0.15974918380379677">
        <ele>27.0</ele>
        <time>2024-06-16T08:07:26Z</time>
        <extensions>
          <ns3:TrackPointExtension></ns3:TrackPointExtension>
        </extensions>
      </trkpt>
      <trkpt lat="51.376916728913784" lon="-0.16010466031730175">
        <ele>27.0</ele>
        <time>2024-06-16T08:07:32Z</time>
        <extensions>
          <ns3:TrackPointExtension></ns3:TrackPointExtension>
        </extensions>
      </trkpt>
      <trkpt lat="51.37580134905875" lon="-0.16056901775300503">
        <ele>28.0</ele>
        <time>2024-06-16T08:07:47Z</time>
        <extensions>
          <ns3:TrackPointExtension></ns3:TrackPointExtension>
        </extensions>
      </trkpt>
      <trkpt lat="51.37540312483907" lon="-0.16078275628387928">
        <ele>27.0</ele>
        <time>2024-06-16T08:07:53Z</time>
        <extensions>
          <ns3:TrackPointExtension></ns3:TrackPointExtension>
        </extensions>
      </trkpt>
      <trkpt lat="51.37504555284977" lon="-0.16112674959003925">
        <ele>27.399999618530273</ele>
        <time>2024-06-16T08:07:59Z</time>
        <extensions>
          <ns3:TrackPointExtension></ns3:TrackPointExtension>
        </extensions>
      </trkpt>
      <trkpt lat="51.374709187075496" lon="-0.1616367045789957">
        <ele>27.200000762939453</ele>
        <time>2024-06-16T08:08:06Z</time>
        <extensions>
          <ns3:TrackPointExtension></ns3:TrackPointExtension>
        </extensions>
      </trkpt>
      <trkpt lat="51.3742184266448" lon="-0.16220432706177235">
        <ele>27.0</ele>
        <time>2024-06-16T08:08:16Z</time>
        <extensions>
          <ns3:TrackPointExtension></ns3:TrackPointExtension>
        </extensions>
      </trkpt>
      <trkpt lat="51.37374937534332" lon="-0.16262794844806194">
        <ele>27.399999618530273</ele>
        <time>2024-06-16T08:08:26Z</time>
        <extensions>
          <ns3:TrackPointExtension></ns3:TrackPointExtension>
        </extensions>
      </trkpt>
      <trkpt lat="51.373608810827136" lon="-0.16288124956190586">
        <ele>27.799999237060547</ele>
        <time>2024-06-16T08:08:30Z</time>
        <extensions>
          <ns3:TrackPointExtension></ns3:TrackPointExtension>
        </extensions>
      </trkpt>
      <trkpt lat="51.373189464211464" lon="-0.16394357196986675">
        <ele>28.799999237060547</ele>
        <time>2024-06-16T08:08:43Z</time>
        <extensions>
          <ns3:TrackPointExtension></ns3:TrackPointExtension>
        </extensions>
      </trkpt>
      <trkpt lat="51.37270105071366" lon="-0.16491184942424297">
        <ele>29.200000762939453</ele>
        <time>2024-06-16T08:08:55Z</time>
        <extensions>
          <ns3:TrackPointExtension></ns3:TrackPointExtension>
        </extensions>
      </trkpt>
      <trkpt lat="51.372430650517344" lon="-0.16531619243323803">
        <ele>31.200000762939453</ele>
        <time>2024-06-16T08:09:01Z</time>
        <extensions>
          <ns3:TrackPointExtension></ns3:TrackPointExtension>
        </extensions>
      </trkpt>
      <trkpt lat="51.37215538881719" lon="-0.16582095064222813">
        <ele>31.799999237060547</ele>
        <time>2024-06-16T08:09:08Z</time>
        <extensions>
          <ns3:TrackPointExtension></ns3:TrackPointExtension>
        </extensions>
      </trkpt>
      <trkpt lat="51.372004095464945" lon="-0.16602354124188423">
        <ele>31.600000381469727</ele>
        <time>2024-06-16T08:09:11Z</time>
        <extensions>
          <ns3:TrackPointExtension></ns3:TrackPointExtension>
        </extensions>
      </trkpt>
      <trkpt lat="51.37166580185294" lon="-0.16630508936941624">
        <ele>32.79999923706055</ele>
        <time>2024-06-16T08:09:17Z</time>
        <extensions>
          <ns3:TrackPointExtension></ns3:TrackPointExtension>
        </extensions>
      </trkpt>
      <trkpt lat="51.371272187680006" lon="-0.16641313210129738">
        <ele>34.20000076293945</ele>
        <time>2024-06-16T08:09:24Z</time>
        <extensions>
          <ns3:TrackPointExtension></ns3:TrackPointExtension>
        </extensions>
      </trkpt>
      <trkpt lat="51.37106372974813" lon="-0.16640651039779186">
        <ele>34.400001525878906</ele>
        <time>2024-06-16T08:09:28Z</time>
        <extensions>
          <ns3:TrackPointExtension></ns3:TrackPointExtension>
        </extensions>
      </trkpt>
      <trkpt lat="51.37085108086467" lon="-0.16632361337542534">
        <ele>34.0</ele>
        <time>2024-06-16T08:09:32Z</time>
        <extensions>
          <ns3:TrackPointExtension></ns3:TrackPointExtension>
        </extensions>
      </trkpt>
      <trkpt lat="51.36945532634854" lon="-0.16561291180551052">
        <ele>35.400001525878906</ele>
        <time>2024-06-16T08:09:58Z</time>
        <extensions>
          <ns3:TrackPointExtension></ns3:TrackPointExtension>
        </extensions>
      </trkpt>
      <trkpt lat="51.368048675358295" lon="-0.16457531601190567">
        <ele>36.79999923706055</ele>
        <time>2024-06-16T08:10:22Z</time>
        <extensions>
          <ns3:TrackPointExtension></ns3:TrackPointExtension>
        </extensions>
      </trkpt>
      <trkpt lat="51.36769169010222" lon="-0.16437700018286705">
        <ele>37.20000076293945</ele>
        <time>2024-06-16T08:10:28Z</time>
        <extensions>
          <ns3:TrackPointExtension></ns3:TrackPointExtension>
        </extensions>
      </trkpt>
      <trkpt lat="51.36728215031326" lon="-0.1642640121281147">
        <ele>38.0</ele>
        <time>2024-06-16T08:10:35Z</time>
        <extensions>
          <ns3:TrackPointExtension></ns3:TrackPointExtension>
        </extensions>
      </trkpt>
      <trkpt lat="51.36664344929159" lon="-0.1641665305942297">
        <ele>38.400001525878906</ele>
        <time>2024-06-16T08:10:46Z</time>
        <extensions>
          <ns3:TrackPointExtension></ns3:TrackPointExtension>
        </extensions>
      </trkpt>
      <trkpt lat="51.365349953994155" lon="-0.16351106576621532">
        <ele>37.0</ele>
        <time>2024-06-16T08:11:07Z</time>
        <extensions>
          <ns3:TrackPointExtension></ns3:TrackPointExtension>
        </extensions>
      </trkpt>
      <trkpt lat="51.365194637328386" lon="-0.16369848512113094">
        <ele>36.599998474121094</ele>
        <time>2024-06-16T08:11:11Z</time>
        <extensions>
          <ns3:TrackPointExtension></ns3:TrackPointExtension>
        </extensions>
      </trkpt>
      <trkpt lat="51.36515364982188" lon="-0.16441631130874157">
        <ele>35.20000076293945</ele>
        <time>2024-06-16T08:11:18Z</time>
        <extensions>
          <ns3:TrackPointExtension></ns3:TrackPointExtension>
        </extensions>
      </trkpt>
      <trkpt lat="51.36490571312606" lon="-0.1651020348072052">
        <ele>38.0</ele>
        <time>2024-06-16T08:11:28Z</time>
        <extensions>
          <ns3:TrackPointExtension></ns3:TrackPointExtension>
        </extensions>
      </trkpt>
      <trkpt lat="51.36460832320154" lon="-0.16564459539949894">
        <ele>40.599998474121094</ele>
        <time>2024-06-16T08:11:36Z</time>
        <extensions>
          <ns3:TrackPointExtension></ns3:TrackPointExtension>
        </extensions>
      </trkpt>
      <trkpt lat="51.363917738199234" lon="-0.16676366329193115">
        <ele>41.79999923706055</ele>
        <time>2024-06-16T08:11:53Z</time>
        <extensions>
          <ns3:TrackPointExtension></ns3:TrackPointExtension>
        </extensions>
      </trkpt>
      <trkpt lat="51.363782957196236" lon="-0.16706918366253376">
        <ele>42.79999923706055</ele>
        <time>2024-06-16T08:11:58Z</time>
        <extensions>
          <ns3:TrackPointExtension></ns3:TrackPointExtension>
        </extensions>
      </trkpt>
      <trkpt lat="51.36361540295184" lon="-0.16763261519372463">
        <ele>44.599998474121094</ele>
        <time>2024-06-16T08:12:06Z</time>
        <extensions>
          <ns3:TrackPointExtension></ns3:TrackPointExtension>
        </extensions>
      </trkpt>
      <trkpt lat="51.36343577876687" lon="-0.16802421770989895">
        <ele>45.0</ele>
        <time>2024-06-16T08:12:11Z</time>
        <extensions>
          <ns3:TrackPointExtension></ns3:TrackPointExtension>
        </extensions>
      </trkpt>
      <trkpt lat="51.363241067156196" lon="-0.16818808391690254">
        <ele>45.0</ele>
        <time>2024-06-16T08:12:16Z</time>
        <extensions>
          <ns3:TrackPointExtension></ns3:TrackPointExtension>
        </extensions>
      </trkpt>
      <trkpt lat="51.363051971420646" lon="-0.16824382357299328">
        <ele>45.0</ele>
        <time>2024-06-16T08:12:24Z</time>
        <extensions>
          <ns3:TrackPointExtension></ns3:TrackPointExtension>
        </extensions>
      </trkpt>
      <trkpt lat="51.36245073750615" lon="-0.1681180950254202">
        <ele>47.599998474121094</ele>
        <time>2024-06-16T08:13:17Z</time>
        <extensions>
          <ns3:TrackPointExtension></ns3:TrackPointExtension>
        </extensions>
      </trkpt>
      <trkpt lat="51.36201186105609" lon="-0.1681889221072197">
        <ele>51.599998474121094</ele>
        <time>2024-06-16T08:13:25Z</time>
        <extensions>
          <ns3:TrackPointExtension></ns3:TrackPointExtension>
        </extensions>
      </trkpt>
      <trkpt lat="51.36139679700136" lon="-0.16858572140336037">
        <ele>50.599998474121094</ele>
        <time>2024-06-16T08:13:39Z</time>
        <extensions>
          <ns3:TrackPointExtension></ns3:TrackPointExtension>
        </extensions>
      </trkpt>
      <trkpt lat="51.36013565585017" lon="-0.16958869993686676">
        <ele>60.0</ele>
        <time>2024-06-16T08:14:09Z</time>
        <extensions>
          <ns3:TrackPointExtension></ns3:TrackPointExtension>
        </extensions>
      </trkpt>
      <trkpt lat="51.3596108648926" lon="-0.16980201937258244">
        <ele>63.20000076293945</ele>
        <time>2024-06-16T08:14:20Z</time>
        <extensions>
          <ns3:TrackPointExtension></ns3:TrackPointExtension>
        </extensions>
      </trkpt>
      <trkpt lat="51.35853203013539" lon="-0.17006521113216877">
        <ele>65.4000015258789</ele>
        <time>2024-06-16T08:14:39Z</time>
        <extensions>
          <ns3:TrackPointExtension></ns3:TrackPointExtension>
        </extensions>
      </trkpt>
      <trkpt lat="51.357889054343104" lon="-0.17015875317156315">
        <ele>65.0</ele>
        <time>2024-06-16T08:14:51Z</time>
        <extensions>
          <ns3:TrackPointExtension></ns3:TrackPointExtension>
        </extensions>
      </trkpt>
      <trkpt lat="51.357420505955815" lon="-0.170168811455369">
        <ele>65.19999694824219</ele>
        <time>2024-06-16T08:15:00Z</time>
        <extensions>
          <ns3:TrackPointExtension></ns3:TrackPointExtension>
        </extensions>
      </trkpt>
      <trkpt lat="51.35660536587238" lon="-0.1703300792723894">
        <ele>68.5999984741211</ele>
        <time>2024-06-16T08:15:16Z</time>
        <extensions>
          <ns3:TrackPointExtension></ns3:TrackPointExtension>
        </extensions>
      </trkpt>
      <trkpt lat="51.35586733929813" lon="-0.1705630961805582">
        <ele>70.80000305175781</ele>
        <time>2024-06-16T08:15:32Z</time>
        <extensions>
          <ns3:TrackPointExtension></ns3:TrackPointExtension>
        </extensions>
      </trkpt>
      <trkpt lat="51.35530508123338" lon="-0.17083768732845783">
        <ele>72.0</ele>
        <time>2024-06-16T08:15:46Z</time>
        <extensions>
          <ns3:TrackPointExtension></ns3:TrackPointExtension>
        </extensions>
      </trkpt>
      <trkpt lat="51.3534908182919" lon="-0.17155216075479984">
        <ele>71.80000305175781</ele>
        <time>2024-06-16T08:16:18Z</time>
        <extensions>
          <ns3:TrackPointExtension></ns3:TrackPointExtension>
        </extensions>
      </trkpt>
      <trkpt lat="51.35239857248962" lon="-0.17214367166161537">
        <ele>69.4000015258789</ele>
        <time>2024-06-16T08:16:33Z</time>
        <extensions>
          <ns3:TrackPointExtension></ns3:TrackPointExtension>
        </extensions>
      </trkpt>
      <trkpt lat="51.351551078259945" lon="-0.17267785035073757">
        <ele>73.5999984741211</ele>
        <time>2024-06-16T08:16:45Z</time>
        <extensions>
          <ns3:TrackPointExtension></ns3:TrackPointExtension>
        </extensions>
      </trkpt>
      <trkpt lat="51.35111941024661" lon="-0.1732628233730793">
        <ele>72.5999984741211</ele>
        <time>2024-06-16T08:16:53Z</time>
        <extensions>
          <ns3:TrackPointExtension></ns3:TrackPointExtension>
        </extensions>
      </trkpt>
      <trkpt lat="51.350687658414245" lon="-0.17368292436003685">
        <ele>71.4000015258789</ele>
        <time>2024-06-16T08:16:59Z</time>
        <extensions>
          <ns3:TrackPointExtension></ns3:TrackPointExtension>
        </extensions>
      </trkpt>
      <trkpt lat="51.35021550580859" lon="-0.1739321183413267">
        <ele>69.0</ele>
        <time>2024-06-16T08:17:05Z</time>
        <extensions>
          <ns3:TrackPointExtension></ns3:TrackPointExtension>
        </extensions>
      </trkpt>
      <trkpt lat="51.34978383779526" lon="-0.17402934841811657">
        <ele>68.19999694824219</ele>
        <time>2024-06-16T08:17:11Z</time>
        <extensions>
          <ns3:TrackPointExtension></ns3:TrackPointExtension>
        </extensions>
      </trkpt>
      <trkpt lat="51.34957076981664" lon="-0.17402700148522854">
        <ele>68.19999694824219</ele>
        <time>2024-06-16T08:17:14Z</time>
        <extensions>
          <ns3:TrackPointExtension></ns3:TrackPointExtension>
        </extensions>
      </trkpt>
      <trkpt lat="51.348700895905495" lon="-0.17380152828991413">
        <ele>68.0</ele>
        <time>2024-06-16T08:17:26Z</time>
        <extensions>
          <ns3:TrackPointExtension></ns3:TrackPointExtension>
        </extensions>
      </trkpt>
      <trkpt lat="51.348266964778304" lon="-0.1737502310425043">
        <ele>69.0</ele>
        <time>2024-06-16T08:17:32Z</time>
        <extensions>
          <ns3:TrackPointExtension></ns3:TrackPointExtension>
        </extensions>
      </trkpt>
      <trkpt lat="51.346573904156685" lon="-0.17298211343586445">
        <ele>78.0</ele>
        <time>2024-06-16T08:18:03Z</time>
        <extensions>
          <ns3:TrackPointExtension></ns3:TrackPointExtension>
        </extensions>
      </trkpt>
      <trkpt lat="51.34555575437844" lon="-0.1727085281163454">
        <ele>76.0</ele>
        <time>2024-06-16T08:18:20Z</time>
        <extensions>
          <ns3:TrackPointExtension></ns3:TrackPointExtension>
        </extensions>
      </trkpt>
      <trkpt lat="51.3450846914202" lon="-0.17249730415642262">
        <ele>76.5999984741211</ele>
        <time>2024-06-16T08:18:26Z</time>
        <extensions>
          <ns3:TrackPointExtension></ns3:TrackPointExtension>
        </extensions>
      </trkpt>
      <trkpt lat="51.34471144527197" lon="-0.17225716263055801">
        <ele>77.5999984741211</ele>
        <time>2024-06-16T08:18:32Z</time>
        <extensions>
          <ns3:TrackPointExtension></ns3:TrackPointExtension>
        </extensions>
      </trkpt>
      <trkpt lat="51.344201071187854" lon="-0.17181082628667355">
        <ele>79.5999984741211</ele>
        <time>2024-06-16T08:18:41Z</time>
        <extensions>
          <ns3:TrackPointExtension></ns3:TrackPointExtension>
        </extensions>
      </trkpt>
      <trkpt lat="51.34342884644866" lon="-0.17126482911407948">
        <ele>80.4000015258789</ele>
        <time>2024-06-16T08:18:55Z</time>
        <extensions>
          <ns3:TrackPointExtension></ns3:TrackPointExtension>
        </extensions>
      </trkpt>
      <trkpt lat="51.343114944174886" lon="-0.17087641172111034">
        <ele>82.4000015258789</ele>
        <time>2024-06-16T08:19:03Z</time>
        <extensions>
          <ns3:TrackPointExtension></ns3:TrackPointExtension>
        </extensions>
      </trkpt>
      <trkpt lat="51.34271546266973" lon="-0.17008356750011444">
        <ele>83.0</ele>
        <time>2024-06-16T08:19:12Z</time>
        <extensions>
          <ns3:TrackPointExtension></ns3:TrackPointExtension>
        </extensions>
      </trkpt>
      <trkpt lat="51.34214767254889" lon="-0.16915074549615383">
        <ele>82.4000015258789</ele>
        <time>2024-06-16T08:19:25Z</time>
        <extensions>
          <ns3:TrackPointExtension></ns3:TrackPointExtension>
        </extensions>
      </trkpt>
      <trkpt lat="51.341347033157945" lon="-0.16740311868488789">
        <ele>84.0</ele>
        <time>2024-06-16T08:19:49Z</time>
        <extensions>
          <ns3:TrackPointExtension></ns3:TrackPointExtension>
        </extensions>
      </trkpt>
      <trkpt lat="51.341043608263135" lon="-0.16693046316504478">
        <ele>84.19999694824219</ele>
        <time>2024-06-16T08:19:58Z</time>
        <extensions>
          <ns3:TrackPointExtension></ns3:TrackPointExtension>
        </extensions>
      </trkpt>
      <trkpt lat="51.340513871982694" lon="-0.16624842770397663">
        <ele>86.80000305175781</ele>
        <time>2024-06-16T08:20:10Z</time>
        <extensions>
          <ns3:TrackPointExtension></ns3:TrackPointExtension>
        </extensions>
      </trkpt>
      <trkpt lat="51.34023793973029" lon="-0.1658197771757841">
        <ele>87.19999694824219</ele>
        <time>2024-06-16T08:20:18Z</time>
        <extensions>
          <ns3:TrackPointExtension></ns3:TrackPointExtension>
        </extensions>
      </trkpt>
      <trkpt lat="51.33993074297905" lon="-0.1654663123190403">
        <ele>90.19999694824219</ele>
        <time>2024-06-16T08:20:26Z</time>
        <extensions>
          <ns3:TrackPointExtension></ns3:TrackPointExtension>
        </extensions>
      </trkpt>
      <trkpt lat="51.3395481929183" lon="-0.1652152743190527">
        <ele>91.19999694824219</ele>
        <time>2024-06-16T08:20:36Z</time>
        <extensions>
          <ns3:TrackPointExtension></ns3:TrackPointExtension>
        </extensions>
      </trkpt>
      <trkpt lat="51.339361779391766" lon="-0.1652185432612896">
        <ele>91.0</ele>
        <time>2024-06-16T08:20:41Z</time>
        <extensions>
          <ns3:TrackPointExtension></ns3:TrackPointExtension>
        </extensions>
      </trkpt>
      <trkpt lat="51.33813642896712" lon="-0.16561542637646198">
        <ele>94.5999984741211</ele>
        <time>2024-06-16T08:21:06Z</time>
        <extensions>
          <ns3:TrackPointExtension></ns3:TrackPointExtension>
        </extensions>
      </trkpt>
      <trkpt lat="51.33714300580323" lon="-0.1660609245300293">
        <ele>100.19999694824219</ele>
        <time>2024-06-16T08:21:29Z</time>
        <extensions>
          <ns3:TrackPointExtension></ns3:TrackPointExtension>
        </extensions>
      </trkpt>
      <trkpt lat="51.33657404221594" lon="-0.16623769886791706">
        <ele>101.19999694824219</ele>
        <time>2024-06-16T08:21:40Z</time>
        <extensions>
          <ns3:TrackPointExtension></ns3:TrackPointExtension>
        </extensions>
      </trkpt>
      <trkpt lat="51.33601815439761" lon="-0.16648530028760433">
        <ele>104.19999694824219</ele>
        <time>2024-06-16T08:21:52Z</time>
        <extensions>
          <ns3:TrackPointExtension></ns3:TrackPointExtension>
        </extensions>
      </trkpt>
      <trkpt lat="51.33556544780731" lon="-0.16660750843584538">
        <ele>105.80000305175781</ele>
        <time>2024-06-16T08:22:02Z</time>
        <extensions>
          <ns3:TrackPointExtension></ns3:TrackPointExtension>
        </extensions>
      </trkpt>
      <trkpt lat="51.33498206734657" lon="-0.16686600632965565">
        <ele>108.80000305175781</ele>
        <time>2024-06-16T08:22:18Z</time>
        <extensions>
          <ns3:TrackPointExtension></ns3:TrackPointExtension>
        </extensions>
      </trkpt>
      <trkpt lat="51.3348875194788" lon="-0.16697773709893227">
        <ele>109.0</ele>
        <time>2024-06-16T08:22:21Z</time>
        <extensions>
          <ns3:TrackPointExtension></ns3:TrackPointExtension>
        </extensions>
      </trkpt>
      <trkpt lat="51.334797414019704" lon="-0.16727185808122158">
        <ele>108.4000015258789</ele>
        <time>2024-06-16T08:22:26Z</time>
        <extensions>
          <ns3:TrackPointExtension></ns3:TrackPointExtension>
        </extensions>
      </trkpt>
      <trkpt lat="51.334662130102515" lon="-0.16747310757637024">
        <ele>108.4000015258789</ele>
        <time>2024-06-16T08:22:31Z</time>
        <extensions>
          <ns3:TrackPointExtension></ns3:TrackPointExtension>
        </extensions>
      </trkpt>
      <trkpt lat="51.3340912386775" lon="-0.16780134290456772">
        <ele>111.0</ele>
        <time>2024-06-16T08:22:47Z</time>
        <extensions>
          <ns3:TrackPointExtension></ns3:TrackPointExtension>
        </extensions>
      </trkpt>
      <trkpt lat="51.333367293700576" lon="-0.16831171698868275">
        <ele>116.0</ele>
        <time>2024-06-16T08:23:07Z</time>
        <extensions>
          <ns3:TrackPointExtension></ns3:TrackPointExtension>
        </extensions>
      </trkpt>
      <trkpt lat="51.33299622684717" lon="-0.168493939563632">
        <ele>118.80000305175781</ele>
        <time>2024-06-16T08:23:17Z</time>
        <extensions>
          <ns3:TrackPointExtension></ns3:TrackPointExtension>
        </extensions>
      </trkpt>
      <trkpt lat="51.3314510229975" lon="-0.16909534111618996">
        <ele>126.19999694824219</ele>
        <time>2024-06-16T08:24:00Z</time>
        <extensions>
          <ns3:TrackPointExtension></ns3:TrackPointExtension>
        </extensions>
      </trkpt>
      <trkpt lat="51.33013573475182" lon="-0.16977033577859402">
        <ele>130.8000030517578</ele>
        <time>2024-06-16T08:24:43Z</time>
        <extensions>
          <ns3:TrackPointExtension></ns3:TrackPointExtension>
        </extensions>
      </trkpt>
      <trkpt lat="51.32936459966004" lon="-0.16983873210847378">
        <ele>135.39999389648438</ele>
        <time>2024-06-16T08:25:08Z</time>
        <extensions>
          <ns3:TrackPointExtension></ns3:TrackPointExtension>
        </extensions>
      </trkpt>
      <trkpt lat="51.328394562006" lon="-0.16979615204036236">
        <ele>142.0</ele>
        <time>2024-06-16T08:25:39Z</time>
        <extensions>
          <ns3:TrackPointExtension></ns3:TrackPointExtension>
        </extensions>
      </trkpt>
      <trkpt lat="51.327984519302845" lon="-0.16989413648843765">
        <ele>144.0</ele>
        <time>2024-06-16T08:25:49Z</time>
        <extensions>
          <ns3:TrackPointExtension></ns3:TrackPointExtension>
        </extensions>
      </trkpt>
      <trkpt lat="51.32734162732959" lon="-0.16994543373584747">
        <ele>144.39999389648438</ele>
        <time>2024-06-16T08:26:01Z</time>
        <extensions>
          <ns3:TrackPointExtension></ns3:TrackPointExtension>
        </extensions>
      </trkpt>
      <trkpt lat="51.326938793063164" lon="-0.16978559084236622">
        <ele>142.8000030517578</ele>
        <time>2024-06-16T08:26:08Z</time>
        <extensions>
          <ns3:TrackPointExtension></ns3:TrackPointExtension>
        </extensions>
      </trkpt>
      <trkpt lat="51.32611979730427" lon="-0.1697239000350237">
        <ele>142.60000610351562</ele>
        <time>2024-06-16T08:26:21Z</time>
        <extensions>
          <ns3:TrackPointExtension></ns3:TrackPointExtension>
        </extensions>
      </trkpt>
      <trkpt lat="51.3252479955554" lon="-0.16957352869212627">
        <ele>145.60000610351562</ele>
        <time>2024-06-16T08:26:37Z</time>
        <extensions>
          <ns3:TrackPointExtension></ns3:TrackPointExtension>
        </extensions>
      </trkpt>
      <trkpt lat="51.32486242800951" lon="-0.1693978440016508">
        <ele>146.0</ele>
        <time>2024-06-16T08:26:45Z</time>
        <extensions>
          <ns3:TrackPointExtension></ns3:TrackPointExtension>
        </extensions>
      </trkpt>
      <trkpt lat="51.32481414824724" lon="-0.16930262558162212">
        <ele>145.8000030517578</ele>
        <time>2024-06-16T08:26:47Z</time>
        <extensions>
          <ns3:TrackPointExtension></ns3:TrackPointExtension>
        </extensions>
      </trkpt>
      <trkpt lat="51.32484675385058" lon="-0.1689931657165289">
        <ele>144.8000030517578</ele>
        <time>2024-06-16T08:26:51Z</time>
        <extensions>
          <ns3:TrackPointExtension></ns3:TrackPointExtension>
        </extensions>
      </trkpt>
      <trkpt lat="51.325043393298984" lon="-0.16794593073427677">
        <ele>143.1999969482422</ele>
        <time>2024-06-16T08:27:03Z</time>
        <extensions>
          <ns3:TrackPointExtension></ns3:TrackPointExtension>
        </extensions>
      </trkpt>
      <trkpt lat="51.32504942826927" lon="-0.16772137954831123">
        <ele>142.39999389648438</ele>
        <time>2024-06-16T08:27:05Z</time>
        <extensions>
          <ns3:TrackPointExtension></ns3:TrackPointExtension>
        </extensions>
      </trkpt>
      <trkpt lat="51.324940295889974" lon="-0.167195750400424">
        <ele>141.39999389648438</ele>
        <time>2024-06-16T08:27:10Z</time>
        <extensions>
          <ns3:TrackPointExtension></ns3:TrackPointExtension>
        </extensions>
      </trkpt>
      <trkpt lat="51.32470811717212" lon="-0.16672208905220032">
        <ele>140.0</ele>
        <time>2024-06-16T08:27:16Z</time>
        <extensions>
          <ns3:TrackPointExtension></ns3:TrackPointExtension>
        </extensions>
      </trkpt>
      <trkpt lat="51.32452338002622" lon="-0.16653316095471382">
        <ele>138.1999969482422</ele>
        <time>2024-06-16T08:27:19Z</time>
        <extensions>
          <ns3:TrackPointExtension></ns3:TrackPointExtension>
        </extensions>
      </trkpt>
      <trkpt lat="51.323434906080365" lon="-0.16590292565524578">
        <ele>135.8000030517578</ele>
        <time>2024-06-16T08:27:32Z</time>
        <extensions>
          <ns3:TrackPointExtension></ns3:TrackPointExtension>
        </extensions>
      </trkpt>
      <trkpt lat="51.32301866076887" lon="-0.16540654934942722">
        <ele>131.8000030517578</ele>
        <time>2024-06-16T08:27:38Z</time>
        <extensions>
          <ns3:TrackPointExtension></ns3:TrackPointExtension>
        </extensions>
      </trkpt>
      <trkpt lat="51.32248087786138" lon="-0.1651559304445982">
        <ele>128.1999969482422</ele>
        <time>2024-06-16T08:27:44Z</time>
        <extensions>
          <ns3:TrackPointExtension></ns3:TrackPointExtension>
        </extensions>
      </trkpt>
      <trkpt lat="51.32204124704003" lon="-0.16502844169735909">
        <ele>126.0</ele>
        <time>2024-06-16T08:27:49Z</time>
        <extensions>
          <ns3:TrackPointExtension></ns3:TrackPointExtension>
        </extensions>
      </trkpt>
      <trkpt lat="51.3215369079262" lon="-0.16492048278450966">
        <ele>123.4000015258789</ele>
        <time>2024-06-16T08:27:55Z</time>
        <extensions>
          <ns3:TrackPointExtension></ns3:TrackPointExtension>
        </extensions>
      </trkpt>
      <trkpt lat="51.3210794236511" lon="-0.16490019857883453">
        <ele>121.19999694824219</ele>
        <time>2024-06-16T08:28:00Z</time>
        <extensions>
          <ns3:TrackPointExtension></ns3:TrackPointExtension>
        </extensions>
      </trkpt>
      <trkpt lat="51.32084799930453" lon="-0.16491168178617954">
        <ele>121.80000305175781</ele>
        <time>2024-06-16T08:28:03Z</time>
        <extensions>
          <ns3:TrackPointExtension></ns3:TrackPointExtension>
        </extensions>
      </trkpt>
      <trkpt lat="51.32063786499202" lon="-0.1649963390082121">
        <ele>122.19999694824219</ele>
        <time>2024-06-16T08:28:06Z</time>
        <extensions>
          <ns3:TrackPointExtension></ns3:TrackPointExtension>
        </extensions>
      </trkpt>
      <trkpt lat="51.32044114172459" lon="-0.16513933427631855">
        <ele>122.19999694824219</ele>
        <time>2024-06-16T08:28:09Z</time>
        <extensions>
          <ns3:TrackPointExtension></ns3:TrackPointExtension>
        </extensions>
      </trkpt>
      <trkpt lat="51.31990369409323" lon="-0.16573084518313408">
        <ele>118.0</ele>
        <time>2024-06-16T08:28:18Z</time>
        <extensions>
          <ns3:TrackPointExtension></ns3:TrackPointExtension>
        </extensions>
      </trkpt>
      <trkpt lat="51.31851129233837" lon="-0.16683164052665234">
        <ele>109.80000305175781</ele>
        <time>2024-06-16T08:28:33Z</time>
        <extensions>
          <ns3:TrackPointExtension></ns3:TrackPointExtension>
        </extensions>
      </trkpt>
      <trkpt lat="51.31778575479984" lon="-0.1672800723463297">
        <ele>106.19999694824219</ele>
        <time>2024-06-16T08:28:40Z</time>
        <extensions>
          <ns3:TrackPointExtension></ns3:TrackPointExtension>
        </extensions>
      </trkpt>
      <trkpt lat="51.31755701266229" lon="-0.16732717864215374">
        <ele>104.80000305175781</ele>
        <time>2024-06-16T08:28:43Z</time>
        <extensions>
          <ns3:TrackPointExtension></ns3:TrackPointExtension>
        </extensions>
      </trkpt>
      <trkpt lat="51.317320642992854" lon="-0.1672610454261303">
        <ele>102.5999984741211</ele>
        <time>2024-06-16T08:28:46Z</time>
        <extensions>
          <ns3:TrackPointExtension></ns3:TrackPointExtension>
        </extensions>
      </trkpt>
      <trkpt lat="51.317165829241276" lon="-0.16716121695935726">
        <ele>101.0</ele>
        <time>2024-06-16T08:28:48Z</time>
        <extensions>
          <ns3:TrackPointExtension></ns3:TrackPointExtension>
        </extensions>
      </trkpt>
      <trkpt lat="51.31696860305965" lon="-0.16689333133399487">
        <ele>100.5999984741211</ele>
        <time>2024-06-16T08:28:51Z</time>
        <extensions>
          <ns3:TrackPointExtension></ns3:TrackPointExtension>
        </extensions>
      </trkpt>
      <trkpt lat="51.31651413626969" lon="-0.16612772829830647">
        <ele>98.19999694824219</ele>
        <time>2024-06-16T08:28:58Z</time>
        <extensions>
          <ns3:TrackPointExtension></ns3:TrackPointExtension>
        </extensions>
      </trkpt>
      <trkpt lat="51.31547276861966" lon="-0.1646359171718359">
        <ele>93.0</ele>
        <time>2024-06-16T08:29:54Z</time>
        <extensions>
          <ns3:TrackPointExtension></ns3:TrackPointExtension>
        </extensions>
      </trkpt>
      <trkpt lat="51.315567987039685" lon="-0.16430768184363842">
        <ele>93.80000305175781</ele>
        <time>2024-06-16T08:30:03Z</time>
        <extensions>
          <ns3:TrackPointExtension></ns3:TrackPointExtension>
        </extensions>
      </trkpt>
      <trkpt lat="51.316018514335155" lon="-0.16319196671247482">
        <ele>94.0</ele>
        <time>2024-06-16T08:30:16Z</time>
        <extensions>
          <ns3:TrackPointExtension></ns3:TrackPointExtension>
        </extensions>
      </trkpt>
      <trkpt lat="51.31584542803466" lon="-0.1630524918437004">
        <ele>94.0</ele>
        <time>2024-06-16T08:30:21Z</time>
        <extensions>
          <ns3:TrackPointExtension></ns3:TrackPointExtension>
        </extensions>
      </trkpt>
      <trkpt lat="51.31507161073387" lon="-0.16363042406737804">
        <ele>99.5999984741211</ele>
        <time>2024-06-16T08:30:37Z</time>
        <extensions>
          <ns3:TrackPointExtension></ns3:TrackPointExtension>
        </extensions>
      </trkpt>
      <trkpt lat="51.314908834174275" lon="-0.1635326910763979">
        <ele>100.19999694824219</ele>
        <time>2024-06-16T08:30:42Z</time>
        <extensions>
          <ns3:TrackPointExtension></ns3:TrackPointExtension>
        </extensions>
      </trkpt>
      <trkpt lat="51.3147540204227" lon="-0.16313094645738602">
        <ele>101.19999694824219</ele>
        <time>2024-06-16T08:30:51Z</time>
        <extensions>
          <ns3:TrackPointExtension></ns3:TrackPointExtension>
        </extensions>
      </trkpt>
      <trkpt lat="51.31447951309383" lon="-0.16268176026642323">
        <ele>103.4000015258789</ele>
        <time>2024-06-16T08:31:02Z</time>
        <extensions>
          <ns3:TrackPointExtension></ns3:TrackPointExtension>
        </extensions>
      </trkpt>
      <trkpt lat="51.3141493499279" lon="-0.1623527705669403">
        <ele>105.5999984741211</ele>
        <time>2024-06-16T08:31:12Z</time>
        <extensions>
          <ns3:TrackPointExtension></ns3:TrackPointExtension>
        </extensions>
      </trkpt>
      <trkpt lat="51.31344116292894" lon="-0.16188916750252247">
        <ele>114.4000015258789</ele>
        <time>2024-06-16T08:31:33Z</time>
        <extensions>
          <ns3:TrackPointExtension></ns3:TrackPointExtension>
        </extensions>
      </trkpt>
      <trkpt lat="51.313245948404074" lon="-0.161778274923563">
        <ele>116.19999694824219</ele>
        <time>2024-06-16T08:31:40Z</time>
        <extensions>
          <ns3:TrackPointExtension></ns3:TrackPointExtension>
        </extensions>
      </trkpt>
      <trkpt lat="51.31286792457104" lon="-0.16169730573892593">
        <ele>118.0</ele>
        <time>2024-06-16T08:31:53Z</time>
        <extensions>
          <ns3:TrackPointExtension></ns3:TrackPointExtension>
        </extensions>
      </trkpt>
      <trkpt lat="51.312500461936" lon="-0.16155866906046867">
        <ele>119.5999984741211</ele>
        <time>2024-06-16T08:32:08Z</time>
        <extensions>
          <ns3:TrackPointExtension></ns3:TrackPointExtension>
        </extensions>
      </trkpt>
      <trkpt lat="51.31150636821985" lon="-0.16142405569553375">
        <ele>129.60000610351562</ele>
        <time>2024-06-16T08:32:48Z</time>
        <extensions>
          <ns3:TrackPointExtension></ns3:TrackPointExtension>
        </extensions>
      </trkpt>
      <trkpt lat="51.310321502387524" lon="-0.1615838147699833">
        <ele>144.60000610351562</ele>
        <time>2024-06-16T08:33:37Z</time>
        <extensions>
          <ns3:TrackPointExtension></ns3:TrackPointExtension>
        </extensions>
      </trkpt>
      <trkpt lat="51.30957584828138" lon="-0.16196468845009804">
        <ele>155.39999389648438</ele>
        <time>2024-06-16T08:34:33Z</time>
        <extensions>
          <ns3:TrackPointExtension></ns3:TrackPointExtension>
        </extensions>
      </trkpt>
      <trkpt lat="51.309394128620625" lon="-0.1619906723499298">
        <ele>156.0</ele>
        <time>2024-06-16T08:34:39Z</time>
        <extensions>
          <ns3:TrackPointExtension></ns3:TrackPointExtension>
        </extensions>
      </trkpt>
      <trkpt lat="51.30901996046305" lon="-0.16217172145843506">
        <ele>157.0</ele>
        <time>2024-06-16T08:34:56Z</time>
        <extensions>
          <ns3:TrackPointExtension></ns3:TrackPointExtension>
        </extensions>
      </trkpt>
      <trkpt lat="51.308639757335186" lon="-0.1622847095131874">
        <ele>157.8000030517578</ele>
        <time>2024-06-16T08:35:12Z</time>
        <extensions>
          <ns3:TrackPointExtension></ns3:TrackPointExtension>
        </extensions>
      </trkpt>
      <trkpt lat="51.30828235298395" lon="-0.16247782856225967">
        <ele>159.0</ele>
        <time>2024-06-16T08:35:27Z</time>
        <extensions>
          <ns3:TrackPointExtension></ns3:TrackPointExtension>
        </extensions>
      </trkpt>
      <trkpt lat="51.307957638055086" lon="-0.16275309026241302">
        <ele>160.39999389648438</ele>
        <time>2024-06-16T08:35:41Z</time>
        <extensions>
          <ns3:TrackPointExtension></ns3:TrackPointExtension>
        </extensions>
      </trkpt>
      <trkpt lat="51.307809026911855" lon="-0.1629402581602335">
        <ele>161.60000610351562</ele>
        <time>2024-06-16T08:35:49Z</time>
        <extensions>
          <ns3:TrackPointExtension></ns3:TrackPointExtension>
        </extensions>
      </trkpt>
      <trkpt lat="51.307121040299535" lon="-0.16419553197920322">
        <ele>159.8000030517578</ele>
        <time>2024-06-16T08:36:21Z</time>
        <extensions>
          <ns3:TrackPointExtension></ns3:TrackPointExtension>
        </extensions>
      </trkpt>
      <trkpt lat="51.30663949996233" lon="-0.1647779904305935">
        <ele>164.8000030517578</ele>
        <time>2024-06-16T08:36:37Z</time>
        <extensions>
          <ns3:TrackPointExtension></ns3:TrackPointExtension>
        </extensions>
      </trkpt>
      <trkpt lat="51.306114457547665" lon="-0.16532650217413902">
        <ele>165.0</ele>
        <time>2024-06-16T08:36:53Z</time>
        <extensions>
          <ns3:TrackPointExtension></ns3:TrackPointExtension>
        </extensions>
      </trkpt>
      <trkpt lat="51.30496194586158" lon="-0.1662792731076479">
        <ele>161.0</ele>
        <time>2024-06-16T08:37:18Z</time>
        <extensions>
          <ns3:TrackPointExtension></ns3:TrackPointExtension>
        </extensions>
      </trkpt>
      <trkpt lat="51.30431368947029" lon="-0.1665085181593895">
        <ele>162.1999969482422</ele>
        <time>2024-06-16T08:37:32Z</time>
        <extensions>
          <ns3:TrackPointExtension></ns3:TrackPointExtension>
        </extensions>
      </trkpt>
      <trkpt lat="51.30374916829169" lon="-0.1666104421019554">
        <ele>162.60000610351562</ele>
        <time>2024-06-16T08:37:44Z</time>
        <extensions>
          <ns3:TrackPointExtension></ns3:TrackPointExtension>
        </extensions>
      </trkpt>
      <trkpt lat="51.30270469933748" lon="-0.1664387807250023">
        <ele>163.0</ele>
        <time>2024-06-16T08:38:07Z</time>
        <extensions>
          <ns3:TrackPointExtension></ns3:TrackPointExtension>
        </extensions>
      </trkpt>
      <trkpt lat="51.3020596280694" lon="-0.16647943295538425">
        <ele>162.60000610351562</ele>
        <time>2024-06-16T08:38:19Z</time>
        <extensions>
          <ns3:TrackPointExtension></ns3:TrackPointExtension>
        </extensions>
      </trkpt>
      <trkpt lat="51.3016660977155" lon="-0.16645529307425022">
        <ele>162.1999969482422</ele>
        <time>2024-06-16T08:38:27Z</time>
        <extensions>
          <ns3:TrackPointExtension></ns3:TrackPointExtension>
        </extensions>
      </trkpt>
      <trkpt lat="51.300833439454436" lon="-0.1667606458067894">
        <ele>163.60000610351562</ele>
        <time>2024-06-16T08:38:43Z</time>
        <extensions>
          <ns3:TrackPointExtension></ns3:TrackPointExtension>
        </extensions>
      </trkpt>
      <trkpt lat="51.29994688555598" lon="-0.16687262803316116">
        <ele>164.0</ele>
        <time>2024-06-16T08:38:59Z</time>
        <extensions>
          <ns3:TrackPointExtension></ns3:TrackPointExtension>
        </extensions>
      </trkpt>
      <trkpt lat="51.299349842593074" lon="-0.16699735075235367">
        <ele>167.8000030517578</ele>
        <time>2024-06-16T08:39:11Z</time>
        <extensions>
          <ns3:TrackPointExtension></ns3:TrackPointExtension>
        </extensions>
      </trkpt>
      <trkpt lat="51.298503940925" lon="-0.16706557944417">
        <ele>164.8000030517578</ele>
        <time>2024-06-16T08:39:27Z</time>
        <extensions>
          <ns3:TrackPointExtension></ns3:TrackPointExtension>
        </extensions>
      </trkpt>
      <trkpt lat="51.2982002645731" lon="-0.16725811176002026">
        <ele>165.60000610351562</ele>
        <time>2024-06-16T08:39:34Z</time>
        <extensions>
          <ns3:TrackPointExtension></ns3:TrackPointExtension>
        </extensions>
      </trkpt>
      <trkpt lat="51.29751831293106" lon="-0.16802581027150154">
        <ele>169.1999969482422</ele>
        <time>2024-06-16T08:39:52Z</time>
        <extensions>
          <ns3:TrackPointExtension></ns3:TrackPointExtension>
        </extensions>
      </trkpt>
      <trkpt lat="51.29696167074144" lon="-0.1684128027409315">
        <ele>171.39999389648438</ele>
        <time>2024-06-16T08:40:04Z</time>
        <extensions>
          <ns3:TrackPointExtension></ns3:TrackPointExtension>
        </extensions>
      </trkpt>
      <trkpt lat="51.29656587727368" lon="-0.16861631534993649">
        <ele>172.1999969482422</ele>
        <time>2024-06-16T08:40:13Z</time>
        <extensions>
          <ns3:TrackPointExtension></ns3:TrackPointExtension>
        </extensions>
      </trkpt>
      <trkpt lat="51.29639346152544" lon="-0.16877389512956142">
        <ele>172.1999969482422</ele>
        <time>2024-06-16T08:40:17Z</time>
        <extensions>
          <ns3:TrackPointExtension></ns3:TrackPointExtension>
        </extensions>
      </trkpt>
      <trkpt lat="51.29606321454048" lon="-0.16919458284974098">
        <ele>172.0</ele>
        <time>2024-06-16T08:40:25Z</time>
        <extensions>
          <ns3:TrackPointExtension></ns3:TrackPointExtension>
        </extensions>
      </trkpt>
      <trkpt lat="51.295894822105765" lon="-0.16930874437093735">
        <ele>172.0</ele>
        <time>2024-06-16T08:40:28Z</time>
        <extensions>
          <ns3:TrackPointExtension></ns3:TrackPointExtension>
        </extensions>
      </trkpt>
      <trkpt lat="51.294751362875104" lon="-0.16981291584670544">
        <ele>171.39999389648438</ele>
        <time>2024-06-16T08:40:50Z</time>
        <extensions>
          <ns3:TrackPointExtension></ns3:TrackPointExtension>
        </extensions>
      </trkpt>
      <trkpt lat="51.29329106770456" lon="-0.17063962295651436">
        <ele>170.0</ele>
        <time>2024-06-16T08:41:17Z</time>
        <extensions>
          <ns3:TrackPointExtension></ns3:TrackPointExtension>
        </extensions>
      </trkpt>
      <trkpt lat="51.29249084740877" lon="-0.17096014693379402">
        <ele>172.1999969482422</ele>
        <time>2024-06-16T08:41:30Z</time>
        <extensions>
          <ns3:TrackPointExtension></ns3:TrackPointExtension>
        </extensions>
      </trkpt>
      <trkpt lat="51.28955952823162" lon="-0.17168836668133736">
        <ele>177.1999969482422</ele>
        <time>2024-06-16T08:42:13Z</time>
        <extensions>
          <ns3:TrackPointExtension></ns3:TrackPointExtension>
        </extensions>
      </trkpt>
      <trkpt lat="51.28917689435184" lon="-0.17163807526230812">
        <ele>176.1999969482422</ele>
        <time>2024-06-16T08:42:20Z</time>
        <extensions>
          <ns3:TrackPointExtension></ns3:TrackPointExtension>
        </extensions>
      </trkpt>
      <trkpt lat="51.28783704712987" lon="-0.17122182995080948">
        <ele>174.39999389648438</ele>
        <time>2024-06-16T08:42:43Z</time>
        <extensions>
          <ns3:TrackPointExtension></ns3:TrackPointExtension>
        </extensions>
      </trkpt>
      <trkpt lat="51.286954348906875" lon="-0.17113574780523777">
        <ele>171.8000030517578</ele>
        <time>2024-06-16T08:42:58Z</time>
        <extensions>
          <ns3:TrackPointExtension></ns3:TrackPointExtension>
        </extensions>
      </trkpt>
      <trkpt lat="51.286516562104225" lon="-0.17117061652243137">
        <ele>172.1999969482422</ele>
        <time>2024-06-16T08:43:06Z</time>
        <extensions>
          <ns3:TrackPointExtension></ns3:TrackPointExtension>
        </extensions>
      </trkpt>
      <trkpt lat="51.28546949476004" lon="-0.17172868363559246">
        <ele>172.60000610351562</ele>
        <time>2024-06-16T08:43:24Z</time>
        <extensions>
          <ns3:TrackPointExtension></ns3:TrackPointExtension>
        </extensions>
      </trkpt>
      <trkpt lat="51.284912349656224" lon="-0.1720800530165434">
        <ele>171.60000610351562</ele>
        <time>2024-06-16T08:43:33Z</time>
        <extensions>
          <ns3:TrackPointExtension></ns3:TrackPointExtension>
        </extensions>
      </trkpt>
      <trkpt lat="51.28468989394605" lon="-0.1722723338752985">
        <ele>169.1999969482422</ele>
        <time>2024-06-16T08:43:36Z</time>
        <extensions>
          <ns3:TrackPointExtension></ns3:TrackPointExtension>
        </extensions>
      </trkpt>
      <trkpt lat="51.28448897972703" lon="-0.17247743904590607">
        <ele>167.8000030517578</ele>
        <time>2024-06-16T08:43:39Z</time>
        <extensions>
          <ns3:TrackPointExtension></ns3:TrackPointExtension>
        </extensions>
      </trkpt>
      <trkpt lat="51.28419913351536" lon="-0.1728990487754345">
        <ele>167.0</ele>
        <time>2024-06-16T08:43:45Z</time>
        <extensions>
          <ns3:TrackPointExtension></ns3:TrackPointExtension>
        </extensions>
      </trkpt>
      <trkpt lat="51.28353629261255" lon="-0.17370052635669708">
        <ele>168.39999389648438</ele>
        <time>2024-06-16T08:44:00Z</time>
        <extensions>
          <ns3:TrackPointExtension></ns3:TrackPointExtension>
        </extensions>
      </trkpt>
      <trkpt lat="51.28290941007435" lon="-0.1743377186357975">
        <ele>168.39999389648438</ele>
        <time>2024-06-16T08:44:15Z</time>
        <extensions>
          <ns3:TrackPointExtension></ns3:TrackPointExtension>
        </extensions>
      </trkpt>
      <trkpt lat="51.28273095935583" lon="-0.17444752156734467">
        <ele>168.1999969482422</ele>
        <time>2024-06-16T08:44:19Z</time>
        <extensions>
          <ns3:TrackPointExtension></ns3:TrackPointExtension>
        </extensions>
      </trkpt>
      <trkpt lat="51.2825133651495" lon="-0.17437166534364223">
        <ele>169.60000610351562</ele>
        <time>2024-06-16T08:44:24Z</time>
        <extensions>
          <ns3:TrackPointExtension></ns3:TrackPointExtension>
        </extensions>
      </trkpt>
      <trkpt lat="51.282210694625974" lon="-0.17374645918607712">
        <ele>172.8000030517578</ele>
        <time>2024-06-16T08:44:38Z</time>
        <extensions>
          <ns3:TrackPointExtension></ns3:TrackPointExtension>
        </extensions>
      </trkpt>
      <trkpt lat="51.282150596380234" lon="-0.17343289218842983">
        <ele>174.8000030517578</ele>
        <time>2024-06-16T08:44:44Z</time>
        <extensions>
          <ns3:TrackPointExtension></ns3:TrackPointExtension>
        </extensions>
      </trkpt>
      <trkpt lat="51.281574508175254" lon="-0.1725625153630972">
        <ele>179.39999389648438</ele>
        <time>2024-06-16T08:45:09Z</time>
        <extensions>
          <ns3:TrackPointExtension></ns3:TrackPointExtension>
        </extensions>
      </trkpt>
      <trkpt lat="51.28141785040498" lon="-0.172408539801836">
        <ele>180.0</ele>
        <time>2024-06-16T08:45:15Z</time>
        <extensions>
          <ns3:TrackPointExtension></ns3:TrackPointExtension>
        </extensions>
      </trkpt>
      <trkpt lat="51.28121165558696" lon="-0.17226722091436386">
        <ele>179.1999969482422</ele>
        <time>2024-06-16T08:45:21Z</time>
        <extensions>
          <ns3:TrackPointExtension></ns3:TrackPointExtension>
        </extensions>
      </trkpt>
      <trkpt lat="51.28057505004108" lon="-0.17197695560753345">
        <ele>175.1999969482422</ele>
        <time>2024-06-16T08:45:33Z</time>
        <extensions>
          <ns3:TrackPointExtension></ns3:TrackPointExtension>
        </extensions>
      </trkpt>
      <trkpt lat="51.28038486465812" lon="-0.17195549793541431">
        <ele>174.60000610351562</ele>
        <time>2024-06-16T08:45:36Z</time>
        <extensions>
          <ns3:TrackPointExtension></ns3:TrackPointExtension>
        </extensions>
      </trkpt>
      <trkpt lat="51.279726549983025" lon="-0.17173714935779572">
        <ele>172.8000030517578</ele>
        <time>2024-06-16T08:45:46Z</time>
        <extensions>
          <ns3:TrackPointExtension></ns3:TrackPointExtension>
        </extensions>
      </trkpt>
      <trkpt lat="51.27883907407522" lon="-0.17160069197416306">
        <ele>171.1999969482422</ele>
        <time>2024-06-16T08:45:58Z</time>
        <extensions>
          <ns3:TrackPointExtension></ns3:TrackPointExtension>
        </extensions>
      </trkpt>
      <trkpt lat="51.278605638071895" lon="-0.1714832615107298">
        <ele>170.60000610351562</ele>
        <time>2024-06-16T08:46:01Z</time>
        <extensions>
          <ns3:TrackPointExtension></ns3:TrackPointExtension>
        </extensions>
      </trkpt>
      <trkpt lat="51.278306068852544" lon="-0.1712219137698412">
        <ele>168.60000610351562</ele>
        <time>2024-06-16T08:46:05Z</time>
        <extensions>
          <ns3:TrackPointExtension></ns3:TrackPointExtension>
        </extensions>
      </trkpt>
      <trkpt lat="51.27813817933202" lon="-0.17114907503128052">
        <ele>167.39999389648438</ele>
        <time>2024-06-16T08:46:07Z</time>
        <extensions>
          <ns3:TrackPointExtension></ns3:TrackPointExtension>
        </extensions>
      </trkpt>
      <trkpt lat="51.27747877500951" lon="-0.17115100286900997">
        <ele>164.39999389648438</ele>
        <time>2024-06-16T08:46:15Z</time>
        <extensions>
          <ns3:TrackPointExtension></ns3:TrackPointExtension>
        </extensions>
      </trkpt>
      <trkpt lat="51.27725296653807" lon="-0.17100825905799866">
        <ele>164.0</ele>
        <time>2024-06-16T08:46:18Z</time>
        <extensions>
          <ns3:TrackPointExtension></ns3:TrackPointExtension>
        </extensions>
      </trkpt>
      <trkpt lat="51.27711500041187" lon="-0.17086459323763847">
        <ele>163.39999389648438</ele>
        <time>2024-06-16T08:46:20Z</time>
        <extensions>
          <ns3:TrackPointExtension></ns3:TrackPointExtension>
        </extensions>
      </trkpt>
      <trkpt lat="51.276392145082355" lon="-0.1699445117264986">
        <ele>161.8000030517578</ele>
        <time>2024-06-16T08:46:32Z</time>
        <extensions>
          <ns3:TrackPointExtension></ns3:TrackPointExtension>
        </extensions>
      </trkpt>
      <trkpt lat="51.27619341015816" lon="-0.16981232911348343">
        <ele>162.39999389648438</ele>
        <time>2024-06-16T08:46:35Z</time>
        <extensions>
          <ns3:TrackPointExtension></ns3:TrackPointExtension>
        </extensions>
      </trkpt>
      <trkpt lat="51.27598017454147" lon="-0.16977586783468723">
        <ele>162.8000030517578</ele>
        <time>2024-06-16T08:46:38Z</time>
        <extensions>
          <ns3:TrackPointExtension></ns3:TrackPointExtension>
        </extensions>
      </trkpt>
      <trkpt lat="51.275545321404934" lon="-0.16983806155622005">
        <ele>163.0</ele>
        <time>2024-06-16T08:46:44Z</time>
        <extensions>
          <ns3:TrackPointExtension></ns3:TrackPointExtension>
        </extensions>
      </trkpt>
      <trkpt lat="51.27512144856155" lon="-0.16982775181531906">
        <ele>165.0</ele>
        <time>2024-06-16T08:46:51Z</time>
        <extensions>
          <ns3:TrackPointExtension></ns3:TrackPointExtension>
        </extensions>
      </trkpt>
      <trkpt lat="51.27490402199328" lon="-0.16988307237625122">
        <ele>166.1999969482422</ele>
        <time>2024-06-16T08:46:56Z</time>
        <extensions>
          <ns3:TrackPointExtension></ns3:TrackPointExtension>
        </extensions>
      </trkpt>
      <trkpt lat="51.27425316721201" lon="-0.17022740095853806">
        <ele>165.39999389648438</ele>
        <time>2024-06-16T08:47:11Z</time>
        <extensions>
          <ns3:TrackPointExtension></ns3:TrackPointExtension>
        </extensions>
      </trkpt>
      <trkpt lat="51.27408821135759" lon="-0.1703533809632063">
        <ele>163.39999389648438</ele>
        <time>2024-06-16T08:47:14Z</time>
        <extensions>
          <ns3:TrackPointExtension></ns3:TrackPointExtension>
        </extensions>
      </trkpt>
      <trkpt lat="51.27361270599067" lon="-0.17095260322093964">
        <ele>161.1999969482422</ele>
        <time>2024-06-16T08:47:23Z</time>
        <extensions>
          <ns3:TrackPointExtension></ns3:TrackPointExtension>
        </extensions>
      </trkpt>
      <trkpt lat="51.272839223966" lon="-0.17167420126497746">
        <ele>156.60000610351562</ele>
        <time>2024-06-16T08:47:35Z</time>
        <extensions>
          <ns3:TrackPointExtension></ns3:TrackPointExtension>
        </extensions>
      </trkpt>
      <trkpt lat="51.27245147712529" lon="-0.17185784876346588">
        <ele>154.0</ele>
        <time>2024-06-16T08:47:41Z</time>
        <extensions>
          <ns3:TrackPointExtension></ns3:TrackPointExtension>
        </extensions>
      </trkpt>
      <trkpt lat="51.27150130458176" lon="-0.17197787761688232">
        <ele>151.0</ele>
        <time>2024-06-16T08:47:52Z</time>
        <extensions>
          <ns3:TrackPointExtension></ns3:TrackPointExtension>
        </extensions>
      </trkpt>
      <trkpt lat="51.27066663466394" lon="-0.1718857605010271">
        <ele>144.39999389648438</ele>
        <time>2024-06-16T08:48:01Z</time>
        <extensions>
          <ns3:TrackPointExtension></ns3:TrackPointExtension>
        </extensions>
      </trkpt>
      <trkpt lat="51.27016497775912" lon="-0.17194108106195927">
        <ele>140.1999969482422</ele>
        <time>2024-06-16T08:48:07Z</time>
        <extensions>
          <ns3:TrackPointExtension></ns3:TrackPointExtension>
        </extensions>
      </trkpt>
      <trkpt lat="51.26983925700188" lon="-0.17191358841955662">
        <ele>138.0</ele>
        <time>2024-06-16T08:48:11Z</time>
        <extensions>
          <ns3:TrackPointExtension></ns3:TrackPointExtension>
        </extensions>
      </trkpt>
      <trkpt lat="51.26962191425264" lon="-0.1717610377818346">
        <ele>137.39999389648438</ele>
        <time>2024-06-16T08:48:14Z</time>
        <extensions>
          <ns3:TrackPointExtension></ns3:TrackPointExtension>
        </extensions>
      </trkpt>
      <trkpt lat="51.26889604143798" lon="-0.17106114886701107">
        <ele>129.0</ele>
        <time>2024-06-16T08:48:23Z</time>
        <extensions>
          <ns3:TrackPointExtension></ns3:TrackPointExtension>
        </extensions>
      </trkpt>
      <trkpt lat="51.268063550814986" lon="-0.17036461271345615">
        <ele>120.19999694824219</ele>
        <time>2024-06-16T08:48:31Z</time>
        <extensions>
          <ns3:TrackPointExtension></ns3:TrackPointExtension>
        </extensions>
      </trkpt>
      <trkpt lat="51.26717934384942" lon="-0.16979933716356754">
        <ele>115.80000305175781</ele>
        <time>2024-06-16T08:48:41Z</time>
        <extensions>
          <ns3:TrackPointExtension></ns3:TrackPointExtension>
        </extensions>
      </trkpt>
      <trkpt lat="51.26699427142739" lon="-0.1699335314333439">
        <ele>115.0</ele>
        <time>2024-06-16T08:48:45Z</time>
        <extensions>
          <ns3:TrackPointExtension></ns3:TrackPointExtension>
        </extensions>
      </trkpt>
      <trkpt lat="51.26688580960035" lon="-0.17019454389810562">
        <ele>114.0</ele>
        <time>2024-06-16T08:48:48Z</time>
        <extensions>
          <ns3:TrackPointExtension></ns3:TrackPointExtension>
        </extensions>
      </trkpt>
      <trkpt lat="51.26672680489719" lon="-0.1707830373197794">
        <ele>114.19999694824219</ele>
        <time>2024-06-16T08:48:54Z</time>
        <extensions>
          <ns3:TrackPointExtension></ns3:TrackPointExtension>
        </extensions>
      </trkpt>
      <trkpt lat="51.2659886945039" lon="-0.17305763438344002">
        <ele>118.19999694824219</ele>
        <time>2024-06-16T08:49:22Z</time>
        <extensions>
          <ns3:TrackPointExtension></ns3:TrackPointExtension>
        </extensions>
      </trkpt>
      <trkpt lat="51.26578719355166" lon="-0.1731049083173275">
        <ele>119.80000305175781</ele>
        <time>2024-06-16T08:49:27Z</time>
        <extensions>
          <ns3:TrackPointExtension></ns3:TrackPointExtension>
        </extensions>
      </trkpt>
      <trkpt lat="51.26440887339413" lon="-0.17257517203688622">
        <ele>132.1999969482422</ele>
        <time>2024-06-16T08:50:03Z</time>
        <extensions>
          <ns3:TrackPointExtension></ns3:TrackPointExtension>
        </extensions>
      </trkpt>
      <trkpt lat="51.26384871080518" lon="-0.17218566499650478">
        <ele>135.8000030517578</ele>
        <time>2024-06-16T08:50:21Z</time>
        <extensions>
          <ns3:TrackPointExtension></ns3:TrackPointExtension>
        </extensions>
      </trkpt>
      <trkpt lat="51.263687778264284" lon="-0.17200193367898464">
        <ele>135.60000610351562</ele>
        <time>2024-06-16T08:50:26Z</time>
        <extensions>
          <ns3:TrackPointExtension></ns3:TrackPointExtension>
        </extensions>
      </trkpt>
      <trkpt lat="51.26363916322589" lon="-0.17172298394143581">
        <ele>134.39999389648438</ele>
        <time>2024-06-16T08:50:31Z</time>
        <extensions>
          <ns3:TrackPointExtension></ns3:TrackPointExtension>
        </extensions>
      </trkpt>
      <trkpt lat="51.263804538175464" lon="-0.17115511000156403">
        <ele>135.0</ele>
        <time>2024-06-16T08:50:41Z</time>
        <extensions>
          <ns3:TrackPointExtension></ns3:TrackPointExtension>
        </extensions>
      </trkpt>
      <trkpt lat="51.26380177214742" lon="-0.17066786997020245">
        <ele>134.60000610351562</ele>
        <time>2024-06-16T08:50:48Z</time>
        <extensions>
          <ns3:TrackPointExtension></ns3:TrackPointExtension>
        </extensions>
      </trkpt>
      <trkpt lat="51.2637525703758" lon="-0.1703218650072813">
        <ele>133.8000030517578</ele>
        <time>2024-06-16T08:50:53Z</time>
        <extensions>
          <ns3:TrackPointExtension></ns3:TrackPointExtension>
        </extensions>
      </trkpt>
      <trkpt lat="51.26367570832372" lon="-0.17003688029944897">
        <ele>133.39999389648438</ele>
        <time>2024-06-16T08:50:57Z</time>
        <extensions>
          <ns3:TrackPointExtension></ns3:TrackPointExtension>
        </extensions>
      </trkpt>
      <trkpt lat="51.263389801606536" lon="-0.16951334662735462">
        <ele>130.8000030517578</ele>
        <time>2024-06-16T08:51:05Z</time>
        <extensions>
          <ns3:TrackPointExtension></ns3:TrackPointExtension>
        </extensions>
      </trkpt>
      <trkpt lat="51.26329340972006" lon="-0.16912979073822498">
        <ele>127.5999984741211</ele>
        <time>2024-06-16T08:51:09Z</time>
        <extensions>
          <ns3:TrackPointExtension></ns3:TrackPointExtension>
        </extensions>
      </trkpt>
      <trkpt lat="51.263255439698696" lon="-0.1687606517225504">
        <ele>124.5999984741211</ele>
        <time>2024-06-16T08:51:12Z</time>
        <extensions>
          <ns3:TrackPointExtension></ns3:TrackPointExtension>
        </extensions>
      </trkpt>
      <trkpt lat="51.263262731954455" lon="-0.16743597574532032">
        <ele>114.19999694824219</ele>
        <time>2024-06-16T08:51:22Z</time>
        <extensions>
          <ns3:TrackPointExtension></ns3:TrackPointExtension>
        </extensions>
      </trkpt>
      <trkpt lat="51.26314505003393" lon="-0.16703800298273563">
        <ele>110.5999984741211</ele>
        <time>2024-06-16T08:51:25Z</time>
        <extensions>
          <ns3:TrackPointExtension></ns3:TrackPointExtension>
        </extensions>
      </trkpt>
      <trkpt lat="51.262487238273025" lon="-0.1656357105821371">
        <ele>99.0</ele>
        <time>2024-06-16T08:51:35Z</time>
        <extensions>
          <ns3:TrackPointExtension></ns3:TrackPointExtension>
        </extensions>
      </trkpt>
      <trkpt lat="51.262115417048335" lon="-0.16461940482258797">
        <ele>97.0</ele>
        <time>2024-06-16T08:51:41Z</time>
        <extensions>
          <ns3:TrackPointExtension></ns3:TrackPointExtension>
        </extensions>
      </trkpt>
      <trkpt lat="51.26128359697759" lon="-0.16262870281934738">
        <ele>89.80000305175781</ele>
        <time>2024-06-16T08:51:55Z</time>
        <extensions>
          <ns3:TrackPointExtension></ns3:TrackPointExtension>
        </extensions>
      </trkpt>
      <trkpt lat="51.260762410238385" lon="-0.16167660243809223">
        <ele>89.0</ele>
        <time>2024-06-16T08:52:03Z</time>
        <extensions>
          <ns3:TrackPointExtension></ns3:TrackPointExtension>
        </extensions>
      </trkpt>
      <trkpt lat="51.26045722514391" lon="-0.16128843650221825">
        <ele>88.0</ele>
        <time>2024-06-16T08:52:07Z</time>
        <extensions>
          <ns3:TrackPointExtension></ns3:TrackPointExtension>
        </extensions>
      </trkpt>
      <trkpt lat="51.260111052542925" lon="-0.16103572212159634">
        <ele>87.80000305175781</ele>
        <time>2024-06-16T08:52:11Z</time>
        <extensions>
          <ns3:TrackPointExtension></ns3:TrackPointExtension>
        </extensions>
      </trkpt>
      <trkpt lat="51.25993452966213" lon="-0.16097034327685833">
        <ele>88.80000305175781</ele>
        <time>2024-06-16T08:52:13Z</time>
        <extensions>
          <ns3:TrackPointExtension></ns3:TrackPointExtension>
        </extensions>
      </trkpt>
      <trkpt lat="51.25923422165215" lon="-0.16089146956801414">
        <ele>89.0</ele>
        <time>2024-06-16T08:52:21Z</time>
        <extensions>
          <ns3:TrackPointExtension></ns3:TrackPointExtension>
        </extensions>
      </trkpt>
      <trkpt lat="51.258303578943014" lon="-0.16046742908656597">
        <ele>88.80000305175781</ele>
        <time>2024-06-16T08:52:32Z</time>
        <extensions>
          <ns3:TrackPointExtension></ns3:TrackPointExtension>
        </extensions>
      </trkpt>
      <trkpt lat="51.25785422511399" lon="-0.16015537083148956">
        <ele>88.5999984741211</ele>
        <time>2024-06-16T08:52:38Z</time>
        <extensions>
          <ns3:TrackPointExtension></ns3:TrackPointExtension>
        </extensions>
      </trkpt>
      <trkpt lat="51.25665142200887" lon="-0.1588622946292162">
        <ele>89.80000305175781</ele>
        <time>2024-06-16T08:53:17Z</time>
        <extensions>
          <ns3:TrackPointExtension></ns3:TrackPointExtension>
        </extensions>
      </trkpt>
      <trkpt lat="51.25664253719151" lon="-0.15882164239883423">
        <ele>90.0</ele>
        <time>2024-06-16T08:53:18Z</time>
        <extensions>
          <ns3:TrackPointExtension></ns3:TrackPointExtension>
        </extensions>
      </trkpt>
      <trkpt lat="51.256842194125056" lon="-0.15829735435545444">
        <ele>89.19999694824219</ele>
        <time>2024-06-16T08:53:27Z</time>
        <extensions>
          <ns3:TrackPointExtension></ns3:TrackPointExtension>
        </extensions>
      </trkpt>
      <trkpt lat="51.25683071091771" lon="-0.15800289809703827">
        <ele>89.0</ele>
        <time>2024-06-16T08:53:31Z</time>
        <extensions>
          <ns3:TrackPointExtension></ns3:TrackPointExtension>
        </extensions>
      </trkpt>
      <trkpt lat="51.25661420635879" lon="-0.1574945356696844">
        <ele>89.5999984741211</ele>
        <time>2024-06-16T08:53:39Z</time>
        <extensions>
          <ns3:TrackPointExtension></ns3:TrackPointExtension>
        </extensions>
      </trkpt>
      <trkpt lat="51.25646601431072" lon="-0.1572750974446535">
        <ele>90.4000015258789</ele>
        <time>2024-06-16T08:53:43Z</time>
        <extensions>
          <ns3:TrackPointExtension></ns3:TrackPointExtension>
        </extensions>
      </trkpt>
      <trkpt lat="51.25611372292042" lon="-0.15697326511144638">
        <ele>91.19999694824219</ele>
        <time>2024-06-16T08:53:50Z</time>
        <extensions>
          <ns3:TrackPointExtension></ns3:TrackPointExtension>
        </extensions>
      </trkpt>
      <trkpt lat="51.255565546453" lon="-0.1567190419882536">
        <ele>89.4000015258789</ele>
        <time>2024-06-16T08:53:59Z</time>
        <extensions>
          <ns3:TrackPointExtension></ns3:TrackPointExtension>
        </extensions>
      </trkpt>
      <trkpt lat="51.255410900339484" lon="-0.15660655684769154">
        <ele>89.4000015258789</ele>
        <time>2024-06-16T08:54:02Z</time>
        <extensions>
          <ns3:TrackPointExtension></ns3:TrackPointExtension>
        </extensions>
      </trkpt>
      <trkpt lat="51.25528031028807" lon="-0.1562976837158203">
        <ele>89.4000015258789</ele>
        <time>2024-06-16T08:54:06Z</time>
        <extensions>
          <ns3:TrackPointExtension></ns3:TrackPointExtension>
        </extensions>
      </trkpt>
      <trkpt lat="51.25518936663866" lon="-0.15575881116092205">
        <ele>89.80000305175781</ele>
        <time>2024-06-16T08:54:12Z</time>
        <extensions>
          <ns3:TrackPointExtension></ns3:TrackPointExtension>
        </extensions>
      </trkpt>
      <trkpt lat="51.255244771018624" lon="-0.15548011288046837">
        <ele>89.4000015258789</ele>
        <time>2024-06-16T08:54:15Z</time>
        <extensions>
          <ns3:TrackPointExtension></ns3:TrackPointExtension>
        </extensions>
      </trkpt>
      <trkpt lat="51.25562505796552" lon="-0.15479455702006817">
        <ele>91.5999984741211</ele>
        <time>2024-06-16T08:54:24Z</time>
        <extensions>
          <ns3:TrackPointExtension></ns3:TrackPointExtension>
        </extensions>
      </trkpt>
      <trkpt lat="51.25592915341258" lon="-0.15433271415531635">
        <ele>90.0</ele>
        <time>2024-06-16T08:54:31Z</time>
        <extensions>
          <ns3:TrackPointExtension></ns3:TrackPointExtension>
        </extensions>
      </trkpt>
      <trkpt lat="51.25624070875347" lon="-0.15366417355835438">
        <ele>90.80000305175781</ele>
        <time>2024-06-16T08:54:39Z</time>
        <extensions>
          <ns3:TrackPointExtension></ns3:TrackPointExtension>
        </extensions>
      </trkpt>
      <trkpt lat="51.256312038749456" lon="-0.15337063930928707">
        <ele>91.0</ele>
        <time>2024-06-16T08:54:42Z</time>
        <extensions>
          <ns3:TrackPointExtension></ns3:TrackPointExtension>
        </extensions>
      </trkpt>
      <trkpt lat="51.25653147697449" lon="-0.15176575630903244">
        <ele>89.0</ele>
        <time>2024-06-16T08:54:57Z</time>
        <extensions>
          <ns3:TrackPointExtension></ns3:TrackPointExtension>
        </extensions>
      </trkpt>
      <trkpt lat="51.25681109726429" lon="-0.1505376398563385">
        <ele>90.0</ele>
        <time>2024-06-16T08:55:08Z</time>
        <extensions>
          <ns3:TrackPointExtension></ns3:TrackPointExtension>
        </extensions>
      </trkpt>
      <trkpt lat="51.25684688799083" lon="-0.15024494379758835">
        <ele>89.80000305175781</ele>
        <time>2024-06-16T08:55:11Z</time>
        <extensions>
          <ns3:TrackPointExtension></ns3:TrackPointExtension>
        </extensions>
      </trkpt>
      <trkpt lat="51.256745383143425" lon="-0.14993062242865562">
        <ele>88.5999984741211</ele>
        <time>2024-06-16T08:55:15Z</time>
        <extensions>
          <ns3:TrackPointExtension></ns3:TrackPointExtension>
        </extensions>
      </trkpt>
      <trkpt lat="51.25582647509873" lon="-0.14944740571081638">
        <ele>87.4000015258789</ele>
        <time>2024-06-16T08:55:30Z</time>
        <extensions>
          <ns3:TrackPointExtension></ns3:TrackPointExtension>
        </extensions>
      </trkpt>
      <trkpt lat="51.25461470335722" lon="-0.14891590923070908">
        <ele>87.0</ele>
        <time>2024-06-16T08:55:48Z</time>
        <extensions>
          <ns3:TrackPointExtension></ns3:TrackPointExtension>
        </extensions>
      </trkpt>
      <trkpt lat="51.2543601449579" lon="-0.14890534803271294">
        <ele>87.0</ele>
        <time>2024-06-16T08:55:52Z</time>
        <extensions>
          <ns3:TrackPointExtension></ns3:TrackPointExtension>
        </extensions>
      </trkpt>
      <trkpt lat="51.25417364761233" lon="-0.14898606576025486">
        <ele>86.19999694824219</ele>
        <time>2024-06-16T08:55:55Z</time>
        <extensions>
          <ns3:TrackPointExtension></ns3:TrackPointExtension>
        </extensions>
      </trkpt>
      <trkpt lat="51.25360619276762" lon="-0.1493842899799347">
        <ele>85.19999694824219</ele>
        <time>2024-06-16T08:56:04Z</time>
        <extensions>
          <ns3:TrackPointExtension></ns3:TrackPointExtension>
        </extensions>
      </trkpt>
      <trkpt lat="51.25332782976329" lon="-0.14938931912183762">
        <ele>85.19999694824219</ele>
        <time>2024-06-16T08:56:08Z</time>
        <extensions>
          <ns3:TrackPointExtension></ns3:TrackPointExtension>
        </extensions>
      </trkpt>
      <trkpt lat="51.2522241845727" lon="-0.14826765283942223">
        <ele>82.0</ele>
        <time>2024-06-16T08:56:28Z</time>
        <extensions>
          <ns3:TrackPointExtension></ns3:TrackPointExtension>
        </extensions>
      </trkpt>
      <trkpt lat="51.25155111774802" lon="-0.14746072702109814">
        <ele>81.80000305175781</ele>
        <time>2024-06-16T08:56:40Z</time>
        <extensions>
          <ns3:TrackPointExtension></ns3:TrackPointExtension>
        </extensions>
      </trkpt>
      <trkpt lat="51.250764559954405" lon="-0.14669805765151978">
        <ele>79.0</ele>
        <time>2024-06-16T08:56:52Z</time>
        <extensions>
          <ns3:TrackPointExtension></ns3:TrackPointExtension>
        </extensions>
      </trkpt>
      <trkpt lat="51.250072214752436" lon="-0.14595827087759972">
        <ele>77.80000305175781</ele>
        <time>2024-06-16T08:57:04Z</time>
        <extensions>
          <ns3:TrackPointExtension></ns3:TrackPointExtension>
        </extensions>
      </trkpt>
      <trkpt lat="51.24936394393444" lon="-0.14561695978045464">
        <ele>80.0</ele>
        <time>2024-06-16T08:57:20Z</time>
        <extensions>
          <ns3:TrackPointExtension></ns3:TrackPointExtension>
        </extensions>
      </trkpt>
      <trkpt lat="51.24906244687736" lon="-0.1454022154211998">
        <ele>80.19999694824219</ele>
        <time>2024-06-16T08:57:28Z</time>
        <extensions>
          <ns3:TrackPointExtension></ns3:TrackPointExtension>
        </extensions>
      </trkpt>
      <trkpt lat="51.24893973581493" lon="-0.144996028393507">
        <ele>81.4000015258789</ele>
        <time>2024-06-16T08:57:35Z</time>
        <extensions>
          <ns3:TrackPointExtension></ns3:TrackPointExtension>
        </extensions>
      </trkpt>
      <trkpt lat="51.248898496851325" lon="-0.14470291323959827">
        <ele>82.4000015258789</ele>
        <time>2024-06-16T08:57:39Z</time>
        <extensions>
          <ns3:TrackPointExtension></ns3:TrackPointExtension>
        </extensions>
      </trkpt>
      <trkpt lat="51.24888793565333" lon="-0.14439286664128304">
        <ele>83.80000305175781</ele>
        <time>2024-06-16T08:57:43Z</time>
        <extensions>
          <ns3:TrackPointExtension></ns3:TrackPointExtension>
        </extensions>
      </trkpt>
      <trkpt lat="51.24891601502895" lon="-0.14407779090106487">
        <ele>84.19999694824219</ele>
        <time>2024-06-16T08:57:47Z</time>
        <extensions>
          <ns3:TrackPointExtension></ns3:TrackPointExtension>
        </extensions>
      </trkpt>
      <trkpt lat="51.24920996837318" lon="-0.14287984929978848">
        <ele>79.4000015258789</ele>
        <time>2024-06-16T08:58:00Z</time>
        <extensions>
          <ns3:TrackPointExtension></ns3:TrackPointExtension>
        </extensions>
      </trkpt>
      <trkpt lat="51.24940006993711" lon="-0.14088529162108898">
        <ele>80.19999694824219</ele>
        <time>2024-06-16T08:58:20Z</time>
        <extensions>
          <ns3:TrackPointExtension></ns3:TrackPointExtension>
        </extensions>
      </trkpt>
      <trkpt lat="51.24959545210004" lon="-0.14004802331328392">
        <ele>77.5999984741211</ele>
        <time>2024-06-16T08:58:29Z</time>
        <extensions>
          <ns3:TrackPointExtension></ns3:TrackPointExtension>
        </extensions>
      </trkpt>
      <trkpt lat="51.249688575044274" lon="-0.1394652295857668">
        <ele>78.19999694824219</ele>
        <time>2024-06-16T08:58:35Z</time>
        <extensions>
          <ns3:TrackPointExtension></ns3:TrackPointExtension>
        </extensions>
      </trkpt>
      <trkpt lat="51.249736938625574" lon="-0.13884765096008778">
        <ele>81.5999984741211</ele>
        <time>2024-06-16T08:58:41Z</time>
        <extensions>
          <ns3:TrackPointExtension></ns3:TrackPointExtension>
        </extensions>
      </trkpt>
      <trkpt lat="51.24972780235112" lon="-0.13862762600183487">
        <ele>82.19999694824219</ele>
        <time>2024-06-16T08:58:43Z</time>
        <extensions>
          <ns3:TrackPointExtension></ns3:TrackPointExtension>
        </extensions>
      </trkpt>
      <trkpt lat="51.249657394364476" lon="-0.13830794021487236">
        <ele>82.80000305175781</ele>
        <time>2024-06-16T08:58:46Z</time>
        <extensions>
          <ns3:TrackPointExtension></ns3:TrackPointExtension>
        </extensions>
      </trkpt>
      <trkpt lat="51.24951884150505" lon="-0.13804600574076176">
        <ele>81.4000015258789</ele>
        <time>2024-06-16T08:58:49Z</time>
        <extensions>
          <ns3:TrackPointExtension></ns3:TrackPointExtension>
        </extensions>
      </trkpt>
      <trkpt lat="51.24905104748905" lon="-0.13736698776483536">
        <ele>80.0</ele>
        <time>2024-06-16T08:58:58Z</time>
        <extensions>
          <ns3:TrackPointExtension></ns3:TrackPointExtension>
        </extensions>
      </trkpt>
      <trkpt lat="51.24881601892412" lon="-0.13676541857421398">
        <ele>81.5999984741211</ele>
        <time>2024-06-16T08:59:04Z</time>
        <extensions>
          <ns3:TrackPointExtension></ns3:TrackPointExtension>
        </extensions>
      </trkpt>
      <trkpt lat="51.248395498842" lon="-0.13534619472920895">
        <ele>85.4000015258789</ele>
        <time>2024-06-16T08:59:16Z</time>
        <extensions>
          <ns3:TrackPointExtension></ns3:TrackPointExtension>
        </extensions>
      </trkpt>
      <trkpt lat="51.247897362336516" lon="-0.1338687166571617">
        <ele>86.4000015258789</ele>
        <time>2024-06-16T08:59:31Z</time>
        <extensions>
          <ns3:TrackPointExtension></ns3:TrackPointExtension>
        </extensions>
      </trkpt>
      <trkpt lat="51.2478428799659" lon="-0.13357585296034813">
        <ele>86.5999984741211</ele>
        <time>2024-06-16T08:59:34Z</time>
        <extensions>
          <ns3:TrackPointExtension></ns3:TrackPointExtension>
        </extensions>
      </trkpt>
      <trkpt lat="51.247792253270745" lon="-0.13299004174768925">
        <ele>86.4000015258789</ele>
        <time>2024-06-16T08:59:40Z</time>
        <extensions>
          <ns3:TrackPointExtension></ns3:TrackPointExtension>
        </extensions>
      </trkpt>
      <trkpt lat="51.24753140844405" lon="-0.13198044151067734">
        <ele>88.19999694824219</ele>
        <time>2024-06-16T08:59:52Z</time>
        <extensions>
          <ns3:TrackPointExtension></ns3:TrackPointExtension>
        </extensions>
      </trkpt>
      <trkpt lat="51.24741934239864" lon="-0.13168313540518284">
        <ele>88.0</ele>
        <time>2024-06-16T08:59:56Z</time>
        <extensions>
          <ns3:TrackPointExtension></ns3:TrackPointExtension>
        </extensions>
      </trkpt>
      <trkpt lat="51.24697736464441" lon="-0.13100185431540012">
        <ele>88.5999984741211</ele>
        <time>2024-06-16T09:00:07Z</time>
        <extensions>
          <ns3:TrackPointExtension></ns3:TrackPointExtension>
        </extensions>
      </trkpt>
      <trkpt lat="51.246270602568984" lon="-0.13010306283831596">
        <ele>93.19999694824219</ele>
        <time>2024-06-16T09:00:25Z</time>
        <extensions>
          <ns3:TrackPointExtension></ns3:TrackPointExtension>
        </extensions>
      </trkpt>
      <trkpt lat="51.24579685740173" lon="-0.12913386337459087">
        <ele>95.5999984741211</ele>
        <time>2024-06-16T09:00:42Z</time>
        <extensions>
          <ns3:TrackPointExtension></ns3:TrackPointExtension>
        </extensions>
      </trkpt>
      <trkpt lat="51.24563408084214" lon="-0.12892582453787327">
        <ele>97.0</ele>
        <time>2024-06-16T09:00:47Z</time>
        <extensions>
          <ns3:TrackPointExtension></ns3:TrackPointExtension>
        </extensions>
      </trkpt>
      <trkpt lat="51.245295787230134" lon="-0.12860789895057678">
        <ele>98.4000015258789</ele>
        <time>2024-06-16T09:00:56Z</time>
        <extensions>
          <ns3:TrackPointExtension></ns3:TrackPointExtension>
        </extensions>
      </trkpt>
      <trkpt lat="51.2449262291193" lon="-0.12840086594223976">
        <ele>101.0</ele>
        <time>2024-06-16T09:01:04Z</time>
        <extensions>
          <ns3:TrackPointExtension></ns3:TrackPointExtension>
        </extensions>
      </trkpt>
      <trkpt lat="51.24364438466728" lon="-0.1274737436324358">
        <ele>110.5999984741211</ele>
        <time>2024-06-16T09:01:42Z</time>
        <extensions>
          <ns3:TrackPointExtension></ns3:TrackPointExtension>
        </extensions>
      </trkpt>
      <trkpt lat="51.24305823817849" lon="-0.12719194404780865">
        <ele>114.4000015258789</ele>
        <time>2024-06-16T09:01:58Z</time>
        <extensions>
          <ns3:TrackPointExtension></ns3:TrackPointExtension>
        </extensions>
      </trkpt>
      <trkpt lat="51.24247812665999" lon="-0.1270522177219391">
        <ele>118.0</ele>
        <time>2024-06-16T09:02:15Z</time>
        <extensions>
          <ns3:TrackPointExtension></ns3:TrackPointExtension>
        </extensions>
      </trkpt>
      <trkpt lat="51.24230856075883" lon="-0.12689480558037758">
        <ele>119.5999984741211</ele>
        <time>2024-06-16T09:02:22Z</time>
        <extensions>
          <ns3:TrackPointExtension></ns3:TrackPointExtension>
        </extensions>
      </trkpt>
      <trkpt lat="51.242012679576874" lon="-0.1265148539096117">
        <ele>126.0</ele>
        <time>2024-06-16T09:02:35Z</time>
        <extensions>
          <ns3:TrackPointExtension></ns3:TrackPointExtension>
        </extensions>
      </trkpt>
      <trkpt lat="51.24174328520894" lon="-0.12611269019544125">
        <ele>132.0</ele>
        <time>2024-06-16T09:02:51Z</time>
        <extensions>
          <ns3:TrackPointExtension></ns3:TrackPointExtension>
        </extensions>
      </trkpt>
      <trkpt lat="51.24163884669542" lon="-0.12586710043251514">
        <ele>132.8000030517578</ele>
        <time>2024-06-16T09:02:59Z</time>
        <extensions>
          <ns3:TrackPointExtension></ns3:TrackPointExtension>
        </extensions>
      </trkpt>
      <trkpt lat="51.24130122363567" lon="-0.12557591311633587">
        <ele>137.1999969482422</ele>
        <time>2024-06-16T09:03:18Z</time>
        <extensions>
          <ns3:TrackPointExtension></ns3:TrackPointExtension>
        </extensions>
      </trkpt>
      <trkpt lat="51.240743324160576" lon="-0.12529252097010612">
        <ele>139.8000030517578</ele>
        <time>2024-06-16T09:03:44Z</time>
        <extensions>
          <ns3:TrackPointExtension></ns3:TrackPointExtension>
        </extensions>
      </trkpt>
      <trkpt lat="51.24016388319433" lon="-0.12521767057478428">
        <ele>140.39999389648438</ele>
        <time>2024-06-16T09:04:06Z</time>
        <extensions>
          <ns3:TrackPointExtension></ns3:TrackPointExtension>
        </extensions>
      </trkpt>
      <trkpt lat="51.239555357024074" lon="-0.1250647008419037">
        <ele>141.8000030517578</ele>
        <time>2024-06-16T09:06:04Z</time>
        <extensions>
          <ns3:TrackPointExtension></ns3:TrackPointExtension>
        </extensions>
      </trkpt>
      <trkpt lat="51.23799204826355" lon="-0.12444133870303631">
        <ele>150.60000610351562</ele>
        <time>2024-06-16T09:06:38Z</time>
        <extensions>
          <ns3:TrackPointExtension></ns3:TrackPointExtension>
        </extensions>
      </trkpt>
      <trkpt lat="51.237772945314646" lon="-0.12443681247532368">
        <ele>150.1999969482422</ele>
        <time>2024-06-16T09:06:43Z</time>
        <extensions>
          <ns3:TrackPointExtension></ns3:TrackPointExtension>
        </extensions>
      </trkpt>
      <trkpt lat="51.23727950267494" lon="-0.1245234813541174">
        <ele>147.0</ele>
        <time>2024-06-16T09:06:52Z</time>
        <extensions>
          <ns3:TrackPointExtension></ns3:TrackPointExtension>
        </extensions>
      </trkpt>
      <trkpt lat="51.23706961981952" lon="-0.12444410473108292">
        <ele>144.1999969482422</ele>
        <time>2024-06-16T09:06:55Z</time>
        <extensions>
          <ns3:TrackPointExtension></ns3:TrackPointExtension>
        </extensions>
      </trkpt>
      <trkpt lat="51.2361054494977" lon="-0.12375511229038239">
        <ele>134.8000030517578</ele>
        <time>2024-06-16T09:07:07Z</time>
        <extensions>
          <ns3:TrackPointExtension></ns3:TrackPointExtension>
        </extensions>
      </trkpt>
      <trkpt lat="51.23488646931946" lon="-0.1232373621314764">
        <ele>126.5999984741211</ele>
        <time>2024-06-16T09:07:19Z</time>
        <extensions>
          <ns3:TrackPointExtension></ns3:TrackPointExtension>
        </extensions>
      </trkpt>
      <trkpt lat="51.23447592370212" lon="-0.12300602160394192">
        <ele>122.19999694824219</ele>
        <time>2024-06-16T09:07:23Z</time>
        <extensions>
          <ns3:TrackPointExtension></ns3:TrackPointExtension>
        </extensions>
      </trkpt>
      <trkpt lat="51.23387544415891" lon="-0.12257938273251057">
        <ele>115.5999984741211</ele>
        <time>2024-06-16T09:07:29Z</time>
        <extensions>
          <ns3:TrackPointExtension></ns3:TrackPointExtension>
        </extensions>
      </trkpt>
      <trkpt lat="51.23303700238466" lon="-0.12217998504638672">
        <ele>113.19999694824219</ele>
        <time>2024-06-16T09:07:37Z</time>
        <extensions>
          <ns3:TrackPointExtension></ns3:TrackPointExtension>
        </extensions>
      </trkpt>
      <trkpt lat="51.23266400769353" lon="-0.12227185070514679">
        <ele>112.19999694824219</ele>
        <time>2024-06-16T09:07:41Z</time>
        <extensions>
          <ns3:TrackPointExtension></ns3:TrackPointExtension>
        </extensions>
      </trkpt>
      <trkpt lat="51.231928914785385" lon="-0.12267719954252243">
        <ele>116.5999984741211</ele>
        <time>2024-06-16T09:07:51Z</time>
        <extensions>
          <ns3:TrackPointExtension></ns3:TrackPointExtension>
        </extensions>
      </trkpt>
      <trkpt lat="51.231674775481224" lon="-0.12270268052816391">
        <ele>116.19999694824219</ele>
        <time>2024-06-16T09:07:54Z</time>
        <extensions>
          <ns3:TrackPointExtension></ns3:TrackPointExtension>
        </extensions>
      </trkpt>
      <trkpt lat="51.23118745163083" lon="-0.12254325672984123">
        <ele>111.19999694824219</ele>
        <time>2024-06-16T09:07:59Z</time>
        <extensions>
          <ns3:TrackPointExtension></ns3:TrackPointExtension>
        </extensions>
      </trkpt>
      <trkpt lat="51.2310129404068" lon="-0.12241819873452187">
        <ele>108.5999984741211</ele>
        <time>2024-06-16T09:08:01Z</time>
        <extensions>
          <ns3:TrackPointExtension></ns3:TrackPointExtension>
        </extensions>
      </trkpt>
      <trkpt lat="51.230691745877266" lon="-0.1220100000500679">
        <ele>105.4000015258789</ele>
        <time>2024-06-16T09:08:05Z</time>
        <extensions>
          <ns3:TrackPointExtension></ns3:TrackPointExtension>
        </extensions>
      </trkpt>
      <trkpt lat="51.2297903560102" lon="-0.1201210543513298">
        <ele>93.4000015258789</ele>
        <time>2024-06-16T09:08:17Z</time>
        <extensions>
          <ns3:TrackPointExtension></ns3:TrackPointExtension>
        </extensions>
      </trkpt>
      <trkpt lat="51.229307893663645" lon="-0.11923793703317642">
        <ele>90.19999694824219</ele>
        <time>2024-06-16T09:08:23Z</time>
        <extensions>
          <ns3:TrackPointExtension></ns3:TrackPointExtension>
        </extensions>
      </trkpt>
      <trkpt lat="51.229052832350135" lon="-0.11860921047627926">
        <ele>87.0</ele>
        <time>2024-06-16T09:08:27Z</time>
        <extensions>
          <ns3:TrackPointExtension></ns3:TrackPointExtension>
        </extensions>
      </trkpt>
      <trkpt lat="51.228904807940125" lon="-0.11832565069198608">
        <ele>87.0</ele>
        <time>2024-06-16T09:08:29Z</time>
        <extensions>
          <ns3:TrackPointExtension></ns3:TrackPointExtension>
        </extensions>
      </trkpt>
      <trkpt lat="51.228429302573204" lon="-0.11768845841288567">
        <ele>89.0</ele>
        <time>2024-06-16T09:08:35Z</time>
        <extensions>
          <ns3:TrackPointExtension></ns3:TrackPointExtension>
        </extensions>
      </trkpt>
      <trkpt lat="51.22807298786938" lon="-0.11737648397684097">
        <ele>88.0</ele>
        <time>2024-06-16T09:08:39Z</time>
        <extensions>
          <ns3:TrackPointExtension></ns3:TrackPointExtension>
        </extensions>
      </trkpt>
      <trkpt lat="51.22776025906205" lon="-0.11728436686098576">
        <ele>86.80000305175781</ele>
        <time>2024-06-16T09:08:42Z</time>
        <extensions>
          <ns3:TrackPointExtension></ns3:TrackPointExtension>
        </extensions>
      </trkpt>
      <trkpt lat="51.227538138628006" lon="-0.11730817146599293">
        <ele>86.19999694824219</ele>
        <time>2024-06-16T09:08:44Z</time>
        <extensions>
          <ns3:TrackPointExtension></ns3:TrackPointExtension>
        </extensions>
      </trkpt>
      <trkpt lat="51.22588438913226" lon="-0.117724584415555">
        <ele>80.80000305175781</ele>
        <time>2024-06-16T09:08:58Z</time>
        <extensions>
          <ns3:TrackPointExtension></ns3:TrackPointExtension>
        </extensions>
      </trkpt>
      <trkpt lat="51.22447522357106" lon="-0.11813932098448277">
        <ele>78.5999984741211</ele>
        <time>2024-06-16T09:09:12Z</time>
        <extensions>
          <ns3:TrackPointExtension></ns3:TrackPointExtension>
        </extensions>
      </trkpt>
      <trkpt lat="51.223659329116344" lon="-0.11828826740384102">
        <ele>82.0</ele>
        <time>2024-06-16T09:09:21Z</time>
        <extensions>
          <ns3:TrackPointExtension></ns3:TrackPointExtension>
        </extensions>
      </trkpt>
      <trkpt lat="51.222794987261295" lon="-0.11814652942121029">
        <ele>85.4000015258789</ele>
        <time>2024-06-16T09:09:35Z</time>
        <extensions>
          <ns3:TrackPointExtension></ns3:TrackPointExtension>
        </extensions>
      </trkpt>
      <trkpt lat="51.222214456647635" lon="-0.1179684977978468">
        <ele>87.80000305175781</ele>
        <time>2024-06-16T09:09:49Z</time>
        <extensions>
          <ns3:TrackPointExtension></ns3:TrackPointExtension>
        </extensions>
      </trkpt>
      <trkpt lat="51.22181262820959" lon="-0.1178944855928421">
        <ele>89.80000305175781</ele>
        <time>2024-06-16T09:09:59Z</time>
        <extensions>
          <ns3:TrackPointExtension></ns3:TrackPointExtension>
        </extensions>
      </trkpt>
      <trkpt lat="51.221447763964534" lon="-0.11774193495512009">
        <ele>90.5999984741211</ele>
        <time>2024-06-16T09:10:07Z</time>
        <extensions>
          <ns3:TrackPointExtension></ns3:TrackPointExtension>
        </extensions>
      </trkpt>
      <trkpt lat="51.22080654837191" lon="-0.11759801767766476">
        <ele>88.80000305175781</ele>
        <time>2024-06-16T09:10:18Z</time>
        <extensions>
          <ns3:TrackPointExtension></ns3:TrackPointExtension>
        </extensions>
      </trkpt>
      <trkpt lat="51.220305394381285" lon="-0.11752484366297722">
        <ele>85.4000015258789</ele>
        <time>2024-06-16T09:10:24Z</time>
        <extensions>
          <ns3:TrackPointExtension></ns3:TrackPointExtension>
        </extensions>
      </trkpt>
      <trkpt lat="51.21991672553122" lon="-0.11753624305129051">
        <ele>84.4000015258789</ele>
        <time>2024-06-16T09:10:28Z</time>
        <extensions>
          <ns3:TrackPointExtension></ns3:TrackPointExtension>
        </extensions>
      </trkpt>
      <trkpt lat="51.21945412829518" lon="-0.11763699352741241">
        <ele>81.0</ele>
        <time>2024-06-16T09:10:32Z</time>
        <extensions>
          <ns3:TrackPointExtension></ns3:TrackPointExtension>
        </extensions>
      </trkpt>
      <trkpt lat="51.21838199906051" lon="-0.11818458326160908">
        <ele>69.4000015258789</ele>
        <time>2024-06-16T09:10:40Z</time>
        <extensions>
          <ns3:TrackPointExtension></ns3:TrackPointExtension>
        </extensions>
      </trkpt>
      <trkpt lat="51.21684425510466" lon="-0.1188081968575716">
        <ele>69.0</ele>
        <time>2024-06-16T09:10:54Z</time>
        <extensions>
          <ns3:TrackPointExtension></ns3:TrackPointExtension>
        </extensions>
      </trkpt>
      <trkpt lat="51.21598175726831" lon="-0.11907943524420261">
        <ele>63.79999923706055</ele>
        <time>2024-06-16T09:11:02Z</time>
        <extensions>
          <ns3:TrackPointExtension></ns3:TrackPointExtension>
        </extensions>
      </trkpt>
      <trkpt lat="51.215138705447316" lon="-0.11923969723284245">
        <ele>62.79999923706055</ele>
        <time>2024-06-16T09:11:10Z</time>
        <extensions>
          <ns3:TrackPointExtension></ns3:TrackPointExtension>
        </extensions>
      </trkpt>
      <trkpt lat="51.21474517509341" lon="-0.11924891732633114">
        <ele>62.400001525878906</ele>
        <time>2024-06-16T09:11:14Z</time>
        <extensions>
          <ns3:TrackPointExtension></ns3:TrackPointExtension>
        </extensions>
      </trkpt>
      <trkpt lat="51.21437561698258" lon="-0.11919669806957245">
        <ele>63.400001525878906</ele>
        <time>2024-06-16T09:11:18Z</time>
        <extensions>
          <ns3:TrackPointExtension></ns3:TrackPointExtension>
        </extensions>
      </trkpt>
      <trkpt lat="51.212990088388324" lon="-0.11864583939313889">
        <ele>65.0</ele>
        <time>2024-06-16T09:11:36Z</time>
        <extensions>
          <ns3:TrackPointExtension></ns3:TrackPointExtension>
        </extensions>
      </trkpt>
      <trkpt lat="51.21255833655596" lon="-0.11861390434205532">
        <ele>63.79999923706055</ele>
        <time>2024-06-16T09:11:42Z</time>
        <extensions>
          <ns3:TrackPointExtension></ns3:TrackPointExtension>
        </extensions>
      </trkpt>
      <trkpt lat="51.21196296997368" lon="-0.118686743080616">
        <ele>63.599998474121094</ele>
        <time>2024-06-16T09:11:51Z</time>
        <extensions>
          <ns3:TrackPointExtension></ns3:TrackPointExtension>
        </extensions>
      </trkpt>
      <trkpt lat="51.211764235049486" lon="-0.11874566785991192">
        <ele>64.80000305175781</ele>
        <time>2024-06-16T09:11:54Z</time>
        <extensions>
          <ns3:TrackPointExtension></ns3:TrackPointExtension>
        </extensions>
      </trkpt>
      <trkpt lat="51.2115631531924" lon="-0.11887290515005589">
        <ele>66.0</ele>
        <time>2024-06-16T09:11:57Z</time>
        <extensions>
          <ns3:TrackPointExtension></ns3:TrackPointExtension>
        </extensions>
      </trkpt>
      <trkpt lat="51.21104221791029" lon="-0.11934204027056694">
        <ele>68.0</ele>
        <time>2024-06-16T09:12:06Z</time>
        <extensions>
          <ns3:TrackPointExtension></ns3:TrackPointExtension>
        </extensions>
      </trkpt>
      <trkpt lat="51.21064994484186" lon="-0.11960724368691444">
        <ele>67.0</ele>
        <time>2024-06-16T09:12:14Z</time>
        <extensions>
          <ns3:TrackPointExtension></ns3:TrackPointExtension>
        </extensions>
      </trkpt>
      <trkpt lat="51.209908397868276" lon="-0.11987345293164253">
        <ele>67.0</ele>
        <time>2024-06-16T09:12:26Z</time>
        <extensions>
          <ns3:TrackPointExtension></ns3:TrackPointExtension>
        </extensions>
      </trkpt>
      <trkpt lat="51.20914245955646" lon="-0.12030436657369137">
        <ele>66.5999984741211</ele>
        <time>2024-06-16T09:12:39Z</time>
        <extensions>
          <ns3:TrackPointExtension></ns3:TrackPointExtension>
        </extensions>
      </trkpt>
      <trkpt lat="51.2083029281348" lon="-0.1206611841917038">
        <ele>69.80000305175781</ele>
        <time>2024-06-16T09:12:54Z</time>
        <extensions>
          <ns3:TrackPointExtension></ns3:TrackPointExtension>
        </extensions>
      </trkpt>
      <trkpt lat="51.20730481110513" lon="-0.12126116082072258">
        <ele>71.5999984741211</ele>
        <time>2024-06-16T09:13:14Z</time>
        <extensions>
          <ns3:TrackPointExtension></ns3:TrackPointExtension>
        </extensions>
      </trkpt>
      <trkpt lat="51.20672604069114" lon="-0.12151312083005905">
        <ele>72.4000015258789</ele>
        <time>2024-06-16T09:13:27Z</time>
        <extensions>
          <ns3:TrackPointExtension></ns3:TrackPointExtension>
        </extensions>
      </trkpt>
      <trkpt lat="51.205677296966314" lon="-0.12172291986644268">
        <ele>79.5999984741211</ele>
        <time>2024-06-16T09:13:59Z</time>
        <extensions>
          <ns3:TrackPointExtension></ns3:TrackPointExtension>
        </extensions>
      </trkpt>
      <trkpt lat="51.20510933920741" lon="-0.12178628705441952">
        <ele>81.4000015258789</ele>
        <time>2024-06-16T09:14:14Z</time>
        <extensions>
          <ns3:TrackPointExtension></ns3:TrackPointExtension>
        </extensions>
      </trkpt>
      <trkpt lat="51.20433912612498" lon="-0.12183330953121185">
        <ele>83.0</ele>
        <time>2024-06-16T09:14:34Z</time>
        <extensions>
          <ns3:TrackPointExtension></ns3:TrackPointExtension>
        </extensions>
      </trkpt>
      <trkpt lat="51.20372548699379" lon="-0.12176600284874439">
        <ele>82.4000015258789</ele>
        <time>2024-06-16T09:14:45Z</time>
        <extensions>
          <ns3:TrackPointExtension></ns3:TrackPointExtension>
        </extensions>
      </trkpt>
      <trkpt lat="51.203143279999495" lon="-0.12177354656159878">
        <ele>83.5999984741211</ele>
        <time>2024-06-16T09:14:54Z</time>
        <extensions>
          <ns3:TrackPointExtension></ns3:TrackPointExtension>
        </extensions>
      </trkpt>
      <trkpt lat="51.20257725007832" lon="-0.1218994427472353">
        <ele>87.19999694824219</ele>
        <time>2024-06-16T09:15:03Z</time>
        <extensions>
          <ns3:TrackPointExtension></ns3:TrackPointExtension>
        </extensions>
      </trkpt>
      <trkpt lat="51.20193720795214" lon="-0.12210815213620663">
        <ele>82.80000305175781</ele>
        <time>2024-06-16T09:15:14Z</time>
        <extensions>
          <ns3:TrackPointExtension></ns3:TrackPointExtension>
        </extensions>
      </trkpt>
      <trkpt lat="51.20136011391878" lon="-0.12217193841934204">
        <ele>82.19999694824219</ele>
        <time>2024-06-16T09:15:23Z</time>
        <extensions>
          <ns3:TrackPointExtension></ns3:TrackPointExtension>
        </extensions>
      </trkpt>
      <trkpt lat="51.20098385028541" lon="-0.12218291871249676">
        <ele>82.0</ele>
        <time>2024-06-16T09:15:29Z</time>
        <extensions>
          <ns3:TrackPointExtension></ns3:TrackPointExtension>
        </extensions>
      </trkpt>
      <trkpt lat="51.19973536580801" lon="-0.12209541164338589">
        <ele>85.5999984741211</ele>
        <time>2024-06-16T09:15:51Z</time>
        <extensions>
          <ns3:TrackPointExtension></ns3:TrackPointExtension>
        </extensions>
      </trkpt>
      <trkpt lat="51.19774214923382" lon="-0.12271961197257042">
        <ele>82.19999694824219</ele>
        <time>2024-06-16T09:16:36Z</time>
        <extensions>
          <ns3:TrackPointExtension></ns3:TrackPointExtension>
        </extensions>
      </trkpt>
      <trkpt lat="51.19717578403652" lon="-0.12295883148908615">
        <ele>82.80000305175781</ele>
        <time>2024-06-16T09:16:48Z</time>
        <extensions>
          <ns3:TrackPointExtension></ns3:TrackPointExtension>
        </extensions>
      </trkpt>
      <trkpt lat="51.196683095768094" lon="-0.12308388948440552">
        <ele>85.0</ele>
        <time>2024-06-16T09:16:58Z</time>
        <extensions>
          <ns3:TrackPointExtension></ns3:TrackPointExtension>
        </extensions>
      </trkpt>
      <trkpt lat="51.19627992622554" lon="-0.12298833578824997">
        <ele>84.19999694824219</ele>
        <time>2024-06-16T09:17:06Z</time>
        <extensions>
          <ns3:TrackPointExtension></ns3:TrackPointExtension>
        </extensions>
      </trkpt>
      <trkpt lat="51.19609150104225" lon="-0.12281768023967743">
        <ele>83.80000305175781</ele>
        <time>2024-06-16T09:17:10Z</time>
        <extensions>
          <ns3:TrackPointExtension></ns3:TrackPointExtension>
        </extensions>
      </trkpt>
      <trkpt lat="51.195247611030936" lon="-0.12185116298496723">
        <ele>85.80000305175781</ele>
        <time>2024-06-16T09:17:30Z</time>
        <extensions>
          <ns3:TrackPointExtension></ns3:TrackPointExtension>
        </extensions>
      </trkpt>
      <trkpt lat="51.193449944257736" lon="-0.12037787586450577">
        <ele>93.5999984741211</ele>
        <time>2024-06-16T09:18:10Z</time>
        <extensions>
          <ns3:TrackPointExtension></ns3:TrackPointExtension>
        </extensions>
      </trkpt>
      <trkpt lat="51.192826330661774" lon="-0.11977840214967728">
        <ele>97.5999984741211</ele>
        <time>2024-06-16T09:18:25Z</time>
        <extensions>
          <ns3:TrackPointExtension></ns3:TrackPointExtension>
        </extensions>
      </trkpt>
      <trkpt lat="51.192274801433086" lon="-0.1198068168014288">
        <ele>97.4000015258789</ele>
        <time>2024-06-16T09:18:36Z</time>
        <extensions>
          <ns3:TrackPointExtension></ns3:TrackPointExtension>
        </extensions>
      </trkpt>
      <trkpt lat="51.190859684720635" lon="-0.12010705657303333">
        <ele>91.4000015258789</ele>
        <time>2024-06-16T09:18:55Z</time>
        <extensions>
          <ns3:TrackPointExtension></ns3:TrackPointExtension>
        </extensions>
      </trkpt>
      <trkpt lat="51.19003130123019" lon="-0.12023546732962132">
        <ele>91.19999694824219</ele>
        <time>2024-06-16T09:19:04Z</time>
        <extensions>
          <ns3:TrackPointExtension></ns3:TrackPointExtension>
        </extensions>
      </trkpt>
      <trkpt lat="51.189670292660594" lon="-0.12035692110657692">
        <ele>89.80000305175781</ele>
        <time>2024-06-16T09:19:08Z</time>
        <extensions>
          <ns3:TrackPointExtension></ns3:TrackPointExtension>
        </extensions>
      </trkpt>
      <trkpt lat="51.18906755000353" lon="-0.12065917253494263">
        <ele>82.19999694824219</ele>
        <time>2024-06-16T09:19:14Z</time>
        <extensions>
          <ns3:TrackPointExtension></ns3:TrackPointExtension>
        </extensions>
      </trkpt>
      <trkpt lat="51.188373947516084" lon="-0.12092881835997105">
        <ele>75.80000305175781</ele>
        <time>2024-06-16T09:19:20Z</time>
        <extensions>
          <ns3:TrackPointExtension></ns3:TrackPointExtension>
        </extensions>
      </trkpt>
      <trkpt lat="51.1881260946393" lon="-0.1209966279566288">
        <ele>74.5999984741211</ele>
        <time>2024-06-16T09:19:22Z</time>
        <extensions>
          <ns3:TrackPointExtension></ns3:TrackPointExtension>
        </extensions>
      </trkpt>
      <trkpt lat="51.18791135028005" lon="-0.12092412449419498">
        <ele>74.19999694824219</ele>
        <time>2024-06-16T09:19:24Z</time>
        <extensions>
          <ns3:TrackPointExtension></ns3:TrackPointExtension>
        </extensions>
      </trkpt>
      <trkpt lat="51.187749579548836" lon="-0.12074659578502178">
        <ele>74.19999694824219</ele>
        <time>2024-06-16T09:19:26Z</time>
        <extensions>
          <ns3:TrackPointExtension></ns3:TrackPointExtension>
        </extensions>
      </trkpt>
      <trkpt lat="51.18748781271279" lon="-0.12030269019305706">
        <ele>73.19999694824219</ele>
        <time>2024-06-16T09:19:30Z</time>
        <extensions>
          <ns3:TrackPointExtension></ns3:TrackPointExtension>
        </extensions>
      </trkpt>
      <trkpt lat="51.186257265508175" lon="-0.11810353025794029">
        <ele>70.80000305175781</ele>
        <time>2024-06-16T09:19:50Z</time>
        <extensions>
          <ns3:TrackPointExtension></ns3:TrackPointExtension>
        </extensions>
      </trkpt>
      <trkpt lat="51.18596540763974" lon="-0.11735879816114902">
        <ele>73.0</ele>
        <time>2024-06-16T09:19:56Z</time>
        <extensions>
          <ns3:TrackPointExtension></ns3:TrackPointExtension>
        </extensions>
      </trkpt>
      <trkpt lat="51.18559258058667" lon="-0.11604552157223225">
        <ele>72.80000305175781</ele>
        <time>2024-06-16T09:20:06Z</time>
        <extensions>
          <ns3:TrackPointExtension></ns3:TrackPointExtension>
        </extensions>
      </trkpt>
      <trkpt lat="51.185083128511906" lon="-0.11475839652121067">
        <ele>73.19999694824219</ele>
        <time>2024-06-16T09:20:18Z</time>
        <extensions>
          <ns3:TrackPointExtension></ns3:TrackPointExtension>
        </extensions>
      </trkpt>
      <trkpt lat="51.184487929567695" lon="-0.11357780545949936">
        <ele>70.80000305175781</ele>
        <time>2024-06-16T09:20:30Z</time>
        <extensions>
          <ns3:TrackPointExtension></ns3:TrackPointExtension>
        </extensions>
      </trkpt>
      <trkpt lat="51.184363374486566" lon="-0.11341368779540062">
        <ele>71.0</ele>
        <time>2024-06-16T09:20:32Z</time>
        <extensions>
          <ns3:TrackPointExtension></ns3:TrackPointExtension>
        </extensions>
      </trkpt>
      <trkpt lat="51.18413488380611" lon="-0.1132763922214508">
        <ele>70.80000305175781</ele>
        <time>2024-06-16T09:20:35Z</time>
        <extensions>
          <ns3:TrackPointExtension></ns3:TrackPointExtension>
        </extensions>
      </trkpt>
      <trkpt lat="51.18380664847791" lon="-0.11325359344482422">
        <ele>69.80000305175781</ele>
        <time>2024-06-16T09:20:39Z</time>
        <extensions>
          <ns3:TrackPointExtension></ns3:TrackPointExtension>
        </extensions>
      </trkpt>
      <trkpt lat="51.18232171051204" lon="-0.11345014907419682">
        <ele>69.5999984741211</ele>
        <time>2024-06-16T09:20:57Z</time>
        <extensions>
          <ns3:TrackPointExtension></ns3:TrackPointExtension>
        </extensions>
      </trkpt>
      <trkpt lat="51.18138385936618" lon="-0.11320791207253933">
        <ele>68.19999694824219</ele>
        <time>2024-06-16T09:21:09Z</time>
        <extensions>
          <ns3:TrackPointExtension></ns3:TrackPointExtension>
        </extensions>
      </trkpt>
      <trkpt lat="51.180876921862364" lon="-0.11317161843180656">
        <ele>68.5999984741211</ele>
        <time>2024-06-16T09:21:16Z</time>
        <extensions>
          <ns3:TrackPointExtension></ns3:TrackPointExtension>
        </extensions>
      </trkpt>
      <trkpt lat="51.180307203903794" lon="-0.11364595033228397">
        <ele>70.0</ele>
        <time>2024-06-16T09:21:26Z</time>
        <extensions>
          <ns3:TrackPointExtension></ns3:TrackPointExtension>
        </extensions>
      </trkpt>
      <trkpt lat="51.179300621151924" lon="-0.11430468410253525">
        <ele>65.5999984741211</ele>
        <time>2024-06-16T09:21:39Z</time>
        <extensions>
          <ns3:TrackPointExtension></ns3:TrackPointExtension>
        </extensions>
      </trkpt>
      <trkpt lat="51.17878966033459" lon="-0.114578353241086">
        <ele>62.0</ele>
        <time>2024-06-16T09:21:45Z</time>
        <extensions>
          <ns3:TrackPointExtension></ns3:TrackPointExtension>
        </extensions>
      </trkpt>
      <trkpt lat="51.17736792191863" lon="-0.11521345004439354">
        <ele>60.0</ele>
        <time>2024-06-16T09:22:01Z</time>
        <extensions>
          <ns3:TrackPointExtension></ns3:TrackPointExtension>
        </extensions>
      </trkpt>
      <trkpt lat="51.17289491929114" lon="-0.11606144718825817">
        <ele>58.0</ele>
        <time>2024-06-16T09:23:00Z</time>
        <extensions>
          <ns3:TrackPointExtension></ns3:TrackPointExtension>
        </extensions>
      </trkpt>
      <trkpt lat="51.16921610198915" lon="-0.11529115028679371">
        <ele>62.400001525878906</ele>
        <time>2024-06-16T09:23:59Z</time>
        <extensions>
          <ns3:TrackPointExtension></ns3:TrackPointExtension>
        </extensions>
      </trkpt>
      <trkpt lat="51.168552758172154" lon="-0.11519358493387699">
        <ele>63.79999923706055</ele>
        <time>2024-06-16T09:24:10Z</time>
        <extensions>
          <ns3:TrackPointExtension></ns3:TrackPointExtension>
        </extensions>
      </trkpt>
      <trkpt lat="51.16766947321594" lon="-0.11514346115291119">
        <ele>66.80000305175781</ele>
        <time>2024-06-16T09:24:26Z</time>
        <extensions>
          <ns3:TrackPointExtension></ns3:TrackPointExtension>
        </extensions>
      </trkpt>
      <trkpt lat="51.166064674034715" lon="-0.11481924913823605">
        <ele>67.5999984741211</ele>
        <time>2024-06-16T09:24:56Z</time>
        <extensions>
          <ns3:TrackPointExtension></ns3:TrackPointExtension>
        </extensions>
      </trkpt>
      <trkpt lat="51.16519136354327" lon="-0.11472126469016075">
        <ele>67.0</ele>
        <time>2024-06-16T09:25:12Z</time>
        <extensions>
          <ns3:TrackPointExtension></ns3:TrackPointExtension>
        </extensions>
      </trkpt>
      <trkpt lat="51.164840664714575" lon="-0.11473274789750576">
        <ele>67.0</ele>
        <time>2024-06-16T09:25:18Z</time>
        <extensions>
          <ns3:TrackPointExtension></ns3:TrackPointExtension>
        </extensions>
      </trkpt>
      <trkpt lat="51.16465416736901" lon="-0.11468564160168171">
        <ele>67.0</ele>
        <time>2024-06-16T09:25:21Z</time>
        <extensions>
          <ns3:TrackPointExtension></ns3:TrackPointExtension>
        </extensions>
      </trkpt>
      <trkpt lat="51.16445694118738" lon="-0.11457005515694618">
        <ele>66.80000305175781</ele>
        <time>2024-06-16T09:25:24Z</time>
        <extensions>
          <ns3:TrackPointExtension></ns3:TrackPointExtension>
        </extensions>
      </trkpt>
      <trkpt lat="51.16394245997071" lon="-0.11390478350222111">
        <ele>67.0</ele>
        <time>2024-06-16T09:25:34Z</time>
        <extensions>
          <ns3:TrackPointExtension></ns3:TrackPointExtension>
        </extensions>
      </trkpt>
      <trkpt lat="51.163621097803116" lon="-0.1136433519423008">
        <ele>68.80000305175781</ele>
        <time>2024-06-16T09:25:40Z</time>
        <extensions>
          <ns3:TrackPointExtension></ns3:TrackPointExtension>
        </extensions>
      </trkpt>
      <trkpt lat="51.16316847503185" lon="-0.11343363672494888">
        <ele>69.80000305175781</ele>
        <time>2024-06-16T09:25:48Z</time>
        <extensions>
          <ns3:TrackPointExtension></ns3:TrackPointExtension>
        </extensions>
      </trkpt>
      <trkpt lat="51.162250488996506" lon="-0.11324403807520866">
        <ele>66.4000015258789</ele>
        <time>2024-06-16T09:26:00Z</time>
        <extensions>
          <ns3:TrackPointExtension></ns3:TrackPointExtension>
        </extensions>
      </trkpt>
      <trkpt lat="51.16173022426665" lon="-0.11319953016936779">
        <ele>66.0</ele>
        <time>2024-06-16T09:26:06Z</time>
        <extensions>
          <ns3:TrackPointExtension></ns3:TrackPointExtension>
        </extensions>
      </trkpt>
      <trkpt lat="51.15924255922437" lon="-0.11351519264280796">
        <ele>63.400001525878906</ele>
        <time>2024-06-16T09:26:39Z</time>
        <extensions>
          <ns3:TrackPointExtension></ns3:TrackPointExtension>
        </extensions>
      </trkpt>
      <trkpt lat="51.158375116065145" lon="-0.1135600358247757">
        <ele>67.5999984741211</ele>
        <time>2024-06-16T09:26:51Z</time>
        <extensions>
          <ns3:TrackPointExtension></ns3:TrackPointExtension>
        </extensions>
      </trkpt>
      <trkpt lat="51.158022824674845" lon="-0.1134157832711935">
        <ele>68.4000015258789</ele>
        <time>2024-06-16T09:26:56Z</time>
        <extensions>
          <ns3:TrackPointExtension></ns3:TrackPointExtension>
        </extensions>
      </trkpt>
      <trkpt lat="51.15705697797239" lon="-0.11281052604317665">
        <ele>69.0</ele>
        <time>2024-06-16T09:27:12Z</time>
        <extensions>
          <ns3:TrackPointExtension></ns3:TrackPointExtension>
        </extensions>
      </trkpt>
      <trkpt lat="51.156634110957384" lon="-0.11261698789894581">
        <ele>67.19999694824219</ele>
        <time>2024-06-16T09:27:19Z</time>
        <extensions>
          <ns3:TrackPointExtension></ns3:TrackPointExtension>
        </extensions>
      </trkpt>
      <trkpt lat="51.154317604377866" lon="-0.11099877767264843">
        <ele>65.0</ele>
        <time>2024-06-16T09:27:55Z</time>
        <extensions>
          <ns3:TrackPointExtension></ns3:TrackPointExtension>
        </extensions>
      </trkpt>
      <trkpt lat="51.153768841177225" lon="-0.11084698140621185">
        <ele>65.0</ele>
        <time>2024-06-16T09:28:04Z</time>
        <extensions>
          <ns3:TrackPointExtension></ns3:TrackPointExtension>
        </extensions>
      </trkpt>
      <trkpt lat="51.15316693671048" lon="-0.11091504245996475">
        <ele>65.0</ele>
        <time>2024-06-16T09:28:16Z</time>
        <extensions>
          <ns3:TrackPointExtension></ns3:TrackPointExtension>
        </extensions>
      </trkpt>
      <trkpt lat="51.15299862809479" lon="-0.11076056398451328">
        <ele>65.0</ele>
        <time>2024-06-16T09:28:21Z</time>
        <extensions>
          <ns3:TrackPointExtension></ns3:TrackPointExtension>
        </extensions>
      </trkpt>
      <trkpt lat="51.15290801972151" lon="-0.11061321012675762">
        <ele>65.19999694824219</ele>
        <time>2024-06-16T09:28:24Z</time>
        <extensions>
          <ns3:TrackPointExtension></ns3:TrackPointExtension>
        </extensions>
      </trkpt>
      <trkpt lat="51.15240326151252" lon="-0.10917906649410725">
        <ele>66.0</ele>
        <time>2024-06-16T09:28:42Z</time>
        <extensions>
          <ns3:TrackPointExtension></ns3:TrackPointExtension>
        </extensions>
      </trkpt>
      <trkpt lat="51.152039151638746" lon="-0.10832687839865685">
        <ele>66.5999984741211</ele>
        <time>2024-06-16T09:28:54Z</time>
        <extensions>
          <ns3:TrackPointExtension></ns3:TrackPointExtension>
        </extensions>
      </trkpt>
      <trkpt lat="51.151340352371335" lon="-0.10647598654031754">
        <ele>69.19999694824219</ele>
        <time>2024-06-16T09:29:13Z</time>
        <extensions>
          <ns3:TrackPointExtension></ns3:TrackPointExtension>
        </extensions>
      </trkpt>
      <trkpt lat="51.15064297802746" lon="-0.10477772913873196">
        <ele>68.0</ele>
        <time>2024-06-16T09:29:31Z</time>
        <extensions>
          <ns3:TrackPointExtension></ns3:TrackPointExtension>
        </extensions>
      </trkpt>
      <trkpt lat="51.14962516352534" lon="-0.10206886567175388">
        <ele>72.80000305175781</ele>
        <time>2024-06-16T09:30:09Z</time>
        <extensions>
          <ns3:TrackPointExtension></ns3:TrackPointExtension>
        </extensions>
      </trkpt>
      <trkpt lat="51.148315742611885" lon="-0.09896739386022091">
        <ele>76.4000015258789</ele>
        <time>2024-06-16T09:30:57Z</time>
        <extensions>
          <ns3:TrackPointExtension></ns3:TrackPointExtension>
        </extensions>
      </trkpt>
      <trkpt lat="51.147993793711066" lon="-0.09807346388697624">
        <ele>78.0</ele>
        <time>2024-06-16T09:31:09Z</time>
        <extensions>
          <ns3:TrackPointExtension></ns3:TrackPointExtension>
        </extensions>
      </trkpt>
      <trkpt lat="51.147098522633314" lon="-0.09580540470778942">
        <ele>78.0</ele>
        <time>2024-06-16T09:31:41Z</time>
        <extensions>
          <ns3:TrackPointExtension></ns3:TrackPointExtension>
        </extensions>
      </trkpt>
      <trkpt lat="51.14688880741596" lon="-0.09533325210213661">
        <ele>78.80000305175781</ele>
        <time>2024-06-16T09:31:49Z</time>
        <extensions>
          <ns3:TrackPointExtension></ns3:TrackPointExtension>
        </extensions>
      </trkpt>
      <trkpt lat="51.14608674310148" lon="-0.0939087476581335">
        <ele>84.4000015258789</ele>
        <time>2024-06-16T09:32:13Z</time>
        <extensions>
          <ns3:TrackPointExtension></ns3:TrackPointExtension>
        </extensions>
      </trkpt>
      <trkpt lat="51.145610734820366" lon="-0.09285296313464642">
        <ele>86.19999694824219</ele>
        <time>2024-06-16T09:32:33Z</time>
        <extensions>
          <ns3:TrackPointExtension></ns3:TrackPointExtension>
        </extensions>
      </trkpt>
      <trkpt lat="51.1451908852905" lon="-0.09209465235471725">
        <ele>85.0</ele>
        <time>2024-06-16T09:32:46Z</time>
        <extensions>
          <ns3:TrackPointExtension></ns3:TrackPointExtension>
        </extensions>
      </trkpt>
      <trkpt lat="51.144699957221746" lon="-0.09098044596612453">
        <ele>88.80000305175781</ele>
        <time>2024-06-16T09:33:02Z</time>
        <extensions>
          <ns3:TrackPointExtension></ns3:TrackPointExtension>
        </extensions>
      </trkpt>
      <trkpt lat="51.14450566470623" lon="-0.09084893390536308">
        <ele>88.4000015258789</ele>
        <time>2024-06-16T09:33:06Z</time>
        <extensions>
          <ns3:TrackPointExtension></ns3:TrackPointExtension>
        </extensions>
      </trkpt>
      <trkpt lat="51.144152116030455" lon="-0.09109100326895714">
        <ele>89.0</ele>
        <time>2024-06-16T09:33:13Z</time>
        <extensions>
          <ns3:TrackPointExtension></ns3:TrackPointExtension>
        </extensions>
      </trkpt>
      <trkpt lat="51.14350461401045" lon="-0.09136676788330078">
        <ele>91.4000015258789</ele>
        <time>2024-06-16T09:33:27Z</time>
        <extensions>
          <ns3:TrackPointExtension></ns3:TrackPointExtension>
        </extensions>
      </trkpt>
      <trkpt lat="51.142628118395805" lon="-0.09184042923152447">
        <ele>96.4000015258789</ele>
        <time>2024-06-16T09:33:45Z</time>
        <extensions>
          <ns3:TrackPointExtension></ns3:TrackPointExtension>
        </extensions>
      </trkpt>
      <trkpt lat="51.14108232781291" lon="-0.09251642972230911">
        <ele>98.19999694824219</ele>
        <time>2024-06-16T09:34:20Z</time>
        <extensions>
          <ns3:TrackPointExtension></ns3:TrackPointExtension>
        </extensions>
      </trkpt>
      <trkpt lat="51.1396305821836" lon="-0.09300978854298592">
        <ele>100.4000015258789</ele>
        <time>2024-06-16T09:34:57Z</time>
        <extensions>
          <ns3:TrackPointExtension></ns3:TrackPointExtension>
        </extensions>
      </trkpt>
      <trkpt lat="51.13880429416895" lon="-0.09314892813563347">
        <ele>101.4000015258789</ele>
        <time>2024-06-16T09:35:17Z</time>
        <extensions>
          <ns3:TrackPointExtension></ns3:TrackPointExtension>
        </extensions>
      </trkpt>
      <trkpt lat="51.13707963377237" lon="-0.09308304637670517">
        <ele>98.4000015258789</ele>
        <time>2024-06-16T09:35:45Z</time>
        <extensions>
          <ns3:TrackPointExtension></ns3:TrackPointExtension>
        </extensions>
      </trkpt>
      <trkpt lat="51.13691727630794" lon="-0.09303510189056396">
        <ele>97.5999984741211</ele>
        <time>2024-06-16T09:35:48Z</time>
        <extensions>
          <ns3:TrackPointExtension></ns3:TrackPointExtension>
        </extensions>
      </trkpt>
      <trkpt lat="51.136604296043515" lon="-0.0927309226244688">
        <ele>96.19999694824219</ele>
        <time>2024-06-16T09:35:57Z</time>
        <extensions>
          <ns3:TrackPointExtension></ns3:TrackPointExtension>
        </extensions>
      </trkpt>
      <trkpt lat="51.136279413476586" lon="-0.09284399449825287">
        <ele>96.5999984741211</ele>
        <time>2024-06-16T09:36:02Z</time>
        <extensions>
          <ns3:TrackPointExtension></ns3:TrackPointExtension>
        </extensions>
      </trkpt>
      <trkpt lat="51.13608512096107" lon="-0.09279261343181133">
        <ele>97.4000015258789</ele>
        <time>2024-06-16T09:36:05Z</time>
        <extensions>
          <ns3:TrackPointExtension></ns3:TrackPointExtension>
        </extensions>
      </trkpt>
      <trkpt lat="51.13520720042288" lon="-0.09239279665052891">
        <ele>101.0</ele>
        <time>2024-06-16T09:36:18Z</time>
        <extensions>
          <ns3:TrackPointExtension></ns3:TrackPointExtension>
        </extensions>
      </trkpt>
      <trkpt lat="51.134530613198876" lon="-0.09222155436873436">
        <ele>98.5999984741211</ele>
        <time>2024-06-16T09:36:27Z</time>
        <extensions>
          <ns3:TrackPointExtension></ns3:TrackPointExtension>
        </extensions>
      </trkpt>
      <trkpt lat="51.133700888603926" lon="-0.09217738173902035">
        <ele>101.0</ele>
        <time>2024-06-16T09:36:40Z</time>
        <extensions>
          <ns3:TrackPointExtension></ns3:TrackPointExtension>
        </extensions>
      </trkpt>
      <trkpt lat="51.13265046849847" lon="-0.09233403950929642">
        <ele>102.19999694824219</ele>
        <time>2024-06-16T09:36:59Z</time>
        <extensions>
          <ns3:TrackPointExtension></ns3:TrackPointExtension>
        </extensions>
      </trkpt>
      <trkpt lat="51.13225970417261" lon="-0.09231048636138439">
        <ele>103.0</ele>
        <time>2024-06-16T09:37:08Z</time>
        <extensions>
          <ns3:TrackPointExtension></ns3:TrackPointExtension>
        </extensions>
      </trkpt>
      <trkpt lat="51.12996800802648" lon="-0.0913445558398962">
        <ele>115.4000015258789</ele>
        <time>2024-06-16T09:38:13Z</time>
        <extensions>
          <ns3:TrackPointExtension></ns3:TrackPointExtension>
        </extensions>
      </trkpt>
      <trkpt lat="51.12941329367459" lon="-0.09097675792872906">
        <ele>115.0</ele>
        <time>2024-06-16T09:38:29Z</time>
        <extensions>
          <ns3:TrackPointExtension></ns3:TrackPointExtension>
        </extensions>
      </trkpt>
      <trkpt lat="51.12701665610075" lon="-0.08959047496318817">
        <ele>120.4000015258789</ele>
        <time>2024-06-16T09:39:35Z</time>
        <extensions>
          <ns3:TrackPointExtension></ns3:TrackPointExtension>
        </extensions>
      </trkpt>
      <trkpt lat="51.126486752182245" lon="-0.08931529708206654">
        <ele>122.0</ele>
        <time>2024-06-16T09:39:49Z</time>
        <extensions>
          <ns3:TrackPointExtension></ns3:TrackPointExtension>
        </extensions>
      </trkpt>
      <trkpt lat="51.12555015832186" lon="-0.08895143866539001">
        <ele>122.5999984741211</ele>
        <time>2024-06-16T09:40:12Z</time>
        <extensions>
          <ns3:TrackPointExtension></ns3:TrackPointExtension>
        </extensions>
      </trkpt>
      <trkpt lat="51.12500851973891" lon="-0.08843737654387951">
        <ele>122.4000015258789</ele>
        <time>2024-06-16T09:40:27Z</time>
        <extensions>
          <ns3:TrackPointExtension></ns3:TrackPointExtension>
        </extensions>
      </trkpt>
      <trkpt lat="51.124356323853135" lon="-0.0877000205218792">
        <ele>122.80000305175781</ele>
        <time>2024-06-16T09:40:45Z</time>
        <extensions>
          <ns3:TrackPointExtension></ns3:TrackPointExtension>
        </extensions>
      </trkpt>
      <trkpt lat="51.1237158626318" lon="-0.08686183020472527">
        <ele>126.19999694824219</ele>
        <time>2024-06-16T09:41:04Z</time>
        <extensions>
          <ns3:TrackPointExtension></ns3:TrackPointExtension>
        </extensions>
      </trkpt>
      <trkpt lat="51.122507862746716" lon="-0.0855682510882616">
        <ele>130.0</ele>
        <time>2024-06-16T09:41:37Z</time>
        <extensions>
          <ns3:TrackPointExtension></ns3:TrackPointExtension>
        </extensions>
      </trkpt>
      <trkpt lat="51.12181325443089" lon="-0.08496190421283245">
        <ele>131.1999969482422</ele>
        <time>2024-06-16T09:41:54Z</time>
        <extensions>
          <ns3:TrackPointExtension></ns3:TrackPointExtension>
        </extensions>
      </trkpt>
      <trkpt lat="51.1212326399982" lon="-0.08461682125926018">
        <ele>132.0</ele>
        <time>2024-06-16T09:42:06Z</time>
        <extensions>
          <ns3:TrackPointExtension></ns3:TrackPointExtension>
        </extensions>
      </trkpt>
      <trkpt lat="51.120418505743146" lon="-0.08405137807130814">
        <ele>129.1999969482422</ele>
        <time>2024-06-16T09:42:22Z</time>
        <extensions>
          <ns3:TrackPointExtension></ns3:TrackPointExtension>
        </extensions>
      </trkpt>
      <trkpt lat="51.119833113625646" lon="-0.08376723155379295">
        <ele>129.0</ele>
        <time>2024-06-16T09:42:34Z</time>
        <extensions>
          <ns3:TrackPointExtension></ns3:TrackPointExtension>
        </extensions>
      </trkpt>
      <trkpt lat="51.11849796026945" lon="-0.08382942527532578">
        <ele>134.0</ele>
        <time>2024-06-16T09:43:03Z</time>
        <extensions>
          <ns3:TrackPointExtension></ns3:TrackPointExtension>
        </extensions>
      </trkpt>
      <trkpt lat="51.11829277127981" lon="-0.08387007750570774">
        <ele>132.8000030517578</ele>
        <time>2024-06-16T09:43:07Z</time>
        <extensions>
          <ns3:TrackPointExtension></ns3:TrackPointExtension>
        </extensions>
      </trkpt>
      <trkpt lat="51.11786722205579" lon="-0.08409278467297554">
        <ele>131.8000030517578</ele>
        <time>2024-06-16T09:43:15Z</time>
        <extensions>
          <ns3:TrackPointExtension></ns3:TrackPointExtension>
        </extensions>
      </trkpt>
      <trkpt lat="51.11711720936" lon="-0.08467759005725384">
        <ele>128.39999389648438</ele>
        <time>2024-06-16T09:43:27Z</time>
        <extensions>
          <ns3:TrackPointExtension></ns3:TrackPointExtension>
        </extensions>
      </trkpt>
      <trkpt lat="51.116316486150026" lon="-0.08538451977074146">
        <ele>123.19999694824219</ele>
        <time>2024-06-16T09:43:37Z</time>
        <extensions>
          <ns3:TrackPointExtension></ns3:TrackPointExtension>
        </extensions>
      </trkpt>
      <trkpt lat="51.114163007587194" lon="-0.08745250292122364">
        <ele>123.19999694824219</ele>
        <time>2024-06-16T09:44:17Z</time>
        <extensions>
          <ns3:TrackPointExtension></ns3:TrackPointExtension>
        </extensions>
      </trkpt>
      <trkpt lat="51.11291225999594" lon="-0.08857039734721184">
        <ele>122.80000305175781</ele>
        <time>2024-06-16T09:44:41Z</time>
        <extensions>
          <ns3:TrackPointExtension></ns3:TrackPointExtension>
        </extensions>
      </trkpt>
      <trkpt lat="51.11196527257562" lon="-0.08929283358156681">
        <ele>126.5999984741211</ele>
        <time>2024-06-16T09:45:02Z</time>
        <extensions>
          <ns3:TrackPointExtension></ns3:TrackPointExtension>
        </extensions>
      </trkpt>
      <trkpt lat="51.11104778945446" lon="-0.08990504778921604">
        <ele>127.0</ele>
        <time>2024-06-16T09:46:44Z</time>
        <extensions>
          <ns3:TrackPointExtension></ns3:TrackPointExtension>
        </extensions>
      </trkpt>
      <trkpt lat="51.1108213942498" lon="-0.09001091122627258">
        <ele>128.39999389648438</ele>
        <time>2024-06-16T09:46:49Z</time>
        <extensions>
          <ns3:TrackPointExtension></ns3:TrackPointExtension>
        </extensions>
      </trkpt>
      <trkpt lat="51.11039291135967" lon="-0.09000060148537159">
        <ele>127.80000305175781</ele>
        <time>2024-06-16T09:46:57Z</time>
        <extensions>
          <ns3:TrackPointExtension></ns3:TrackPointExtension>
        </extensions>
      </trkpt>
      <trkpt lat="51.109469728544354" lon="-0.09012649767100811">
        <ele>126.80000305175781</ele>
        <time>2024-06-16T09:47:13Z</time>
        <extensions>
          <ns3:TrackPointExtension></ns3:TrackPointExtension>
        </extensions>
      </trkpt>
      <trkpt lat="51.10904535278678" lon="-0.0900840014219284">
        <ele>126.4000015258789</ele>
        <time>2024-06-16T09:47:20Z</time>
        <extensions>
          <ns3:TrackPointExtension></ns3:TrackPointExtension>
        </extensions>
      </trkpt>
      <trkpt lat="51.10870638862252" lon="-0.08984805084764957">
        <ele>125.0</ele>
        <time>2024-06-16T09:47:25Z</time>
        <extensions>
          <ns3:TrackPointExtension></ns3:TrackPointExtension>
        </extensions>
      </trkpt>
      <trkpt lat="51.108390809968114" lon="-0.08949500508606434">
        <ele>123.5999984741211</ele>
        <time>2024-06-16T09:47:31Z</time>
        <extensions>
          <ns3:TrackPointExtension></ns3:TrackPointExtension>
        </extensions>
      </trkpt>
      <trkpt lat="51.108299028128386" lon="-0.08934136480093002">
        <ele>123.5999984741211</ele>
        <time>2024-06-16T09:47:33Z</time>
        <extensions>
          <ns3:TrackPointExtension></ns3:TrackPointExtension>
        </extensions>
      </trkpt>
      <trkpt lat="51.10822099260986" lon="-0.08904581889510155">
        <ele>123.0</ele>
        <time>2024-06-16T09:47:36Z</time>
        <extensions>
          <ns3:TrackPointExtension></ns3:TrackPointExtension>
        </extensions>
      </trkpt>
      <trkpt lat="51.10816785134375" lon="-0.08853494189679623">
        <ele>123.4000015258789</ele>
        <time>2024-06-16T09:47:41Z</time>
        <extensions>
          <ns3:TrackPointExtension></ns3:TrackPointExtension>
        </extensions>
      </trkpt>
      <trkpt lat="51.108047906309366" lon="-0.08791862055659294">
        <ele>125.0</ele>
        <time>2024-06-16T09:47:48Z</time>
        <extensions>
          <ns3:TrackPointExtension></ns3:TrackPointExtension>
        </extensions>
      </trkpt>
      <trkpt lat="51.10772428102791" lon="-0.08712627924978733">
        <ele>130.39999389648438</ele>
        <time>2024-06-16T09:47:58Z</time>
        <extensions>
          <ns3:TrackPointExtension></ns3:TrackPointExtension>
        </extensions>
      </trkpt>
      <trkpt lat="51.10728766769171" lon="-0.08638381026685238">
        <ele>138.39999389648438</ele>
        <time>2024-06-16T09:48:13Z</time>
        <extensions>
          <ns3:TrackPointExtension></ns3:TrackPointExtension>
        </extensions>
      </trkpt>
      <trkpt lat="51.10714157111943" lon="-0.08621483109891415">
        <ele>141.0</ele>
        <time>2024-06-16T09:48:19Z</time>
        <extensions>
          <ns3:TrackPointExtension></ns3:TrackPointExtension>
        </extensions>
      </trkpt>
      <trkpt lat="51.10695356503129" lon="-0.08608055301010609">
        <ele>143.39999389648438</ele>
        <time>2024-06-16T09:48:27Z</time>
        <extensions>
          <ns3:TrackPointExtension></ns3:TrackPointExtension>
        </extensions>
      </trkpt>
      <trkpt lat="51.10663840547204" lon="-0.08571241982281208">
        <ele>147.1999969482422</ele>
        <time>2024-06-16T09:48:43Z</time>
        <extensions>
          <ns3:TrackPointExtension></ns3:TrackPointExtension>
        </extensions>
      </trkpt>
      <trkpt lat="51.1061033885926" lon="-0.08534311316907406">
        <ele>150.0</ele>
        <time>2024-06-16T09:49:08Z</time>
        <extensions>
          <ns3:TrackPointExtension></ns3:TrackPointExtension>
        </extensions>
      </trkpt>
      <trkpt lat="51.1052003223449" lon="-0.08498738519847393">
        <ele>157.0</ele>
        <time>2024-06-16T09:49:50Z</time>
        <extensions>
          <ns3:TrackPointExtension></ns3:TrackPointExtension>
        </extensions>
      </trkpt>
      <trkpt lat="51.104830596596" lon="-0.08506969548761845">
        <ele>162.0</ele>
        <time>2024-06-16T09:50:06Z</time>
        <extensions>
          <ns3:TrackPointExtension></ns3:TrackPointExtension>
        </extensions>
      </trkpt>
      <trkpt lat="51.10426574014127" lon="-0.08507061749696732">
        <ele>165.39999389648438</ele>
        <time>2024-06-16T09:50:30Z</time>
        <extensions>
          <ns3:TrackPointExtension></ns3:TrackPointExtension>
        </extensions>
      </trkpt>
      <trkpt lat="51.10389375127852" lon="-0.08514647372066975">
        <ele>167.60000610351562</ele>
        <time>2024-06-16T09:51:15Z</time>
        <extensions>
          <ns3:TrackPointExtension></ns3:TrackPointExtension>
        </extensions>
      </trkpt>
      <trkpt lat="51.10372276045382" lon="-0.08525636047124863">
        <ele>168.60000610351562</ele>
        <time>2024-06-16T09:51:30Z</time>
        <extensions>
          <ns3:TrackPointExtension></ns3:TrackPointExtension>
        </extensions>
      </trkpt>
      <trkpt lat="51.10355939716101" lon="-0.08519014343619347">
        <ele>169.60000610351562</ele>
        <time>2024-06-16T09:51:40Z</time>
        <extensions>
          <ns3:TrackPointExtension></ns3:TrackPointExtension>
        </extensions>
      </trkpt>
      <trkpt lat="51.10350030474365" lon="-0.08510515093803406">
        <ele>170.0</ele>
        <time>2024-06-16T09:53:03Z</time>
        <extensions>
          <ns3:TrackPointExtension></ns3:TrackPointExtension>
        </extensions>
      </trkpt>
      <trkpt lat="51.10350080765784" lon="-0.08523205295205116">
        <ele>170.0</ele>
        <time>2024-06-16T10:16:35Z</time>
        <extensions>
          <ns3:TrackPointExtension></ns3:TrackPointExtension>
        </extensions>
      </trkpt>
      <trkpt lat="51.10332847572863" lon="-0.08532341569662094">
        <ele>170.60000610351562</ele>
        <time>2024-06-16T10:16:44Z</time>
        <extensions>
          <ns3:TrackPointExtension></ns3:TrackPointExtension>
        </extensions>
      </trkpt>
      <trkpt lat="51.102966126054525" lon="-0.08515393361449242">
        <ele>169.1999969482422</ele>
        <time>2024-06-16T10:16:51Z</time>
        <extensions>
          <ns3:TrackPointExtension></ns3:TrackPointExtension>
        </extensions>
      </trkpt>
      <trkpt lat="51.10253345221281" lon="-0.085176145657897">
        <ele>164.1999969482422</ele>
        <time>2024-06-16T10:16:55Z</time>
        <extensions>
          <ns3:TrackPointExtension></ns3:TrackPointExtension>
        </extensions>
      </trkpt>
      <trkpt lat="51.10109553672373" lon="-0.0857043731957674">
        <ele>152.1999969482422</ele>
        <time>2024-06-16T10:17:09Z</time>
        <extensions>
          <ns3:TrackPointExtension></ns3:TrackPointExtension>
        </extensions>
      </trkpt>
      <trkpt lat="51.10070728696883" lon="-0.085792550817132">
        <ele>152.1999969482422</ele>
        <time>2024-06-16T10:17:13Z</time>
        <extensions>
          <ns3:TrackPointExtension></ns3:TrackPointExtension>
        </extensions>
      </trkpt>
      <trkpt lat="51.10026229172945" lon="-0.08575072512030602">
        <ele>151.0</ele>
        <time>2024-06-16T10:17:18Z</time>
        <extensions>
          <ns3:TrackPointExtension></ns3:TrackPointExtension>
        </extensions>
      </trkpt>
      <trkpt lat="51.10002005472779" lon="-0.08567268960177898">
        <ele>150.8000030517578</ele>
        <time>2024-06-16T10:17:21Z</time>
        <extensions>
          <ns3:TrackPointExtension></ns3:TrackPointExtension>
        </extensions>
      </trkpt>
      <trkpt lat="51.099799778312445" lon="-0.08551695384085178">
        <ele>151.39999389648438</ele>
        <time>2024-06-16T10:17:24Z</time>
        <extensions>
          <ns3:TrackPointExtension></ns3:TrackPointExtension>
        </extensions>
      </trkpt>
      <trkpt lat="51.099122520536184" lon="-0.08462771773338318">
        <ele>157.60000610351562</ele>
        <time>2024-06-16T10:17:38Z</time>
        <extensions>
          <ns3:TrackPointExtension></ns3:TrackPointExtension>
        </extensions>
      </trkpt>
      <trkpt lat="51.0986159183085" lon="-0.0841976422816515">
        <ele>163.39999389648438</ele>
        <time>2024-06-16T10:17:51Z</time>
        <extensions>
          <ns3:TrackPointExtension></ns3:TrackPointExtension>
        </extensions>
      </trkpt>
      <trkpt lat="51.09793790616095" lon="-0.0835131760686636">
        <ele>169.0</ele>
        <time>2024-06-16T10:18:16Z</time>
        <extensions>
          <ns3:TrackPointExtension></ns3:TrackPointExtension>
        </extensions>
      </trkpt>
      <trkpt lat="51.09640276059508" lon="-0.08179287426173687">
        <ele>170.0</ele>
        <time>2024-06-16T10:18:59Z</time>
        <extensions>
          <ns3:TrackPointExtension></ns3:TrackPointExtension>
        </extensions>
      </trkpt>
      <trkpt lat="51.0955988522619" lon="-0.08074765093624592">
        <ele>170.8000030517578</ele>
        <time>2024-06-16T10:19:19Z</time>
        <extensions>
          <ns3:TrackPointExtension></ns3:TrackPointExtension>
        </extensions>
      </trkpt>
      <trkpt lat="51.094871051609516" lon="-0.07962388917803764">
        <ele>174.8000030517578</ele>
        <time>2024-06-16T10:19:41Z</time>
        <extensions>
          <ns3:TrackPointExtension></ns3:TrackPointExtension>
        </extensions>
      </trkpt>
      <trkpt lat="51.094702910631895" lon="-0.07941794581711292">
        <ele>175.60000610351562</ele>
        <time>2024-06-16T10:19:47Z</time>
        <extensions>
          <ns3:TrackPointExtension></ns3:TrackPointExtension>
        </extensions>
      </trkpt>
      <trkpt lat="51.09378157183528" lon="-0.07872786372900009">
        <ele>179.0</ele>
        <time>2024-06-16T10:20:08Z</time>
        <extensions>
          <ns3:TrackPointExtension></ns3:TrackPointExtension>
        </extensions>
      </trkpt>
      <trkpt lat="51.093391980975866" lon="-0.07837808690965176">
        <ele>179.8000030517578</ele>
        <time>2024-06-16T10:20:16Z</time>
        <extensions>
          <ns3:TrackPointExtension></ns3:TrackPointExtension>
        </extensions>
      </trkpt>
      <trkpt lat="51.093053855001926" lon="-0.07796318270266056">
        <ele>181.0</ele>
        <time>2024-06-16T10:20:24Z</time>
        <extensions>
          <ns3:TrackPointExtension></ns3:TrackPointExtension>
        </extensions>
      </trkpt>
      <trkpt lat="51.0926251206547" lon="-0.0773290079087019">
        <ele>183.0</ele>
        <time>2024-06-16T10:20:36Z</time>
        <extensions>
          <ns3:TrackPointExtension></ns3:TrackPointExtension>
        </extensions>
      </trkpt>
      <trkpt lat="51.091454084962606" lon="-0.07600718177855015">
        <ele>183.0</ele>
        <time>2024-06-16T10:21:05Z</time>
        <extensions>
          <ns3:TrackPointExtension></ns3:TrackPointExtension>
        </extensions>
      </trkpt>
      <trkpt lat="51.0912867821753" lon="-0.07586301304399967">
        <ele>183.0</ele>
        <time>2024-06-16T10:21:08Z</time>
        <extensions>
          <ns3:TrackPointExtension></ns3:TrackPointExtension>
        </extensions>
      </trkpt>
      <trkpt lat="51.09081320464611" lon="-0.07576930336654186">
        <ele>181.39999389648438</ele>
        <time>2024-06-16T10:21:14Z</time>
        <extensions>
          <ns3:TrackPointExtension></ns3:TrackPointExtension>
        </extensions>
      </trkpt>
      <trkpt lat="51.090121529996395" lon="-0.07578162476420403">
        <ele>178.0</ele>
        <time>2024-06-16T10:21:22Z</time>
        <extensions>
          <ns3:TrackPointExtension></ns3:TrackPointExtension>
        </extensions>
      </trkpt>
      <trkpt lat="51.08898754231632" lon="-0.07594498805701733">
        <ele>171.0</ele>
        <time>2024-06-16T10:21:34Z</time>
        <extensions>
          <ns3:TrackPointExtension></ns3:TrackPointExtension>
        </extensions>
      </trkpt>
      <trkpt lat="51.08729942701757" lon="-0.07630323059856892">
        <ele>167.0</ele>
        <time>2024-06-16T10:21:50Z</time>
        <extensions>
          <ns3:TrackPointExtension></ns3:TrackPointExtension>
        </extensions>
      </trkpt>
      <trkpt lat="51.08708208426833" lon="-0.07631982676684856">
        <ele>167.0</ele>
        <time>2024-06-16T10:21:52Z</time>
        <extensions>
          <ns3:TrackPointExtension></ns3:TrackPointExtension>
        </extensions>
      </trkpt>
      <trkpt lat="51.086128391325474" lon="-0.07622117176651955">
        <ele>160.8000030517578</ele>
        <time>2024-06-16T10:22:00Z</time>
        <extensions>
          <ns3:TrackPointExtension></ns3:TrackPointExtension>
        </extensions>
      </trkpt>
      <trkpt lat="51.08589570969343" lon="-0.0762312300503254">
        <ele>159.0</ele>
        <time>2024-06-16T10:22:02Z</time>
        <extensions>
          <ns3:TrackPointExtension></ns3:TrackPointExtension>
        </extensions>
      </trkpt>
      <trkpt lat="51.08543478883803" lon="-0.07637053728103638">
        <ele>157.0</ele>
        <time>2024-06-16T10:22:06Z</time>
        <extensions>
          <ns3:TrackPointExtension></ns3:TrackPointExtension>
        </extensions>
      </trkpt>
      <trkpt lat="51.08380191028118" lon="-0.07718031294643879">
        <ele>152.1999969482422</ele>
        <time>2024-06-16T10:22:22Z</time>
        <extensions>
          <ns3:TrackPointExtension></ns3:TrackPointExtension>
        </extensions>
      </trkpt>
      <trkpt lat="51.0800707899034" lon="-0.0791695062071085">
        <ele>149.1999969482422</ele>
        <time>2024-06-16T10:23:06Z</time>
        <extensions>
          <ns3:TrackPointExtension></ns3:TrackPointExtension>
        </extensions>
      </trkpt>
      <trkpt lat="51.07912179082632" lon="-0.07963201962411404">
        <ele>146.0</ele>
        <time>2024-06-16T10:23:18Z</time>
        <extensions>
          <ns3:TrackPointExtension></ns3:TrackPointExtension>
        </extensions>
      </trkpt>
      <trkpt lat="51.0777120385319" lon="-0.08048320189118385">
        <ele>145.1999969482422</ele>
        <time>2024-06-16T10:23:37Z</time>
        <extensions>
          <ns3:TrackPointExtension></ns3:TrackPointExtension>
        </extensions>
      </trkpt>
      <trkpt lat="51.07720183208585" lon="-0.08066961541771889">
        <ele>141.60000610351562</ele>
        <time>2024-06-16T10:23:43Z</time>
        <extensions>
          <ns3:TrackPointExtension></ns3:TrackPointExtension>
        </extensions>
      </trkpt>
      <trkpt lat="51.07644033618271" lon="-0.0808237586170435">
        <ele>137.60000610351562</ele>
        <time>2024-06-16T10:23:51Z</time>
        <extensions>
          <ns3:TrackPointExtension></ns3:TrackPointExtension>
        </extensions>
      </trkpt>
      <trkpt lat="51.07487518340349" lon="-0.08125810883939266">
        <ele>134.8000030517578</ele>
        <time>2024-06-16T10:24:05Z</time>
        <extensions>
          <ns3:TrackPointExtension></ns3:TrackPointExtension>
        </extensions>
      </trkpt>
      <trkpt lat="51.07335009612143" lon="-0.08155189454555511">
        <ele>138.0</ele>
        <time>2024-06-16T10:24:21Z</time>
        <extensions>
          <ns3:TrackPointExtension></ns3:TrackPointExtension>
        </extensions>
      </trkpt>
      <trkpt lat="51.07295488938689" lon="-0.08173218928277493">
        <ele>136.60000610351562</ele>
        <time>2024-06-16T10:24:27Z</time>
        <extensions>
          <ns3:TrackPointExtension></ns3:TrackPointExtension>
        </extensions>
      </trkpt>
      <trkpt lat="51.07219205237925" lon="-0.08230534382164478">
        <ele>137.8000030517578</ele>
        <time>2024-06-16T10:24:39Z</time>
        <extensions>
          <ns3:TrackPointExtension></ns3:TrackPointExtension>
        </extensions>
      </trkpt>
      <trkpt lat="51.07087416574359" lon="-0.08284572511911392">
        <ele>140.39999389648438</ele>
        <time>2024-06-16T10:25:00Z</time>
        <extensions>
          <ns3:TrackPointExtension></ns3:TrackPointExtension>
        </extensions>
      </trkpt>
      <trkpt lat="51.06976632960141" lon="-0.08358039893209934">
        <ele>139.8000030517578</ele>
        <time>2024-06-16T10:25:32Z</time>
        <extensions>
          <ns3:TrackPointExtension></ns3:TrackPointExtension>
        </extensions>
      </trkpt>
      <trkpt lat="51.06859805993736" lon="-0.08408339694142342">
        <ele>137.60000610351562</ele>
        <time>2024-06-16T10:25:55Z</time>
        <extensions>
          <ns3:TrackPointExtension></ns3:TrackPointExtension>
        </extensions>
      </trkpt>
      <trkpt lat="51.068185502663255" lon="-0.08418607525527477">
        <ele>136.39999389648438</ele>
        <time>2024-06-16T10:26:01Z</time>
        <extensions>
          <ns3:TrackPointExtension></ns3:TrackPointExtension>
        </extensions>
      </trkpt>
      <trkpt lat="51.067960700020194" lon="-0.08419143967330456">
        <ele>136.0</ele>
        <time>2024-06-16T10:26:04Z</time>
        <extensions>
          <ns3:TrackPointExtension></ns3:TrackPointExtension>
        </extensions>
      </trkpt>
      <trkpt lat="51.06684708036482" lon="-0.08413326926529408">
        <ele>134.1999969482422</ele>
        <time>2024-06-16T10:26:19Z</time>
        <extensions>
          <ns3:TrackPointExtension></ns3:TrackPointExtension>
        </extensions>
      </trkpt>
      <trkpt lat="51.06613654643297" lon="-0.0840255618095398">
        <ele>134.1999969482422</ele>
        <time>2024-06-16T10:26:28Z</time>
        <extensions>
          <ns3:TrackPointExtension></ns3:TrackPointExtension>
        </extensions>
      </trkpt>
      <trkpt lat="51.064918991178274" lon="-0.08417836390435696">
        <ele>137.39999389648438</ele>
        <time>2024-06-16T10:26:46Z</time>
        <extensions>
          <ns3:TrackPointExtension></ns3:TrackPointExtension>
        </extensions>
      </trkpt>
      <trkpt lat="51.06402019970119" lon="-0.08404869586229324">
        <ele>135.0</ele>
        <time>2024-06-16T10:27:02Z</time>
        <extensions>
          <ns3:TrackPointExtension></ns3:TrackPointExtension>
        </extensions>
      </trkpt>
      <trkpt lat="51.06334310956299" lon="-0.08404760621488094">
        <ele>134.0</ele>
        <time>2024-06-16T10:27:14Z</time>
        <extensions>
          <ns3:TrackPointExtension></ns3:TrackPointExtension>
        </extensions>
      </trkpt>
      <trkpt lat="51.062784707173705" lon="-0.08419035002589226">
        <ele>135.60000610351562</ele>
        <time>2024-06-16T10:27:24Z</time>
        <extensions>
          <ns3:TrackPointExtension></ns3:TrackPointExtension>
        </extensions>
      </trkpt>
      <trkpt lat="51.06199127621949" lon="-0.08470935747027397">
        <ele>133.60000610351562</ele>
        <time>2024-06-16T10:27:39Z</time>
        <extensions>
          <ns3:TrackPointExtension></ns3:TrackPointExtension>
        </extensions>
      </trkpt>
      <trkpt lat="51.060357140377164" lon="-0.08564595133066177">
        <ele>130.39999389648438</ele>
        <time>2024-06-16T10:28:03Z</time>
        <extensions>
          <ns3:TrackPointExtension></ns3:TrackPointExtension>
        </extensions>
      </trkpt>
      <trkpt lat="51.05988875962794" lon="-0.08580143563449383">
        <ele>129.0</ele>
        <time>2024-06-16T10:28:09Z</time>
        <extensions>
          <ns3:TrackPointExtension></ns3:TrackPointExtension>
        </extensions>
      </trkpt>
      <trkpt lat="51.059196162968874" lon="-0.08581283502280712">
        <ele>131.0</ele>
        <time>2024-06-16T10:28:18Z</time>
        <extensions>
          <ns3:TrackPointExtension></ns3:TrackPointExtension>
        </extensions>
      </trkpt>
      <trkpt lat="51.0587820969522" lon="-0.0856782216578722">
        <ele>131.1999969482422</ele>
        <time>2024-06-16T10:28:24Z</time>
        <extensions>
          <ns3:TrackPointExtension></ns3:TrackPointExtension>
        </extensions>
      </trkpt>
      <trkpt lat="51.05838890187442" lon="-0.08547336794435978">
        <ele>131.60000610351562</ele>
        <time>2024-06-16T10:28:30Z</time>
        <extensions>
          <ns3:TrackPointExtension></ns3:TrackPointExtension>
        </extensions>
      </trkpt>
      <trkpt lat="51.05742724612355" lon="-0.08484992198646069">
        <ele>132.0</ele>
        <time>2024-06-16T10:28:45Z</time>
        <extensions>
          <ns3:TrackPointExtension></ns3:TrackPointExtension>
        </extensions>
      </trkpt>
      <trkpt lat="51.05724401772022" lon="-0.08466174826025963">
        <ele>130.8000030517578</ele>
        <time>2024-06-16T10:28:49Z</time>
        <extensions>
          <ns3:TrackPointExtension></ns3:TrackPointExtension>
        </extensions>
      </trkpt>
      <trkpt lat="51.056693997234106" lon="-0.08348937146365643">
        <ele>129.0</ele>
        <time>2024-06-16T10:33:45Z</time>
        <extensions>
          <ns3:TrackPointExtension></ns3:TrackPointExtension>
        </extensions>
      </trkpt>
      <trkpt lat="51.056377831846476" lon="-0.08320237509906292">
        <ele>128.0</ele>
        <time>2024-06-16T10:35:01Z</time>
        <extensions>
          <ns3:TrackPointExtension></ns3:TrackPointExtension>
        </extensions>
      </trkpt>
      <trkpt lat="51.056265430524945" lon="-0.08299726992845535">
        <ele>127.19999694824219</ele>
        <time>2024-06-16T10:36:03Z</time>
        <extensions>
          <ns3:TrackPointExtension></ns3:TrackPointExtension>
        </extensions>
      </trkpt>
      <trkpt lat="51.05541533790529" lon="-0.08215379901230335">
        <ele>127.0</ele>
        <time>2024-06-16T10:36:49Z</time>
        <extensions>
          <ns3:TrackPointExtension></ns3:TrackPointExtension>
        </extensions>
      </trkpt>
      <trkpt lat="51.05443582870066" lon="-0.08153018541634083">
        <ele>125.4000015258789</ele>
        <time>2024-06-16T10:37:04Z</time>
        <extensions>
          <ns3:TrackPointExtension></ns3:TrackPointExtension>
        </extensions>
      </trkpt>
      <trkpt lat="51.053034625947475" lon="-0.08026367984712124">
        <ele>122.19999694824219</ele>
        <time>2024-06-16T10:37:23Z</time>
        <extensions>
          <ns3:TrackPointExtension></ns3:TrackPointExtension>
        </extensions>
      </trkpt>
      <trkpt lat="51.05233415029943" lon="-0.07978624664247036">
        <ele>126.0</ele>
        <time>2024-06-16T10:37:32Z</time>
        <extensions>
          <ns3:TrackPointExtension></ns3:TrackPointExtension>
        </extensions>
      </trkpt>
      <trkpt lat="51.049902476370335" lon="-0.07859626784920692">
        <ele>117.19999694824219</ele>
        <time>2024-06-16T10:38:00Z</time>
        <extensions>
          <ns3:TrackPointExtension></ns3:TrackPointExtension>
        </extensions>
      </trkpt>
      <trkpt lat="51.04895808734" lon="-0.07827800698578358">
        <ele>114.80000305175781</ele>
        <time>2024-06-16T10:38:11Z</time>
        <extensions>
          <ns3:TrackPointExtension></ns3:TrackPointExtension>
        </extensions>
      </trkpt>
      <trkpt lat="51.04848417453468" lon="-0.07802378386259079">
        <ele>113.0</ele>
        <time>2024-06-16T10:38:17Z</time>
        <extensions>
          <ns3:TrackPointExtension></ns3:TrackPointExtension>
        </extensions>
      </trkpt>
      <trkpt lat="51.04734976775944" lon="-0.07674881257116795">
        <ele>109.0</ele>
        <time>2024-06-16T10:38:33Z</time>
        <extensions>
          <ns3:TrackPointExtension></ns3:TrackPointExtension>
        </extensions>
      </trkpt>
      <trkpt lat="51.046672677621245" lon="-0.0760494265705347">
        <ele>107.4000015258789</ele>
        <time>2024-06-16T10:38:41Z</time>
        <extensions>
          <ns3:TrackPointExtension></ns3:TrackPointExtension>
        </extensions>
      </trkpt>
      <trkpt lat="51.046193819493055" lon="-0.07570669054985046">
        <ele>104.80000305175781</ele>
        <time>2024-06-16T10:38:46Z</time>
        <extensions>
          <ns3:TrackPointExtension></ns3:TrackPointExtension>
        </extensions>
      </trkpt>
      <trkpt lat="51.045423271134496" lon="-0.07530142553150654">
        <ele>101.4000015258789</ele>
        <time>2024-06-16T10:38:54Z</time>
        <extensions>
          <ns3:TrackPointExtension></ns3:TrackPointExtension>
        </extensions>
      </trkpt>
      <trkpt lat="51.04484584182501" lon="-0.07477043196558952">
        <ele>94.80000305175781</ele>
        <time>2024-06-16T10:39:00Z</time>
        <extensions>
          <ns3:TrackPointExtension></ns3:TrackPointExtension>
        </extensions>
      </trkpt>
      <trkpt lat="51.04463788680732" lon="-0.07451939396560192">
        <ele>92.4000015258789</ele>
        <time>2024-06-16T10:39:02Z</time>
        <extensions>
          <ns3:TrackPointExtension></ns3:TrackPointExtension>
        </extensions>
      </trkpt>
      <trkpt lat="51.04446488432586" lon="-0.07423206232488155">
        <ele>91.0</ele>
        <time>2024-06-16T10:39:04Z</time>
        <extensions>
          <ns3:TrackPointExtension></ns3:TrackPointExtension>
        </extensions>
      </trkpt>
      <trkpt lat="51.04433052241802" lon="-0.07390349172055721">
        <ele>91.0</ele>
        <time>2024-06-16T10:39:06Z</time>
        <extensions>
          <ns3:TrackPointExtension></ns3:TrackPointExtension>
        </extensions>
      </trkpt>
      <trkpt lat="51.0442659817636" lon="-0.07353669963777065">
        <ele>89.5999984741211</ele>
        <time>2024-06-16T10:39:08Z</time>
        <extensions>
          <ns3:TrackPointExtension></ns3:TrackPointExtension>
        </extensions>
      </trkpt>
      <trkpt lat="51.04424787685275" lon="-0.07155127823352814">
        <ele>91.0</ele>
        <time>2024-06-16T10:39:19Z</time>
        <extensions>
          <ns3:TrackPointExtension></ns3:TrackPointExtension>
        </extensions>
      </trkpt>
      <trkpt lat="51.04414771310985" lon="-0.07059783674776554">
        <ele>92.19999694824219</ele>
        <time>2024-06-16T10:39:25Z</time>
        <extensions>
          <ns3:TrackPointExtension></ns3:TrackPointExtension>
        </extensions>
      </trkpt>
      <trkpt lat="51.04402860626578" lon="-0.07014529779553413">
        <ele>90.0</ele>
        <time>2024-06-16T10:39:28Z</time>
        <extensions>
          <ns3:TrackPointExtension></ns3:TrackPointExtension>
        </extensions>
      </trkpt>
      <trkpt lat="51.043738927692175" lon="-0.0696425512433052">
        <ele>88.19999694824219</ele>
        <time>2024-06-16T10:39:32Z</time>
        <extensions>
          <ns3:TrackPointExtension></ns3:TrackPointExtension>
        </extensions>
      </trkpt>
      <trkpt lat="51.04293778538704" lon="-0.06851216778159142">
        <ele>87.0</ele>
        <time>2024-06-16T10:39:44Z</time>
        <extensions>
          <ns3:TrackPointExtension></ns3:TrackPointExtension>
        </extensions>
      </trkpt>
      <trkpt lat="51.04219464585185" lon="-0.0672977976500988">
        <ele>84.5999984741211</ele>
        <time>2024-06-16T10:39:56Z</time>
        <extensions>
          <ns3:TrackPointExtension></ns3:TrackPointExtension>
        </extensions>
      </trkpt>
      <trkpt lat="51.04189893230796" lon="-0.06692170165479183">
        <ele>85.5999984741211</ele>
        <time>2024-06-16T10:40:00Z</time>
        <extensions>
          <ns3:TrackPointExtension></ns3:TrackPointExtension>
        </extensions>
      </trkpt>
      <trkpt lat="51.04155661538243" lon="-0.06660453043878078">
        <ele>84.80000305175781</ele>
        <time>2024-06-16T10:40:04Z</time>
        <extensions>
          <ns3:TrackPointExtension></ns3:TrackPointExtension>
        </extensions>
      </trkpt>
      <trkpt lat="51.04098295792937" lon="-0.06619448773562908">
        <ele>82.0</ele>
        <time>2024-06-16T10:40:10Z</time>
        <extensions>
          <ns3:TrackPointExtension></ns3:TrackPointExtension>
        </extensions>
      </trkpt>
      <trkpt lat="51.04059923440218" lon="-0.06599893793463707">
        <ele>81.4000015258789</ele>
        <time>2024-06-16T10:40:14Z</time>
        <extensions>
          <ns3:TrackPointExtension></ns3:TrackPointExtension>
        </extensions>
      </trkpt>
      <trkpt lat="51.03507807478309" lon="-0.06475129164755344">
        <ele>77.80000305175781</ele>
        <time>2024-06-16T10:41:24Z</time>
        <extensions>
          <ns3:TrackPointExtension></ns3:TrackPointExtension>
        </extensions>
      </trkpt>
      <trkpt lat="51.034593768417835" lon="-0.06462447345256805">
        <ele>80.0</ele>
        <time>2024-06-16T10:41:30Z</time>
        <extensions>
          <ns3:TrackPointExtension></ns3:TrackPointExtension>
        </extensions>
      </trkpt>
      <trkpt lat="51.033795392140746" lon="-0.06424653343856335">
        <ele>86.19999694824219</ele>
        <time>2024-06-16T10:41:45Z</time>
        <extensions>
          <ns3:TrackPointExtension></ns3:TrackPointExtension>
        </extensions>
      </trkpt>
      <trkpt lat="51.033211424946785" lon="-0.06410554982721806">
        <ele>92.4000015258789</ele>
        <time>2024-06-16T10:42:01Z</time>
        <extensions>
          <ns3:TrackPointExtension></ns3:TrackPointExtension>
        </extensions>
      </trkpt>
      <trkpt lat="51.03282476775348" lon="-0.06415693089365959">
        <ele>91.5999984741211</ele>
        <time>2024-06-16T10:42:14Z</time>
        <extensions>
          <ns3:TrackPointExtension></ns3:TrackPointExtension>
        </extensions>
      </trkpt>
      <trkpt lat="51.03138324804604" lon="-0.06453026086091995">
        <ele>91.19999694824219</ele>
        <time>2024-06-16T10:42:48Z</time>
        <extensions>
          <ns3:TrackPointExtension></ns3:TrackPointExtension>
        </extensions>
      </trkpt>
      <trkpt lat="51.030944623053074" lon="-0.0647292472422123">
        <ele>90.80000305175781</ele>
        <time>2024-06-16T10:42:57Z</time>
        <extensions>
          <ns3:TrackPointExtension></ns3:TrackPointExtension>
        </extensions>
      </trkpt>
      <trkpt lat="51.03055494837463" lon="-0.06499570794403553">
        <ele>88.0</ele>
        <time>2024-06-16T10:43:03Z</time>
        <extensions>
          <ns3:TrackPointExtension></ns3:TrackPointExtension>
        </extensions>
      </trkpt>
      <trkpt lat="51.03034481406212" lon="-0.0652112066745758">
        <ele>86.5999984741211</ele>
        <time>2024-06-16T10:43:06Z</time>
        <extensions>
          <ns3:TrackPointExtension></ns3:TrackPointExtension>
        </extensions>
      </trkpt>
      <trkpt lat="51.03015622124076" lon="-0.06548571400344372">
        <ele>84.80000305175781</ele>
        <time>2024-06-16T10:43:09Z</time>
        <extensions>
          <ns3:TrackPointExtension></ns3:TrackPointExtension>
        </extensions>
      </trkpt>
      <trkpt lat="51.02998925372958" lon="-0.06580816581845284">
        <ele>84.19999694824219</ele>
        <time>2024-06-16T10:43:12Z</time>
        <extensions>
          <ns3:TrackPointExtension></ns3:TrackPointExtension>
        </extensions>
      </trkpt>
      <trkpt lat="51.0292387381196" lon="-0.0675324909389019">
        <ele>78.4000015258789</ele>
        <time>2024-06-16T10:43:25Z</time>
        <extensions>
          <ns3:TrackPointExtension></ns3:TrackPointExtension>
        </extensions>
      </trkpt>
      <trkpt lat="51.02892014198005" lon="-0.06815887056291103">
        <ele>72.0</ele>
        <time>2024-06-16T10:43:29Z</time>
        <extensions>
          <ns3:TrackPointExtension></ns3:TrackPointExtension>
        </extensions>
      </trkpt>
      <trkpt lat="51.028239699080586" lon="-0.06898775696754456">
        <ele>64.5999984741211</ele>
        <time>2024-06-16T10:43:35Z</time>
        <extensions>
          <ns3:TrackPointExtension></ns3:TrackPointExtension>
        </extensions>
      </trkpt>
      <trkpt lat="51.027427492663264" lon="-0.06972771137952805">
        <ele>66.4000015258789</ele>
        <time>2024-06-16T10:43:43Z</time>
        <extensions>
          <ns3:TrackPointExtension></ns3:TrackPointExtension>
        </extensions>
      </trkpt>
      <trkpt lat="51.0264431219548" lon="-0.07053975015878677">
        <ele>65.5999984741211</ele>
        <time>2024-06-16T10:43:55Z</time>
        <extensions>
          <ns3:TrackPointExtension></ns3:TrackPointExtension>
        </extensions>
      </trkpt>
      <trkpt lat="51.02510176599026" lon="-0.07123913615942001">
        <ele>62.599998474121094</ele>
        <time>2024-06-16T10:44:11Z</time>
        <extensions>
          <ns3:TrackPointExtension></ns3:TrackPointExtension>
        </extensions>
      </trkpt>
      <trkpt lat="51.02460438385606" lon="-0.07140853442251682">
        <ele>56.599998474121094</ele>
        <time>2024-06-16T10:44:15Z</time>
        <extensions>
          <ns3:TrackPointExtension></ns3:TrackPointExtension>
        </extensions>
      </trkpt>
      <trkpt lat="51.02368966676295" lon="-0.0719665177166462">
        <ele>48.20000076293945</ele>
        <time>2024-06-16T10:44:23Z</time>
        <extensions>
          <ns3:TrackPointExtension></ns3:TrackPointExtension>
        </extensions>
      </trkpt>
      <trkpt lat="51.02267554029822" lon="-0.07247831672430038">
        <ele>40.79999923706055</ele>
        <time>2024-06-16T10:44:31Z</time>
        <extensions>
          <ns3:TrackPointExtension></ns3:TrackPointExtension>
        </extensions>
      </trkpt>
      <trkpt lat="51.02153526619077" lon="-0.07284334860742092">
        <ele>35.400001525878906</ele>
        <time>2024-06-16T10:44:41Z</time>
        <extensions>
          <ns3:TrackPointExtension></ns3:TrackPointExtension>
        </extensions>
      </trkpt>
      <trkpt lat="51.02053463459015" lon="-0.07299757562577724">
        <ele>34.599998474121094</ele>
        <time>2024-06-16T10:44:51Z</time>
        <extensions>
          <ns3:TrackPointExtension></ns3:TrackPointExtension>
        </extensions>
      </trkpt>
      <trkpt lat="51.02009299211204" lon="-0.07331089116632938">
        <ele>35.20000076293945</ele>
        <time>2024-06-16T10:44:56Z</time>
        <extensions>
          <ns3:TrackPointExtension></ns3:TrackPointExtension>
        </extensions>
      </trkpt>
      <trkpt lat="51.01987791247666" lon="-0.07354558445513248">
        <ele>36.0</ele>
        <time>2024-06-16T10:44:59Z</time>
        <extensions>
          <ns3:TrackPointExtension></ns3:TrackPointExtension>
        </extensions>
      </trkpt>
      <trkpt lat="51.01966015063226" lon="-0.07393240928649902">
        <ele>36.20000076293945</ele>
        <time>2024-06-16T10:45:03Z</time>
        <extensions>
          <ns3:TrackPointExtension></ns3:TrackPointExtension>
        </extensions>
      </trkpt>
      <trkpt lat="51.019006026908755" lon="-0.07521182298660278">
        <ele>39.79999923706055</ele>
        <time>2024-06-16T10:45:20Z</time>
        <extensions>
          <ns3:TrackPointExtension></ns3:TrackPointExtension>
        </extensions>
      </trkpt>
      <trkpt lat="51.018795389682055" lon="-0.0757335964590311">
        <ele>47.20000076293945</ele>
        <time>2024-06-16T10:45:29Z</time>
        <extensions>
          <ns3:TrackPointExtension></ns3:TrackPointExtension>
        </extensions>
      </trkpt>
      <trkpt lat="51.018442176282406" lon="-0.07645041681826115">
        <ele>50.79999923706055</ele>
        <time>2024-06-16T10:45:52Z</time>
        <extensions>
          <ns3:TrackPointExtension></ns3:TrackPointExtension>
        </extensions>
      </trkpt>
      <trkpt lat="51.01828694343567" lon="-0.07665527053177357">
        <ele>50.400001525878906</ele>
        <time>2024-06-16T10:46:04Z</time>
        <extensions>
          <ns3:TrackPointExtension></ns3:TrackPointExtension>
        </extensions>
      </trkpt>
      <trkpt lat="51.018109330907464" lon="-0.07680907845497131">
        <ele>50.400001525878906</ele>
        <time>2024-06-16T10:46:13Z</time>
        <extensions>
          <ns3:TrackPointExtension></ns3:TrackPointExtension>
        </extensions>
      </trkpt>
      <trkpt lat="51.017354959622025" lon="-0.07713119499385357">
        <ele>54.20000076293945</ele>
        <time>2024-06-16T10:46:50Z</time>
        <extensions>
          <ns3:TrackPointExtension></ns3:TrackPointExtension>
        </extensions>
      </trkpt>
      <trkpt lat="51.01700836792588" lon="-0.07743839174509048">
        <ele>57.20000076293945</ele>
        <time>2024-06-16T10:47:02Z</time>
        <extensions>
          <ns3:TrackPointExtension></ns3:TrackPointExtension>
        </extensions>
      </trkpt>
      <trkpt lat="51.016937624663115" lon="-0.07759018801152706">
        <ele>57.599998474121094</ele>
        <time>2024-06-16T10:47:05Z</time>
        <extensions>
          <ns3:TrackPointExtension></ns3:TrackPointExtension>
        </extensions>
      </trkpt>
      <trkpt lat="51.01681197993457" lon="-0.07830491289496422">
        <ele>58.0</ele>
        <time>2024-06-16T10:47:16Z</time>
        <extensions>
          <ns3:TrackPointExtension></ns3:TrackPointExtension>
        </extensions>
      </trkpt>
      <trkpt lat="51.01669463329017" lon="-0.07842737250030041">
        <ele>58.0</ele>
        <time>2024-06-16T10:47:19Z</time>
        <extensions>
          <ns3:TrackPointExtension></ns3:TrackPointExtension>
        </extensions>
      </trkpt>
      <trkpt lat="51.01648206822574" lon="-0.07855829782783985">
        <ele>57.79999923706055</ele>
        <time>2024-06-16T10:47:23Z</time>
        <extensions>
          <ns3:TrackPointExtension></ns3:TrackPointExtension>
        </extensions>
      </trkpt>
      <trkpt lat="51.01589743047953" lon="-0.07863524369895458">
        <ele>55.0</ele>
        <time>2024-06-16T10:47:32Z</time>
        <extensions>
          <ns3:TrackPointExtension></ns3:TrackPointExtension>
        </extensions>
      </trkpt>
      <trkpt lat="51.01572124287486" lon="-0.07869785651564598">
        <ele>54.0</ele>
        <time>2024-06-16T10:47:35Z</time>
        <extensions>
          <ns3:TrackPointExtension></ns3:TrackPointExtension>
        </extensions>
      </trkpt>
      <trkpt lat="51.01550415158272" lon="-0.07885451428592205">
        <ele>53.599998474121094</ele>
        <time>2024-06-16T10:47:39Z</time>
        <extensions>
          <ns3:TrackPointExtension></ns3:TrackPointExtension>
        </extensions>
      </trkpt>
      <trkpt lat="51.0142445191741" lon="-0.08020609617233276">
        <ele>51.599998474121094</ele>
        <time>2024-06-16T10:48:01Z</time>
        <extensions>
          <ns3:TrackPointExtension></ns3:TrackPointExtension>
        </extensions>
      </trkpt>
      <trkpt lat="51.01343038491905" lon="-0.08087379857897758">
        <ele>48.79999923706055</ele>
        <time>2024-06-16T10:48:13Z</time>
        <extensions>
          <ns3:TrackPointExtension></ns3:TrackPointExtension>
        </extensions>
      </trkpt>
      <trkpt lat="51.01205290295184" lon="-0.08150361478328705">
        <ele>41.79999923706055</ele>
        <time>2024-06-16T10:48:31Z</time>
        <extensions>
          <ns3:TrackPointExtension></ns3:TrackPointExtension>
        </extensions>
      </trkpt>
      <trkpt lat="51.01182089187205" lon="-0.08155222982168198">
        <ele>40.0</ele>
        <time>2024-06-16T10:48:34Z</time>
        <extensions>
          <ns3:TrackPointExtension></ns3:TrackPointExtension>
        </extensions>
      </trkpt>
      <trkpt lat="51.01113550364971" lon="-0.08149556815624237">
        <ele>38.599998474121094</ele>
        <time>2024-06-16T10:48:42Z</time>
        <extensions>
          <ns3:TrackPointExtension></ns3:TrackPointExtension>
        </extensions>
      </trkpt>
      <trkpt lat="51.01090726442635" lon="-0.08163236081600189">
        <ele>38.0</ele>
        <time>2024-06-16T10:48:45Z</time>
        <extensions>
          <ns3:TrackPointExtension></ns3:TrackPointExtension>
        </extensions>
      </trkpt>
      <trkpt lat="51.010529827326536" lon="-0.08197182789444923">
        <ele>38.599998474121094</ele>
        <time>2024-06-16T10:48:51Z</time>
        <extensions>
          <ns3:TrackPointExtension></ns3:TrackPointExtension>
        </extensions>
      </trkpt>
      <trkpt lat="51.01035523228347" lon="-0.08222303353250027">
        <ele>39.599998474121094</ele>
        <time>2024-06-16T10:48:55Z</time>
        <extensions>
          <ns3:TrackPointExtension></ns3:TrackPointExtension>
        </extensions>
      </trkpt>
      <trkpt lat="51.0102538112551" lon="-0.08247910067439079">
        <ele>41.20000076293945</ele>
        <time>2024-06-16T10:48:59Z</time>
        <extensions>
          <ns3:TrackPointExtension></ns3:TrackPointExtension>
        </extensions>
      </trkpt>
      <trkpt lat="51.010188264772296" lon="-0.08277355693280697">
        <ele>43.0</ele>
        <time>2024-06-16T10:49:05Z</time>
        <extensions>
          <ns3:TrackPointExtension></ns3:TrackPointExtension>
        </extensions>
      </trkpt>
      <trkpt lat="51.01020419038832" lon="-0.08307580836117268">
        <ele>44.79999923706055</ele>
        <time>2024-06-16T10:49:10Z</time>
        <extensions>
          <ns3:TrackPointExtension></ns3:TrackPointExtension>
        </extensions>
      </trkpt>
      <trkpt lat="51.01026990450919" lon="-0.08336096070706844">
        <ele>45.599998474121094</ele>
        <time>2024-06-16T10:49:15Z</time>
        <extensions>
          <ns3:TrackPointExtension></ns3:TrackPointExtension>
        </extensions>
      </trkpt>
      <trkpt lat="51.010552290827036" lon="-0.08413108997046947">
        <ele>47.79999923706055</ele>
        <time>2024-06-16T10:49:32Z</time>
        <extensions>
          <ns3:TrackPointExtension></ns3:TrackPointExtension>
        </extensions>
      </trkpt>
      <trkpt lat="51.01070140488446" lon="-0.08436301723122597">
        <ele>48.0</ele>
        <time>2024-06-16T10:49:37Z</time>
        <extensions>
          <ns3:TrackPointExtension></ns3:TrackPointExtension>
        </extensions>
      </trkpt>
      <trkpt lat="51.01079838350415" lon="-0.08462260477244854">
        <ele>48.400001525878906</ele>
        <time>2024-06-16T10:49:43Z</time>
        <extensions>
          <ns3:TrackPointExtension></ns3:TrackPointExtension>
        </extensions>
      </trkpt>
      <trkpt lat="51.01104070432484" lon="-0.08505972102284431">
        <ele>50.20000076293945</ele>
        <time>2024-06-16T10:49:53Z</time>
        <extensions>
          <ns3:TrackPointExtension></ns3:TrackPointExtension>
        </extensions>
      </trkpt>
      <trkpt lat="51.01167244836688" lon="-0.08582565933465958">
        <ele>51.0</ele>
        <time>2024-06-16T10:50:12Z</time>
        <extensions>
          <ns3:TrackPointExtension></ns3:TrackPointExtension>
        </extensions>
      </trkpt>
      <trkpt lat="51.011773282662034" lon="-0.08608734235167503">
        <ele>50.79999923706055</ele>
        <time>2024-06-16T10:50:15Z</time>
        <extensions>
          <ns3:TrackPointExtension></ns3:TrackPointExtension>
        </extensions>
      </trkpt>
      <trkpt lat="51.011812426149845" lon="-0.0864427350461483">
        <ele>48.79999923706055</ele>
        <time>2024-06-16T10:50:18Z</time>
        <extensions>
          <ns3:TrackPointExtension></ns3:TrackPointExtension>
        </extensions>
      </trkpt>
      <trkpt lat="51.01176037453115" lon="-0.08709375746548176">
        <ele>44.400001525878906</ele>
        <time>2024-06-16T10:50:23Z</time>
        <extensions>
          <ns3:TrackPointExtension></ns3:TrackPointExtension>
        </extensions>
      </trkpt>
      <trkpt lat="51.01164638064802" lon="-0.0877876952290535">
        <ele>42.0</ele>
        <time>2024-06-16T10:50:29Z</time>
        <extensions>
          <ns3:TrackPointExtension></ns3:TrackPointExtension>
        </extensions>
      </trkpt>
      <trkpt lat="51.01131479255855" lon="-0.08876410312950611">
        <ele>41.79999923706055</ele>
        <time>2024-06-16T10:50:38Z</time>
        <extensions>
          <ns3:TrackPointExtension></ns3:TrackPointExtension>
        </extensions>
      </trkpt>
      <trkpt lat="51.010903995484114" lon="-0.08963699452579021">
        <ele>44.20000076293945</ele>
        <time>2024-06-16T10:50:47Z</time>
        <extensions>
          <ns3:TrackPointExtension></ns3:TrackPointExtension>
        </extensions>
      </trkpt>
      <trkpt lat="51.00992104969919" lon="-0.09127582423388958">
        <ele>48.79999923706055</ele>
        <time>2024-06-16T10:51:11Z</time>
        <extensions>
          <ns3:TrackPointExtension></ns3:TrackPointExtension>
        </extensions>
      </trkpt>
      <trkpt lat="51.009771935641766" lon="-0.09157665073871613">
        <ele>48.79999923706055</ele>
        <time>2024-06-16T10:51:17Z</time>
        <extensions>
          <ns3:TrackPointExtension></ns3:TrackPointExtension>
        </extensions>
      </trkpt>
      <trkpt lat="51.00891748443246" lon="-0.09296461008489132">
        <ele>44.599998474121094</ele>
        <time>2024-06-16T10:51:36Z</time>
        <extensions>
          <ns3:TrackPointExtension></ns3:TrackPointExtension>
        </extensions>
      </trkpt>
      <trkpt lat="51.00770864635706" lon="-0.09522411972284317">
        <ele>40.79999923706055</ele>
        <time>2024-06-16T10:52:07Z</time>
        <extensions>
          <ns3:TrackPointExtension></ns3:TrackPointExtension>
        </extensions>
      </trkpt>
      <trkpt lat="51.00755022838712" lon="-0.09543425403535366">
        <ele>40.0</ele>
        <time>2024-06-16T10:52:10Z</time>
        <extensions>
          <ns3:TrackPointExtension></ns3:TrackPointExtension>
        </extensions>
      </trkpt>
      <trkpt lat="51.00691772997379" lon="-0.09598368778824806">
        <ele>43.20000076293945</ele>
        <time>2024-06-16T10:52:20Z</time>
        <extensions>
          <ns3:TrackPointExtension></ns3:TrackPointExtension>
        </extensions>
      </trkpt>
      <trkpt lat="51.00599446333945" lon="-0.09665398858487606">
        <ele>51.0</ele>
        <time>2024-06-16T10:52:42Z</time>
        <extensions>
          <ns3:TrackPointExtension></ns3:TrackPointExtension>
        </extensions>
      </trkpt>
      <trkpt lat="51.00466609932482" lon="-0.09781337343156338">
        <ele>60.20000076293945</ele>
        <time>2024-06-16T10:53:47Z</time>
        <extensions>
          <ns3:TrackPointExtension></ns3:TrackPointExtension>
        </extensions>
      </trkpt>
      <trkpt lat="51.00449460558593" lon="-0.09790423326194286">
        <ele>61.20000076293945</ele>
        <time>2024-06-16T10:53:52Z</time>
        <extensions>
          <ns3:TrackPointExtension></ns3:TrackPointExtension>
        </extensions>
      </trkpt>
      <trkpt lat="51.00418648682535" lon="-0.09825141169130802">
        <ele>64.19999694824219</ele>
        <time>2024-06-16T10:54:08Z</time>
        <extensions>
          <ns3:TrackPointExtension></ns3:TrackPointExtension>
        </extensions>
      </trkpt>
      <trkpt lat="51.00328417494893" lon="-0.09892221540212631">
        <ele>65.5999984741211</ele>
        <time>2024-06-16T10:54:36Z</time>
        <extensions>
          <ns3:TrackPointExtension></ns3:TrackPointExtension>
        </extensions>
      </trkpt>
      <trkpt lat="51.00294646807015" lon="-0.09921767748892307">
        <ele>66.5999984741211</ele>
        <time>2024-06-16T10:54:48Z</time>
        <extensions>
          <ns3:TrackPointExtension></ns3:TrackPointExtension>
        </extensions>
      </trkpt>
      <trkpt lat="51.00264396518469" lon="-0.09957650676369667">
        <ele>68.80000305175781</ele>
        <time>2024-06-16T10:55:03Z</time>
        <extensions>
          <ns3:TrackPointExtension></ns3:TrackPointExtension>
        </extensions>
      </trkpt>
      <trkpt lat="51.00137209519744" lon="-0.1004783995449543">
        <ele>73.19999694824219</ele>
        <time>2024-06-16T10:55:44Z</time>
        <extensions>
          <ns3:TrackPointExtension></ns3:TrackPointExtension>
        </extensions>
      </trkpt>
      <trkpt lat="51.00041538476944" lon="-0.10092347860336304">
        <ele>79.4000015258789</ele>
        <time>2024-06-16T10:56:16Z</time>
        <extensions>
          <ns3:TrackPointExtension></ns3:TrackPointExtension>
        </extensions>
      </trkpt>
      <trkpt lat="50.99981356412172" lon="-0.10103370063006878">
        <ele>83.4000015258789</ele>
        <time>2024-06-16T10:56:36Z</time>
        <extensions>
          <ns3:TrackPointExtension></ns3:TrackPointExtension>
        </extensions>
      </trkpt>
      <trkpt lat="50.99923211149871" lon="-0.10105188935995102">
        <ele>86.4000015258789</ele>
        <time>2024-06-16T10:56:58Z</time>
        <extensions>
          <ns3:TrackPointExtension></ns3:TrackPointExtension>
        </extensions>
      </trkpt>
      <trkpt lat="50.99662424996495" lon="-0.10065601207315922">
        <ele>76.5999984741211</ele>
        <time>2024-06-16T10:57:42Z</time>
        <extensions>
          <ns3:TrackPointExtension></ns3:TrackPointExtension>
        </extensions>
      </trkpt>
      <trkpt lat="50.996288135647774" lon="-0.10053573176264763">
        <ele>76.4000015258789</ele>
        <time>2024-06-16T10:57:46Z</time>
        <extensions>
          <ns3:TrackPointExtension></ns3:TrackPointExtension>
        </extensions>
      </trkpt>
      <trkpt lat="50.99575915373862" lon="-0.10013524442911148">
        <ele>76.4000015258789</ele>
        <time>2024-06-16T10:58:02Z</time>
        <extensions>
          <ns3:TrackPointExtension></ns3:TrackPointExtension>
        </extensions>
      </trkpt>
      <trkpt lat="50.995625378564" lon="-0.1003499049693346">
        <ele>78.4000015258789</ele>
        <time>2024-06-16T10:58:08Z</time>
        <extensions>
          <ns3:TrackPointExtension></ns3:TrackPointExtension>
        </extensions>
      </trkpt>
      <trkpt lat="50.99551063030958" lon="-0.10045241564512253">
        <ele>80.0</ele>
        <time>2024-06-16T10:58:11Z</time>
        <extensions>
          <ns3:TrackPointExtension></ns3:TrackPointExtension>
        </extensions>
      </trkpt>
      <trkpt lat="50.99508633837104" lon="-0.10045233182609081">
        <ele>80.19999694824219</ele>
        <time>2024-06-16T10:58:19Z</time>
        <extensions>
          <ns3:TrackPointExtension></ns3:TrackPointExtension>
        </extensions>
      </trkpt>
      <trkpt lat="50.99167280830443" lon="-0.1000454742461443">
        <ele>70.4000015258789</ele>
        <time>2024-06-16T10:59:08Z</time>
        <extensions>
          <ns3:TrackPointExtension></ns3:TrackPointExtension>
        </extensions>
      </trkpt>
      <trkpt lat="50.99086814559996" lon="-0.10016977787017822">
        <ele>73.4000015258789</ele>
        <time>2024-06-16T10:59:25Z</time>
        <extensions>
          <ns3:TrackPointExtension></ns3:TrackPointExtension>
        </extensions>
      </trkpt>
      <trkpt lat="50.990480314940214" lon="-0.10029986500740051">
        <ele>73.5999984741211</ele>
        <time>2024-06-16T10:59:36Z</time>
        <extensions>
          <ns3:TrackPointExtension></ns3:TrackPointExtension>
        </extensions>
      </trkpt>
      <trkpt lat="50.98967825062573" lon="-0.1006880309432745">
        <ele>74.80000305175781</ele>
        <time>2024-06-16T10:59:53Z</time>
        <extensions>
          <ns3:TrackPointExtension></ns3:TrackPointExtension>
        </extensions>
      </trkpt>
      <trkpt lat="50.98844451829791" lon="-0.10097133927047253">
        <ele>76.5999984741211</ele>
        <time>2024-06-16T11:00:20Z</time>
        <extensions>
          <ns3:TrackPointExtension></ns3:TrackPointExtension>
        </extensions>
      </trkpt>
      <trkpt lat="50.98802458494902" lon="-0.10101140476763248">
        <ele>79.5999984741211</ele>
        <time>2024-06-16T11:00:30Z</time>
        <extensions>
          <ns3:TrackPointExtension></ns3:TrackPointExtension>
        </extensions>
      </trkpt>
      <trkpt lat="50.98780774511397" lon="-0.10073723271489143">
        <ele>81.80000305175781</ele>
        <time>2024-06-16T11:00:36Z</time>
        <extensions>
          <ns3:TrackPointExtension></ns3:TrackPointExtension>
        </extensions>
      </trkpt>
      <trkpt lat="50.9876246843487" lon="-0.10066556744277477">
        <ele>82.19999694824219</ele>
        <time>2024-06-16T11:00:40Z</time>
        <extensions>
          <ns3:TrackPointExtension></ns3:TrackPointExtension>
        </extensions>
      </trkpt>
      <trkpt lat="50.987395690754056" lon="-0.1009063795208931">
        <ele>80.19999694824219</ele>
        <time>2024-06-16T11:00:45Z</time>
        <extensions>
          <ns3:TrackPointExtension></ns3:TrackPointExtension>
        </extensions>
      </trkpt>
      <trkpt lat="50.987216820940375" lon="-0.10101668536663055">
        <ele>79.0</ele>
        <time>2024-06-16T11:00:48Z</time>
        <extensions>
          <ns3:TrackPointExtension></ns3:TrackPointExtension>
        </extensions>
      </trkpt>
      <trkpt lat="50.98683251067996" lon="-0.10102230124175549">
        <ele>77.19999694824219</ele>
        <time>2024-06-16T11:00:53Z</time>
        <extensions>
          <ns3:TrackPointExtension></ns3:TrackPointExtension>
        </extensions>
      </trkpt>
      <trkpt lat="50.986340744420886" lon="-0.10082532651722431">
        <ele>73.4000015258789</ele>
        <time>2024-06-16T11:00:59Z</time>
        <extensions>
          <ns3:TrackPointExtension></ns3:TrackPointExtension>
        </extensions>
      </trkpt>
      <trkpt lat="50.98591519519687" lon="-0.1005296129733324">
        <ele>71.0</ele>
        <time>2024-06-16T11:01:04Z</time>
        <extensions>
          <ns3:TrackPointExtension></ns3:TrackPointExtension>
        </extensions>
      </trkpt>
      <trkpt lat="50.98306182771921" lon="-0.09802929125726223">
        <ele>50.599998474121094</ele>
        <time>2024-06-16T11:01:34Z</time>
        <extensions>
          <ns3:TrackPointExtension></ns3:TrackPointExtension>
        </extensions>
      </trkpt>
      <trkpt lat="50.98193789832294" lon="-0.09715153835713863">
        <ele>42.400001525878906</ele>
        <time>2024-06-16T11:01:44Z</time>
        <extensions>
          <ns3:TrackPointExtension></ns3:TrackPointExtension>
        </extensions>
      </trkpt>
      <trkpt lat="50.981493070721626" lon="-0.09674417786300182">
        <ele>42.0</ele>
        <time>2024-06-16T11:01:48Z</time>
        <extensions>
          <ns3:TrackPointExtension></ns3:TrackPointExtension>
        </extensions>
      </trkpt>
      <trkpt lat="50.980437118560076" lon="-0.09589467197656631">
        <ele>39.599998474121094</ele>
        <time>2024-06-16T11:01:58Z</time>
        <extensions>
          <ns3:TrackPointExtension></ns3:TrackPointExtension>
        </extensions>
      </trkpt>
      <trkpt lat="50.97892560996115" lon="-0.09482589550316334">
        <ele>41.0</ele>
        <time>2024-06-16T11:02:14Z</time>
        <extensions>
          <ns3:TrackPointExtension></ns3:TrackPointExtension>
        </extensions>
      </trkpt>
      <trkpt lat="50.977167170494795" lon="-0.0937257707118988">
        <ele>50.79999923706055</ele>
        <time>2024-06-16T11:02:47Z</time>
        <extensions>
          <ns3:TrackPointExtension></ns3:TrackPointExtension>
        </extensions>
      </trkpt>
      <trkpt lat="50.976775232702494" lon="-0.09343349374830723">
        <ele>47.599998474121094</ele>
        <time>2024-06-16T11:02:56Z</time>
        <extensions>
          <ns3:TrackPointExtension></ns3:TrackPointExtension>
        </extensions>
      </trkpt>
      <trkpt lat="50.97573730163276" lon="-0.09283125400543213">
        <ele>39.400001525878906</ele>
        <time>2024-06-16T11:03:11Z</time>
        <extensions>
          <ns3:TrackPointExtension></ns3:TrackPointExtension>
        </extensions>
      </trkpt>
      <trkpt lat="50.97463935613632" lon="-0.0923067145049572">
        <ele>40.0</ele>
        <time>2024-06-16T11:03:26Z</time>
        <extensions>
          <ns3:TrackPointExtension></ns3:TrackPointExtension>
        </extensions>
      </trkpt>
      <trkpt lat="50.97397274337709" lon="-0.09203815832734108">
        <ele>40.0</ele>
        <time>2024-06-16T11:03:35Z</time>
        <extensions>
          <ns3:TrackPointExtension></ns3:TrackPointExtension>
        </extensions>
      </trkpt>
      <trkpt lat="50.97142405807972" lon="-0.09121631272137165">
        <ele>43.400001525878906</ele>
        <time>2024-06-16T11:04:21Z</time>
        <extensions>
          <ns3:TrackPointExtension></ns3:TrackPointExtension>
        </extensions>
      </trkpt>
      <trkpt lat="50.96870915964246" lon="-0.09075061418116093">
        <ele>37.79999923706055</ele>
        <time>2024-06-16T11:05:13Z</time>
        <extensions>
          <ns3:TrackPointExtension></ns3:TrackPointExtension>
        </extensions>
      </trkpt>
      <trkpt lat="50.968163665384054" lon="-0.09070434607565403">
        <ele>37.0</ele>
        <time>2024-06-16T11:05:22Z</time>
        <extensions>
          <ns3:TrackPointExtension></ns3:TrackPointExtension>
        </extensions>
      </trkpt>
      <trkpt lat="50.96794757992029" lon="-0.09080509655177593">
        <ele>35.79999923706055</ele>
        <time>2024-06-16T11:05:25Z</time>
        <extensions>
          <ns3:TrackPointExtension></ns3:TrackPointExtension>
        </extensions>
      </trkpt>
      <trkpt lat="50.9668505564332" lon="-0.09151353500783443">
        <ele>37.20000076293945</ele>
        <time>2024-06-16T11:05:40Z</time>
        <extensions>
          <ns3:TrackPointExtension></ns3:TrackPointExtension>
        </extensions>
      </trkpt>
      <trkpt lat="50.96512597985566" lon="-0.0923878513276577">
        <ele>37.0</ele>
        <time>2024-06-16T11:06:07Z</time>
        <extensions>
          <ns3:TrackPointExtension></ns3:TrackPointExtension>
        </extensions>
      </trkpt>
      <trkpt lat="50.96330928616226" lon="-0.09338202886283398">
        <ele>38.0</ele>
        <time>2024-06-16T11:06:39Z</time>
        <extensions>
          <ns3:TrackPointExtension></ns3:TrackPointExtension>
        </extensions>
      </trkpt>
      <trkpt lat="50.962560111656785" lon="-0.09372023865580559">
        <ele>38.20000076293945</ele>
        <time>2024-06-16T11:06:52Z</time>
        <extensions>
          <ns3:TrackPointExtension></ns3:TrackPointExtension>
        </extensions>
      </trkpt>
      <trkpt lat="50.961957201361656" lon="-0.09389298968017101">
        <ele>39.400001525878906</ele>
        <time>2024-06-16T11:07:02Z</time>
        <extensions>
          <ns3:TrackPointExtension></ns3:TrackPointExtension>
        </extensions>
      </trkpt>
      <trkpt lat="50.961773470044136" lon="-0.09399524889886379">
        <ele>40.400001525878906</ele>
        <time>2024-06-16T11:07:05Z</time>
        <extensions>
          <ns3:TrackPointExtension></ns3:TrackPointExtension>
        </extensions>
      </trkpt>
      <trkpt lat="50.96157758496702" lon="-0.0942560937255621">
        <ele>40.79999923706055</ele>
        <time>2024-06-16T11:07:09Z</time>
        <extensions>
          <ns3:TrackPointExtension></ns3:TrackPointExtension>
        </extensions>
      </trkpt>
      <trkpt lat="50.96131816506386" lon="-0.09478457272052765">
        <ele>41.0</ele>
        <time>2024-06-16T11:07:16Z</time>
        <extensions>
          <ns3:TrackPointExtension></ns3:TrackPointExtension>
        </extensions>
      </trkpt>
      <trkpt lat="50.960858166217804" lon="-0.09586441330611706">
        <ele>42.400001525878906</ele>
        <time>2024-06-16T11:07:29Z</time>
        <extensions>
          <ns3:TrackPointExtension></ns3:TrackPointExtension>
        </extensions>
      </trkpt>
      <trkpt lat="50.96063118427992" lon="-0.09652264416217804">
        <ele>42.20000076293945</ele>
        <time>2024-06-16T11:07:37Z</time>
        <extensions>
          <ns3:TrackPointExtension></ns3:TrackPointExtension>
        </extensions>
      </trkpt>
      <trkpt lat="50.959984520450234" lon="-0.09780574589967728">
        <ele>43.599998474121094</ele>
        <time>2024-06-16T11:07:54Z</time>
        <extensions>
          <ns3:TrackPointExtension></ns3:TrackPointExtension>
        </extensions>
      </trkpt>
      <trkpt lat="50.95891959965229" lon="-0.09922899305820465">
        <ele>45.400001525878906</ele>
        <time>2024-06-16T11:08:24Z</time>
        <extensions>
          <ns3:TrackPointExtension></ns3:TrackPointExtension>
        </extensions>
      </trkpt>
      <trkpt lat="50.95874567516148" lon="-0.09942605160176754">
        <ele>45.599998474121094</ele>
        <time>2024-06-16T11:08:30Z</time>
        <extensions>
          <ns3:TrackPointExtension></ns3:TrackPointExtension>
        </extensions>
      </trkpt>
      <trkpt lat="50.95818718895316" lon="-0.09987607598304749">
        <ele>45.0</ele>
        <time>2024-06-16T11:08:43Z</time>
        <extensions>
          <ns3:TrackPointExtension></ns3:TrackPointExtension>
        </extensions>
      </trkpt>
      <trkpt lat="50.956282736733556" lon="-0.10113872587680817">
        <ele>46.400001525878906</ele>
        <time>2024-06-16T11:09:16Z</time>
        <extensions>
          <ns3:TrackPointExtension></ns3:TrackPointExtension>
        </extensions>
      </trkpt>
      <trkpt lat="50.95568720251322" lon="-0.10144399479031563">
        <ele>48.400001525878906</ele>
        <time>2024-06-16T11:09:28Z</time>
        <extensions>
          <ns3:TrackPointExtension></ns3:TrackPointExtension>
        </extensions>
      </trkpt>
      <trkpt lat="50.95529308542609" lon="-0.101764602586627">
        <ele>49.599998474121094</ele>
        <time>2024-06-16T11:09:37Z</time>
        <extensions>
          <ns3:TrackPointExtension></ns3:TrackPointExtension>
        </extensions>
      </trkpt>
      <trkpt lat="50.954908607527614" lon="-0.10200407356023788">
        <ele>50.20000076293945</ele>
        <time>2024-06-16T11:09:48Z</time>
        <extensions>
          <ns3:TrackPointExtension></ns3:TrackPointExtension>
        </extensions>
      </trkpt>
      <trkpt lat="50.95382767729461" lon="-0.10262567549943924">
        <ele>53.20000076293945</ele>
        <time>2024-06-16T11:10:26Z</time>
        <extensions>
          <ns3:TrackPointExtension></ns3:TrackPointExtension>
        </extensions>
      </trkpt>
      <trkpt lat="50.95344646833837" lon="-0.10277973487973213">
        <ele>52.599998474121094</ele>
        <time>2024-06-16T11:10:35Z</time>
        <extensions>
          <ns3:TrackPointExtension></ns3:TrackPointExtension>
        </extensions>
      </trkpt>
      <trkpt lat="50.95301002264023" lon="-0.10288048535585403">
        <ele>50.400001525878906</ele>
        <time>2024-06-16T11:10:41Z</time>
        <extensions>
          <ns3:TrackPointExtension></ns3:TrackPointExtension>
        </extensions>
      </trkpt>
      <trkpt lat="50.951744858175516" lon="-0.10305298492312431">
        <ele>45.79999923706055</ele>
        <time>2024-06-16T11:10:55Z</time>
        <extensions>
          <ns3:TrackPointExtension></ns3:TrackPointExtension>
        </extensions>
      </trkpt>
      <trkpt lat="50.94773009419441" lon="-0.10342908091843128">
        <ele>47.599998474121094</ele>
        <time>2024-06-16T11:11:59Z</time>
        <extensions>
          <ns3:TrackPointExtension></ns3:TrackPointExtension>
        </extensions>
      </trkpt>
      <trkpt lat="50.94715534709394" lon="-0.10356117971241474">
        <ele>49.0</ele>
        <time>2024-06-16T11:14:50Z</time>
        <extensions>
          <ns3:TrackPointExtension></ns3:TrackPointExtension>
        </extensions>
      </trkpt>
      <trkpt lat="50.94674631021917" lon="-0.10358632542192936">
        <ele>50.599998474121094</ele>
        <time>2024-06-16T11:15:00Z</time>
        <extensions>
          <ns3:TrackPointExtension></ns3:TrackPointExtension>
        </extensions>
      </trkpt>
      <trkpt lat="50.946544306352735" lon="-0.10353066958487034">
        <ele>51.79999923706055</ele>
        <time>2024-06-16T11:15:06Z</time>
        <extensions>
          <ns3:TrackPointExtension></ns3:TrackPointExtension>
        </extensions>
      </trkpt>
      <trkpt lat="50.94613954424858" lon="-0.10365212336182594">
        <ele>55.400001525878906</ele>
        <time>2024-06-16T11:15:17Z</time>
        <extensions>
          <ns3:TrackPointExtension></ns3:TrackPointExtension>
        </extensions>
      </trkpt>
      <trkpt lat="50.94497739337385" lon="-0.10384943336248398">
        <ele>56.79999923706055</ele>
        <time>2024-06-16T11:15:50Z</time>
        <extensions>
          <ns3:TrackPointExtension></ns3:TrackPointExtension>
        </extensions>
      </trkpt>
      <trkpt lat="50.94416409730911" lon="-0.10411153547465801">
        <ele>56.79999923706055</ele>
        <time>2024-06-16T11:16:06Z</time>
        <extensions>
          <ns3:TrackPointExtension></ns3:TrackPointExtension>
        </extensions>
      </trkpt>
      <trkpt lat="50.943595468997955" lon="-0.10435754433274269">
        <ele>56.599998474121094</ele>
        <time>2024-06-16T11:16:15Z</time>
        <extensions>
          <ns3:TrackPointExtension></ns3:TrackPointExtension>
        </extensions>
      </trkpt>
      <trkpt lat="50.93894435092807" lon="-0.10607181116938591">
        <ele>50.79999923706055</ele>
        <time>2024-06-16T11:17:24Z</time>
        <extensions>
          <ns3:TrackPointExtension></ns3:TrackPointExtension>
        </extensions>
      </trkpt>
      <trkpt lat="50.93854486942291" lon="-0.1061164028942585">
        <ele>50.0</ele>
        <time>2024-06-16T11:17:28Z</time>
        <extensions>
          <ns3:TrackPointExtension></ns3:TrackPointExtension>
        </extensions>
      </trkpt>
      <trkpt lat="50.93796852976084" lon="-0.10606586001813412">
        <ele>48.20000076293945</ele>
        <time>2024-06-16T11:17:34Z</time>
        <extensions>
          <ns3:TrackPointExtension></ns3:TrackPointExtension>
        </extensions>
      </trkpt>
      <trkpt lat="50.93778504990041" lon="-0.10608958080410957">
        <ele>48.0</ele>
        <time>2024-06-16T11:17:36Z</time>
        <extensions>
          <ns3:TrackPointExtension></ns3:TrackPointExtension>
        </extensions>
      </trkpt>
      <trkpt lat="50.93683697283268" lon="-0.10646685026586056">
        <ele>47.20000076293945</ele>
        <time>2024-06-16T11:17:48Z</time>
        <extensions>
          <ns3:TrackPointExtension></ns3:TrackPointExtension>
        </extensions>
      </trkpt>
      <trkpt lat="50.935912700369954" lon="-0.10695811361074448">
        <ele>48.79999923706055</ele>
        <time>2024-06-16T11:18:03Z</time>
        <extensions>
          <ns3:TrackPointExtension></ns3:TrackPointExtension>
        </extensions>
      </trkpt>
      <trkpt lat="50.93493293970823" lon="-0.10763042606413364">
        <ele>50.79999923706055</ele>
        <time>2024-06-16T11:18:23Z</time>
        <extensions>
          <ns3:TrackPointExtension></ns3:TrackPointExtension>
        </extensions>
      </trkpt>
      <trkpt lat="50.931587386876345" lon="-0.11042218655347824">
        <ele>53.0</ele>
        <time>2024-06-16T11:19:54Z</time>
        <extensions>
          <ns3:TrackPointExtension></ns3:TrackPointExtension>
        </extensions>
      </trkpt>
      <trkpt lat="50.931231239810586" lon="-0.11061966419219971">
        <ele>54.599998474121094</ele>
        <time>2024-06-16T11:20:04Z</time>
        <extensions>
          <ns3:TrackPointExtension></ns3:TrackPointExtension>
        </extensions>
      </trkpt>
      <trkpt lat="50.93064769171178" lon="-0.11085712350904942">
        <ele>58.599998474121094</ele>
        <time>2024-06-16T11:20:22Z</time>
        <extensions>
          <ns3:TrackPointExtension></ns3:TrackPointExtension>
        </extensions>
      </trkpt>
      <trkpt lat="50.929217571392655" lon="-0.11204525828361511">
        <ele>63.0</ele>
        <time>2024-06-16T11:21:05Z</time>
        <extensions>
          <ns3:TrackPointExtension></ns3:TrackPointExtension>
        </extensions>
      </trkpt>
      <trkpt lat="50.92904867604375" lon="-0.11226385831832886">
        <ele>63.0</ele>
        <time>2024-06-16T11:21:10Z</time>
        <extensions>
          <ns3:TrackPointExtension></ns3:TrackPointExtension>
        </extensions>
      </trkpt>
      <trkpt lat="50.928486501798034" lon="-0.11319047771394253">
        <ele>64.0</ele>
        <time>2024-06-16T11:21:30Z</time>
        <extensions>
          <ns3:TrackPointExtension></ns3:TrackPointExtension>
        </extensions>
      </trkpt>
      <trkpt lat="50.92802667059004" lon="-0.11372926644980907">
        <ele>64.0</ele>
        <time>2024-06-16T11:21:45Z</time>
        <extensions>
          <ns3:TrackPointExtension></ns3:TrackPointExtension>
        </extensions>
      </trkpt>
      <trkpt lat="50.927669517695904" lon="-0.11406957171857357">
        <ele>65.0</ele>
        <time>2024-06-16T11:21:54Z</time>
        <extensions>
          <ns3:TrackPointExtension></ns3:TrackPointExtension>
        </extensions>
      </trkpt>
      <trkpt lat="50.92748838476837" lon="-0.11418867856264114">
        <ele>65.4000015258789</ele>
        <time>2024-06-16T11:21:58Z</time>
        <extensions>
          <ns3:TrackPointExtension></ns3:TrackPointExtension>
        </extensions>
      </trkpt>
      <trkpt lat="50.92725461348891" lon="-0.11425531469285488">
        <ele>66.4000015258789</ele>
        <time>2024-06-16T11:22:03Z</time>
        <extensions>
          <ns3:TrackPointExtension></ns3:TrackPointExtension>
        </extensions>
      </trkpt>
      <trkpt lat="50.9256699308753" lon="-0.1145391259342432">
        <ele>70.80000305175781</ele>
        <time>2024-06-16T11:22:38Z</time>
        <extensions>
          <ns3:TrackPointExtension></ns3:TrackPointExtension>
        </extensions>
      </trkpt>
      <trkpt lat="50.925272712484" lon="-0.11455454863607883">
        <ele>70.0</ele>
        <time>2024-06-16T11:22:48Z</time>
        <extensions>
          <ns3:TrackPointExtension></ns3:TrackPointExtension>
        </extensions>
      </trkpt>
      <trkpt lat="50.9246822912246" lon="-0.11448254808783531">
        <ele>70.0</ele>
        <time>2024-06-16T11:23:03Z</time>
        <extensions>
          <ns3:TrackPointExtension></ns3:TrackPointExtension>
        </extensions>
      </trkpt>
      <trkpt lat="50.92390436679125" lon="-0.11459914036095142">
        <ele>72.0</ele>
        <time>2024-06-16T11:23:23Z</time>
        <extensions>
          <ns3:TrackPointExtension></ns3:TrackPointExtension>
        </extensions>
      </trkpt>
      <trkpt lat="50.923698004335165" lon="-0.11464331299066544">
        <ele>72.0</ele>
        <time>2024-06-16T11:23:29Z</time>
        <extensions>
          <ns3:TrackPointExtension></ns3:TrackPointExtension>
        </extensions>
      </trkpt>
      <trkpt lat="50.92314303852618" lon="-0.11493072845041752">
        <ele>71.80000305175781</ele>
        <time>2024-06-16T11:23:43Z</time>
        <extensions>
          <ns3:TrackPointExtension></ns3:TrackPointExtension>
        </extensions>
      </trkpt>
      <trkpt lat="50.92294053174555" lon="-0.11499233543872833">
        <ele>71.19999694824219</ele>
        <time>2024-06-16T11:23:48Z</time>
        <extensions>
          <ns3:TrackPointExtension></ns3:TrackPointExtension>
        </extensions>
      </trkpt>
      <trkpt lat="50.922561502084136" lon="-0.11500381864607334">
        <ele>70.5999984741211</ele>
        <time>2024-06-16T11:23:56Z</time>
        <extensions>
          <ns3:TrackPointExtension></ns3:TrackPointExtension>
        </extensions>
      </trkpt>
      <trkpt lat="50.921846525743604" lon="-0.11484355665743351">
        <ele>69.0</ele>
        <time>2024-06-16T11:24:09Z</time>
        <extensions>
          <ns3:TrackPointExtension></ns3:TrackPointExtension>
        </extensions>
      </trkpt>
      <trkpt lat="50.92125560157001" lon="-0.11484481394290924">
        <ele>66.0</ele>
        <time>2024-06-16T11:24:20Z</time>
        <extensions>
          <ns3:TrackPointExtension></ns3:TrackPointExtension>
        </extensions>
      </trkpt>
      <trkpt lat="50.920875146985054" lon="-0.11504027992486954">
        <ele>64.4000015258789</ele>
        <time>2024-06-16T11:25:12Z</time>
        <extensions>
          <ns3:TrackPointExtension></ns3:TrackPointExtension>
        </extensions>
      </trkpt>
      <trkpt lat="50.91976379044354" lon="-0.1154250930994749">
        <ele>62.0</ele>
        <time>2024-06-16T11:25:30Z</time>
        <extensions>
          <ns3:TrackPointExtension></ns3:TrackPointExtension>
        </extensions>
      </trkpt>
      <trkpt lat="50.91872678138316" lon="-0.11508621275424957">
        <ele>62.599998474121094</ele>
        <time>2024-06-16T11:25:47Z</time>
        <extensions>
          <ns3:TrackPointExtension></ns3:TrackPointExtension>
        </extensions>
      </trkpt>
      <trkpt lat="50.91795011423528" lon="-0.11505662463605404">
        <ele>63.79999923706055</ele>
        <time>2024-06-16T11:25:59Z</time>
        <extensions>
          <ns3:TrackPointExtension></ns3:TrackPointExtension>
        </extensions>
      </trkpt>
      <trkpt lat="50.91732951812446" lon="-0.1151108555495739">
        <ele>65.0</ele>
        <time>2024-06-16T11:26:11Z</time>
        <extensions>
          <ns3:TrackPointExtension></ns3:TrackPointExtension>
        </extensions>
      </trkpt>
      <trkpt lat="50.9158044308424" lon="-0.11513181030750275">
        <ele>66.5999984741211</ele>
        <time>2024-06-16T11:26:47Z</time>
        <extensions>
          <ns3:TrackPointExtension></ns3:TrackPointExtension>
        </extensions>
      </trkpt>
      <trkpt lat="50.91416987590492" lon="-0.11535376310348511">
        <ele>72.5999984741211</ele>
        <time>2024-06-16T11:27:27Z</time>
        <extensions>
          <ns3:TrackPointExtension></ns3:TrackPointExtension>
        </extensions>
      </trkpt>
      <trkpt lat="50.91205604374409" lon="-0.11571661569178104">
        <ele>76.0</ele>
        <time>2024-06-16T11:28:25Z</time>
        <extensions>
          <ns3:TrackPointExtension></ns3:TrackPointExtension>
        </extensions>
      </trkpt>
      <trkpt lat="50.91145078651607" lon="-0.11571535840630531">
        <ele>78.5999984741211</ele>
        <time>2024-06-16T11:28:42Z</time>
        <extensions>
          <ns3:TrackPointExtension></ns3:TrackPointExtension>
        </extensions>
      </trkpt>
      <trkpt lat="50.9104907233268" lon="-0.11552936397492886">
        <ele>84.19999694824219</ele>
        <time>2024-06-16T11:29:12Z</time>
        <extensions>
          <ns3:TrackPointExtension></ns3:TrackPointExtension>
        </extensions>
      </trkpt>
      <trkpt lat="50.90875399298966" lon="-0.11557688936591148">
        <ele>87.4000015258789</ele>
        <time>2024-06-16T11:30:15Z</time>
        <extensions>
          <ns3:TrackPointExtension></ns3:TrackPointExtension>
        </extensions>
      </trkpt>
      <trkpt lat="50.908005656674504" lon="-0.11552609503269196">
        <ele>94.5999984741211</ele>
        <time>2024-06-16T11:30:51Z</time>
        <extensions>
          <ns3:TrackPointExtension></ns3:TrackPointExtension>
        </extensions>
      </trkpt>
      <trkpt lat="50.90782854706049" lon="-0.1154408510774374">
        <ele>98.80000305175781</ele>
        <time>2024-06-16T11:30:59Z</time>
        <extensions>
          <ns3:TrackPointExtension></ns3:TrackPointExtension>
        </extensions>
      </trkpt>
      <trkpt lat="50.9076916705817" lon="-0.11523323133587837">
        <ele>103.0</ele>
        <time>2024-06-16T11:32:03Z</time>
        <extensions>
          <ns3:TrackPointExtension></ns3:TrackPointExtension>
        </extensions>
      </trkpt>
      <trkpt lat="50.907478937879205" lon="-0.11475244536995888">
        <ele>108.80000305175781</ele>
        <time>2024-06-16T11:32:21Z</time>
        <extensions>
          <ns3:TrackPointExtension></ns3:TrackPointExtension>
        </extensions>
      </trkpt>
      <trkpt lat="50.90719982050359" lon="-0.11395490728318691">
        <ele>116.5999984741211</ele>
        <time>2024-06-16T11:33:12Z</time>
        <extensions>
          <ns3:TrackPointExtension></ns3:TrackPointExtension>
        </extensions>
      </trkpt>
      <trkpt lat="50.9067590162158" lon="-0.11300833895802498">
        <ele>119.5999984741211</ele>
        <time>2024-06-16T11:33:49Z</time>
        <extensions>
          <ns3:TrackPointExtension></ns3:TrackPointExtension>
        </extensions>
      </trkpt>
      <trkpt lat="50.906591629609466" lon="-0.11291068978607655">
        <ele>120.80000305175781</ele>
        <time>2024-06-16T11:34:00Z</time>
        <extensions>
          <ns3:TrackPointExtension></ns3:TrackPointExtension>
        </extensions>
      </trkpt>
      <trkpt lat="50.90640412643552" lon="-0.11294446885585785">
        <ele>122.4000015258789</ele>
        <time>2024-06-16T11:34:10Z</time>
        <extensions>
          <ns3:TrackPointExtension></ns3:TrackPointExtension>
        </extensions>
      </trkpt>
      <trkpt lat="50.905309952795506" lon="-0.11343824677169323">
        <ele>143.1999969482422</ele>
        <time>2024-06-16T11:35:34Z</time>
        <extensions>
          <ns3:TrackPointExtension></ns3:TrackPointExtension>
        </extensions>
      </trkpt>
      <trkpt lat="50.90494701638818" lon="-0.11347881518304348">
        <ele>154.8000030517578</ele>
        <time>2024-06-16T11:36:10Z</time>
        <extensions>
          <ns3:TrackPointExtension></ns3:TrackPointExtension>
        </extensions>
      </trkpt>
      <trkpt lat="50.90476714074612" lon="-0.11337429285049438">
        <ele>160.39999389648438</ele>
        <time>2024-06-16T11:36:22Z</time>
        <extensions>
          <ns3:TrackPointExtension></ns3:TrackPointExtension>
        </extensions>
      </trkpt>
      <trkpt lat="50.90472187846899" lon="-0.11309567838907242">
        <ele>157.8000030517578</ele>
        <time>2024-06-16T11:36:36Z</time>
        <extensions>
          <ns3:TrackPointExtension></ns3:TrackPointExtension>
        </extensions>
      </trkpt>
      <trkpt lat="50.9047784563154" lon="-0.11281069368124008">
        <ele>153.1999969482422</ele>
        <time>2024-06-16T11:36:51Z</time>
        <extensions>
          <ns3:TrackPointExtension></ns3:TrackPointExtension>
        </extensions>
      </trkpt>
      <trkpt lat="50.9050062764436" lon="-0.1123136468231678">
        <ele>145.60000610351562</ele>
        <time>2024-06-16T11:37:24Z</time>
        <extensions>
          <ns3:TrackPointExtension></ns3:TrackPointExtension>
        </extensions>
      </trkpt>
      <trkpt lat="50.90517240576446" lon="-0.1117740198969841">
        <ele>145.39999389648438</ele>
        <time>2024-06-16T11:37:41Z</time>
        <extensions>
          <ns3:TrackPointExtension></ns3:TrackPointExtension>
        </extensions>
      </trkpt>
      <trkpt lat="50.90520182624459" lon="-0.11116825975477695">
        <ele>150.60000610351562</ele>
        <time>2024-06-16T11:38:02Z</time>
        <extensions>
          <ns3:TrackPointExtension></ns3:TrackPointExtension>
        </extensions>
      </trkpt>
      <trkpt lat="50.905134519562125" lon="-0.11058186180889606">
        <ele>159.1999969482422</ele>
        <time>2024-06-16T11:38:32Z</time>
        <extensions>
          <ns3:TrackPointExtension></ns3:TrackPointExtension>
        </extensions>
      </trkpt>
      <trkpt lat="50.904935700818896" lon="-0.10978574864566326">
        <ele>167.1999969482422</ele>
        <time>2024-06-16T11:39:16Z</time>
        <extensions>
          <ns3:TrackPointExtension></ns3:TrackPointExtension>
        </extensions>
      </trkpt>
      <trkpt lat="50.90481508523226" lon="-0.10956371203064919">
        <ele>168.0</ele>
        <time>2024-06-16T11:39:32Z</time>
        <extensions>
          <ns3:TrackPointExtension></ns3:TrackPointExtension>
        </extensions>
      </trkpt>
      <trkpt lat="50.90467929840088" lon="-0.10936154052615166">
        <ele>169.39999389648438</ele>
        <time>2024-06-16T11:39:47Z</time>
        <extensions>
          <ns3:TrackPointExtension></ns3:TrackPointExtension>
        </extensions>
      </trkpt>
      <trkpt lat="50.90416582301259" lon="-0.10902659967541695">
        <ele>183.60000610351562</ele>
        <time>2024-06-16T11:40:36Z</time>
        <extensions>
          <ns3:TrackPointExtension></ns3:TrackPointExtension>
        </extensions>
      </trkpt>
      <trkpt lat="50.904016960412264" lon="-0.10886851698160172">
        <ele>188.8000030517578</ele>
        <time>2024-06-16T11:40:53Z</time>
        <extensions>
          <ns3:TrackPointExtension></ns3:TrackPointExtension>
        </extensions>
      </trkpt>
      <trkpt lat="50.9038891363889" lon="-0.10832075960934162">
        <ele>190.39999389648438</ele>
        <time>2024-06-16T11:41:27Z</time>
        <extensions>
          <ns3:TrackPointExtension></ns3:TrackPointExtension>
        </extensions>
      </trkpt>
      <trkpt lat="50.903988126665354" lon="-0.10777107439935207">
        <ele>186.60000610351562</ele>
        <time>2024-06-16T11:42:02Z</time>
        <extensions>
          <ns3:TrackPointExtension></ns3:TrackPointExtension>
        </extensions>
      </trkpt>
      <trkpt lat="50.90397681109607" lon="-0.10748416185379028">
        <ele>188.8000030517578</ele>
        <time>2024-06-16T11:42:20Z</time>
        <extensions>
          <ns3:TrackPointExtension></ns3:TrackPointExtension>
        </extensions>
      </trkpt>
      <trkpt lat="50.90392836369574" lon="-0.10720663703978062">
        <ele>191.1999969482422</ele>
        <time>2024-06-16T11:42:35Z</time>
        <extensions>
          <ns3:TrackPointExtension></ns3:TrackPointExtension>
        </extensions>
      </trkpt>
      <trkpt lat="50.90383850969374" lon="-0.10695685632526875">
        <ele>193.60000610351562</ele>
        <time>2024-06-16T11:42:51Z</time>
        <extensions>
          <ns3:TrackPointExtension></ns3:TrackPointExtension>
        </extensions>
      </trkpt>
      <trkpt lat="50.9035159740597" lon="-0.10667421855032444">
        <ele>196.39999389648438</ele>
        <time>2024-06-16T11:43:23Z</time>
        <extensions>
          <ns3:TrackPointExtension></ns3:TrackPointExtension>
        </extensions>
      </trkpt>
      <trkpt lat="50.9033365175128" lon="-0.1066157128661871">
        <ele>197.39999389648438</ele>
        <time>2024-06-16T11:43:39Z</time>
        <extensions>
          <ns3:TrackPointExtension></ns3:TrackPointExtension>
        </extensions>
      </trkpt>
      <trkpt lat="50.90315446257591" lon="-0.10669131763279438">
        <ele>202.8000030517578</ele>
        <time>2024-06-16T11:44:03Z</time>
        <extensions>
          <ns3:TrackPointExtension></ns3:TrackPointExtension>
        </extensions>
      </trkpt>
      <trkpt lat="50.902787586674094" lon="-0.10673205368220806">
        <ele>215.60000610351562</ele>
        <time>2024-06-16T11:44:43Z</time>
        <extensions>
          <ns3:TrackPointExtension></ns3:TrackPointExtension>
        </extensions>
      </trkpt>
      <trkpt lat="50.902607375755906" lon="-0.10665468871593475">
        <ele>221.0</ele>
        <time>2024-06-16T11:45:03Z</time>
        <extensions>
          <ns3:TrackPointExtension></ns3:TrackPointExtension>
        </extensions>
      </trkpt>
      <trkpt lat="50.902451891452074" lon="-0.10650171898305416">
        <ele>223.39999389648438</ele>
        <time>2024-06-16T11:45:24Z</time>
        <extensions>
          <ns3:TrackPointExtension></ns3:TrackPointExtension>
        </extensions>
      </trkpt>
      <trkpt lat="50.90234032832086" lon="-0.10626610368490219">
        <ele>222.39999389648438</ele>
        <time>2024-06-16T11:45:40Z</time>
        <extensions>
          <ns3:TrackPointExtension></ns3:TrackPointExtension>
        </extensions>
      </trkpt>
      <trkpt lat="50.902179228141904" lon="-0.1057455874979496">
        <ele>219.60000610351562</ele>
        <time>2024-06-16T11:46:17Z</time>
        <extensions>
          <ns3:TrackPointExtension></ns3:TrackPointExtension>
        </extensions>
      </trkpt>
      <trkpt lat="50.90197445824742" lon="-0.10524703189730644">
        <ele>221.8000030517578</ele>
        <time>2024-06-16T11:46:52Z</time>
        <extensions>
          <ns3:TrackPointExtension></ns3:TrackPointExtension>
        </extensions>
      </trkpt>
      <trkpt lat="50.901836324483156" lon="-0.10505433194339275">
        <ele>223.0</ele>
        <time>2024-06-16T11:47:10Z</time>
        <extensions>
          <ns3:TrackPointExtension></ns3:TrackPointExtension>
        </extensions>
      </trkpt>
      <trkpt lat="50.90128622017801" lon="-0.10448872111737728">
        <ele>225.60000610351562</ele>
        <time>2024-06-16T11:48:19Z</time>
        <extensions>
          <ns3:TrackPointExtension></ns3:TrackPointExtension>
        </extensions>
      </trkpt>
      <trkpt lat="50.90111338533461" lon="-0.10440632700920105">
        <ele>227.0</ele>
        <time>2024-06-16T11:48:36Z</time>
        <extensions>
          <ns3:TrackPointExtension></ns3:TrackPointExtension>
        </extensions>
      </trkpt>
      <trkpt lat="50.9009275585413" lon="-0.1044033095240593">
        <ele>227.39999389648438</ele>
        <time>2024-06-16T11:48:55Z</time>
        <extensions>
          <ns3:TrackPointExtension></ns3:TrackPointExtension>
        </extensions>
      </trkpt>
      <trkpt lat="50.900762770324945" lon="-0.10452224873006344">
        <ele>227.0</ele>
        <time>2024-06-16T11:49:13Z</time>
        <extensions>
          <ns3:TrackPointExtension></ns3:TrackPointExtension>
        </extensions>
      </trkpt>
      <trkpt lat="50.90046529658139" lon="-0.1050796452909708">
        <ele>228.8000030517578</ele>
        <time>2024-06-16T11:49:56Z</time>
        <extensions>
          <ns3:TrackPointExtension></ns3:TrackPointExtension>
        </extensions>
      </trkpt>
      <trkpt lat="50.900344513356686" lon="-0.10517369024455547">
        <ele>228.60000610351562</ele>
        <time>2024-06-16T11:53:51Z</time>
        <extensions>
          <ns3:TrackPointExtension></ns3:TrackPointExtension>
        </extensions>
      </trkpt>
      <trkpt lat="50.89970304630697" lon="-0.10592227801680565">
        <ele>230.39999389648438</ele>
        <time>2024-06-16T11:54:13Z</time>
        <extensions>
          <ns3:TrackPointExtension></ns3:TrackPointExtension>
        </extensions>
      </trkpt>
      <trkpt lat="50.89900047518313" lon="-0.10657749138772488">
        <ele>228.1999969482422</ele>
        <time>2024-06-16T11:54:32Z</time>
        <extensions>
          <ns3:TrackPointExtension></ns3:TrackPointExtension>
        </extensions>
      </trkpt>
      <trkpt lat="50.898440731689334" lon="-0.10698049329221249">
        <ele>227.0</ele>
        <time>2024-06-16T11:54:44Z</time>
        <extensions>
          <ns3:TrackPointExtension></ns3:TrackPointExtension>
        </extensions>
      </trkpt>
      <trkpt lat="50.897582760080695" lon="-0.10738743469119072">
        <ele>225.8000030517578</ele>
        <time>2024-06-16T11:55:00Z</time>
        <extensions>
          <ns3:TrackPointExtension></ns3:TrackPointExtension>
        </extensions>
      </trkpt>
      <trkpt lat="50.89549591764808" lon="-0.1079128123819828">
        <ele>220.0</ele>
        <time>2024-06-16T11:55:34Z</time>
        <extensions>
          <ns3:TrackPointExtension></ns3:TrackPointExtension>
        </extensions>
      </trkpt>
      <trkpt lat="50.89439520612359" lon="-0.10828999802470207">
        <ele>216.0</ele>
        <time>2024-06-16T11:55:51Z</time>
        <extensions>
          <ns3:TrackPointExtension></ns3:TrackPointExtension>
        </extensions>
      </trkpt>
      <trkpt lat="50.892220605164766" lon="-0.10926783084869385">
        <ele>207.60000610351562</ele>
        <time>2024-06-16T11:56:26Z</time>
        <extensions>
          <ns3:TrackPointExtension></ns3:TrackPointExtension>
        </extensions>
      </trkpt>
      <trkpt lat="50.89182606898248" lon="-0.10950394906103611">
        <ele>206.39999389648438</ele>
        <time>2024-06-16T11:56:33Z</time>
        <extensions>
          <ns3:TrackPointExtension></ns3:TrackPointExtension>
        </extensions>
      </trkpt>
      <trkpt lat="50.89149288833141" lon="-0.10979865677654743">
        <ele>205.39999389648438</ele>
        <time>2024-06-16T11:56:39Z</time>
        <extensions>
          <ns3:TrackPointExtension></ns3:TrackPointExtension>
        </extensions>
      </trkpt>
      <trkpt lat="50.89118141680956" lon="-0.11015648022294044">
        <ele>203.1999969482422</ele>
        <time>2024-06-16T11:56:45Z</time>
        <extensions>
          <ns3:TrackPointExtension></ns3:TrackPointExtension>
        </extensions>
      </trkpt>
      <trkpt lat="50.89071923866868" lon="-0.11079417541623116">
        <ele>201.60000610351562</ele>
        <time>2024-06-16T11:56:54Z</time>
        <extensions>
          <ns3:TrackPointExtension></ns3:TrackPointExtension>
        </extensions>
      </trkpt>
      <trkpt lat="50.889645935967565" lon="-0.11245429515838623">
        <ele>198.39999389648438</ele>
        <time>2024-06-16T11:57:15Z</time>
        <extensions>
          <ns3:TrackPointExtension></ns3:TrackPointExtension>
        </extensions>
      </trkpt>
      <trkpt lat="50.88917847722769" lon="-0.11326256208121777">
        <ele>196.8000030517578</ele>
        <time>2024-06-16T11:57:24Z</time>
        <extensions>
          <ns3:TrackPointExtension></ns3:TrackPointExtension>
        </extensions>
      </trkpt>
      <trkpt lat="50.8889065682888" lon="-0.11392867192626">
        <ele>195.1999969482422</ele>
        <time>2024-06-16T11:57:30Z</time>
        <extensions>
          <ns3:TrackPointExtension></ns3:TrackPointExtension>
        </extensions>
      </trkpt>
      <trkpt lat="50.88830499909818" lon="-0.11578744277358055">
        <ele>195.8000030517578</ele>
        <time>2024-06-16T11:57:48Z</time>
        <extensions>
          <ns3:TrackPointExtension></ns3:TrackPointExtension>
        </extensions>
      </trkpt>
      <trkpt lat="50.88798942044377" lon="-0.11661850847303867">
        <ele>195.39999389648438</ele>
        <time>2024-06-16T11:57:57Z</time>
        <extensions>
          <ns3:TrackPointExtension></ns3:TrackPointExtension>
        </extensions>
      </trkpt>
      <trkpt lat="50.887756403535604" lon="-0.11714271269738674">
        <ele>194.39999389648438</ele>
        <time>2024-06-16T11:58:03Z</time>
        <extensions>
          <ns3:TrackPointExtension></ns3:TrackPointExtension>
        </extensions>
      </trkpt>
      <trkpt lat="50.88736144825816" lon="-0.11789356358349323">
        <ele>192.1999969482422</ele>
        <time>2024-06-16T11:58:12Z</time>
        <extensions>
          <ns3:TrackPointExtension></ns3:TrackPointExtension>
        </extensions>
      </trkpt>
      <trkpt lat="50.886849984526634" lon="-0.11866570450365543">
        <ele>189.1999969482422</ele>
        <time>2024-06-16T11:58:21Z</time>
        <extensions>
          <ns3:TrackPointExtension></ns3:TrackPointExtension>
        </extensions>
      </trkpt>
      <trkpt lat="50.88625025935471" lon="-0.11937732808291912">
        <ele>186.39999389648438</ele>
        <time>2024-06-16T11:58:30Z</time>
        <extensions>
          <ns3:TrackPointExtension></ns3:TrackPointExtension>
        </extensions>
      </trkpt>
      <trkpt lat="50.885705100372434" lon="-0.11993447318673134">
        <ele>181.39999389648438</ele>
        <time>2024-06-16T11:58:37Z</time>
        <extensions>
          <ns3:TrackPointExtension></ns3:TrackPointExtension>
        </extensions>
      </trkpt>
      <trkpt lat="50.884724501520395" lon="-0.12067576870322227">
        <ele>179.1999969482422</ele>
        <time>2024-06-16T11:58:49Z</time>
        <extensions>
          <ns3:TrackPointExtension></ns3:TrackPointExtension>
        </extensions>
      </trkpt>
      <trkpt lat="50.88407926261425" lon="-0.12103342451155186">
        <ele>181.1999969482422</ele>
        <time>2024-06-16T11:58:59Z</time>
        <extensions>
          <ns3:TrackPointExtension></ns3:TrackPointExtension>
        </extensions>
      </trkpt>
      <trkpt lat="50.882636569440365" lon="-0.12168008834123611">
        <ele>183.39999389648438</ele>
        <time>2024-06-16T11:59:26Z</time>
        <extensions>
          <ns3:TrackPointExtension></ns3:TrackPointExtension>
        </extensions>
      </trkpt>
      <trkpt lat="50.88242609985173" lon="-0.12170079164206982">
        <ele>182.8000030517578</ele>
        <time>2024-06-16T11:59:30Z</time>
        <extensions>
          <ns3:TrackPointExtension></ns3:TrackPointExtension>
        </extensions>
      </trkpt>
      <trkpt lat="50.87781026959419" lon="-0.1210685446858406">
        <ele>168.1999969482422</ele>
        <time>2024-06-16T12:00:39Z</time>
        <extensions>
          <ns3:TrackPointExtension></ns3:TrackPointExtension>
        </extensions>
      </trkpt>
      <trkpt lat="50.876051830127835" lon="-0.12046613730490208">
        <ele>161.1999969482422</ele>
        <time>2024-06-16T12:01:00Z</time>
        <extensions>
          <ns3:TrackPointExtension></ns3:TrackPointExtension>
        </extensions>
      </trkpt>
      <trkpt lat="50.875682439655066" lon="-0.12038399465382099">
        <ele>160.39999389648438</ele>
        <time>2024-06-16T12:01:04Z</time>
        <extensions>
          <ns3:TrackPointExtension></ns3:TrackPointExtension>
        </extensions>
      </trkpt>
      <trkpt lat="50.87472204118967" lon="-0.12027259916067123">
        <ele>157.60000610351562</ele>
        <time>2024-06-16T12:01:15Z</time>
        <extensions>
          <ns3:TrackPointExtension></ns3:TrackPointExtension>
        </extensions>
      </trkpt>
      <trkpt lat="50.87315395474434" lon="-0.11997956782579422">
        <ele>154.8000030517578</ele>
        <time>2024-06-16T12:01:33Z</time>
        <extensions>
          <ns3:TrackPointExtension></ns3:TrackPointExtension>
        </extensions>
      </trkpt>
      <trkpt lat="50.872185342013836" lon="-0.12000186368823051">
        <ele>153.39999389648438</ele>
        <time>2024-06-16T12:01:45Z</time>
        <extensions>
          <ns3:TrackPointExtension></ns3:TrackPointExtension>
        </extensions>
      </trkpt>
      <trkpt lat="50.871772449463606" lon="-0.1199467945843935">
        <ele>151.39999389648438</ele>
        <time>2024-06-16T12:01:51Z</time>
        <extensions>
          <ns3:TrackPointExtension></ns3:TrackPointExtension>
        </extensions>
      </trkpt>
      <trkpt lat="50.871209520846605" lon="-0.11976138688623905">
        <ele>149.39999389648438</ele>
        <time>2024-06-16T12:02:00Z</time>
        <extensions>
          <ns3:TrackPointExtension></ns3:TrackPointExtension>
        </extensions>
      </trkpt>
      <trkpt lat="50.86978116072714" lon="-0.1190123800188303">
        <ele>146.0</ele>
        <time>2024-06-16T12:02:22Z</time>
        <extensions>
          <ns3:TrackPointExtension></ns3:TrackPointExtension>
        </extensions>
      </trkpt>
      <trkpt lat="50.86968963034451" lon="-0.1189263816922903">
        <ele>146.0</ele>
        <time>2024-06-16T12:02:24Z</time>
        <extensions>
          <ns3:TrackPointExtension></ns3:TrackPointExtension>
        </extensions>
      </trkpt>
      <trkpt lat="50.86959055624902" lon="-0.11865715496242046">
        <ele>148.0</ele>
        <time>2024-06-16T12:02:28Z</time>
        <extensions>
          <ns3:TrackPointExtension></ns3:TrackPointExtension>
        </extensions>
      </trkpt>
      <trkpt lat="50.869442112743855" lon="-0.11806321330368519">
        <ele>151.0</ele>
        <time>2024-06-16T12:02:36Z</time>
        <extensions>
          <ns3:TrackPointExtension></ns3:TrackPointExtension>
        </extensions>
      </trkpt>
      <trkpt lat="50.86933549493551" lon="-0.11745443567633629">
        <ele>150.0</ele>
        <time>2024-06-16T12:02:42Z</time>
        <extensions>
          <ns3:TrackPointExtension></ns3:TrackPointExtension>
        </extensions>
      </trkpt>
      <trkpt lat="50.86922351270914" lon="-0.11633176356554031">
        <ele>147.1999969482422</ele>
        <time>2024-06-16T12:02:50Z</time>
        <extensions>
          <ns3:TrackPointExtension></ns3:TrackPointExtension>
        </extensions>
      </trkpt>
      <trkpt lat="50.869163582101464" lon="-0.11600595898926258">
        <ele>143.8000030517578</ele>
        <time>2024-06-16T12:02:52Z</time>
        <extensions>
          <ns3:TrackPointExtension></ns3:TrackPointExtension>
        </extensions>
      </trkpt>
      <trkpt lat="50.86900248192251" lon="-0.11536591686308384">
        <ele>137.1999969482422</ele>
        <time>2024-06-16T12:02:56Z</time>
        <extensions>
          <ns3:TrackPointExtension></ns3:TrackPointExtension>
        </extensions>
      </trkpt>
      <trkpt lat="50.86888345889747" lon="-0.11503960937261581">
        <ele>135.8000030517578</ele>
        <time>2024-06-16T12:02:58Z</time>
        <extensions>
          <ns3:TrackPointExtension></ns3:TrackPointExtension>
        </extensions>
      </trkpt>
      <trkpt lat="50.86853099986911" lon="-0.11440040543675423">
        <ele>129.60000610351562</ele>
        <time>2024-06-16T12:03:02Z</time>
        <extensions>
          <ns3:TrackPointExtension></ns3:TrackPointExtension>
        </extensions>
      </trkpt>
      <trkpt lat="50.86757001467049" lon="-0.113096684217453">
        <ele>114.0</ele>
        <time>2024-06-16T12:03:12Z</time>
        <extensions>
          <ns3:TrackPointExtension></ns3:TrackPointExtension>
        </extensions>
      </trkpt>
      <trkpt lat="50.86740413680673" lon="-0.11289199814200401">
        <ele>113.0</ele>
        <time>2024-06-16T12:03:14Z</time>
        <extensions>
          <ns3:TrackPointExtension></ns3:TrackPointExtension>
        </extensions>
      </trkpt>
      <trkpt lat="50.867082439363" lon="-0.11260567232966423">
        <ele>109.0</ele>
        <time>2024-06-16T12:03:18Z</time>
        <extensions>
          <ns3:TrackPointExtension></ns3:TrackPointExtension>
        </extensions>
      </trkpt>
      <trkpt lat="50.86675931699574" lon="-0.11221599765121937">
        <ele>104.80000305175781</ele>
        <time>2024-06-16T12:03:22Z</time>
        <extensions>
          <ns3:TrackPointExtension></ns3:TrackPointExtension>
        </extensions>
      </trkpt>
      <trkpt lat="50.86616772226989" lon="-0.11171911843121052">
        <ele>95.4000015258789</ele>
        <time>2024-06-16T12:03:28Z</time>
        <extensions>
          <ns3:TrackPointExtension></ns3:TrackPointExtension>
        </extensions>
      </trkpt>
      <trkpt lat="50.865742173045874" lon="-0.11138761416077614">
        <ele>90.19999694824219</ele>
        <time>2024-06-16T12:03:32Z</time>
        <extensions>
          <ns3:TrackPointExtension></ns3:TrackPointExtension>
        </extensions>
      </trkpt>
      <trkpt lat="50.86471823975444" lon="-0.11069987900555134">
        <ele>85.0</ele>
        <time>2024-06-16T12:03:42Z</time>
        <extensions>
          <ns3:TrackPointExtension></ns3:TrackPointExtension>
        </extensions>
      </trkpt>
      <trkpt lat="50.863716937601566" lon="-0.10974409058690071">
        <ele>74.5999984741211</ele>
        <time>2024-06-16T12:03:52Z</time>
        <extensions>
          <ns3:TrackPointExtension></ns3:TrackPointExtension>
        </extensions>
      </trkpt>
      <trkpt lat="50.862918393686414" lon="-0.10910899378359318">
        <ele>70.0</ele>
        <time>2024-06-16T12:04:00Z</time>
        <extensions>
          <ns3:TrackPointExtension></ns3:TrackPointExtension>
        </extensions>
      </trkpt>
      <trkpt lat="50.86187593638897" lon="-0.10849501937627792">
        <ele>66.80000305175781</ele>
        <time>2024-06-16T12:04:12Z</time>
        <extensions>
          <ns3:TrackPointExtension></ns3:TrackPointExtension>
        </extensions>
      </trkpt>
      <trkpt lat="50.86163152009249" lon="-0.10833165608346462">
        <ele>65.5999984741211</ele>
        <time>2024-06-16T12:04:15Z</time>
        <extensions>
          <ns3:TrackPointExtension></ns3:TrackPointExtension>
        </extensions>
      </trkpt>
      <trkpt lat="50.86148559115827" lon="-0.1081682089716196">
        <ele>65.0</ele>
        <time>2024-06-16T12:04:17Z</time>
        <extensions>
          <ns3:TrackPointExtension></ns3:TrackPointExtension>
        </extensions>
      </trkpt>
      <trkpt lat="50.861354330554605" lon="-0.10795891284942627">
        <ele>64.0</ele>
        <time>2024-06-16T12:04:19Z</time>
        <extensions>
          <ns3:TrackPointExtension></ns3:TrackPointExtension>
        </extensions>
      </trkpt>
      <trkpt lat="50.861249724403024" lon="-0.10770929977297783">
        <ele>64.19999694824219</ele>
        <time>2024-06-16T12:04:21Z</time>
        <extensions>
          <ns3:TrackPointExtension></ns3:TrackPointExtension>
        </extensions>
      </trkpt>
      <trkpt lat="50.86118350736797" lon="-0.10741551406681538">
        <ele>64.0</ele>
        <time>2024-06-16T12:04:23Z</time>
        <extensions>
          <ns3:TrackPointExtension></ns3:TrackPointExtension>
        </extensions>
      </trkpt>
      <trkpt lat="50.86114444769919" lon="-0.10711058042943478">
        <ele>64.80000305175781</ele>
        <time>2024-06-16T12:04:25Z</time>
        <extensions>
          <ns3:TrackPointExtension></ns3:TrackPointExtension>
        </extensions>
      </trkpt>
      <trkpt lat="50.86112340912223" lon="-0.10588514618575573">
        <ele>64.5999984741211</ele>
        <time>2024-06-16T12:04:33Z</time>
        <extensions>
          <ns3:TrackPointExtension></ns3:TrackPointExtension>
        </extensions>
      </trkpt>
      <trkpt lat="50.86109851486981" lon="-0.10556688532233238">
        <ele>64.5999984741211</ele>
        <time>2024-06-16T12:04:35Z</time>
        <extensions>
          <ns3:TrackPointExtension></ns3:TrackPointExtension>
        </extensions>
      </trkpt>
      <trkpt lat="50.8609901368618" lon="-0.10492097586393356">
        <ele>63.20000076293945</ele>
        <time>2024-06-16T12:04:39Z</time>
        <extensions>
          <ns3:TrackPointExtension></ns3:TrackPointExtension>
        </extensions>
      </trkpt>
      <trkpt lat="50.86089282296598" lon="-0.10463716462254524">
        <ele>62.79999923706055</ele>
        <time>2024-06-16T12:04:41Z</time>
        <extensions>
          <ns3:TrackPointExtension></ns3:TrackPointExtension>
        </extensions>
      </trkpt>
      <trkpt lat="50.86076139472425" lon="-0.10438662953674793">
        <ele>62.79999923706055</ele>
        <time>2024-06-16T12:04:43Z</time>
        <extensions>
          <ns3:TrackPointExtension></ns3:TrackPointExtension>
        </extensions>
      </trkpt>
      <trkpt lat="50.86044665426016" lon="-0.1040052529424429">
        <ele>61.599998474121094</ele>
        <time>2024-06-16T12:04:47Z</time>
        <extensions>
          <ns3:TrackPointExtension></ns3:TrackPointExtension>
        </extensions>
      </trkpt>
      <trkpt lat="50.859890934079885" lon="-0.10360803455114365">
        <ele>61.400001525878906</ele>
        <time>2024-06-16T12:04:53Z</time>
        <extensions>
          <ns3:TrackPointExtension></ns3:TrackPointExtension>
        </extensions>
      </trkpt>
      <trkpt lat="50.85933278314769" lon="-0.10336889885365963">
        <ele>57.400001525878906</ele>
        <time>2024-06-16T12:04:59Z</time>
        <extensions>
          <ns3:TrackPointExtension></ns3:TrackPointExtension>
        </extensions>
      </trkpt>
      <trkpt lat="50.858620908111334" lon="-0.10319639928638935">
        <ele>53.400001525878906</ele>
        <time>2024-06-16T12:05:07Z</time>
        <extensions>
          <ns3:TrackPointExtension></ns3:TrackPointExtension>
        </extensions>
      </trkpt>
      <trkpt lat="50.85818965919316" lon="-0.10301358997821808">
        <ele>52.79999923706055</ele>
        <time>2024-06-16T12:05:13Z</time>
        <extensions>
          <ns3:TrackPointExtension></ns3:TrackPointExtension>
        </extensions>
      </trkpt>
      <trkpt lat="50.8576884213835" lon="-0.10294351726770401">
        <ele>49.599998474121094</ele>
        <time>2024-06-16T12:05:50Z</time>
        <extensions>
          <ns3:TrackPointExtension></ns3:TrackPointExtension>
        </extensions>
      </trkpt>
      <trkpt lat="50.85748163983226" lon="-0.10296405293047428">
        <ele>48.599998474121094</ele>
        <time>2024-06-16T12:05:57Z</time>
        <extensions>
          <ns3:TrackPointExtension></ns3:TrackPointExtension>
        </extensions>
      </trkpt>
      <trkpt lat="50.85736353881657" lon="-0.10313806124031544">
        <ele>48.20000076293945</ele>
        <time>2024-06-16T12:06:01Z</time>
        <extensions>
          <ns3:TrackPointExtension></ns3:TrackPointExtension>
        </extensions>
      </trkpt>
      <trkpt lat="50.85733252577484" lon="-0.10377751663327217">
        <ele>48.0</ele>
        <time>2024-06-16T12:06:08Z</time>
        <extensions>
          <ns3:TrackPointExtension></ns3:TrackPointExtension>
        </extensions>
      </trkpt>
      <trkpt lat="50.85722850635648" lon="-0.10468770749866962">
        <ele>48.400001525878906</ele>
        <time>2024-06-16T12:06:17Z</time>
        <extensions>
          <ns3:TrackPointExtension></ns3:TrackPointExtension>
        </extensions>
      </trkpt>
      <trkpt lat="50.85705139674246" lon="-0.10553352534770966">
        <ele>47.400001525878906</ele>
        <time>2024-06-16T12:06:26Z</time>
        <extensions>
          <ns3:TrackPointExtension></ns3:TrackPointExtension>
        </extensions>
      </trkpt>
      <trkpt lat="50.856755934655666" lon="-0.10639225132763386">
        <ele>44.0</ele>
        <time>2024-06-16T12:06:36Z</time>
        <extensions>
          <ns3:TrackPointExtension></ns3:TrackPointExtension>
        </extensions>
      </trkpt>
      <trkpt lat="50.85648503154516" lon="-0.10698409751057625">
        <ele>45.0</ele>
        <time>2024-06-16T12:06:44Z</time>
        <extensions>
          <ns3:TrackPointExtension></ns3:TrackPointExtension>
        </extensions>
      </trkpt>
      <trkpt lat="50.856156377121806" lon="-0.10752657428383827">
        <ele>45.20000076293945</ele>
        <time>2024-06-16T12:06:52Z</time>
        <extensions>
          <ns3:TrackPointExtension></ns3:TrackPointExtension>
        </extensions>
      </trkpt>
      <trkpt lat="50.855973064899445" lon="-0.10775020346045494">
        <ele>44.599998474121094</ele>
        <time>2024-06-16T12:06:56Z</time>
        <extensions>
          <ns3:TrackPointExtension></ns3:TrackPointExtension>
        </extensions>
      </trkpt>
      <trkpt lat="50.85579805076122" lon="-0.107938377186656">
        <ele>43.599998474121094</ele>
        <time>2024-06-16T12:07:00Z</time>
        <extensions>
          <ns3:TrackPointExtension></ns3:TrackPointExtension>
        </extensions>
      </trkpt>
      <trkpt lat="50.85543503053486" lon="-0.1082264631986618">
        <ele>42.20000076293945</ele>
        <time>2024-06-16T12:07:07Z</time>
        <extensions>
          <ns3:TrackPointExtension></ns3:TrackPointExtension>
        </extensions>
      </trkpt>
      <trkpt lat="50.853577768430114" lon="-0.10937034152448177">
        <ele>43.79999923706055</ele>
        <time>2024-06-16T12:07:31Z</time>
        <extensions>
          <ns3:TrackPointExtension></ns3:TrackPointExtension>
        </extensions>
      </trkpt>
      <trkpt lat="50.852681156247854" lon="-0.10975255630910397">
        <ele>45.599998474121094</ele>
        <time>2024-06-16T12:07:43Z</time>
        <extensions>
          <ns3:TrackPointExtension></ns3:TrackPointExtension>
        </extensions>
      </trkpt>
      <trkpt lat="50.85186987183988" lon="-0.11003075167536736">
        <ele>47.0</ele>
        <time>2024-06-16T12:07:55Z</time>
        <extensions>
          <ns3:TrackPointExtension></ns3:TrackPointExtension>
        </extensions>
      </trkpt>
      <trkpt lat="50.85125614888966" lon="-0.11017718352377415">
        <ele>43.0</ele>
        <time>2024-06-16T12:08:05Z</time>
        <extensions>
          <ns3:TrackPointExtension></ns3:TrackPointExtension>
        </extensions>
      </trkpt>
      <trkpt lat="50.8504544198513" lon="-0.11051220819354057">
        <ele>38.0</ele>
        <time>2024-06-16T12:08:18Z</time>
        <extensions>
          <ns3:TrackPointExtension></ns3:TrackPointExtension>
        </extensions>
      </trkpt>
      <trkpt lat="50.849819742143154" lon="-0.11085284873843193">
        <ele>37.400001525878906</ele>
        <time>2024-06-16T12:08:29Z</time>
        <extensions>
          <ns3:TrackPointExtension></ns3:TrackPointExtension>
        </extensions>
      </trkpt>
      <trkpt lat="50.84941606968641" lon="-0.11113900691270828">
        <ele>37.0</ele>
        <time>2024-06-16T12:08:35Z</time>
        <extensions>
          <ns3:TrackPointExtension></ns3:TrackPointExtension>
        </extensions>
      </trkpt>
      <trkpt lat="50.849037459120154" lon="-0.11148015037178993">
        <ele>37.0</ele>
        <time>2024-06-16T12:08:41Z</time>
        <extensions>
          <ns3:TrackPointExtension></ns3:TrackPointExtension>
        </extensions>
      </trkpt>
      <trkpt lat="50.848390040919185" lon="-0.11223636567592621">
        <ele>37.20000076293945</ele>
        <time>2024-06-16T12:08:53Z</time>
        <extensions>
          <ns3:TrackPointExtension></ns3:TrackPointExtension>
        </extensions>
      </trkpt>
      <trkpt lat="50.84782870486379" lon="-0.11310288682579994">
        <ele>37.400001525878906</ele>
        <time>2024-06-16T12:09:05Z</time>
        <extensions>
          <ns3:TrackPointExtension></ns3:TrackPointExtension>
        </extensions>
      </trkpt>
      <trkpt lat="50.84698548540473" lon="-0.11487741954624653">
        <ele>34.79999923706055</ele>
        <time>2024-06-16T12:09:26Z</time>
        <extensions>
          <ns3:TrackPointExtension></ns3:TrackPointExtension>
        </extensions>
      </trkpt>
      <trkpt lat="50.84655205719173" lon="-0.11564159765839577">
        <ele>34.0</ele>
        <time>2024-06-16T12:09:35Z</time>
        <extensions>
          <ns3:TrackPointExtension></ns3:TrackPointExtension>
        </extensions>
      </trkpt>
      <trkpt lat="50.846076887100935" lon="-0.11621634475886822">
        <ele>33.599998474121094</ele>
        <time>2024-06-16T12:09:44Z</time>
        <extensions>
          <ns3:TrackPointExtension></ns3:TrackPointExtension>
        </extensions>
      </trkpt>
      <trkpt lat="50.84501691162586" lon="-0.11724421754479408">
        <ele>36.400001525878906</ele>
        <time>2024-06-16T12:10:02Z</time>
        <extensions>
          <ns3:TrackPointExtension></ns3:TrackPointExtension>
        </extensions>
      </trkpt>
      <trkpt lat="50.84462933242321" lon="-0.11772123165428638">
        <ele>35.0</ele>
        <time>2024-06-16T12:10:08Z</time>
        <extensions>
          <ns3:TrackPointExtension></ns3:TrackPointExtension>
        </extensions>
      </trkpt>
      <trkpt lat="50.84381469525397" lon="-0.11891422793269157">
        <ele>33.400001525878906</ele>
        <time>2024-06-16T12:10:21Z</time>
        <extensions>
          <ns3:TrackPointExtension></ns3:TrackPointExtension>
        </extensions>
      </trkpt>
      <trkpt lat="50.84332946687937" lon="-0.1194920763373375">
        <ele>32.599998474121094</ele>
        <time>2024-06-16T12:10:35Z</time>
        <extensions>
          <ns3:TrackPointExtension></ns3:TrackPointExtension>
        </extensions>
      </trkpt>
      <trkpt lat="50.84253016859293" lon="-0.12027829885482788">
        <ele>29.0</ele>
        <time>2024-06-16T12:11:09Z</time>
        <extensions>
          <ns3:TrackPointExtension></ns3:TrackPointExtension>
        </extensions>
      </trkpt>
      <trkpt lat="50.841940585523844" lon="-0.1207859069108963">
        <ele>31.200000762939453</ele>
        <time>2024-06-16T12:11:18Z</time>
        <extensions>
          <ns3:TrackPointExtension></ns3:TrackPointExtension>
        </extensions>
      </trkpt>
      <trkpt lat="50.84156415425241" lon="-0.12103250250220299">
        <ele>32.400001525878906</ele>
        <time>2024-06-16T12:11:24Z</time>
        <extensions>
          <ns3:TrackPointExtension></ns3:TrackPointExtension>
        </extensions>
      </trkpt>
      <trkpt lat="50.841202810406685" lon="-0.12140289880335331">
        <ele>33.599998474121094</ele>
        <time>2024-06-16T12:11:32Z</time>
        <extensions>
          <ns3:TrackPointExtension></ns3:TrackPointExtension>
        </extensions>
      </trkpt>
      <trkpt lat="50.84084196947515" lon="-0.12162342667579651">
        <ele>32.0</ele>
        <time>2024-06-16T12:11:41Z</time>
        <extensions>
          <ns3:TrackPointExtension></ns3:TrackPointExtension>
        </extensions>
      </trkpt>
      <trkpt lat="50.84068757481873" lon="-0.12182333506643772">
        <ele>32.0</ele>
        <time>2024-06-16T12:12:06Z</time>
        <extensions>
          <ns3:TrackPointExtension></ns3:TrackPointExtension>
        </extensions>
      </trkpt>
      <trkpt lat="50.83975726738572" lon="-0.12256354093551636">
        <ele>30.0</ele>
        <time>2024-06-16T12:12:26Z</time>
        <extensions>
          <ns3:TrackPointExtension></ns3:TrackPointExtension>
        </extensions>
      </trkpt>
      <trkpt lat="50.83903214894235" lon="-0.12320769019424915">
        <ele>27.200000762939453</ele>
        <time>2024-06-16T12:12:39Z</time>
        <extensions>
          <ns3:TrackPointExtension></ns3:TrackPointExtension>
        </extensions>
      </trkpt>
      <trkpt lat="50.83723054267466" lon="-0.1245703361928463">
        <ele>26.799999237060547</ele>
        <time>2024-06-16T12:13:24Z</time>
        <extensions>
          <ns3:TrackPointExtension></ns3:TrackPointExtension>
        </extensions>
      </trkpt>
      <trkpt lat="50.83592883311212" lon="-0.12549192644655704">
        <ele>26.799999237060547</ele>
        <time>2024-06-16T12:13:51Z</time>
        <extensions>
          <ns3:TrackPointExtension></ns3:TrackPointExtension>
        </extensions>
      </trkpt>
      <trkpt lat="50.83464045077562" lon="-0.12658710591495037">
        <ele>25.0</ele>
        <time>2024-06-16T12:14:24Z</time>
        <extensions>
          <ns3:TrackPointExtension></ns3:TrackPointExtension>
        </extensions>
      </trkpt>
      <trkpt lat="50.834006359800696" lon="-0.12730744667351246">
        <ele>22.399999618530273</ele>
        <time>2024-06-16T12:14:38Z</time>
        <extensions>
          <ns3:TrackPointExtension></ns3:TrackPointExtension>
        </extensions>
      </trkpt>
      <trkpt lat="50.832625860348344" lon="-0.12910712510347366">
        <ele>24.600000381469727</ele>
        <time>2024-06-16T12:15:08Z</time>
        <extensions>
          <ns3:TrackPointExtension></ns3:TrackPointExtension>
        </extensions>
      </trkpt>
      <trkpt lat="50.831980453804135" lon="-0.12981388717889786">
        <ele>21.600000381469727</ele>
        <time>2024-06-16T12:16:55Z</time>
        <extensions>
          <ns3:TrackPointExtension></ns3:TrackPointExtension>
        </extensions>
      </trkpt>
      <trkpt lat="50.831207977607846" lon="-0.1309608668088913">
        <ele>20.200000762939453</ele>
        <time>2024-06-16T12:17:15Z</time>
        <extensions>
          <ns3:TrackPointExtension></ns3:TrackPointExtension>
        </extensions>
      </trkpt>
      <trkpt lat="50.830261996015906" lon="-0.13222066685557365">
        <ele>21.0</ele>
        <time>2024-06-16T12:17:34Z</time>
        <extensions>
          <ns3:TrackPointExtension></ns3:TrackPointExtension>
        </extensions>
      </trkpt>
      <trkpt lat="50.82883740775287" lon="-0.13399695977568626">
        <ele>19.799999237060547</ele>
        <time>2024-06-16T12:18:06Z</time>
        <extensions>
          <ns3:TrackPointExtension></ns3:TrackPointExtension>
        </extensions>
      </trkpt>
      <trkpt lat="50.82854957319796" lon="-0.13430197723209858">
        <ele>20.200000762939453</ele>
        <time>2024-06-16T12:18:12Z</time>
        <extensions>
          <ns3:TrackPointExtension></ns3:TrackPointExtension>
        </extensions>
      </trkpt>
      <trkpt lat="50.82730310037732" lon="-0.13465301133692265">
        <ele>16.200000762939453</ele>
        <time>2024-06-16T12:18:37Z</time>
        <extensions>
          <ns3:TrackPointExtension></ns3:TrackPointExtension>
        </extensions>
      </trkpt>
      <trkpt lat="50.82711727358401" lon="-0.13456307351589203">
        <ele>16.799999237060547</ele>
        <time>2024-06-16T12:18:44Z</time>
        <extensions>
          <ns3:TrackPointExtension></ns3:TrackPointExtension>
        </extensions>
      </trkpt>
      <trkpt lat="50.82699079066515" lon="-0.13455511070787907">
        <ele>17.399999618530273</ele>
        <time>2024-06-16T12:18:47Z</time>
        <extensions>
          <ns3:TrackPointExtension></ns3:TrackPointExtension>
        </extensions>
      </trkpt>
      <trkpt lat="50.826186798512936" lon="-0.13476289808750153">
        <ele>17.0</ele>
        <time>2024-06-16T12:19:06Z</time>
        <extensions>
          <ns3:TrackPointExtension></ns3:TrackPointExtension>
        </extensions>
      </trkpt>
      <trkpt lat="50.825966438278556" lon="-0.13485652394592762">
        <ele>17.0</ele>
        <time>2024-06-16T12:19:10Z</time>
        <extensions>
          <ns3:TrackPointExtension></ns3:TrackPointExtension>
        </extensions>
      </trkpt>
      <trkpt lat="50.82582537084818" lon="-0.1350214798003435">
        <ele>17.799999237060547</ele>
        <time>2024-06-16T12:19:12Z</time>
        <extensions>
          <ns3:TrackPointExtension></ns3:TrackPointExtension>
        </extensions>
      </trkpt>
      <trkpt lat="50.825630743056536" lon="-0.13516690582036972">
        <ele>19.0</ele>
        <time>2024-06-16T12:19:15Z</time>
        <extensions>
          <ns3:TrackPointExtension></ns3:TrackPointExtension>
        </extensions>
      </trkpt>
      <trkpt lat="50.82522489130497" lon="-0.135370921343565">
        <ele>17.600000381469727</ele>
        <time>2024-06-16T12:19:22Z</time>
        <extensions>
          <ns3:TrackPointExtension></ns3:TrackPointExtension>
        </extensions>
      </trkpt>
      <trkpt lat="50.8241406083107" lon="-0.1356339454650879">
        <ele>17.799999237060547</ele>
        <time>2024-06-16T12:19:37Z</time>
        <extensions>
          <ns3:TrackPointExtension></ns3:TrackPointExtension>
        </extensions>
      </trkpt>
      <trkpt lat="50.823533507063985" lon="-0.13595178723335266">
        <ele>17.600000381469727</ele>
        <time>2024-06-16T12:19:46Z</time>
        <extensions>
          <ns3:TrackPointExtension></ns3:TrackPointExtension>
        </extensions>
      </trkpt>
      <trkpt lat="50.82320300862193" lon="-0.13618430122733116">
        <ele>17.0</ele>
        <time>2024-06-16T12:19:51Z</time>
        <extensions>
          <ns3:TrackPointExtension></ns3:TrackPointExtension>
        </extensions>
      </trkpt>
      <trkpt lat="50.82277393899858" lon="-0.13625051826238632">
        <ele>20.200000762939453</ele>
        <time>2024-06-16T12:19:58Z</time>
        <extensions>
          <ns3:TrackPointExtension></ns3:TrackPointExtension>
        </extensions>
      </trkpt>
      <trkpt lat="50.82235559821129" lon="-0.13640575110912323">
        <ele>18.0</ele>
        <time>2024-06-16T12:20:05Z</time>
        <extensions>
          <ns3:TrackPointExtension></ns3:TrackPointExtension>
        </extensions>
      </trkpt>
      <trkpt lat="50.82214219495654" lon="-0.13642494566738605">
        <ele>16.200000762939453</ele>
        <time>2024-06-16T12:20:09Z</time>
        <extensions>
          <ns3:TrackPointExtension></ns3:TrackPointExtension>
        </extensions>
      </trkpt>
      <trkpt lat="50.82192602567375" lon="-0.13637364841997623">
        <ele>16.0</ele>
        <time>2024-06-16T12:20:15Z</time>
        <extensions>
          <ns3:TrackPointExtension></ns3:TrackPointExtension>
        </extensions>
      </trkpt>
      <trkpt lat="50.82114868797362" lon="-0.13646299950778484">
        <ele>14.800000190734863</ele>
        <time>2024-06-16T12:20:30Z</time>
        <extensions>
          <ns3:TrackPointExtension></ns3:TrackPointExtension>
        </extensions>
      </trkpt>
      <trkpt lat="50.820004139095545" lon="-0.13651873916387558">
        <ele>15.0</ele>
        <time>2024-06-16T12:20:49Z</time>
        <extensions>
          <ns3:TrackPointExtension></ns3:TrackPointExtension>
        </extensions>
      </trkpt>
      <trkpt lat="50.81989341415465" lon="-0.13648445717990398">
        <ele>15.0</ele>
        <time>2024-06-16T12:20:51Z</time>
        <extensions>
          <ns3:TrackPointExtension></ns3:TrackPointExtension>
        </extensions>
      </trkpt>
      <trkpt lat="50.81958361901343" lon="-0.13625948689877987">
        <ele>10.600000381469727</ele>
        <time>2024-06-16T12:20:59Z</time>
        <extensions>
          <ns3:TrackPointExtension></ns3:TrackPointExtension>
        </extensions>
      </trkpt>
      <trkpt lat="50.81946828402579" lon="-0.1360020786523819">
        <ele>8.600000381469727</ele>
        <time>2024-06-16T12:21:04Z</time>
        <extensions>
          <ns3:TrackPointExtension></ns3:TrackPointExtension>
        </extensions>
      </trkpt>
      <trkpt lat="50.81943266093731" lon="-0.13580367900431156">
        <ele>8.199999809265137</ele>
        <time>2024-06-16T12:21:07Z</time>
        <extensions>
          <ns3:TrackPointExtension></ns3:TrackPointExtension>
        </extensions>
      </trkpt>
      <trkpt lat="50.81940667703748" lon="-0.13511971570551395">
        <ele>9.800000190734863</ele>
        <time>2024-06-16T12:21:17Z</time>
        <extensions>
          <ns3:TrackPointExtension></ns3:TrackPointExtension>
        </extensions>
      </trkpt>
      <trkpt lat="50.819244319573045" lon="-0.13326597400009632">
        <ele>12.800000190734863</ele>
        <time>2024-06-16T12:21:45Z</time>
        <extensions>
          <ns3:TrackPointExtension></ns3:TrackPointExtension>
        </extensions>
      </trkpt>
      <trkpt lat="50.81910006701946" lon="-0.13199628330767155">
        <ele>12.0</ele>
        <time>2024-06-16T12:22:05Z</time>
        <extensions>
          <ns3:TrackPointExtension></ns3:TrackPointExtension>
        </extensions>
      </trkpt>
      <trkpt lat="50.81864065490663" lon="-0.1295036729425192">
        <ele>11.399999618530273</ele>
        <time>2024-06-16T12:22:38Z</time>
        <extensions>
          <ns3:TrackPointExtension></ns3:TrackPointExtension>
        </extensions>
      </trkpt>
      <trkpt lat="50.81813405267894" lon="-0.12713519856333733">
        <ele>15.600000381469727</ele>
        <time>2024-06-16T12:23:32Z</time>
        <extensions>
          <ns3:TrackPointExtension></ns3:TrackPointExtension>
        </extensions>
      </trkpt>
      <trkpt lat="50.81805760972202" lon="-0.12686597183346748">
        <ele>16.0</ele>
        <time>2024-06-16T12:23:40Z</time>
        <extensions>
          <ns3:TrackPointExtension></ns3:TrackPointExtension>
        </extensions>
      </trkpt>
      <trkpt lat="50.81799449399114" lon="-0.12678307481110096">
        <ele>15.0</ele>
        <time>2024-06-16T12:25:40Z</time>
        <extensions>
          <ns3:TrackPointExtension></ns3:TrackPointExtension>
        </extensions>
      </trkpt>
      <trkpt lat="50.818016454577446" lon="-0.1270713284611702">
        <ele>13.600000381469727</ele>
        <time>2024-06-16T12:25:56Z</time>
        <extensions>
          <ns3:TrackPointExtension></ns3:TrackPointExtension>
        </extensions>
      </trkpt>
      <trkpt lat="50.81809574738145" lon="-0.1273326762020588">
        <ele>12.800000190734863</ele>
        <time>2024-06-16T12:26:21Z</time>
        <extensions>
          <ns3:TrackPointExtension></ns3:TrackPointExtension>
        </extensions>
      </trkpt>
      <trkpt lat="50.81812458112836" lon="-0.1276816986501217">
        <ele>10.800000190734863</ele>
        <time>2024-06-16T12:33:38Z</time>
        <extensions>
          <ns3:TrackPointExtension></ns3:TrackPointExtension>
        </extensions>
      </trkpt>
    </trkseg>
  </trk>
</gpx>