<?xml version="1.0" encoding="UTF-8"?>
<gpx xmlns="http://www.topografix.com/GPX/1/1" xmlns:ns2="http://www.garmin.com/xmlschemas/GpxExtensions/v3" xmlns:ns3="http://www.garmin.com/xmlschemas/TrackPointExtension/v1" xmlns:xsi="http://www.w3.org/2001/XMLSchema-instance" xsi:schemaLocation="http://www.topografix.com/GPX/1/1 http://www.topografix.com/GPX/11.xsd" version="1.1" creator="Garmin Connect">
  <metadata>
    <link href="connect.garmin.com">
      <text>Garmin Connect</text>
    </link>
    <time>2024-06-29T07:39:29Z</time>
  </metadata>
  <trk>
    <name>Braintree Cycling</name>
    <type>cycling</type>
    <trkseg>
      <trkpt lat="51.87999160028994" lon="0.5508979875594378">
        <ele>73.5999984741211</ele>
        <time>2024-06-29T07:40:54Z</time>
        <extensions>
          <ns3:TrackPointExtension></ns3:TrackPointExtension>
        </extensions>
      </trkpt>
      <trkpt lat="51.879968382418156" lon="0.5506791360676289">
        <ele>73.4000015258789</ele>
        <time>2024-06-29T07:40:57Z</time>
        <extensions>
          <ns3:TrackPointExtension></ns3:TrackPointExtension>
        </extensions>
      </trkpt>
      <trkpt lat="51.87985765747726" lon="0.5502126831561327">
        <ele>72.0</ele>
        <time>2024-06-29T07:41:02Z</time>
        <extensions>
          <ns3:TrackPointExtension></ns3:TrackPointExtension>
        </extensions>
      </trkpt>
      <trkpt lat="51.87956831417978" lon="0.5493246205151081">
        <ele>71.5999984741211</ele>
        <time>2024-06-29T07:41:11Z</time>
        <extensions>
          <ns3:TrackPointExtension></ns3:TrackPointExtension>
        </extensions>
      </trkpt>
      <trkpt lat="51.879350300878286" lon="0.5487719178199768">
        <ele>72.4000015258789</ele>
        <time>2024-06-29T07:41:17Z</time>
        <extensions>
          <ns3:TrackPointExtension></ns3:TrackPointExtension>
        </extensions>
      </trkpt>
      <trkpt lat="51.87925265170634" lon="0.548330694437027">
        <ele>72.0</ele>
        <time>2024-06-29T07:41:21Z</time>
        <extensions>
          <ns3:TrackPointExtension></ns3:TrackPointExtension>
        </extensions>
      </trkpt>
      <trkpt lat="51.87913455069065" lon="0.5470709782093763">
        <ele>71.0</ele>
        <time>2024-06-29T07:42:14Z</time>
        <extensions>
          <ns3:TrackPointExtension></ns3:TrackPointExtension>
        </extensions>
      </trkpt>
      <trkpt lat="51.87907143495977" lon="0.545524014160037">
        <ele>70.0</ele>
        <time>2024-06-29T07:42:27Z</time>
        <extensions>
          <ns3:TrackPointExtension></ns3:TrackPointExtension>
        </extensions>
      </trkpt>
      <trkpt lat="51.878863563761115" lon="0.5428657773882151">
        <ele>69.5999984741211</ele>
        <time>2024-06-29T07:42:48Z</time>
        <extensions>
          <ns3:TrackPointExtension></ns3:TrackPointExtension>
        </extensions>
      </trkpt>
      <trkpt lat="51.87874998897314" lon="0.5399285070598125">
        <ele>71.0</ele>
        <time>2024-06-29T07:43:12Z</time>
        <extensions>
          <ns3:TrackPointExtension></ns3:TrackPointExtension>
        </extensions>
      </trkpt>
      <trkpt lat="51.87859894707799" lon="0.5379347037523985">
        <ele>71.0</ele>
        <time>2024-06-29T07:43:30Z</time>
        <extensions>
          <ns3:TrackPointExtension></ns3:TrackPointExtension>
        </extensions>
      </trkpt>
      <trkpt lat="51.87843826599419" lon="0.5366901587694883">
        <ele>70.0</ele>
        <time>2024-06-29T07:43:42Z</time>
        <extensions>
          <ns3:TrackPointExtension></ns3:TrackPointExtension>
        </extensions>
      </trkpt>
      <trkpt lat="51.87821405008435" lon="0.5354337953031063">
        <ele>67.80000305175781</ele>
        <time>2024-06-29T07:43:55Z</time>
        <extensions>
          <ns3:TrackPointExtension></ns3:TrackPointExtension>
        </extensions>
      </trkpt>
      <trkpt lat="51.878094524145126" lon="0.5351177975535393">
        <ele>66.80000305175781</ele>
        <time>2024-06-29T07:43:59Z</time>
        <extensions>
          <ns3:TrackPointExtension></ns3:TrackPointExtension>
        </extensions>
      </trkpt>
      <trkpt lat="51.87806929461658" lon="0.5343632586300373">
        <ele>66.4000015258789</ele>
        <time>2024-06-29T07:44:05Z</time>
        <extensions>
          <ns3:TrackPointExtension></ns3:TrackPointExtension>
        </extensions>
      </trkpt>
      <trkpt lat="51.87791339121759" lon="0.5326336529105902">
        <ele>63.20000076293945</ele>
        <time>2024-06-29T07:44:16Z</time>
        <extensions>
          <ns3:TrackPointExtension></ns3:TrackPointExtension>
        </extensions>
      </trkpt>
      <trkpt lat="51.87749471515417" lon="0.5297674611210823">
        <ele>50.599998474121094</ele>
        <time>2024-06-29T07:44:34Z</time>
        <extensions>
          <ns3:TrackPointExtension></ns3:TrackPointExtension>
        </extensions>
      </trkpt>
      <trkpt lat="51.877230601385236" lon="0.527407368645072">
        <ele>50.0</ele>
        <time>2024-06-29T07:44:48Z</time>
        <extensions>
          <ns3:TrackPointExtension></ns3:TrackPointExtension>
        </extensions>
      </trkpt>
      <trkpt lat="51.877170503139496" lon="0.5261549446731806">
        <ele>51.599998474121094</ele>
        <time>2024-06-29T07:44:56Z</time>
        <extensions>
          <ns3:TrackPointExtension></ns3:TrackPointExtension>
        </extensions>
      </trkpt>
      <trkpt lat="51.87681745737791" lon="0.5223219841718674">
        <ele>58.599998474121094</ele>
        <time>2024-06-29T07:45:38Z</time>
        <extensions>
          <ns3:TrackPointExtension></ns3:TrackPointExtension>
        </extensions>
      </trkpt>
      <trkpt lat="51.87675652094185" lon="0.521394107490778">
        <ele>59.20000076293945</ele>
        <time>2024-06-29T07:45:50Z</time>
        <extensions>
          <ns3:TrackPointExtension></ns3:TrackPointExtension>
        </extensions>
      </trkpt>
      <trkpt lat="51.87642543576658" lon="0.517708333209157">
        <ele>63.20000076293945</ele>
        <time>2024-06-29T07:46:22Z</time>
        <extensions>
          <ns3:TrackPointExtension></ns3:TrackPointExtension>
        </extensions>
      </trkpt>
      <trkpt lat="51.87639760784805" lon="0.5160161107778549">
        <ele>65.0</ele>
        <time>2024-06-29T07:46:43Z</time>
        <extensions>
          <ns3:TrackPointExtension></ns3:TrackPointExtension>
        </extensions>
      </trkpt>
      <trkpt lat="51.87630129978061" lon="0.5154130328446627">
        <ele>66.5999984741211</ele>
        <time>2024-06-29T07:46:51Z</time>
        <extensions>
          <ns3:TrackPointExtension></ns3:TrackPointExtension>
        </extensions>
      </trkpt>
      <trkpt lat="51.87607649713755" lon="0.5145558994263411">
        <ele>69.5999984741211</ele>
        <time>2024-06-29T07:47:06Z</time>
        <extensions>
          <ns3:TrackPointExtension></ns3:TrackPointExtension>
        </extensions>
      </trkpt>
      <trkpt lat="51.87596124596894" lon="0.5139721836894751">
        <ele>69.0</ele>
        <time>2024-06-29T07:47:28Z</time>
        <extensions>
          <ns3:TrackPointExtension></ns3:TrackPointExtension>
        </extensions>
      </trkpt>
      <trkpt lat="51.87580391764641" lon="0.5129946023225784">
        <ele>73.0</ele>
        <time>2024-06-29T07:47:46Z</time>
        <extensions>
          <ns3:TrackPointExtension></ns3:TrackPointExtension>
        </extensions>
      </trkpt>
      <trkpt lat="51.875708531588316" lon="0.5123110581189394">
        <ele>73.80000305175781</ele>
        <time>2024-06-29T07:47:54Z</time>
        <extensions>
          <ns3:TrackPointExtension></ns3:TrackPointExtension>
        </extensions>
      </trkpt>
      <trkpt lat="51.87558364123106" lon="0.5106145609170198">
        <ele>74.5999984741211</ele>
        <time>2024-06-29T07:48:14Z</time>
        <extensions>
          <ns3:TrackPointExtension></ns3:TrackPointExtension>
        </extensions>
      </trkpt>
      <trkpt lat="51.87537484802306" lon="0.5090756434947252">
        <ele>77.4000015258789</ele>
        <time>2024-06-29T07:48:35Z</time>
        <extensions>
          <ns3:TrackPointExtension></ns3:TrackPointExtension>
        </extensions>
      </trkpt>
      <trkpt lat="51.87521416693926" lon="0.5089879687875509">
        <ele>77.5999984741211</ele>
        <time>2024-06-29T07:48:41Z</time>
        <extensions>
          <ns3:TrackPointExtension></ns3:TrackPointExtension>
        </extensions>
      </trkpt>
      <trkpt lat="51.875327322632074" lon="0.5088468175381422">
        <ele>78.19999694824219</ele>
        <time>2024-06-29T07:48:52Z</time>
        <extensions>
          <ns3:TrackPointExtension></ns3:TrackPointExtension>
        </extensions>
      </trkpt>
      <trkpt lat="51.87531827017665" lon="0.5085390340536833">
        <ele>78.19999694824219</ele>
        <time>2024-06-29T07:48:56Z</time>
        <extensions>
          <ns3:TrackPointExtension></ns3:TrackPointExtension>
        </extensions>
      </trkpt>
      <trkpt lat="51.87514191493392" lon="0.5066748149693012">
        <ele>76.80000305175781</ele>
        <time>2024-06-29T07:49:17Z</time>
        <extensions>
          <ns3:TrackPointExtension></ns3:TrackPointExtension>
        </extensions>
      </trkpt>
      <trkpt lat="51.87496455386281" lon="0.5065189953893423">
        <ele>77.0</ele>
        <time>2024-06-29T07:49:22Z</time>
        <extensions>
          <ns3:TrackPointExtension></ns3:TrackPointExtension>
        </extensions>
      </trkpt>
      <trkpt lat="51.87455400824547" lon="0.5064571369439363">
        <ele>77.19999694824219</ele>
        <time>2024-06-29T07:49:29Z</time>
        <extensions>
          <ns3:TrackPointExtension></ns3:TrackPointExtension>
        </extensions>
      </trkpt>
      <trkpt lat="51.87356569804251" lon="0.5060901772230864">
        <ele>76.0</ele>
        <time>2024-06-29T07:49:48Z</time>
        <extensions>
          <ns3:TrackPointExtension></ns3:TrackPointExtension>
        </extensions>
      </trkpt>
      <trkpt lat="51.873386492952704" lon="0.5060665402561426">
        <ele>76.4000015258789</ele>
        <time>2024-06-29T07:49:54Z</time>
        <extensions>
          <ns3:TrackPointExtension></ns3:TrackPointExtension>
        </extensions>
      </trkpt>
      <trkpt lat="51.87344868667424" lon="0.50601901486516">
        <ele>76.0</ele>
        <time>2024-06-29T08:01:41Z</time>
        <extensions>
          <ns3:TrackPointExtension></ns3:TrackPointExtension>
        </extensions>
      </trkpt>
      <trkpt lat="51.87319320626557" lon="0.506017841398716">
        <ele>77.80000305175781</ele>
        <time>2024-06-29T08:01:51Z</time>
        <extensions>
          <ns3:TrackPointExtension></ns3:TrackPointExtension>
        </extensions>
      </trkpt>
      <trkpt lat="51.87301299534738" lon="0.5059059429913759">
        <ele>78.5999984741211</ele>
        <time>2024-06-29T08:01:59Z</time>
        <extensions>
          <ns3:TrackPointExtension></ns3:TrackPointExtension>
        </extensions>
      </trkpt>
      <trkpt lat="51.871854616329074" lon="0.5056995805352926">
        <ele>76.80000305175781</ele>
        <time>2024-06-29T08:02:31Z</time>
        <extensions>
          <ns3:TrackPointExtension></ns3:TrackPointExtension>
        </extensions>
      </trkpt>
      <trkpt lat="51.87144155614078" lon="0.5057320185005665">
        <ele>78.0</ele>
        <time>2024-06-29T08:02:38Z</time>
        <extensions>
          <ns3:TrackPointExtension></ns3:TrackPointExtension>
        </extensions>
      </trkpt>
      <trkpt lat="51.870652651414275" lon="0.5059977248311043">
        <ele>76.5999984741211</ele>
        <time>2024-06-29T08:02:51Z</time>
        <extensions>
          <ns3:TrackPointExtension></ns3:TrackPointExtension>
        </extensions>
      </trkpt>
      <trkpt lat="51.8704217299819" lon="0.5060256365686655">
        <ele>76.5999984741211</ele>
        <time>2024-06-29T08:02:55Z</time>
        <extensions>
          <ns3:TrackPointExtension></ns3:TrackPointExtension>
        </extensions>
      </trkpt>
      <trkpt lat="51.87000934034586" lon="0.5059622693806887">
        <ele>76.19999694824219</ele>
        <time>2024-06-29T08:03:04Z</time>
        <extensions>
          <ns3:TrackPointExtension></ns3:TrackPointExtension>
        </extensions>
      </trkpt>
      <trkpt lat="51.86959602870047" lon="0.5057543143630028">
        <ele>75.4000015258789</ele>
        <time>2024-06-29T08:03:12Z</time>
        <extensions>
          <ns3:TrackPointExtension></ns3:TrackPointExtension>
        </extensions>
      </trkpt>
      <trkpt lat="51.86926871538162" lon="0.5054230615496635">
        <ele>75.4000015258789</ele>
        <time>2024-06-29T08:03:18Z</time>
        <extensions>
          <ns3:TrackPointExtension></ns3:TrackPointExtension>
        </extensions>
      </trkpt>
      <trkpt lat="51.86899311840534" lon="0.5049832630902529">
        <ele>77.0</ele>
        <time>2024-06-29T08:03:23Z</time>
        <extensions>
          <ns3:TrackPointExtension></ns3:TrackPointExtension>
        </extensions>
      </trkpt>
      <trkpt lat="51.868853559717536" lon="0.5046172253787518">
        <ele>77.5999984741211</ele>
        <time>2024-06-29T08:03:26Z</time>
        <extensions>
          <ns3:TrackPointExtension></ns3:TrackPointExtension>
        </extensions>
      </trkpt>
      <trkpt lat="51.8685635458678" lon="0.5035574175417423">
        <ele>75.4000015258789</ele>
        <time>2024-06-29T08:03:34Z</time>
        <extensions>
          <ns3:TrackPointExtension></ns3:TrackPointExtension>
        </extensions>
      </trkpt>
      <trkpt lat="51.868429351598024" lon="0.5031878594309092">
        <ele>75.4000015258789</ele>
        <time>2024-06-29T08:03:37Z</time>
        <extensions>
          <ns3:TrackPointExtension></ns3:TrackPointExtension>
        </extensions>
      </trkpt>
      <trkpt lat="51.8682648986578" lon="0.502892229706049">
        <ele>75.4000015258789</ele>
        <time>2024-06-29T08:03:40Z</time>
        <extensions>
          <ns3:TrackPointExtension></ns3:TrackPointExtension>
        </extensions>
      </trkpt>
      <trkpt lat="51.867552772164345" lon="0.5020862258970737">
        <ele>73.5999984741211</ele>
        <time>2024-06-29T08:03:52Z</time>
        <extensions>
          <ns3:TrackPointExtension></ns3:TrackPointExtension>
        </extensions>
      </trkpt>
      <trkpt lat="51.86692941002548" lon="0.5011848360300064">
        <ele>74.5999984741211</ele>
        <time>2024-06-29T08:04:04Z</time>
        <extensions>
          <ns3:TrackPointExtension></ns3:TrackPointExtension>
        </extensions>
      </trkpt>
      <trkpt lat="51.866154335439205" lon="0.5005088355392218">
        <ele>73.0</ele>
        <time>2024-06-29T08:04:16Z</time>
        <extensions>
          <ns3:TrackPointExtension></ns3:TrackPointExtension>
        </extensions>
      </trkpt>
      <trkpt lat="51.864960584789515" lon="0.49997122026979923">
        <ele>72.0</ele>
        <time>2024-06-29T08:04:34Z</time>
        <extensions>
          <ns3:TrackPointExtension></ns3:TrackPointExtension>
        </extensions>
      </trkpt>
      <trkpt lat="51.86402935534716" lon="0.4996960423886776">
        <ele>72.0</ele>
        <time>2024-06-29T08:04:48Z</time>
        <extensions>
          <ns3:TrackPointExtension></ns3:TrackPointExtension>
        </extensions>
      </trkpt>
      <trkpt lat="51.86383246444166" lon="0.49959244206547737">
        <ele>72.0</ele>
        <time>2024-06-29T08:04:51Z</time>
        <extensions>
          <ns3:TrackPointExtension></ns3:TrackPointExtension>
        </extensions>
      </trkpt>
      <trkpt lat="51.86311572790146" lon="0.4990137554705143">
        <ele>73.0</ele>
        <time>2024-06-29T08:05:03Z</time>
        <extensions>
          <ns3:TrackPointExtension></ns3:TrackPointExtension>
        </extensions>
      </trkpt>
      <trkpt lat="51.86251441016793" lon="0.49866548739373684">
        <ele>72.80000305175781</ele>
        <time>2024-06-29T08:05:12Z</time>
        <extensions>
          <ns3:TrackPointExtension></ns3:TrackPointExtension>
        </extensions>
      </trkpt>
      <trkpt lat="51.862065978348255" lon="0.4985639825463295">
        <ele>71.4000015258789</ele>
        <time>2024-06-29T08:05:18Z</time>
        <extensions>
          <ns3:TrackPointExtension></ns3:TrackPointExtension>
        </extensions>
      </trkpt>
      <trkpt lat="51.86163246631622" lon="0.4985600430518389">
        <ele>70.80000305175781</ele>
        <time>2024-06-29T08:05:24Z</time>
        <extensions>
          <ns3:TrackPointExtension></ns3:TrackPointExtension>
        </extensions>
      </trkpt>
      <trkpt lat="51.86007569544017" lon="0.49890353344380856">
        <ele>68.0</ele>
        <time>2024-06-29T08:05:45Z</time>
        <extensions>
          <ns3:TrackPointExtension></ns3:TrackPointExtension>
        </extensions>
      </trkpt>
      <trkpt lat="51.85959164053202" lon="0.49895307049155235">
        <ele>68.0</ele>
        <time>2024-06-29T08:05:51Z</time>
        <extensions>
          <ns3:TrackPointExtension></ns3:TrackPointExtension>
        </extensions>
      </trkpt>
      <trkpt lat="51.8589620757848" lon="0.49883496947586536">
        <ele>65.0</ele>
        <time>2024-06-29T08:06:00Z</time>
        <extensions>
          <ns3:TrackPointExtension></ns3:TrackPointExtension>
        </extensions>
      </trkpt>
      <trkpt lat="51.85817761346698" lon="0.49886598251760006">
        <ele>65.0</ele>
        <time>2024-06-29T08:06:12Z</time>
        <extensions>
          <ns3:TrackPointExtension></ns3:TrackPointExtension>
        </extensions>
      </trkpt>
      <trkpt lat="51.85777033679187" lon="0.4987872764468193">
        <ele>64.80000305175781</ele>
        <time>2024-06-29T08:06:18Z</time>
        <extensions>
          <ns3:TrackPointExtension></ns3:TrackPointExtension>
        </extensions>
      </trkpt>
      <trkpt lat="51.8574390001595" lon="0.49864972941577435">
        <ele>66.5999984741211</ele>
        <time>2024-06-29T08:06:23Z</time>
        <extensions>
          <ns3:TrackPointExtension></ns3:TrackPointExtension>
        </extensions>
      </trkpt>
      <trkpt lat="51.85729214921594" lon="0.4984300397336483">
        <ele>66.4000015258789</ele>
        <time>2024-06-29T08:06:26Z</time>
        <extensions>
          <ns3:TrackPointExtension></ns3:TrackPointExtension>
        </extensions>
      </trkpt>
      <trkpt lat="51.85708997771144" lon="0.4977304022759199">
        <ele>66.5999984741211</ele>
        <time>2024-06-29T08:06:33Z</time>
        <extensions>
          <ns3:TrackPointExtension></ns3:TrackPointExtension>
        </extensions>
      </trkpt>
      <trkpt lat="51.856616735458374" lon="0.49589669331908226">
        <ele>65.5999984741211</ele>
        <time>2024-06-29T08:06:51Z</time>
        <extensions>
          <ns3:TrackPointExtension></ns3:TrackPointExtension>
        </extensions>
      </trkpt>
      <trkpt lat="51.85645530000329" lon="0.4949031863361597">
        <ele>64.80000305175781</ele>
        <time>2024-06-29T08:07:01Z</time>
        <extensions>
          <ns3:TrackPointExtension></ns3:TrackPointExtension>
        </extensions>
      </trkpt>
      <trkpt lat="51.856343653053045" lon="0.4946417547762394">
        <ele>64.4000015258789</ele>
        <time>2024-06-29T08:07:04Z</time>
        <extensions>
          <ns3:TrackPointExtension></ns3:TrackPointExtension>
        </extensions>
      </trkpt>
      <trkpt lat="51.856134524568915" lon="0.49450806342065334">
        <ele>64.0</ele>
        <time>2024-06-29T08:07:07Z</time>
        <extensions>
          <ns3:TrackPointExtension></ns3:TrackPointExtension>
        </extensions>
      </trkpt>
      <trkpt lat="51.85589857399464" lon="0.4945354722440243">
        <ele>64.19999694824219</ele>
        <time>2024-06-29T08:07:10Z</time>
        <extensions>
          <ns3:TrackPointExtension></ns3:TrackPointExtension>
        </extensions>
      </trkpt>
      <trkpt lat="51.855702102184296" lon="0.4946781322360039">
        <ele>64.80000305175781</ele>
        <time>2024-06-29T08:07:13Z</time>
        <extensions>
          <ns3:TrackPointExtension></ns3:TrackPointExtension>
        </extensions>
      </trkpt>
      <trkpt lat="51.854955023154616" lon="0.49529721960425377">
        <ele>63.79999923706055</ele>
        <time>2024-06-29T08:07:25Z</time>
        <extensions>
          <ns3:TrackPointExtension></ns3:TrackPointExtension>
        </extensions>
      </trkpt>
      <trkpt lat="51.85444741509855" lon="0.4957873933017254">
        <ele>63.79999923706055</ele>
        <time>2024-06-29T08:07:34Z</time>
        <extensions>
          <ns3:TrackPointExtension></ns3:TrackPointExtension>
        </extensions>
      </trkpt>
      <trkpt lat="51.85426443815231" lon="0.49590926617383957">
        <ele>64.19999694824219</ele>
        <time>2024-06-29T08:07:37Z</time>
        <extensions>
          <ns3:TrackPointExtension></ns3:TrackPointExtension>
        </extensions>
      </trkpt>
      <trkpt lat="51.85341174714267" lon="0.4962553549557924">
        <ele>62.400001525878906</ele>
        <time>2024-06-29T08:07:49Z</time>
        <extensions>
          <ns3:TrackPointExtension></ns3:TrackPointExtension>
        </extensions>
      </trkpt>
      <trkpt lat="51.85255989432335" lon="0.49669498577713966">
        <ele>60.0</ele>
        <time>2024-06-29T08:08:01Z</time>
        <extensions>
          <ns3:TrackPointExtension></ns3:TrackPointExtension>
        </extensions>
      </trkpt>
      <trkpt lat="51.85225646942854" lon="0.4967451933771372">
        <ele>60.599998474121094</ele>
        <time>2024-06-29T08:08:05Z</time>
        <extensions>
          <ns3:TrackPointExtension></ns3:TrackPointExtension>
        </extensions>
      </trkpt>
      <trkpt lat="51.851453483104706" lon="0.49668132327497005">
        <ele>62.20000076293945</ele>
        <time>2024-06-29T08:08:17Z</time>
        <extensions>
          <ns3:TrackPointExtension></ns3:TrackPointExtension>
        </extensions>
      </trkpt>
      <trkpt lat="51.849916242063046" lon="0.496828593313694">
        <ele>65.4000015258789</ele>
        <time>2024-06-29T08:08:43Z</time>
        <extensions>
          <ns3:TrackPointExtension></ns3:TrackPointExtension>
        </extensions>
      </trkpt>
      <trkpt lat="51.84768833220005" lon="0.4974944517016411">
        <ele>67.5999984741211</ele>
        <time>2024-06-29T08:09:22Z</time>
        <extensions>
          <ns3:TrackPointExtension></ns3:TrackPointExtension>
        </extensions>
      </trkpt>
      <trkpt lat="51.84725012630224" lon="0.49769905395805836">
        <ele>69.0</ele>
        <time>2024-06-29T08:09:30Z</time>
        <extensions>
          <ns3:TrackPointExtension></ns3:TrackPointExtension>
        </extensions>
      </trkpt>
      <trkpt lat="51.84684184379876" lon="0.4979861341416836">
        <ele>69.0</ele>
        <time>2024-06-29T08:09:38Z</time>
        <extensions>
          <ns3:TrackPointExtension></ns3:TrackPointExtension>
        </extensions>
      </trkpt>
      <trkpt lat="51.84665425680578" lon="0.49817170947790146">
        <ele>69.80000305175781</ele>
        <time>2024-06-29T08:09:42Z</time>
        <extensions>
          <ns3:TrackPointExtension></ns3:TrackPointExtension>
        </extensions>
      </trkpt>
      <trkpt lat="51.846136674284935" lon="0.49891937524080276">
        <ele>69.19999694824219</ele>
        <time>2024-06-29T08:09:54Z</time>
        <extensions>
          <ns3:TrackPointExtension></ns3:TrackPointExtension>
        </extensions>
      </trkpt>
      <trkpt lat="51.84571095742285" lon="0.4997222777456045">
        <ele>70.80000305175781</ele>
        <time>2024-06-29T08:10:05Z</time>
        <extensions>
          <ns3:TrackPointExtension></ns3:TrackPointExtension>
        </extensions>
      </trkpt>
      <trkpt lat="51.844979049637914" lon="0.5009721033275127">
        <ele>74.0</ele>
        <time>2024-06-29T08:10:23Z</time>
        <extensions>
          <ns3:TrackPointExtension></ns3:TrackPointExtension>
        </extensions>
      </trkpt>
      <trkpt lat="51.844570683315396" lon="0.5019123014062643">
        <ele>72.19999694824219</ele>
        <time>2024-06-29T08:10:35Z</time>
        <extensions>
          <ns3:TrackPointExtension></ns3:TrackPointExtension>
        </extensions>
      </trkpt>
      <trkpt lat="51.84429667890072" lon="0.5024401098489761">
        <ele>72.19999694824219</ele>
        <time>2024-06-29T08:10:42Z</time>
        <extensions>
          <ns3:TrackPointExtension></ns3:TrackPointExtension>
        </extensions>
      </trkpt>
      <trkpt lat="51.84335279278457" lon="0.5039320047944784">
        <ele>70.80000305175781</ele>
        <time>2024-06-29T08:11:03Z</time>
        <extensions>
          <ns3:TrackPointExtension></ns3:TrackPointExtension>
        </extensions>
      </trkpt>
      <trkpt lat="51.84336410835385" lon="0.5042395368218422">
        <ele>71.0</ele>
        <time>2024-06-29T08:11:07Z</time>
        <extensions>
          <ns3:TrackPointExtension></ns3:TrackPointExtension>
        </extensions>
      </trkpt>
      <trkpt lat="51.843433510512114" lon="0.5043801013380289">
        <ele>71.0</ele>
        <time>2024-06-29T08:11:09Z</time>
        <extensions>
          <ns3:TrackPointExtension></ns3:TrackPointExtension>
        </extensions>
      </trkpt>
      <trkpt lat="51.84444579295814" lon="0.50605908036232">
        <ele>72.80000305175781</ele>
        <time>2024-06-29T08:11:35Z</time>
        <extensions>
          <ns3:TrackPointExtension></ns3:TrackPointExtension>
        </extensions>
      </trkpt>
      <trkpt lat="51.84549571014941" lon="0.5079875886440277">
        <ele>75.19999694824219</ele>
        <time>2024-06-29T08:12:03Z</time>
        <extensions>
          <ns3:TrackPointExtension></ns3:TrackPointExtension>
        </extensions>
      </trkpt>
      <trkpt lat="51.847404688596725" lon="0.511325765401125">
        <ele>77.0</ele>
        <time>2024-06-29T08:12:48Z</time>
        <extensions>
          <ns3:TrackPointExtension></ns3:TrackPointExtension>
        </extensions>
      </trkpt>
      <trkpt lat="51.84765178710222" lon="0.51168710924685">
        <ele>77.0</ele>
        <time>2024-06-29T08:12:53Z</time>
        <extensions>
          <ns3:TrackPointExtension></ns3:TrackPointExtension>
        </extensions>
      </trkpt>
      <trkpt lat="51.84783644042909" lon="0.5118073895573616">
        <ele>77.0</ele>
        <time>2024-06-29T08:12:56Z</time>
        <extensions>
          <ns3:TrackPointExtension></ns3:TrackPointExtension>
        </extensions>
      </trkpt>
      <trkpt lat="51.84808320365846" lon="0.5118583515286446">
        <ele>76.19999694824219</ele>
        <time>2024-06-29T08:13:00Z</time>
        <extensions>
          <ns3:TrackPointExtension></ns3:TrackPointExtension>
        </extensions>
      </trkpt>
      <trkpt lat="51.84824279509485" lon="0.5121027678251266">
        <ele>76.0</ele>
        <time>2024-06-29T08:13:04Z</time>
        <extensions>
          <ns3:TrackPointExtension></ns3:TrackPointExtension>
        </extensions>
      </trkpt>
      <trkpt lat="51.84831387363374" lon="0.5128179956227541">
        <ele>76.19999694824219</ele>
        <time>2024-06-29T08:13:11Z</time>
        <extensions>
          <ns3:TrackPointExtension></ns3:TrackPointExtension>
        </extensions>
      </trkpt>
      <trkpt lat="51.84859039261937" lon="0.514028761535883">
        <ele>76.0</ele>
        <time>2024-06-29T08:13:23Z</time>
        <extensions>
          <ns3:TrackPointExtension></ns3:TrackPointExtension>
        </extensions>
      </trkpt>
      <trkpt lat="51.84880203567445" lon="0.5147667042911053">
        <ele>76.5999984741211</ele>
        <time>2024-06-29T08:13:31Z</time>
        <extensions>
          <ns3:TrackPointExtension></ns3:TrackPointExtension>
        </extensions>
      </trkpt>
      <trkpt lat="51.84890504926443" lon="0.5156709440052509">
        <ele>76.0</ele>
        <time>2024-06-29T08:13:40Z</time>
        <extensions>
          <ns3:TrackPointExtension></ns3:TrackPointExtension>
        </extensions>
      </trkpt>
      <trkpt lat="51.84912691824138" lon="0.5166333541274071">
        <ele>76.0</ele>
        <time>2024-06-29T08:13:49Z</time>
        <extensions>
          <ns3:TrackPointExtension></ns3:TrackPointExtension>
        </extensions>
      </trkpt>
      <trkpt lat="51.84921149164438" lon="0.5171915050595999">
        <ele>76.0</ele>
        <time>2024-06-29T08:13:54Z</time>
        <extensions>
          <ns3:TrackPointExtension></ns3:TrackPointExtension>
        </extensions>
      </trkpt>
      <trkpt lat="51.849234122782946" lon="0.5178501550108194">
        <ele>75.80000305175781</ele>
        <time>2024-06-29T08:14:00Z</time>
        <extensions>
          <ns3:TrackPointExtension></ns3:TrackPointExtension>
        </extensions>
      </trkpt>
      <trkpt lat="51.848991215229034" lon="0.5197494942694902">
        <ele>73.0</ele>
        <time>2024-06-29T08:14:18Z</time>
        <extensions>
          <ns3:TrackPointExtension></ns3:TrackPointExtension>
        </extensions>
      </trkpt>
      <trkpt lat="51.84839844703674" lon="0.521407350897789">
        <ele>75.0</ele>
        <time>2024-06-29T08:14:33Z</time>
        <extensions>
          <ns3:TrackPointExtension></ns3:TrackPointExtension>
        </extensions>
      </trkpt>
      <trkpt lat="51.8480275478214" lon="0.5225865170359612">
        <ele>75.0</ele>
        <time>2024-06-29T08:14:42Z</time>
        <extensions>
          <ns3:TrackPointExtension></ns3:TrackPointExtension>
        </extensions>
      </trkpt>
      <trkpt lat="51.84801707044244" lon="0.5229544825851917">
        <ele>75.0</ele>
        <time>2024-06-29T08:14:45Z</time>
        <extensions>
          <ns3:TrackPointExtension></ns3:TrackPointExtension>
        </extensions>
      </trkpt>
      <trkpt lat="51.848104828968644" lon="0.5232396349310875">
        <ele>75.0</ele>
        <time>2024-06-29T08:14:48Z</time>
        <extensions>
          <ns3:TrackPointExtension></ns3:TrackPointExtension>
        </extensions>
      </trkpt>
      <trkpt lat="51.84829141013324" lon="0.5234409682452679">
        <ele>75.0</ele>
        <time>2024-06-29T08:14:52Z</time>
        <extensions>
          <ns3:TrackPointExtension></ns3:TrackPointExtension>
        </extensions>
      </trkpt>
      <trkpt lat="51.84897830709815" lon="0.5238272901624441">
        <ele>75.0</ele>
        <time>2024-06-29T08:15:05Z</time>
        <extensions>
          <ns3:TrackPointExtension></ns3:TrackPointExtension>
        </extensions>
      </trkpt>
      <trkpt lat="51.84911166317761" lon="0.5241024680435658">
        <ele>73.80000305175781</ele>
        <time>2024-06-29T08:15:09Z</time>
        <extensions>
          <ns3:TrackPointExtension></ns3:TrackPointExtension>
        </extensions>
      </trkpt>
      <trkpt lat="51.84911116026342" lon="0.5244238302111626">
        <ele>73.5999984741211</ele>
        <time>2024-06-29T08:15:13Z</time>
        <extensions>
          <ns3:TrackPointExtension></ns3:TrackPointExtension>
        </extensions>
      </trkpt>
      <trkpt lat="51.84899892657995" lon="0.5247156880795956">
        <ele>74.0</ele>
        <time>2024-06-29T08:15:21Z</time>
        <extensions>
          <ns3:TrackPointExtension></ns3:TrackPointExtension>
        </extensions>
      </trkpt>
      <trkpt lat="51.848893985152245" lon="0.5246604513376951">
        <ele>74.5999984741211</ele>
        <time>2024-06-29T08:15:25Z</time>
        <extensions>
          <ns3:TrackPointExtension></ns3:TrackPointExtension>
        </extensions>
      </trkpt>
      <trkpt lat="51.847100676968694" lon="0.5230823904275894">
        <ele>74.80000305175781</ele>
        <time>2024-06-29T08:15:58Z</time>
        <extensions>
          <ns3:TrackPointExtension></ns3:TrackPointExtension>
        </extensions>
      </trkpt>
      <trkpt lat="51.84587172232568" lon="0.521960724145174">
        <ele>76.19999694824219</ele>
        <time>2024-06-29T08:16:19Z</time>
        <extensions>
          <ns3:TrackPointExtension></ns3:TrackPointExtension>
        </extensions>
      </trkpt>
      <trkpt lat="51.844046814367175" lon="0.5204131733626127">
        <ele>76.19999694824219</ele>
        <time>2024-06-29T08:16:52Z</time>
        <extensions>
          <ns3:TrackPointExtension></ns3:TrackPointExtension>
        </extensions>
      </trkpt>
      <trkpt lat="51.843850426375866" lon="0.5205253232270479">
        <ele>77.80000305175781</ele>
        <time>2024-06-29T08:16:56Z</time>
        <extensions>
          <ns3:TrackPointExtension></ns3:TrackPointExtension>
        </extensions>
      </trkpt>
      <trkpt lat="51.84364817105234" lon="0.5207609385251999">
        <ele>79.4000015258789</ele>
        <time>2024-06-29T08:17:00Z</time>
        <extensions>
          <ns3:TrackPointExtension></ns3:TrackPointExtension>
        </extensions>
      </trkpt>
      <trkpt lat="51.84324374422431" lon="0.5210779421031475">
        <ele>82.4000015258789</ele>
        <time>2024-06-29T08:17:08Z</time>
        <extensions>
          <ns3:TrackPointExtension></ns3:TrackPointExtension>
        </extensions>
      </trkpt>
      <trkpt lat="51.84307367540896" lon="0.5212941113859415">
        <ele>82.4000015258789</ele>
        <time>2024-06-29T08:17:12Z</time>
        <extensions>
          <ns3:TrackPointExtension></ns3:TrackPointExtension>
        </extensions>
      </trkpt>
      <trkpt lat="51.84265298768878" lon="0.5219670105725527">
        <ele>79.5999984741211</ele>
        <time>2024-06-29T08:17:21Z</time>
        <extensions>
          <ns3:TrackPointExtension></ns3:TrackPointExtension>
        </extensions>
      </trkpt>
      <trkpt lat="51.84144607745111" lon="0.5231025908142328">
        <ele>77.80000305175781</ele>
        <time>2024-06-29T08:17:42Z</time>
        <extensions>
          <ns3:TrackPointExtension></ns3:TrackPointExtension>
        </extensions>
      </trkpt>
      <trkpt lat="51.84092715382576" lon="0.523453876376152">
        <ele>77.19999694824219</ele>
        <time>2024-06-29T08:17:51Z</time>
        <extensions>
          <ns3:TrackPointExtension></ns3:TrackPointExtension>
        </extensions>
      </trkpt>
      <trkpt lat="51.84032357297838" lon="0.5235891602933407">
        <ele>79.19999694824219</ele>
        <time>2024-06-29T08:18:00Z</time>
        <extensions>
          <ns3:TrackPointExtension></ns3:TrackPointExtension>
        </extensions>
      </trkpt>
      <trkpt lat="51.84008804149926" lon="0.523788146674633">
        <ele>79.4000015258789</ele>
        <time>2024-06-29T08:18:04Z</time>
        <extensions>
          <ns3:TrackPointExtension></ns3:TrackPointExtension>
        </extensions>
      </trkpt>
      <trkpt lat="51.83973197825253" lon="0.524315033107996">
        <ele>79.4000015258789</ele>
        <time>2024-06-29T08:18:12Z</time>
        <extensions>
          <ns3:TrackPointExtension></ns3:TrackPointExtension>
        </extensions>
      </trkpt>
      <trkpt lat="51.839288575574756" lon="0.5250953044742346">
        <ele>78.0</ele>
        <time>2024-06-29T08:18:23Z</time>
        <extensions>
          <ns3:TrackPointExtension></ns3:TrackPointExtension>
        </extensions>
      </trkpt>
      <trkpt lat="51.838711984455585" lon="0.5264369118958712">
        <ele>77.19999694824219</ele>
        <time>2024-06-29T08:18:38Z</time>
        <extensions>
          <ns3:TrackPointExtension></ns3:TrackPointExtension>
        </extensions>
      </trkpt>
      <trkpt lat="51.8382881116122" lon="0.5272298399358988">
        <ele>78.0</ele>
        <time>2024-06-29T08:18:47Z</time>
        <extensions>
          <ns3:TrackPointExtension></ns3:TrackPointExtension>
        </extensions>
      </trkpt>
      <trkpt lat="51.837943866848946" lon="0.5277213547378778">
        <ele>79.4000015258789</ele>
        <time>2024-06-29T08:18:53Z</time>
        <extensions>
          <ns3:TrackPointExtension></ns3:TrackPointExtension>
        </extensions>
      </trkpt>
      <trkpt lat="51.836765790358186" lon="0.5296049360185862">
        <ele>72.5999984741211</ele>
        <time>2024-06-29T08:19:17Z</time>
        <extensions>
          <ns3:TrackPointExtension></ns3:TrackPointExtension>
        </extensions>
      </trkpt>
      <trkpt lat="51.83665699325502" lon="0.5297139845788479">
        <ele>73.0</ele>
        <time>2024-06-29T08:19:19Z</time>
        <extensions>
          <ns3:TrackPointExtension></ns3:TrackPointExtension>
        </extensions>
      </trkpt>
      <trkpt lat="51.83644157834351" lon="0.5296983104199171">
        <ele>72.80000305175781</ele>
        <time>2024-06-29T08:19:23Z</time>
        <extensions>
          <ns3:TrackPointExtension></ns3:TrackPointExtension>
        </extensions>
      </trkpt>
      <trkpt lat="51.83629481121898" lon="0.5294074583798647">
        <ele>72.4000015258789</ele>
        <time>2024-06-29T08:19:27Z</time>
        <extensions>
          <ns3:TrackPointExtension></ns3:TrackPointExtension>
        </extensions>
      </trkpt>
      <trkpt lat="51.83611694723368" lon="0.5288966652005911">
        <ele>71.5999984741211</ele>
        <time>2024-06-29T08:19:33Z</time>
        <extensions>
          <ns3:TrackPointExtension></ns3:TrackPointExtension>
        </extensions>
      </trkpt>
      <trkpt lat="51.83480861596763" lon="0.5255804490298033">
        <ele>73.0</ele>
        <time>2024-06-29T08:20:13Z</time>
        <extensions>
          <ns3:TrackPointExtension></ns3:TrackPointExtension>
        </extensions>
      </trkpt>
      <trkpt lat="51.83451357297599" lon="0.5250837374478579">
        <ele>71.19999694824219</ele>
        <time>2024-06-29T08:20:20Z</time>
        <extensions>
          <ns3:TrackPointExtension></ns3:TrackPointExtension>
        </extensions>
      </trkpt>
      <trkpt lat="51.83421635068953" lon="0.5247253272682428">
        <ele>70.80000305175781</ele>
        <time>2024-06-29T08:20:26Z</time>
        <extensions>
          <ns3:TrackPointExtension></ns3:TrackPointExtension>
        </extensions>
      </trkpt>
      <trkpt lat="51.83406732045114" lon="0.5245892889797688">
        <ele>70.4000015258789</ele>
        <time>2024-06-29T08:20:29Z</time>
        <extensions>
          <ns3:TrackPointExtension></ns3:TrackPointExtension>
        </extensions>
      </trkpt>
      <trkpt lat="51.833871603012085" lon="0.5246759578585625">
        <ele>70.19999694824219</ele>
        <time>2024-06-29T08:20:33Z</time>
        <extensions>
          <ns3:TrackPointExtension></ns3:TrackPointExtension>
        </extensions>
      </trkpt>
      <trkpt lat="51.833477737382054" lon="0.5255206022411585">
        <ele>72.19999694824219</ele>
        <time>2024-06-29T08:20:44Z</time>
        <extensions>
          <ns3:TrackPointExtension></ns3:TrackPointExtension>
        </extensions>
      </trkpt>
      <trkpt lat="51.833296017721295" lon="0.5260749813169241">
        <ele>70.4000015258789</ele>
        <time>2024-06-29T08:20:50Z</time>
        <extensions>
          <ns3:TrackPointExtension></ns3:TrackPointExtension>
        </extensions>
      </trkpt>
      <trkpt lat="51.83316173963249" lon="0.5271132476627827">
        <ele>68.0</ele>
        <time>2024-06-29T08:20:59Z</time>
        <extensions>
          <ns3:TrackPointExtension></ns3:TrackPointExtension>
        </extensions>
      </trkpt>
      <trkpt lat="51.833105497062206" lon="0.5284308828413486">
        <ele>69.80000305175781</ele>
        <time>2024-06-29T08:21:11Z</time>
        <extensions>
          <ns3:TrackPointExtension></ns3:TrackPointExtension>
        </extensions>
      </trkpt>
      <trkpt lat="51.833044812083244" lon="0.5290560889989138">
        <ele>69.5999984741211</ele>
        <time>2024-06-29T08:21:17Z</time>
        <extensions>
          <ns3:TrackPointExtension></ns3:TrackPointExtension>
        </extensions>
      </trkpt>
      <trkpt lat="51.83273644186556" lon="0.5302224308252335">
        <ele>68.0</ele>
        <time>2024-06-29T08:21:29Z</time>
        <extensions>
          <ns3:TrackPointExtension></ns3:TrackPointExtension>
        </extensions>
      </trkpt>
      <trkpt lat="51.83263300918043" lon="0.5312290973961353">
        <ele>67.0</ele>
        <time>2024-06-29T08:21:38Z</time>
        <extensions>
          <ns3:TrackPointExtension></ns3:TrackPointExtension>
        </extensions>
      </trkpt>
      <trkpt lat="51.832684222608805" lon="0.5323219299316406">
        <ele>69.0</ele>
        <time>2024-06-29T08:21:47Z</time>
        <extensions>
          <ns3:TrackPointExtension></ns3:TrackPointExtension>
        </extensions>
      </trkpt>
      <trkpt lat="51.83268489316106" lon="0.5331123434007168">
        <ele>69.5999984741211</ele>
        <time>2024-06-29T08:21:53Z</time>
        <extensions>
          <ns3:TrackPointExtension></ns3:TrackPointExtension>
        </extensions>
      </trkpt>
      <trkpt lat="51.83286870829761" lon="0.5338372103869915">
        <ele>70.0</ele>
        <time>2024-06-29T08:21:59Z</time>
        <extensions>
          <ns3:TrackPointExtension></ns3:TrackPointExtension>
        </extensions>
      </trkpt>
      <trkpt lat="51.833058474585414" lon="0.5348216649144888">
        <ele>70.5999984741211</ele>
        <time>2024-06-29T08:22:09Z</time>
        <extensions>
          <ns3:TrackPointExtension></ns3:TrackPointExtension>
        </extensions>
      </trkpt>
      <trkpt lat="51.83308504521847" lon="0.5365522764623165">
        <ele>72.19999694824219</ele>
        <time>2024-06-29T08:22:31Z</time>
        <extensions>
          <ns3:TrackPointExtension></ns3:TrackPointExtension>
        </extensions>
      </trkpt>
      <trkpt lat="51.83305478654802" lon="0.5369203258305788">
        <ele>72.80000305175781</ele>
        <time>2024-06-29T08:22:35Z</time>
        <extensions>
          <ns3:TrackPointExtension></ns3:TrackPointExtension>
        </extensions>
      </trkpt>
      <trkpt lat="51.833012122660875" lon="0.5373059771955013">
        <ele>73.0</ele>
        <time>2024-06-29T08:22:39Z</time>
        <extensions>
          <ns3:TrackPointExtension></ns3:TrackPointExtension>
        </extensions>
      </trkpt>
      <trkpt lat="51.832928555086255" lon="0.5376726016402245">
        <ele>74.4000015258789</ele>
        <time>2024-06-29T08:22:43Z</time>
        <extensions>
          <ns3:TrackPointExtension></ns3:TrackPointExtension>
        </extensions>
      </trkpt>
      <trkpt lat="51.83281380683184" lon="0.5379171017557383">
        <ele>74.80000305175781</ele>
        <time>2024-06-29T08:22:46Z</time>
        <extensions>
          <ns3:TrackPointExtension></ns3:TrackPointExtension>
        </extensions>
      </trkpt>
      <trkpt lat="51.83241097256541" lon="0.538494111970067">
        <ele>73.5999984741211</ele>
        <time>2024-06-29T08:22:54Z</time>
        <extensions>
          <ns3:TrackPointExtension></ns3:TrackPointExtension>
        </extensions>
      </trkpt>
      <trkpt lat="51.83229312300682" lon="0.5387443117797375">
        <ele>72.80000305175781</ele>
        <time>2024-06-29T08:22:57Z</time>
        <extensions>
          <ns3:TrackPointExtension></ns3:TrackPointExtension>
        </extensions>
      </trkpt>
      <trkpt lat="51.832061698660254" lon="0.5396680813282728">
        <ele>71.19999694824219</ele>
        <time>2024-06-29T08:23:06Z</time>
        <extensions>
          <ns3:TrackPointExtension></ns3:TrackPointExtension>
        </extensions>
      </trkpt>
      <trkpt lat="51.832040743902326" lon="0.5400153435766697">
        <ele>71.0</ele>
        <time>2024-06-29T08:23:09Z</time>
        <extensions>
          <ns3:TrackPointExtension></ns3:TrackPointExtension>
        </extensions>
      </trkpt>
      <trkpt lat="51.83213294483721" lon="0.5409985408186913">
        <ele>72.4000015258789</ele>
        <time>2024-06-29T08:23:19Z</time>
        <extensions>
          <ns3:TrackPointExtension></ns3:TrackPointExtension>
        </extensions>
      </trkpt>
      <trkpt lat="51.832155492156744" lon="0.5416472163051367">
        <ele>72.0</ele>
        <time>2024-06-29T08:23:28Z</time>
        <extensions>
          <ns3:TrackPointExtension></ns3:TrackPointExtension>
        </extensions>
      </trkpt>
      <trkpt lat="51.832078797742724" lon="0.5427603330463171">
        <ele>70.80000305175781</ele>
        <time>2024-06-29T08:23:40Z</time>
        <extensions>
          <ns3:TrackPointExtension></ns3:TrackPointExtension>
        </extensions>
      </trkpt>
      <trkpt lat="51.83221793733537" lon="0.5436610523611307">
        <ele>70.4000015258789</ele>
        <time>2024-06-29T08:23:49Z</time>
        <extensions>
          <ns3:TrackPointExtension></ns3:TrackPointExtension>
        </extensions>
      </trkpt>
      <trkpt lat="51.83222430758178" lon="0.5445761047303677">
        <ele>71.4000015258789</ele>
        <time>2024-06-29T08:23:58Z</time>
        <extensions>
          <ns3:TrackPointExtension></ns3:TrackPointExtension>
        </extensions>
      </trkpt>
      <trkpt lat="51.83217728510499" lon="0.5451940186321735">
        <ele>70.4000015258789</ele>
        <time>2024-06-29T08:24:04Z</time>
        <extensions>
          <ns3:TrackPointExtension></ns3:TrackPointExtension>
        </extensions>
      </trkpt>
      <trkpt lat="51.83202289044857" lon="0.5461358092725277">
        <ele>68.0</ele>
        <time>2024-06-29T08:24:13Z</time>
        <extensions>
          <ns3:TrackPointExtension></ns3:TrackPointExtension>
        </extensions>
      </trkpt>
      <trkpt lat="51.83182901702821" lon="0.5470775999128819">
        <ele>67.5999984741211</ele>
        <time>2024-06-29T08:24:22Z</time>
        <extensions>
          <ns3:TrackPointExtension></ns3:TrackPointExtension>
        </extensions>
      </trkpt>
      <trkpt lat="51.83175215497613" lon="0.547740776091814">
        <ele>68.0</ele>
        <time>2024-06-29T08:24:28Z</time>
        <extensions>
          <ns3:TrackPointExtension></ns3:TrackPointExtension>
        </extensions>
      </trkpt>
      <trkpt lat="51.831736732274294" lon="0.5491335969418287">
        <ele>67.80000305175781</ele>
        <time>2024-06-29T08:24:40Z</time>
        <extensions>
          <ns3:TrackPointExtension></ns3:TrackPointExtension>
        </extensions>
      </trkpt>
      <trkpt lat="51.83158393017948" lon="0.5504576861858368">
        <ele>67.5999984741211</ele>
        <time>2024-06-29T08:24:52Z</time>
        <extensions>
          <ns3:TrackPointExtension></ns3:TrackPointExtension>
        </extensions>
      </trkpt>
      <trkpt lat="51.831589210778475" lon="0.5507989134639502">
        <ele>67.19999694824219</ele>
        <time>2024-06-29T08:24:55Z</time>
        <extensions>
          <ns3:TrackPointExtension></ns3:TrackPointExtension>
        </extensions>
      </trkpt>
      <trkpt lat="51.83174972422421" lon="0.551900714635849">
        <ele>63.20000076293945</ele>
        <time>2024-06-29T08:25:04Z</time>
        <extensions>
          <ns3:TrackPointExtension></ns3:TrackPointExtension>
        </extensions>
      </trkpt>
      <trkpt lat="51.832204442471266" lon="0.5535277258604765">
        <ele>60.79999923706055</ele>
        <time>2024-06-29T08:25:18Z</time>
        <extensions>
          <ns3:TrackPointExtension></ns3:TrackPointExtension>
        </extensions>
      </trkpt>
      <trkpt lat="51.83236939832568" lon="0.5546412616968155">
        <ele>60.0</ele>
        <time>2024-06-29T08:25:27Z</time>
        <extensions>
          <ns3:TrackPointExtension></ns3:TrackPointExtension>
        </extensions>
      </trkpt>
      <trkpt lat="51.832463443279266" lon="0.5550086405128241">
        <ele>59.400001525878906</ele>
        <time>2024-06-29T08:25:30Z</time>
        <extensions>
          <ns3:TrackPointExtension></ns3:TrackPointExtension>
        </extensions>
      </trkpt>
      <trkpt lat="51.832780446857214" lon="0.5560801830142736">
        <ele>58.0</ele>
        <time>2024-06-29T08:25:39Z</time>
        <extensions>
          <ns3:TrackPointExtension></ns3:TrackPointExtension>
        </extensions>
      </trkpt>
      <trkpt lat="51.833039028570056" lon="0.5567224882543087">
        <ele>57.400001525878906</ele>
        <time>2024-06-29T08:25:45Z</time>
        <extensions>
          <ns3:TrackPointExtension></ns3:TrackPointExtension>
        </extensions>
      </trkpt>
      <trkpt lat="51.83315117843449" lon="0.5570866819471121">
        <ele>56.599998474121094</ele>
        <time>2024-06-29T08:25:48Z</time>
        <extensions>
          <ns3:TrackPointExtension></ns3:TrackPointExtension>
        </extensions>
      </trkpt>
      <trkpt lat="51.833288641646504" lon="0.5577278137207031">
        <ele>53.79999923706055</ele>
        <time>2024-06-29T08:25:54Z</time>
        <extensions>
          <ns3:TrackPointExtension></ns3:TrackPointExtension>
        </extensions>
      </trkpt>
      <trkpt lat="51.83340087532997" lon="0.5579365231096745">
        <ele>53.0</ele>
        <time>2024-06-29T08:25:59Z</time>
        <extensions>
          <ns3:TrackPointExtension></ns3:TrackPointExtension>
        </extensions>
      </trkpt>
      <trkpt lat="51.83347656391561" lon="0.5579477548599243">
        <ele>52.79999923706055</ele>
        <time>2024-06-29T08:26:01Z</time>
        <extensions>
          <ns3:TrackPointExtension></ns3:TrackPointExtension>
        </extensions>
      </trkpt>
      <trkpt lat="51.834200508892536" lon="0.5577439907938242">
        <ele>54.599998474121094</ele>
        <time>2024-06-29T08:26:16Z</time>
        <extensions>
          <ns3:TrackPointExtension></ns3:TrackPointExtension>
        </extensions>
      </trkpt>
      <trkpt lat="51.834848346188664" lon="0.5578926857560873">
        <ele>55.0</ele>
        <time>2024-06-29T08:26:28Z</time>
        <extensions>
          <ns3:TrackPointExtension></ns3:TrackPointExtension>
        </extensions>
      </trkpt>
      <trkpt lat="51.835337011143565" lon="0.5578392092138529">
        <ele>55.20000076293945</ele>
        <time>2024-06-29T08:26:35Z</time>
        <extensions>
          <ns3:TrackPointExtension></ns3:TrackPointExtension>
        </extensions>
      </trkpt>
      <trkpt lat="51.835718555375934" lon="0.5578751675784588">
        <ele>56.20000076293945</ele>
        <time>2024-06-29T08:26:40Z</time>
        <extensions>
          <ns3:TrackPointExtension></ns3:TrackPointExtension>
        </extensions>
      </trkpt>
      <trkpt lat="51.83609993197024" lon="0.5578528717160225">
        <ele>56.0</ele>
        <time>2024-06-29T08:26:46Z</time>
        <extensions>
          <ns3:TrackPointExtension></ns3:TrackPointExtension>
        </extensions>
      </trkpt>
      <trkpt lat="51.836562026292086" lon="0.5576460063457489">
        <ele>57.599998474121094</ele>
        <time>2024-06-29T08:26:55Z</time>
        <extensions>
          <ns3:TrackPointExtension></ns3:TrackPointExtension>
        </extensions>
      </trkpt>
      <trkpt lat="51.83719217777252" lon="0.5575784482061863">
        <ele>60.0</ele>
        <time>2024-06-29T08:27:08Z</time>
        <extensions>
          <ns3:TrackPointExtension></ns3:TrackPointExtension>
        </extensions>
      </trkpt>
      <trkpt lat="51.838016118854284" lon="0.5573771987110376">
        <ele>60.0</ele>
        <time>2024-06-29T08:27:24Z</time>
        <extensions>
          <ns3:TrackPointExtension></ns3:TrackPointExtension>
        </extensions>
      </trkpt>
      <trkpt lat="51.838505286723375" lon="0.5575009156018496">
        <ele>62.0</ele>
        <time>2024-06-29T08:27:33Z</time>
        <extensions>
          <ns3:TrackPointExtension></ns3:TrackPointExtension>
        </extensions>
      </trkpt>
      <trkpt lat="51.83871692977846" lon="0.5576118919998407">
        <ele>62.400001525878906</ele>
        <time>2024-06-29T08:27:37Z</time>
        <extensions>
          <ns3:TrackPointExtension></ns3:TrackPointExtension>
        </extensions>
      </trkpt>
      <trkpt lat="51.83892580680549" lon="0.5577896721661091">
        <ele>63.0</ele>
        <time>2024-06-29T08:27:41Z</time>
        <extensions>
          <ns3:TrackPointExtension></ns3:TrackPointExtension>
        </extensions>
      </trkpt>
      <trkpt lat="51.8397506698966" lon="0.5586707778275013">
        <ele>61.400001525878906</ele>
        <time>2024-06-29T08:27:56Z</time>
        <extensions>
          <ns3:TrackPointExtension></ns3:TrackPointExtension>
        </extensions>
      </trkpt>
      <trkpt lat="51.839918224141" lon="0.5589207261800766">
        <ele>61.599998474121094</ele>
        <time>2024-06-29T08:27:59Z</time>
        <extensions>
          <ns3:TrackPointExtension></ns3:TrackPointExtension>
        </extensions>
      </trkpt>
      <trkpt lat="51.8408146686852" lon="0.560759799554944">
        <ele>62.599998474121094</ele>
        <time>2024-06-29T08:28:19Z</time>
        <extensions>
          <ns3:TrackPointExtension></ns3:TrackPointExtension>
        </extensions>
      </trkpt>
      <trkpt lat="51.84116804972291" lon="0.5618251394480467">
        <ele>64.80000305175781</ele>
        <time>2024-06-29T08:28:31Z</time>
        <extensions>
          <ns3:TrackPointExtension></ns3:TrackPointExtension>
        </extensions>
      </trkpt>
      <trkpt lat="51.84124859981239" lon="0.5621088668704033">
        <ele>65.0</ele>
        <time>2024-06-29T08:28:34Z</time>
        <extensions>
          <ns3:TrackPointExtension></ns3:TrackPointExtension>
        </extensions>
      </trkpt>
      <trkpt lat="51.8413102068007" lon="0.5625010561197996">
        <ele>65.0</ele>
        <time>2024-06-29T08:28:38Z</time>
        <extensions>
          <ns3:TrackPointExtension></ns3:TrackPointExtension>
        </extensions>
      </trkpt>
      <trkpt lat="51.84128522872925" lon="0.5631263460963964">
        <ele>64.80000305175781</ele>
        <time>2024-06-29T08:28:44Z</time>
        <extensions>
          <ns3:TrackPointExtension></ns3:TrackPointExtension>
        </extensions>
      </trkpt>
      <trkpt lat="51.84109512716532" lon="0.5640631914138794">
        <ele>65.0</ele>
        <time>2024-06-29T08:28:53Z</time>
        <extensions>
          <ns3:TrackPointExtension></ns3:TrackPointExtension>
        </extensions>
      </trkpt>
      <trkpt lat="51.841019270941615" lon="0.5646875593811274">
        <ele>64.80000305175781</ele>
        <time>2024-06-29T08:28:59Z</time>
        <extensions>
          <ns3:TrackPointExtension></ns3:TrackPointExtension>
        </extensions>
      </trkpt>
      <trkpt lat="51.841009045019746" lon="0.5653400905430317">
        <ele>64.4000015258789</ele>
        <time>2024-06-29T08:29:05Z</time>
        <extensions>
          <ns3:TrackPointExtension></ns3:TrackPointExtension>
        </extensions>
      </trkpt>
      <trkpt lat="51.841063275933266" lon="0.5663094576448202">
        <ele>65.19999694824219</ele>
        <time>2024-06-29T08:29:14Z</time>
        <extensions>
          <ns3:TrackPointExtension></ns3:TrackPointExtension>
        </extensions>
      </trkpt>
      <trkpt lat="51.84110786765814" lon="0.5666604917496443">
        <ele>66.0</ele>
        <time>2024-06-29T08:29:17Z</time>
        <extensions>
          <ns3:TrackPointExtension></ns3:TrackPointExtension>
        </extensions>
      </trkpt>
      <trkpt lat="51.84125538915396" lon="0.5673590395599604">
        <ele>64.4000015258789</ele>
        <time>2024-06-29T08:29:23Z</time>
        <extensions>
          <ns3:TrackPointExtension></ns3:TrackPointExtension>
        </extensions>
      </trkpt>
      <trkpt lat="51.841743467375636" lon="0.5688226036727428">
        <ele>58.400001525878906</ele>
        <time>2024-06-29T08:29:35Z</time>
        <extensions>
          <ns3:TrackPointExtension></ns3:TrackPointExtension>
        </extensions>
      </trkpt>
      <trkpt lat="51.84189333580434" lon="0.5704042688012123">
        <ele>57.599998474121094</ele>
        <time>2024-06-29T08:29:46Z</time>
        <extensions>
          <ns3:TrackPointExtension></ns3:TrackPointExtension>
        </extensions>
      </trkpt>
      <trkpt lat="51.84210481122136" lon="0.5715664196759462">
        <ele>55.0</ele>
        <time>2024-06-29T08:29:55Z</time>
        <extensions>
          <ns3:TrackPointExtension></ns3:TrackPointExtension>
        </extensions>
      </trkpt>
      <trkpt lat="51.842085029929876" lon="0.5719493888318539">
        <ele>54.599998474121094</ele>
        <time>2024-06-29T08:29:58Z</time>
        <extensions>
          <ns3:TrackPointExtension></ns3:TrackPointExtension>
        </extensions>
      </trkpt>
      <trkpt lat="51.84170834720135" lon="0.573026379570365">
        <ele>52.599998474121094</ele>
        <time>2024-06-29T08:30:07Z</time>
        <extensions>
          <ns3:TrackPointExtension></ns3:TrackPointExtension>
        </extensions>
      </trkpt>
      <trkpt lat="51.841625617817044" lon="0.5734061636030674">
        <ele>51.79999923706055</ele>
        <time>2024-06-29T08:30:10Z</time>
        <extensions>
          <ns3:TrackPointExtension></ns3:TrackPointExtension>
        </extensions>
      </trkpt>
      <trkpt lat="51.84160768054426" lon="0.5738038849085569">
        <ele>50.0</ele>
        <time>2024-06-29T08:30:13Z</time>
        <extensions>
          <ns3:TrackPointExtension></ns3:TrackPointExtension>
        </extensions>
      </trkpt>
      <trkpt lat="51.84168982319534" lon="0.5742056295275688">
        <ele>48.0</ele>
        <time>2024-06-29T08:30:16Z</time>
        <extensions>
          <ns3:TrackPointExtension></ns3:TrackPointExtension>
        </extensions>
      </trkpt>
      <trkpt lat="51.84202644042671" lon="0.5750292353332043">
        <ele>47.0</ele>
        <time>2024-06-29T08:30:23Z</time>
        <extensions>
          <ns3:TrackPointExtension></ns3:TrackPointExtension>
        </extensions>
      </trkpt>
      <trkpt lat="51.84214521199465" lon="0.5754173174500465">
        <ele>48.0</ele>
        <time>2024-06-29T08:30:26Z</time>
        <extensions>
          <ns3:TrackPointExtension></ns3:TrackPointExtension>
        </extensions>
      </trkpt>
      <trkpt lat="51.84224462136626" lon="0.5762332957237959">
        <ele>43.599998474121094</ele>
        <time>2024-06-29T08:30:32Z</time>
        <extensions>
          <ns3:TrackPointExtension></ns3:TrackPointExtension>
        </extensions>
      </trkpt>
      <trkpt lat="51.84228787198663" lon="0.5769450031220913">
        <ele>41.20000076293945</ele>
        <time>2024-06-29T08:30:38Z</time>
        <extensions>
          <ns3:TrackPointExtension></ns3:TrackPointExtension>
        </extensions>
      </trkpt>
      <trkpt lat="51.84243363328278" lon="0.5770932789891958">
        <ele>41.0</ele>
        <time>2024-06-29T08:30:44Z</time>
        <extensions>
          <ns3:TrackPointExtension></ns3:TrackPointExtension>
        </extensions>
      </trkpt>
      <trkpt lat="51.842385521158576" lon="0.57730408385396">
        <ele>41.0</ele>
        <time>2024-06-29T08:31:03Z</time>
        <extensions>
          <ns3:TrackPointExtension></ns3:TrackPointExtension>
        </extensions>
      </trkpt>
      <trkpt lat="51.84211294166744" lon="0.5778053216636181">
        <ele>40.20000076293945</ele>
        <time>2024-06-29T08:31:09Z</time>
        <extensions>
          <ns3:TrackPointExtension></ns3:TrackPointExtension>
        </extensions>
      </trkpt>
      <trkpt lat="51.84191135689616" lon="0.5780001170933247">
        <ele>39.0</ele>
        <time>2024-06-29T08:31:12Z</time>
        <extensions>
          <ns3:TrackPointExtension></ns3:TrackPointExtension>
        </extensions>
      </trkpt>
      <trkpt lat="51.841425290331244" lon="0.5782077368348837">
        <ele>41.400001525878906</ele>
        <time>2024-06-29T08:31:20Z</time>
        <extensions>
          <ns3:TrackPointExtension></ns3:TrackPointExtension>
        </extensions>
      </trkpt>
      <trkpt lat="51.84125203639269" lon="0.5783125944435596">
        <ele>42.599998474121094</ele>
        <time>2024-06-29T08:31:24Z</time>
        <extensions>
          <ns3:TrackPointExtension></ns3:TrackPointExtension>
        </extensions>
      </trkpt>
      <trkpt lat="51.84106201864779" lon="0.5784959904849529">
        <ele>43.0</ele>
        <time>2024-06-29T08:31:29Z</time>
        <extensions>
          <ns3:TrackPointExtension></ns3:TrackPointExtension>
        </extensions>
      </trkpt>
      <trkpt lat="51.83921799995005" lon="0.5807964038103819">
        <ele>46.400001525878906</ele>
        <time>2024-06-29T08:32:10Z</time>
        <extensions>
          <ns3:TrackPointExtension></ns3:TrackPointExtension>
        </extensions>
      </trkpt>
      <trkpt lat="51.83906201273203" lon="0.5810054484754801">
        <ele>46.79999923706055</ele>
        <time>2024-06-29T08:32:14Z</time>
        <extensions>
          <ns3:TrackPointExtension></ns3:TrackPointExtension>
        </extensions>
      </trkpt>
      <trkpt lat="51.838814076036215" lon="0.581460501998663">
        <ele>48.400001525878906</ele>
        <time>2024-06-29T08:32:22Z</time>
        <extensions>
          <ns3:TrackPointExtension></ns3:TrackPointExtension>
        </extensions>
      </trkpt>
      <trkpt lat="51.838023914024234" lon="0.5834475159645081">
        <ele>47.20000076293945</ele>
        <time>2024-06-29T08:32:45Z</time>
        <extensions>
          <ns3:TrackPointExtension></ns3:TrackPointExtension>
        </extensions>
      </trkpt>
      <trkpt lat="51.83777396567166" lon="0.584159642457962">
        <ele>46.79999923706055</ele>
        <time>2024-06-29T08:32:51Z</time>
        <extensions>
          <ns3:TrackPointExtension></ns3:TrackPointExtension>
        </extensions>
      </trkpt>
      <trkpt lat="51.83749493211508" lon="0.5852514691650867">
        <ele>44.400001525878906</ele>
        <time>2024-06-29T08:33:00Z</time>
        <extensions>
          <ns3:TrackPointExtension></ns3:TrackPointExtension>
        </extensions>
      </trkpt>
      <trkpt lat="51.83671189472079" lon="0.5879421439021826">
        <ele>39.20000076293945</ele>
        <time>2024-06-29T08:33:20Z</time>
        <extensions>
          <ns3:TrackPointExtension></ns3:TrackPointExtension>
        </extensions>
      </trkpt>
      <trkpt lat="51.8364714179188" lon="0.5893104895949364">
        <ele>34.599998474121094</ele>
        <time>2024-06-29T08:33:29Z</time>
        <extensions>
          <ns3:TrackPointExtension></ns3:TrackPointExtension>
        </extensions>
      </trkpt>
      <trkpt lat="51.83621300384402" lon="0.5898126494139433">
        <ele>33.79999923706055</ele>
        <time>2024-06-29T08:33:33Z</time>
        <extensions>
          <ns3:TrackPointExtension></ns3:TrackPointExtension>
        </extensions>
      </trkpt>
      <trkpt lat="51.835549073293805" lon="0.59053516946733">
        <ele>31.399999618530273</ele>
        <time>2024-06-29T08:33:42Z</time>
        <extensions>
          <ns3:TrackPointExtension></ns3:TrackPointExtension>
        </extensions>
      </trkpt>
      <trkpt lat="51.83551479130983" lon="0.5906106065958738">
        <ele>31.399999618530273</ele>
        <time>2024-06-29T08:33:43Z</time>
        <extensions>
          <ns3:TrackPointExtension></ns3:TrackPointExtension>
        </extensions>
      </trkpt>
      <trkpt lat="51.83558260090649" lon="0.590956024825573">
        <ele>31.200000762939453</ele>
        <time>2024-06-29T08:33:47Z</time>
        <extensions>
          <ns3:TrackPointExtension></ns3:TrackPointExtension>
        </extensions>
      </trkpt>
      <trkpt lat="51.83578192256391" lon="0.5914897006005049">
        <ele>30.200000762939453</ele>
        <time>2024-06-29T08:33:52Z</time>
        <extensions>
          <ns3:TrackPointExtension></ns3:TrackPointExtension>
        </extensions>
      </trkpt>
      <trkpt lat="51.83592475019395" lon="0.5917554907500744">
        <ele>29.0</ele>
        <time>2024-06-29T08:33:55Z</time>
        <extensions>
          <ns3:TrackPointExtension></ns3:TrackPointExtension>
        </extensions>
      </trkpt>
      <trkpt lat="51.8366424087435" lon="0.5929137859493494">
        <ele>31.799999237060547</ele>
        <time>2024-06-29T08:34:13Z</time>
        <extensions>
          <ns3:TrackPointExtension></ns3:TrackPointExtension>
        </extensions>
      </trkpt>
      <trkpt lat="51.837138533592224" lon="0.5938088055700064">
        <ele>34.79999923706055</ele>
        <time>2024-06-29T08:34:30Z</time>
        <extensions>
          <ns3:TrackPointExtension></ns3:TrackPointExtension>
        </extensions>
      </trkpt>
      <trkpt lat="51.83826606720686" lon="0.5952861160039902">
        <ele>42.79999923706055</ele>
        <time>2024-06-29T08:35:03Z</time>
        <extensions>
          <ns3:TrackPointExtension></ns3:TrackPointExtension>
        </extensions>
      </trkpt>
      <trkpt lat="51.838943576440215" lon="0.5960849951952696">
        <ele>45.79999923706055</ele>
        <time>2024-06-29T08:35:22Z</time>
        <extensions>
          <ns3:TrackPointExtension></ns3:TrackPointExtension>
        </extensions>
      </trkpt>
      <trkpt lat="51.839281199499965" lon="0.5963673815131187">
        <ele>46.79999923706055</ele>
        <time>2024-06-29T08:35:32Z</time>
        <extensions>
          <ns3:TrackPointExtension></ns3:TrackPointExtension>
        </extensions>
      </trkpt>
      <trkpt lat="51.839827029034495" lon="0.596688911318779">
        <ele>49.0</ele>
        <time>2024-06-29T08:35:44Z</time>
        <extensions>
          <ns3:TrackPointExtension></ns3:TrackPointExtension>
        </extensions>
      </trkpt>
      <trkpt lat="51.83999382890761" lon="0.5968274641782045">
        <ele>49.400001525878906</ele>
        <time>2024-06-29T08:35:48Z</time>
        <extensions>
          <ns3:TrackPointExtension></ns3:TrackPointExtension>
        </extensions>
      </trkpt>
      <trkpt lat="51.840495485812426" lon="0.5974220763891935">
        <ele>52.400001525878906</ele>
        <time>2024-06-29T08:36:01Z</time>
        <extensions>
          <ns3:TrackPointExtension></ns3:TrackPointExtension>
        </extensions>
      </trkpt>
      <trkpt lat="51.841265028342605" lon="0.5978416744619608">
        <ele>53.0</ele>
        <time>2024-06-29T08:36:17Z</time>
        <extensions>
          <ns3:TrackPointExtension></ns3:TrackPointExtension>
        </extensions>
      </trkpt>
      <trkpt lat="51.843058755621314" lon="0.599303562194109">
        <ele>54.400001525878906</ele>
        <time>2024-06-29T08:36:52Z</time>
        <extensions>
          <ns3:TrackPointExtension></ns3:TrackPointExtension>
        </extensions>
      </trkpt>
      <trkpt lat="51.84361305087805" lon="0.5998073145747185">
        <ele>55.0</ele>
        <time>2024-06-29T08:37:02Z</time>
        <extensions>
          <ns3:TrackPointExtension></ns3:TrackPointExtension>
        </extensions>
      </trkpt>
      <trkpt lat="51.84377297759056" lon="0.5999967455863953">
        <ele>54.79999923706055</ele>
        <time>2024-06-29T08:37:05Z</time>
        <extensions>
          <ns3:TrackPointExtension></ns3:TrackPointExtension>
        </extensions>
      </trkpt>
      <trkpt lat="51.84420833364129" lon="0.6006934493780136">
        <ele>55.0</ele>
        <time>2024-06-29T08:37:14Z</time>
        <extensions>
          <ns3:TrackPointExtension></ns3:TrackPointExtension>
        </extensions>
      </trkpt>
      <trkpt lat="51.84495935216546" lon="0.601773876696825">
        <ele>57.79999923706055</ele>
        <time>2024-06-29T08:37:29Z</time>
        <extensions>
          <ns3:TrackPointExtension></ns3:TrackPointExtension>
        </extensions>
      </trkpt>
      <trkpt lat="51.845460841432214" lon="0.6027605105191469">
        <ele>57.79999923706055</ele>
        <time>2024-06-29T08:37:44Z</time>
        <extensions>
          <ns3:TrackPointExtension></ns3:TrackPointExtension>
        </extensions>
      </trkpt>
      <trkpt lat="51.84594280086458" lon="0.6023660581558943">
        <ele>55.400001525878906</ele>
        <time>2024-06-29T08:38:23Z</time>
        <extensions>
          <ns3:TrackPointExtension></ns3:TrackPointExtension>
        </extensions>
      </trkpt>
      <trkpt lat="51.84602804481983" lon="0.6023699138313532">
        <ele>55.400001525878906</ele>
        <time>2024-06-29T08:38:25Z</time>
        <extensions>
          <ns3:TrackPointExtension></ns3:TrackPointExtension>
        </extensions>
      </trkpt>
      <trkpt lat="51.84620155021548" lon="0.6025429163128138">
        <ele>56.0</ele>
        <time>2024-06-29T08:38:28Z</time>
        <extensions>
          <ns3:TrackPointExtension></ns3:TrackPointExtension>
        </extensions>
      </trkpt>
      <trkpt lat="51.84670773334801" lon="0.6032702140510082">
        <ele>56.400001525878906</ele>
        <time>2024-06-29T08:38:38Z</time>
        <extensions>
          <ns3:TrackPointExtension></ns3:TrackPointExtension>
        </extensions>
      </trkpt>
      <trkpt lat="51.84718600474298" lon="0.6041281018406153">
        <ele>56.79999923706055</ele>
        <time>2024-06-29T08:38:49Z</time>
        <extensions>
          <ns3:TrackPointExtension></ns3:TrackPointExtension>
        </extensions>
      </trkpt>
      <trkpt lat="51.84738893061876" lon="0.6041835062205791">
        <ele>57.0</ele>
        <time>2024-06-29T08:38:53Z</time>
        <extensions>
          <ns3:TrackPointExtension></ns3:TrackPointExtension>
        </extensions>
      </trkpt>
      <trkpt lat="51.84784222394228" lon="0.6036244332790375">
        <ele>57.0</ele>
        <time>2024-06-29T08:39:02Z</time>
        <extensions>
          <ns3:TrackPointExtension></ns3:TrackPointExtension>
        </extensions>
      </trkpt>
      <trkpt lat="51.8478946108371" lon="0.603588642552495">
        <ele>57.20000076293945</ele>
        <time>2024-06-29T08:39:03Z</time>
        <extensions>
          <ns3:TrackPointExtension></ns3:TrackPointExtension>
        </extensions>
      </trkpt>
      <trkpt lat="51.848070127889514" lon="0.6036440469324589">
        <ele>56.20000076293945</ele>
        <time>2024-06-29T08:39:06Z</time>
        <extensions>
          <ns3:TrackPointExtension></ns3:TrackPointExtension>
        </extensions>
      </trkpt>
      <trkpt lat="51.84819744899869" lon="0.6039003655314445">
        <ele>56.0</ele>
        <time>2024-06-29T08:39:09Z</time>
        <extensions>
          <ns3:TrackPointExtension></ns3:TrackPointExtension>
        </extensions>
      </trkpt>
      <trkpt lat="51.848437087610364" lon="0.6045987457036972">
        <ele>56.0</ele>
        <time>2024-06-29T08:39:16Z</time>
        <extensions>
          <ns3:TrackPointExtension></ns3:TrackPointExtension>
        </extensions>
      </trkpt>
      <trkpt lat="51.84856583364308" lon="0.604866798967123">
        <ele>56.400001525878906</ele>
        <time>2024-06-29T08:39:19Z</time>
        <extensions>
          <ns3:TrackPointExtension></ns3:TrackPointExtension>
        </extensions>
      </trkpt>
      <trkpt lat="51.84874135069549" lon="0.6051636021584272">
        <ele>57.0</ele>
        <time>2024-06-29T08:39:23Z</time>
        <extensions>
          <ns3:TrackPointExtension></ns3:TrackPointExtension>
        </extensions>
      </trkpt>
      <trkpt lat="51.8488946557045" lon="0.6053373590111732">
        <ele>56.79999923706055</ele>
        <time>2024-06-29T08:39:28Z</time>
        <extensions>
          <ns3:TrackPointExtension></ns3:TrackPointExtension>
        </extensions>
      </trkpt>
      <trkpt lat="51.84881997294724" lon="0.6055982876569033">
        <ele>56.599998474121094</ele>
        <time>2024-06-29T08:39:43Z</time>
        <extensions>
          <ns3:TrackPointExtension></ns3:TrackPointExtension>
        </extensions>
      </trkpt>
      <trkpt lat="51.84872777201235" lon="0.6057138741016388">
        <ele>56.599998474121094</ele>
        <time>2024-06-29T08:39:45Z</time>
        <extensions>
          <ns3:TrackPointExtension></ns3:TrackPointExtension>
        </extensions>
      </trkpt>
      <trkpt lat="51.847755555063486" lon="0.6066719256341457">
        <ele>57.0</ele>
        <time>2024-06-29T08:40:03Z</time>
        <extensions>
          <ns3:TrackPointExtension></ns3:TrackPointExtension>
        </extensions>
      </trkpt>
      <trkpt lat="51.847147699445486" lon="0.6074983812868595">
        <ele>56.0</ele>
        <time>2024-06-29T08:40:15Z</time>
        <extensions>
          <ns3:TrackPointExtension></ns3:TrackPointExtension>
        </extensions>
      </trkpt>
      <trkpt lat="51.8461230956018" lon="0.6091898493468761">
        <ele>56.599998474121094</ele>
        <time>2024-06-29T08:40:36Z</time>
        <extensions>
          <ns3:TrackPointExtension></ns3:TrackPointExtension>
        </extensions>
      </trkpt>
      <trkpt lat="51.84504426084459" lon="0.6107902061194181">
        <ele>57.599998474121094</ele>
        <time>2024-06-29T08:40:57Z</time>
        <extensions>
          <ns3:TrackPointExtension></ns3:TrackPointExtension>
        </extensions>
      </trkpt>
      <trkpt lat="51.84409400448203" lon="0.6129443552345037">
        <ele>55.400001525878906</ele>
        <time>2024-06-29T08:41:21Z</time>
        <extensions>
          <ns3:TrackPointExtension></ns3:TrackPointExtension>
        </extensions>
      </trkpt>
      <trkpt lat="51.84345572255552" lon="0.6142158899456263">
        <ele>52.79999923706055</ele>
        <time>2024-06-29T08:41:36Z</time>
        <extensions>
          <ns3:TrackPointExtension></ns3:TrackPointExtension>
        </extensions>
      </trkpt>
      <trkpt lat="51.84324273839593" lon="0.6148554291576147">
        <ele>52.599998474121094</ele>
        <time>2024-06-29T08:41:43Z</time>
        <extensions>
          <ns3:TrackPointExtension></ns3:TrackPointExtension>
        </extensions>
      </trkpt>
      <trkpt lat="51.84317861683667" lon="0.6152260769158602">
        <ele>51.400001525878906</ele>
        <time>2024-06-29T08:41:46Z</time>
        <extensions>
          <ns3:TrackPointExtension></ns3:TrackPointExtension>
        </extensions>
      </trkpt>
      <trkpt lat="51.84299002401531" lon="0.616576736792922">
        <ele>51.400001525878906</ele>
        <time>2024-06-29T08:41:58Z</time>
        <extensions>
          <ns3:TrackPointExtension></ns3:TrackPointExtension>
        </extensions>
      </trkpt>
      <trkpt lat="51.8427970726043" lon="0.6175156775861979">
        <ele>51.0</ele>
        <time>2024-06-29T08:42:07Z</time>
        <extensions>
          <ns3:TrackPointExtension></ns3:TrackPointExtension>
        </extensions>
      </trkpt>
      <trkpt lat="51.8428055383265" lon="0.6178621854633093">
        <ele>50.79999923706055</ele>
        <time>2024-06-29T08:42:10Z</time>
        <extensions>
          <ns3:TrackPointExtension></ns3:TrackPointExtension>
        </extensions>
      </trkpt>
      <trkpt lat="51.84290109202266" lon="0.6186503358185291">
        <ele>50.0</ele>
        <time>2024-06-29T08:42:17Z</time>
        <extensions>
          <ns3:TrackPointExtension></ns3:TrackPointExtension>
        </extensions>
      </trkpt>
      <trkpt lat="51.84305900707841" lon="0.6193251628428698">
        <ele>49.0</ele>
        <time>2024-06-29T08:42:23Z</time>
        <extensions>
          <ns3:TrackPointExtension></ns3:TrackPointExtension>
        </extensions>
      </trkpt>
      <trkpt lat="51.84317492879927" lon="0.6196442618966103">
        <ele>48.400001525878906</ele>
        <time>2024-06-29T08:42:26Z</time>
        <extensions>
          <ns3:TrackPointExtension></ns3:TrackPointExtension>
        </extensions>
      </trkpt>
      <trkpt lat="51.84346117079258" lon="0.6202259659767151">
        <ele>46.400001525878906</ele>
        <time>2024-06-29T08:42:32Z</time>
        <extensions>
          <ns3:TrackPointExtension></ns3:TrackPointExtension>
        </extensions>
      </trkpt>
      <trkpt lat="51.843974981456995" lon="0.62111746519804">
        <ele>48.0</ele>
        <time>2024-06-29T08:42:41Z</time>
        <extensions>
          <ns3:TrackPointExtension></ns3:TrackPointExtension>
        </extensions>
      </trkpt>
      <trkpt lat="51.844297936186194" lon="0.6216000113636255">
        <ele>46.400001525878906</ele>
        <time>2024-06-29T08:42:46Z</time>
        <extensions>
          <ns3:TrackPointExtension></ns3:TrackPointExtension>
        </extensions>
      </trkpt>
      <trkpt lat="51.844501281157136" lon="0.6218256521970034">
        <ele>46.0</ele>
        <time>2024-06-29T08:42:49Z</time>
        <extensions>
          <ns3:TrackPointExtension></ns3:TrackPointExtension>
        </extensions>
      </trkpt>
      <trkpt lat="51.8454201053828" lon="0.6226158980280161">
        <ele>47.400001525878906</ele>
        <time>2024-06-29T08:43:03Z</time>
        <extensions>
          <ns3:TrackPointExtension></ns3:TrackPointExtension>
        </extensions>
      </trkpt>
      <trkpt lat="51.84590768069029" lon="0.6231760606169701">
        <ele>49.400001525878906</ele>
        <time>2024-06-29T08:43:12Z</time>
        <extensions>
          <ns3:TrackPointExtension></ns3:TrackPointExtension>
        </extensions>
      </trkpt>
      <trkpt lat="51.84618428349495" lon="0.6235759612172842">
        <ele>50.0</ele>
        <time>2024-06-29T08:43:18Z</time>
        <extensions>
          <ns3:TrackPointExtension></ns3:TrackPointExtension>
        </extensions>
      </trkpt>
      <trkpt lat="51.84636030346155" lon="0.6240993272513151">
        <ele>51.0</ele>
        <time>2024-06-29T08:43:24Z</time>
        <extensions>
          <ns3:TrackPointExtension></ns3:TrackPointExtension>
        </extensions>
      </trkpt>
      <trkpt lat="51.84650648385286" lon="0.6251005455851555">
        <ele>51.20000076293945</ele>
        <time>2024-06-29T08:43:35Z</time>
        <extensions>
          <ns3:TrackPointExtension></ns3:TrackPointExtension>
        </extensions>
      </trkpt>
      <trkpt lat="51.84664864093065" lon="0.6257708463817835">
        <ele>51.0</ele>
        <time>2024-06-29T08:43:43Z</time>
        <extensions>
          <ns3:TrackPointExtension></ns3:TrackPointExtension>
        </extensions>
      </trkpt>
      <trkpt lat="51.846705470234156" lon="0.6261875946074724">
        <ele>50.79999923706055</ele>
        <time>2024-06-29T08:43:49Z</time>
        <extensions>
          <ns3:TrackPointExtension></ns3:TrackPointExtension>
        </extensions>
      </trkpt>
      <trkpt lat="51.84666657820344" lon="0.62647869810462">
        <ele>50.400001525878906</ele>
        <time>2024-06-29T08:43:55Z</time>
        <extensions>
          <ns3:TrackPointExtension></ns3:TrackPointExtension>
        </extensions>
      </trkpt>
      <trkpt lat="51.84652945026755" lon="0.6267279759049416">
        <ele>51.0</ele>
        <time>2024-06-29T08:44:02Z</time>
        <extensions>
          <ns3:TrackPointExtension></ns3:TrackPointExtension>
        </extensions>
      </trkpt>
      <trkpt lat="51.845091031864285" lon="0.6278418470174074">
        <ele>51.0</ele>
        <time>2024-06-29T08:44:29Z</time>
        <extensions>
          <ns3:TrackPointExtension></ns3:TrackPointExtension>
        </extensions>
      </trkpt>
      <trkpt lat="51.844754330813885" lon="0.6281284242868423">
        <ele>51.0</ele>
        <time>2024-06-29T08:44:35Z</time>
        <extensions>
          <ns3:TrackPointExtension></ns3:TrackPointExtension>
        </extensions>
      </trkpt>
      <trkpt lat="51.844605300575495" lon="0.628307294100523">
        <ele>51.0</ele>
        <time>2024-06-29T08:44:38Z</time>
        <extensions>
          <ns3:TrackPointExtension></ns3:TrackPointExtension>
        </extensions>
      </trkpt>
      <trkpt lat="51.84382569976151" lon="0.6293827760964632">
        <ele>49.400001525878906</ele>
        <time>2024-06-29T08:44:53Z</time>
        <extensions>
          <ns3:TrackPointExtension></ns3:TrackPointExtension>
        </extensions>
      </trkpt>
      <trkpt lat="51.84340056963265" lon="0.6301436014473438">
        <ele>48.79999923706055</ele>
        <time>2024-06-29T08:45:02Z</time>
        <extensions>
          <ns3:TrackPointExtension></ns3:TrackPointExtension>
        </extensions>
      </trkpt>
      <trkpt lat="51.84324868954718" lon="0.6304995808750391">
        <ele>48.599998474121094</ele>
        <time>2024-06-29T08:45:06Z</time>
        <extensions>
          <ns3:TrackPointExtension></ns3:TrackPointExtension>
        </extensions>
      </trkpt>
      <trkpt lat="51.84319730848074" lon="0.6308242119848728">
        <ele>49.20000076293945</ele>
        <time>2024-06-29T08:45:09Z</time>
        <extensions>
          <ns3:TrackPointExtension></ns3:TrackPointExtension>
        </extensions>
      </trkpt>
      <trkpt lat="51.843272326514125" lon="0.632924297824502">
        <ele>48.0</ele>
        <time>2024-06-29T08:45:28Z</time>
        <extensions>
          <ns3:TrackPointExtension></ns3:TrackPointExtension>
        </extensions>
      </trkpt>
      <trkpt lat="51.84351875446737" lon="0.6364540848881006">
        <ele>42.0</ele>
        <time>2024-06-29T08:45:58Z</time>
        <extensions>
          <ns3:TrackPointExtension></ns3:TrackPointExtension>
        </extensions>
      </trkpt>
      <trkpt lat="51.843506935983896" lon="0.6382937449961901">
        <ele>40.20000076293945</ele>
        <time>2024-06-29T08:46:11Z</time>
        <extensions>
          <ns3:TrackPointExtension></ns3:TrackPointExtension>
        </extensions>
      </trkpt>
      <trkpt lat="51.8434099573642" lon="0.6396981328725815">
        <ele>42.79999923706055</ele>
        <time>2024-06-29T08:46:23Z</time>
        <extensions>
          <ns3:TrackPointExtension></ns3:TrackPointExtension>
        </extensions>
      </trkpt>
      <trkpt lat="51.84322807006538" lon="0.6404603831470013">
        <ele>44.0</ele>
        <time>2024-06-29T08:46:31Z</time>
        <extensions>
          <ns3:TrackPointExtension></ns3:TrackPointExtension>
        </extensions>
      </trkpt>
      <trkpt lat="51.842992873862386" lon="0.6411296781152487">
        <ele>47.0</ele>
        <time>2024-06-29T08:46:39Z</time>
        <extensions>
          <ns3:TrackPointExtension></ns3:TrackPointExtension>
        </extensions>
      </trkpt>
      <trkpt lat="51.841614888980985" lon="0.6443519331514835">
        <ele>46.0</ele>
        <time>2024-06-29T08:47:15Z</time>
        <extensions>
          <ns3:TrackPointExtension></ns3:TrackPointExtension>
        </extensions>
      </trkpt>
      <trkpt lat="51.841613380238414" lon="0.6446537654846907">
        <ele>47.20000076293945</ele>
        <time>2024-06-29T08:47:18Z</time>
        <extensions>
          <ns3:TrackPointExtension></ns3:TrackPointExtension>
        </extensions>
      </trkpt>
      <trkpt lat="51.84166953898966" lon="0.6448856089264154">
        <ele>47.400001525878906</ele>
        <time>2024-06-29T08:47:20Z</time>
        <extensions>
          <ns3:TrackPointExtension></ns3:TrackPointExtension>
        </extensions>
      </trkpt>
      <trkpt lat="51.84202451258898" lon="0.6458538863807917">
        <ele>44.0</ele>
        <time>2024-06-29T08:47:29Z</time>
        <extensions>
          <ns3:TrackPointExtension></ns3:TrackPointExtension>
        </extensions>
      </trkpt>
      <trkpt lat="51.842457773163915" lon="0.6466774083673954">
        <ele>43.0</ele>
        <time>2024-06-29T08:47:38Z</time>
        <extensions>
          <ns3:TrackPointExtension></ns3:TrackPointExtension>
        </extensions>
      </trkpt>
      <trkpt lat="51.84258031658828" lon="0.6469729542732239">
        <ele>43.0</ele>
        <time>2024-06-29T08:47:41Z</time>
        <extensions>
          <ns3:TrackPointExtension></ns3:TrackPointExtension>
        </extensions>
      </trkpt>
      <trkpt lat="51.84289924800396" lon="0.6481867376714945">
        <ele>45.20000076293945</ele>
        <time>2024-06-29T08:47:53Z</time>
        <extensions>
          <ns3:TrackPointExtension></ns3:TrackPointExtension>
        </extensions>
      </trkpt>
      <trkpt lat="51.842966973781586" lon="0.6488166376948357">
        <ele>45.599998474121094</ele>
        <time>2024-06-29T08:47:59Z</time>
        <extensions>
          <ns3:TrackPointExtension></ns3:TrackPointExtension>
        </extensions>
      </trkpt>
      <trkpt lat="51.84290804900229" lon="0.6511338986456394">
        <ele>43.400001525878906</ele>
        <time>2024-06-29T08:48:20Z</time>
        <extensions>
          <ns3:TrackPointExtension></ns3:TrackPointExtension>
        </extensions>
      </trkpt>
      <trkpt lat="51.84295490384102" lon="0.6525397952646017">
        <ele>45.0</ele>
        <time>2024-06-29T08:48:32Z</time>
        <extensions>
          <ns3:TrackPointExtension></ns3:TrackPointExtension>
        </extensions>
      </trkpt>
      <trkpt lat="51.84314366430044" lon="0.6538959871977568">
        <ele>42.0</ele>
        <time>2024-06-29T08:48:44Z</time>
        <extensions>
          <ns3:TrackPointExtension></ns3:TrackPointExtension>
        </extensions>
      </trkpt>
      <trkpt lat="51.84359109029174" lon="0.6557136867195368">
        <ele>39.599998474121094</ele>
        <time>2024-06-29T08:48:59Z</time>
        <extensions>
          <ns3:TrackPointExtension></ns3:TrackPointExtension>
        </extensions>
      </trkpt>
      <trkpt lat="51.843628557398915" lon="0.6562005914747715">
        <ele>39.400001525878906</ele>
        <time>2024-06-29T08:49:03Z</time>
        <extensions>
          <ns3:TrackPointExtension></ns3:TrackPointExtension>
        </extensions>
      </trkpt>
      <trkpt lat="51.84354431927204" lon="0.6566534657031298">
        <ele>40.79999923706055</ele>
        <time>2024-06-29T08:49:07Z</time>
        <extensions>
          <ns3:TrackPointExtension></ns3:TrackPointExtension>
        </extensions>
      </trkpt>
      <trkpt lat="51.84312857687473" lon="0.6577228289097548">
        <ele>44.0</ele>
        <time>2024-06-29T08:49:20Z</time>
        <extensions>
          <ns3:TrackPointExtension></ns3:TrackPointExtension>
        </extensions>
      </trkpt>
      <trkpt lat="51.842852644622326" lon="0.6586673855781555">
        <ele>45.0</ele>
        <time>2024-06-29T08:49:32Z</time>
        <extensions>
          <ns3:TrackPointExtension></ns3:TrackPointExtension>
        </extensions>
      </trkpt>
      <trkpt lat="51.84221846982837" lon="0.6600318755954504">
        <ele>45.0</ele>
        <time>2024-06-29T08:49:49Z</time>
        <extensions>
          <ns3:TrackPointExtension></ns3:TrackPointExtension>
        </extensions>
      </trkpt>
      <trkpt lat="51.842003306373954" lon="0.6613614968955517">
        <ele>43.20000076293945</ele>
        <time>2024-06-29T08:50:02Z</time>
        <extensions>
          <ns3:TrackPointExtension></ns3:TrackPointExtension>
        </extensions>
      </trkpt>
      <trkpt lat="51.84182183817029" lon="0.6619678437709808">
        <ele>43.79999923706055</ele>
        <time>2024-06-29T08:50:08Z</time>
        <extensions>
          <ns3:TrackPointExtension></ns3:TrackPointExtension>
        </extensions>
      </trkpt>
      <trkpt lat="51.84149217791855" lon="0.6628697365522385">
        <ele>44.0</ele>
        <time>2024-06-29T08:50:17Z</time>
        <extensions>
          <ns3:TrackPointExtension></ns3:TrackPointExtension>
        </extensions>
      </trkpt>
      <trkpt lat="51.8414156511426" lon="0.6632062699645758">
        <ele>43.79999923706055</ele>
        <time>2024-06-29T08:50:20Z</time>
        <extensions>
          <ns3:TrackPointExtension></ns3:TrackPointExtension>
        </extensions>
      </trkpt>
      <trkpt lat="51.84128522872925" lon="0.6641916465014219">
        <ele>44.20000076293945</ele>
        <time>2024-06-29T08:50:29Z</time>
        <extensions>
          <ns3:TrackPointExtension></ns3:TrackPointExtension>
        </extensions>
      </trkpt>
      <trkpt lat="51.84127349406481" lon="0.6645372323691845">
        <ele>44.0</ele>
        <time>2024-06-29T08:50:32Z</time>
        <extensions>
          <ns3:TrackPointExtension></ns3:TrackPointExtension>
        </extensions>
      </trkpt>
      <trkpt lat="51.84158521704376" lon="0.6671393942087889">
        <ele>44.400001525878906</ele>
        <time>2024-06-29T08:50:58Z</time>
        <extensions>
          <ns3:TrackPointExtension></ns3:TrackPointExtension>
        </extensions>
      </trkpt>
      <trkpt lat="51.841610530391335" lon="0.6677450705319643">
        <ele>44.20000076293945</ele>
        <time>2024-06-29T08:51:04Z</time>
        <extensions>
          <ns3:TrackPointExtension></ns3:TrackPointExtension>
        </extensions>
      </trkpt>
      <trkpt lat="51.8414640147239" lon="0.6692955549806356">
        <ele>46.0</ele>
        <time>2024-06-29T08:51:19Z</time>
        <extensions>
          <ns3:TrackPointExtension></ns3:TrackPointExtension>
        </extensions>
      </trkpt>
      <trkpt lat="51.841287994757295" lon="0.6702064163982868">
        <ele>47.400001525878906</ele>
        <time>2024-06-29T08:51:28Z</time>
        <extensions>
          <ns3:TrackPointExtension></ns3:TrackPointExtension>
        </extensions>
      </trkpt>
      <trkpt lat="51.841073501855135" lon="0.6707561854273081">
        <ele>45.0</ele>
        <time>2024-06-29T08:51:34Z</time>
        <extensions>
          <ns3:TrackPointExtension></ns3:TrackPointExtension>
        </extensions>
      </trkpt>
      <trkpt lat="51.8406315241009" lon="0.6715232133865356">
        <ele>44.0</ele>
        <time>2024-06-29T08:51:43Z</time>
        <extensions>
          <ns3:TrackPointExtension></ns3:TrackPointExtension>
        </extensions>
      </trkpt>
      <trkpt lat="51.84014185331762" lon="0.6727309618145227">
        <ele>43.400001525878906</ele>
        <time>2024-06-29T08:51:54Z</time>
        <extensions>
          <ns3:TrackPointExtension></ns3:TrackPointExtension>
        </extensions>
      </trkpt>
      <trkpt lat="51.839974047616124" lon="0.6732852570712566">
        <ele>43.400001525878906</ele>
        <time>2024-06-29T08:51:59Z</time>
        <extensions>
          <ns3:TrackPointExtension></ns3:TrackPointExtension>
        </extensions>
      </trkpt>
      <trkpt lat="51.8398854508996" lon="0.6739808712154627">
        <ele>41.79999923706055</ele>
        <time>2024-06-29T08:52:05Z</time>
        <extensions>
          <ns3:TrackPointExtension></ns3:TrackPointExtension>
        </extensions>
      </trkpt>
      <trkpt lat="51.83974111452699" lon="0.6746476516127586">
        <ele>41.0</ele>
        <time>2024-06-29T08:52:11Z</time>
        <extensions>
          <ns3:TrackPointExtension></ns3:TrackPointExtension>
        </extensions>
      </trkpt>
      <trkpt lat="51.83938253670931" lon="0.6755518913269043">
        <ele>40.79999923706055</ele>
        <time>2024-06-29T08:52:20Z</time>
        <extensions>
          <ns3:TrackPointExtension></ns3:TrackPointExtension>
        </extensions>
      </trkpt>
      <trkpt lat="51.838604528456926" lon="0.6767385173588991">
        <ele>39.79999923706055</ele>
        <time>2024-06-29T08:52:35Z</time>
        <extensions>
          <ns3:TrackPointExtension></ns3:TrackPointExtension>
        </extensions>
      </trkpt>
      <trkpt lat="51.837897347286344" lon="0.6780555658042431">
        <ele>41.79999923706055</ele>
        <time>2024-06-29T08:52:50Z</time>
        <extensions>
          <ns3:TrackPointExtension></ns3:TrackPointExtension>
        </extensions>
      </trkpt>
      <trkpt lat="51.83755913749337" lon="0.6784998904913664">
        <ele>39.79999923706055</ele>
        <time>2024-06-29T08:52:57Z</time>
        <extensions>
          <ns3:TrackPointExtension></ns3:TrackPointExtension>
        </extensions>
      </trkpt>
      <trkpt lat="51.837507002055645" lon="0.6787897367030382">
        <ele>39.20000076293945</ele>
        <time>2024-06-29T08:53:00Z</time>
        <extensions>
          <ns3:TrackPointExtension></ns3:TrackPointExtension>
        </extensions>
      </trkpt>
      <trkpt lat="51.83755352161825" lon="0.6793521624058485">
        <ele>37.79999923706055</ele>
        <time>2024-06-29T08:53:05Z</time>
        <extensions>
          <ns3:TrackPointExtension></ns3:TrackPointExtension>
        </extensions>
      </trkpt>
      <trkpt lat="51.83777790516615" lon="0.6803653668612242">
        <ele>37.599998474121094</ele>
        <time>2024-06-29T08:53:14Z</time>
        <extensions>
          <ns3:TrackPointExtension></ns3:TrackPointExtension>
        </extensions>
      </trkpt>
      <trkpt lat="51.83781512081623" lon="0.6807891558855772">
        <ele>36.20000076293945</ele>
        <time>2024-06-29T08:53:18Z</time>
        <extensions>
          <ns3:TrackPointExtension></ns3:TrackPointExtension>
        </extensions>
      </trkpt>
      <trkpt lat="51.83778720907867" lon="0.6810075044631958">
        <ele>36.0</ele>
        <time>2024-06-29T08:53:20Z</time>
        <extensions>
          <ns3:TrackPointExtension></ns3:TrackPointExtension>
        </extensions>
      </trkpt>
      <trkpt lat="51.837481604889035" lon="0.6817798968404531">
        <ele>36.0</ele>
        <time>2024-06-29T08:53:28Z</time>
        <extensions>
          <ns3:TrackPointExtension></ns3:TrackPointExtension>
        </extensions>
      </trkpt>
      <trkpt lat="51.83743994683027" lon="0.6819682382047176">
        <ele>36.0</ele>
        <time>2024-06-29T08:53:30Z</time>
        <extensions>
          <ns3:TrackPointExtension></ns3:TrackPointExtension>
        </extensions>
      </trkpt>
      <trkpt lat="51.8374265357852" lon="0.6822830624878407">
        <ele>36.0</ele>
        <time>2024-06-29T08:53:33Z</time>
        <extensions>
          <ns3:TrackPointExtension></ns3:TrackPointExtension>
        </extensions>
      </trkpt>
      <trkpt lat="51.837515300139785" lon="0.6827101204544306">
        <ele>36.79999923706055</ele>
        <time>2024-06-29T08:53:37Z</time>
        <extensions>
          <ns3:TrackPointExtension></ns3:TrackPointExtension>
        </extensions>
      </trkpt>
      <trkpt lat="51.83784328401089" lon="0.6835566088557243">
        <ele>37.0</ele>
        <time>2024-06-29T08:53:46Z</time>
        <extensions>
          <ns3:TrackPointExtension></ns3:TrackPointExtension>
        </extensions>
      </trkpt>
      <trkpt lat="51.83788443915546" lon="0.6837650667876005">
        <ele>37.0</ele>
        <time>2024-06-29T08:53:48Z</time>
        <extensions>
          <ns3:TrackPointExtension></ns3:TrackPointExtension>
        </extensions>
      </trkpt>
      <trkpt lat="51.83789759874344" lon="0.6840893626213074">
        <ele>36.400001525878906</ele>
        <time>2024-06-29T08:53:51Z</time>
        <extensions>
          <ns3:TrackPointExtension></ns3:TrackPointExtension>
        </extensions>
      </trkpt>
      <trkpt lat="51.83786055073142" lon="0.6846445798873901">
        <ele>36.0</ele>
        <time>2024-06-29T08:53:56Z</time>
        <extensions>
          <ns3:TrackPointExtension></ns3:TrackPointExtension>
        </extensions>
      </trkpt>
      <trkpt lat="51.837651673704386" lon="0.6860558409243822">
        <ele>31.200000762939453</ele>
        <time>2024-06-29T08:54:08Z</time>
        <extensions>
          <ns3:TrackPointExtension></ns3:TrackPointExtension>
        </extensions>
      </trkpt>
      <trkpt lat="51.837352104485035" lon="0.6867806240916252">
        <ele>31.399999618530273</ele>
        <time>2024-06-29T08:54:15Z</time>
        <extensions>
          <ns3:TrackPointExtension></ns3:TrackPointExtension>
        </extensions>
      </trkpt>
      <trkpt lat="51.8370256293565" lon="0.687702214345336">
        <ele>29.399999618530273</ele>
        <time>2024-06-29T08:54:24Z</time>
        <extensions>
          <ns3:TrackPointExtension></ns3:TrackPointExtension>
        </extensions>
      </trkpt>
      <trkpt lat="51.836636709049344" lon="0.6884969025850296">
        <ele>27.600000381469727</ele>
        <time>2024-06-29T08:54:37Z</time>
        <extensions>
          <ns3:TrackPointExtension></ns3:TrackPointExtension>
        </extensions>
      </trkpt>
      <trkpt lat="51.835908154025674" lon="0.6902324594557285">
        <ele>28.0</ele>
        <time>2024-06-29T08:54:56Z</time>
        <extensions>
          <ns3:TrackPointExtension></ns3:TrackPointExtension>
        </extensions>
      </trkpt>
      <trkpt lat="51.835713693872094" lon="0.6908690650016069">
        <ele>27.200000762939453</ele>
        <time>2024-06-29T08:55:02Z</time>
        <extensions>
          <ns3:TrackPointExtension></ns3:TrackPointExtension>
        </extensions>
      </trkpt>
      <trkpt lat="51.83559047989547" lon="0.6915327440947294">
        <ele>26.799999237060547</ele>
        <time>2024-06-29T08:55:08Z</time>
        <extensions>
          <ns3:TrackPointExtension></ns3:TrackPointExtension>
        </extensions>
      </trkpt>
      <trkpt lat="51.83553507551551" lon="0.6921587884426117">
        <ele>27.399999618530273</ele>
        <time>2024-06-29T08:55:15Z</time>
        <extensions>
          <ns3:TrackPointExtension></ns3:TrackPointExtension>
        </extensions>
      </trkpt>
      <trkpt lat="51.83530348353088" lon="0.6931296642869711">
        <ele>31.399999618530273</ele>
        <time>2024-06-29T08:55:27Z</time>
        <extensions>
          <ns3:TrackPointExtension></ns3:TrackPointExtension>
        </extensions>
      </trkpt>
      <trkpt lat="51.83524162508547" lon="0.6932762637734413">
        <ele>32.0</ele>
        <time>2024-06-29T08:55:29Z</time>
        <extensions>
          <ns3:TrackPointExtension></ns3:TrackPointExtension>
        </extensions>
      </trkpt>
      <trkpt lat="51.83448893018067" lon="0.694451741874218">
        <ele>30.799999237060547</ele>
        <time>2024-06-29T08:55:47Z</time>
        <extensions>
          <ns3:TrackPointExtension></ns3:TrackPointExtension>
        </extensions>
      </trkpt>
      <trkpt lat="51.833958104252815" lon="0.6958012282848358">
        <ele>28.399999618530273</ele>
        <time>2024-06-29T08:56:02Z</time>
        <extensions>
          <ns3:TrackPointExtension></ns3:TrackPointExtension>
        </extensions>
      </trkpt>
      <trkpt lat="51.83344513177872" lon="0.6967830844223499">
        <ele>28.0</ele>
        <time>2024-06-29T08:56:16Z</time>
        <extensions>
          <ns3:TrackPointExtension></ns3:TrackPointExtension>
        </extensions>
      </trkpt>
      <trkpt lat="51.83357949368656" lon="0.6970663089305162">
        <ele>27.799999237060547</ele>
        <time>2024-06-29T08:56:42Z</time>
        <extensions>
          <ns3:TrackPointExtension></ns3:TrackPointExtension>
        </extensions>
      </trkpt>
      <trkpt lat="51.83413412421942" lon="0.6977282278239727">
        <ele>24.399999618530273</ele>
        <time>2024-06-29T08:56:51Z</time>
        <extensions>
          <ns3:TrackPointExtension></ns3:TrackPointExtension>
        </extensions>
      </trkpt>
      <trkpt lat="51.835244642570615" lon="0.6986401788890362">
        <ele>26.600000381469727</ele>
        <time>2024-06-29T08:57:09Z</time>
        <extensions>
          <ns3:TrackPointExtension></ns3:TrackPointExtension>
        </extensions>
      </trkpt>
      <trkpt lat="51.83558846823871" lon="0.6989855971187353">
        <ele>27.200000762939453</ele>
        <time>2024-06-29T08:57:15Z</time>
        <extensions>
          <ns3:TrackPointExtension></ns3:TrackPointExtension>
        </extensions>
      </trkpt>
      <trkpt lat="51.836655819788575" lon="0.7002758234739304">
        <ele>31.399999618530273</ele>
        <time>2024-06-29T08:57:39Z</time>
        <extensions>
          <ns3:TrackPointExtension></ns3:TrackPointExtension>
        </extensions>
      </trkpt>
      <trkpt lat="51.83715647086501" lon="0.7007932383567095">
        <ele>31.399999618530273</ele>
        <time>2024-06-29T08:57:49Z</time>
        <extensions>
          <ns3:TrackPointExtension></ns3:TrackPointExtension>
        </extensions>
      </trkpt>
      <trkpt lat="51.83777689933777" lon="0.7015643734484911">
        <ele>31.0</ele>
        <time>2024-06-29T08:58:09Z</time>
        <extensions>
          <ns3:TrackPointExtension></ns3:TrackPointExtension>
        </extensions>
      </trkpt>
      <trkpt lat="51.83833203278482" lon="0.7021762523800135">
        <ele>30.0</ele>
        <time>2024-06-29T08:58:21Z</time>
        <extensions>
          <ns3:TrackPointExtension></ns3:TrackPointExtension>
        </extensions>
      </trkpt>
      <trkpt lat="51.839093612506986" lon="0.7031990960240364">
        <ele>30.600000381469727</ele>
        <time>2024-06-29T08:58:36Z</time>
        <extensions>
          <ns3:TrackPointExtension></ns3:TrackPointExtension>
        </extensions>
      </trkpt>
      <trkpt lat="51.8392432294786" lon="0.7034556660801172">
        <ele>29.799999237060547</ele>
        <time>2024-06-29T08:58:39Z</time>
        <extensions>
          <ns3:TrackPointExtension></ns3:TrackPointExtension>
        </extensions>
      </trkpt>
      <trkpt lat="51.839390248060226" lon="0.7037364598363638">
        <ele>29.0</ele>
        <time>2024-06-29T08:58:42Z</time>
        <extensions>
          <ns3:TrackPointExtension></ns3:TrackPointExtension>
        </extensions>
      </trkpt>
      <trkpt lat="51.83996465988457" lon="0.7050985191017389">
        <ele>26.399999618530273</ele>
        <time>2024-06-29T08:58:54Z</time>
        <extensions>
          <ns3:TrackPointExtension></ns3:TrackPointExtension>
        </extensions>
      </trkpt>
      <trkpt lat="51.84069782495499" lon="0.7071333937346935">
        <ele>24.0</ele>
        <time>2024-06-29T08:59:11Z</time>
        <extensions>
          <ns3:TrackPointExtension></ns3:TrackPointExtension>
        </extensions>
      </trkpt>
      <trkpt lat="51.84125932864845" lon="0.7084167469292879">
        <ele>24.0</ele>
        <time>2024-06-29T08:59:23Z</time>
        <extensions>
          <ns3:TrackPointExtension></ns3:TrackPointExtension>
        </extensions>
      </trkpt>
      <trkpt lat="51.8426485452801" lon="0.712031526491046">
        <ele>31.0</ele>
        <time>2024-06-29T09:00:08Z</time>
        <extensions>
          <ns3:TrackPointExtension></ns3:TrackPointExtension>
        </extensions>
      </trkpt>
      <trkpt lat="51.84331356547773" lon="0.7135526742786169">
        <ele>32.0</ele>
        <time>2024-06-29T09:00:26Z</time>
        <extensions>
          <ns3:TrackPointExtension></ns3:TrackPointExtension>
        </extensions>
      </trkpt>
      <trkpt lat="51.843580109998584" lon="0.7143792137503624">
        <ele>33.599998474121094</ele>
        <time>2024-06-29T09:00:35Z</time>
        <extensions>
          <ns3:TrackPointExtension></ns3:TrackPointExtension>
        </extensions>
      </trkpt>
      <trkpt lat="51.843923684209585" lon="0.7155780773609877">
        <ele>34.20000076293945</ele>
        <time>2024-06-29T09:00:50Z</time>
        <extensions>
          <ns3:TrackPointExtension></ns3:TrackPointExtension>
        </extensions>
      </trkpt>
      <trkpt lat="51.843940783292055" lon="0.7157271914184093">
        <ele>33.599998474121094</ele>
        <time>2024-06-29T09:00:55Z</time>
        <extensions>
          <ns3:TrackPointExtension></ns3:TrackPointExtension>
        </extensions>
      </trkpt>
      <trkpt lat="51.84308398514986" lon="0.7165807206183672">
        <ele>33.0</ele>
        <time>2024-06-29T09:01:14Z</time>
        <extensions>
          <ns3:TrackPointExtension></ns3:TrackPointExtension>
        </extensions>
      </trkpt>
      <trkpt lat="51.842215871438384" lon="0.7173511013388634">
        <ele>31.600000381469727</ele>
        <time>2024-06-29T09:01:29Z</time>
        <extensions>
          <ns3:TrackPointExtension></ns3:TrackPointExtension>
        </extensions>
      </trkpt>
      <trkpt lat="51.840250147506595" lon="0.7189113087952137">
        <ele>33.599998474121094</ele>
        <time>2024-06-29T09:02:02Z</time>
        <extensions>
          <ns3:TrackPointExtension></ns3:TrackPointExtension>
        </extensions>
      </trkpt>
      <trkpt lat="51.83898934163153" lon="0.7203633897006512">
        <ele>24.0</ele>
        <time>2024-06-29T09:02:21Z</time>
        <extensions>
          <ns3:TrackPointExtension></ns3:TrackPointExtension>
        </extensions>
      </trkpt>
      <trkpt lat="51.83854166418314" lon="0.7209512125700712">
        <ele>22.0</ele>
        <time>2024-06-29T09:02:27Z</time>
        <extensions>
          <ns3:TrackPointExtension></ns3:TrackPointExtension>
        </extensions>
      </trkpt>
      <trkpt lat="51.837431816384196" lon="0.7222513295710087">
        <ele>28.600000381469727</ele>
        <time>2024-06-29T09:02:45Z</time>
        <extensions>
          <ns3:TrackPointExtension></ns3:TrackPointExtension>
        </extensions>
      </trkpt>
      <trkpt lat="51.83715932071209" lon="0.722633209079504">
        <ele>29.600000381469727</ele>
        <time>2024-06-29T09:02:51Z</time>
        <extensions>
          <ns3:TrackPointExtension></ns3:TrackPointExtension>
        </extensions>
      </trkpt>
      <trkpt lat="51.83647879399359" lon="0.7238516863435507">
        <ele>34.0</ele>
        <time>2024-06-29T09:03:11Z</time>
        <extensions>
          <ns3:TrackPointExtension></ns3:TrackPointExtension>
        </extensions>
      </trkpt>
      <trkpt lat="51.8361450266093" lon="0.7242938317358494">
        <ele>35.400001525878906</ele>
        <time>2024-06-29T09:03:19Z</time>
        <extensions>
          <ns3:TrackPointExtension></ns3:TrackPointExtension>
        </extensions>
      </trkpt>
      <trkpt lat="51.83579131029546" lon="0.7246817462146282">
        <ele>35.400001525878906</ele>
        <time>2024-06-29T09:03:27Z</time>
        <extensions>
          <ns3:TrackPointExtension></ns3:TrackPointExtension>
        </extensions>
      </trkpt>
      <trkpt lat="51.83476117439568" lon="0.7254015002399683">
        <ele>37.400001525878906</ele>
        <time>2024-06-29T09:03:49Z</time>
        <extensions>
          <ns3:TrackPointExtension></ns3:TrackPointExtension>
        </extensions>
      </trkpt>
      <trkpt lat="51.8346097972244" lon="0.7257383689284325">
        <ele>37.400001525878906</ele>
        <time>2024-06-29T09:03:54Z</time>
        <extensions>
          <ns3:TrackPointExtension></ns3:TrackPointExtension>
        </extensions>
      </trkpt>
      <trkpt lat="51.83458222076297" lon="0.7267255894839764">
        <ele>36.599998474121094</ele>
        <time>2024-06-29T09:04:03Z</time>
        <extensions>
          <ns3:TrackPointExtension></ns3:TrackPointExtension>
        </extensions>
      </trkpt>
      <trkpt lat="51.83437703177333" lon="0.7277912646532059">
        <ele>33.79999923706055</ele>
        <time>2024-06-29T09:04:11Z</time>
        <extensions>
          <ns3:TrackPointExtension></ns3:TrackPointExtension>
        </extensions>
      </trkpt>
      <trkpt lat="51.83427217416465" lon="0.7285475637763739">
        <ele>35.0</ele>
        <time>2024-06-29T09:04:17Z</time>
        <extensions>
          <ns3:TrackPointExtension></ns3:TrackPointExtension>
        </extensions>
      </trkpt>
      <trkpt lat="51.834141751751304" lon="0.729210153222084">
        <ele>37.400001525878906</ele>
        <time>2024-06-29T09:04:23Z</time>
        <extensions>
          <ns3:TrackPointExtension></ns3:TrackPointExtension>
        </extensions>
      </trkpt>
      <trkpt lat="51.83411861769855" lon="0.7294870913028717">
        <ele>38.0</ele>
        <time>2024-06-29T09:04:26Z</time>
        <extensions>
          <ns3:TrackPointExtension></ns3:TrackPointExtension>
        </extensions>
      </trkpt>
      <trkpt lat="51.83423629961908" lon="0.7299521192908287">
        <ele>38.0</ele>
        <time>2024-06-29T09:04:32Z</time>
        <extensions>
          <ns3:TrackPointExtension></ns3:TrackPointExtension>
        </extensions>
      </trkpt>
      <trkpt lat="51.83492973446846" lon="0.7313635479658842">
        <ele>34.0</ele>
        <time>2024-06-29T09:04:50Z</time>
        <extensions>
          <ns3:TrackPointExtension></ns3:TrackPointExtension>
        </extensions>
      </trkpt>
      <trkpt lat="51.8352628313005" lon="0.732566099613905">
        <ele>38.400001525878906</ele>
        <time>2024-06-29T09:05:02Z</time>
        <extensions>
          <ns3:TrackPointExtension></ns3:TrackPointExtension>
        </extensions>
      </trkpt>
      <trkpt lat="51.83560749515891" lon="0.73411725461483">
        <ele>39.599998474121094</ele>
        <time>2024-06-29T09:05:17Z</time>
        <extensions>
          <ns3:TrackPointExtension></ns3:TrackPointExtension>
        </extensions>
      </trkpt>
      <trkpt lat="51.83587714098394" lon="0.735027864575386">
        <ele>38.20000076293945</ele>
        <time>2024-06-29T09:05:26Z</time>
        <extensions>
          <ns3:TrackPointExtension></ns3:TrackPointExtension>
        </extensions>
      </trkpt>
      <trkpt lat="51.83592994697392" lon="0.7354108337312937">
        <ele>37.20000076293945</ele>
        <time>2024-06-29T09:05:29Z</time>
        <extensions>
          <ns3:TrackPointExtension></ns3:TrackPointExtension>
        </extensions>
      </trkpt>
      <trkpt lat="51.83605047874153" lon="0.7380638737231493">
        <ele>39.0</ele>
        <time>2024-06-29T09:05:53Z</time>
        <extensions>
          <ns3:TrackPointExtension></ns3:TrackPointExtension>
        </extensions>
      </trkpt>
      <trkpt lat="51.83596917428076" lon="0.7383854873478413">
        <ele>39.0</ele>
        <time>2024-06-29T09:05:56Z</time>
        <extensions>
          <ns3:TrackPointExtension></ns3:TrackPointExtension>
        </extensions>
      </trkpt>
      <trkpt lat="51.83582056313753" lon="0.7386172469705343">
        <ele>39.0</ele>
        <time>2024-06-29T09:05:59Z</time>
        <extensions>
          <ns3:TrackPointExtension></ns3:TrackPointExtension>
        </extensions>
      </trkpt>
      <trkpt lat="51.83530792593956" lon="0.7392048183828592">
        <ele>41.400001525878906</ele>
        <time>2024-06-29T09:06:10Z</time>
        <extensions>
          <ns3:TrackPointExtension></ns3:TrackPointExtension>
        </extensions>
      </trkpt>
      <trkpt lat="51.834828313440084" lon="0.7400758657604456">
        <ele>46.0</ele>
        <time>2024-06-29T09:06:24Z</time>
        <extensions>
          <ns3:TrackPointExtension></ns3:TrackPointExtension>
        </extensions>
      </trkpt>
      <trkpt lat="51.83429296128452" lon="0.7407372817397118">
        <ele>46.79999923706055</ele>
        <time>2024-06-29T09:06:37Z</time>
        <extensions>
          <ns3:TrackPointExtension></ns3:TrackPointExtension>
        </extensions>
      </trkpt>
      <trkpt lat="51.834208220243454" lon="0.7410180754959583">
        <ele>47.400001525878906</ele>
        <time>2024-06-29T09:06:41Z</time>
        <extensions>
          <ns3:TrackPointExtension></ns3:TrackPointExtension>
        </extensions>
      </trkpt>
      <trkpt lat="51.83422205038369" lon="0.7413007970899343">
        <ele>47.79999923706055</ele>
        <time>2024-06-29T09:06:45Z</time>
        <extensions>
          <ns3:TrackPointExtension></ns3:TrackPointExtension>
        </extensions>
      </trkpt>
      <trkpt lat="51.83442832902074" lon="0.7425247225910425">
        <ele>47.599998474121094</ele>
        <time>2024-06-29T09:06:58Z</time>
        <extensions>
          <ns3:TrackPointExtension></ns3:TrackPointExtension>
        </extensions>
      </trkpt>
      <trkpt lat="51.83473720215261" lon="0.7437718659639359">
        <ele>48.20000076293945</ele>
        <time>2024-06-29T09:07:12Z</time>
        <extensions>
          <ns3:TrackPointExtension></ns3:TrackPointExtension>
        </extensions>
      </trkpt>
      <trkpt lat="51.83481641113758" lon="0.7440333813428879">
        <ele>47.79999923706055</ele>
        <time>2024-06-29T09:07:15Z</time>
        <extensions>
          <ns3:TrackPointExtension></ns3:TrackPointExtension>
        </extensions>
      </trkpt>
      <trkpt lat="51.83518035337329" lon="0.7448585797101259">
        <ele>46.20000076293945</ele>
        <time>2024-06-29T09:07:24Z</time>
        <extensions>
          <ns3:TrackPointExtension></ns3:TrackPointExtension>
        </extensions>
      </trkpt>
      <trkpt lat="51.8352937605232" lon="0.7451946940273046">
        <ele>47.400001525878906</ele>
        <time>2024-06-29T09:07:27Z</time>
        <extensions>
          <ns3:TrackPointExtension></ns3:TrackPointExtension>
        </extensions>
      </trkpt>
      <trkpt lat="51.83568997308612" lon="0.7466952223330736">
        <ele>46.79999923706055</ele>
        <time>2024-06-29T09:07:43Z</time>
        <extensions>
          <ns3:TrackPointExtension></ns3:TrackPointExtension>
        </extensions>
      </trkpt>
      <trkpt lat="51.83609565719962" lon="0.7484061364084482">
        <ele>47.79999923706055</ele>
        <time>2024-06-29T09:08:01Z</time>
        <extensions>
          <ns3:TrackPointExtension></ns3:TrackPointExtension>
        </extensions>
      </trkpt>
      <trkpt lat="51.836332781240344" lon="0.7500023022294044">
        <ele>47.79999923706055</ele>
        <time>2024-06-29T09:08:17Z</time>
        <extensions>
          <ns3:TrackPointExtension></ns3:TrackPointExtension>
        </extensions>
      </trkpt>
      <trkpt lat="51.83648466132581" lon="0.7506516482681036">
        <ele>46.0</ele>
        <time>2024-06-29T09:08:23Z</time>
        <extensions>
          <ns3:TrackPointExtension></ns3:TrackPointExtension>
        </extensions>
      </trkpt>
      <trkpt lat="51.83662137016654" lon="0.7510839868336916">
        <ele>46.400001525878906</ele>
        <time>2024-06-29T09:08:28Z</time>
        <extensions>
          <ns3:TrackPointExtension></ns3:TrackPointExtension>
        </extensions>
      </trkpt>
      <trkpt lat="51.83660812675953" lon="0.7513516210019588">
        <ele>47.400001525878906</ele>
        <time>2024-06-29T09:14:01Z</time>
        <extensions>
          <ns3:TrackPointExtension></ns3:TrackPointExtension>
        </extensions>
      </trkpt>
      <trkpt lat="51.83679529465735" lon="0.751327145844698">
        <ele>46.400001525878906</ele>
        <time>2024-06-29T09:14:16Z</time>
        <extensions>
          <ns3:TrackPointExtension></ns3:TrackPointExtension>
        </extensions>
      </trkpt>
      <trkpt lat="51.83697659522295" lon="0.7514437381178141">
        <ele>46.20000076293945</ele>
        <time>2024-06-29T09:14:20Z</time>
        <extensions>
          <ns3:TrackPointExtension></ns3:TrackPointExtension>
        </extensions>
      </trkpt>
      <trkpt lat="51.83713350445032" lon="0.7521808426827192">
        <ele>45.79999923706055</ele>
        <time>2024-06-29T09:14:27Z</time>
        <extensions>
          <ns3:TrackPointExtension></ns3:TrackPointExtension>
        </extensions>
      </trkpt>
      <trkpt lat="51.8371640983969" lon="0.7528251595795155">
        <ele>44.0</ele>
        <time>2024-06-29T09:14:34Z</time>
        <extensions>
          <ns3:TrackPointExtension></ns3:TrackPointExtension>
        </extensions>
      </trkpt>
      <trkpt lat="51.8371017370373" lon="0.7529247365891933">
        <ele>43.79999923706055</ele>
        <time>2024-06-29T09:14:37Z</time>
        <extensions>
          <ns3:TrackPointExtension></ns3:TrackPointExtension>
        </extensions>
      </trkpt>
      <trkpt lat="51.83684013783932" lon="0.7529561687260866">
        <ele>45.400001525878906</ele>
        <time>2024-06-29T09:14:43Z</time>
        <extensions>
          <ns3:TrackPointExtension></ns3:TrackPointExtension>
        </extensions>
      </trkpt>
      <trkpt lat="51.8366286624223" lon="0.7530924584716558">
        <ele>45.599998474121094</ele>
        <time>2024-06-29T09:14:47Z</time>
        <extensions>
          <ns3:TrackPointExtension></ns3:TrackPointExtension>
        </extensions>
      </trkpt>
      <trkpt lat="51.836260445415974" lon="0.7534123957157135">
        <ele>47.0</ele>
        <time>2024-06-29T09:14:55Z</time>
        <extensions>
          <ns3:TrackPointExtension></ns3:TrackPointExtension>
        </extensions>
      </trkpt>
      <trkpt lat="51.836082581430674" lon="0.7535058539360762">
        <ele>47.79999923706055</ele>
        <time>2024-06-29T09:14:59Z</time>
        <extensions>
          <ns3:TrackPointExtension></ns3:TrackPointExtension>
        </extensions>
      </trkpt>
      <trkpt lat="51.835736660286784" lon="0.7535980548709631">
        <ele>49.400001525878906</ele>
        <time>2024-06-29T09:15:07Z</time>
        <extensions>
          <ns3:TrackPointExtension></ns3:TrackPointExtension>
        </extensions>
      </trkpt>
      <trkpt lat="51.83556290343404" lon="0.7537035830318928">
        <ele>50.400001525878906</ele>
        <time>2024-06-29T09:15:12Z</time>
        <extensions>
          <ns3:TrackPointExtension></ns3:TrackPointExtension>
        </extensions>
      </trkpt>
      <trkpt lat="51.835493333637714" lon="0.7540077622979879">
        <ele>50.599998474121094</ele>
        <time>2024-06-29T09:15:17Z</time>
        <extensions>
          <ns3:TrackPointExtension></ns3:TrackPointExtension>
        </extensions>
      </trkpt>
      <trkpt lat="51.8354613147676" lon="0.7553023472428322">
        <ele>49.20000076293945</ele>
        <time>2024-06-29T09:15:31Z</time>
        <extensions>
          <ns3:TrackPointExtension></ns3:TrackPointExtension>
        </extensions>
      </trkpt>
      <trkpt lat="51.83537347242236" lon="0.7566251792013645">
        <ele>51.0</ele>
        <time>2024-06-29T09:15:44Z</time>
        <extensions>
          <ns3:TrackPointExtension></ns3:TrackPointExtension>
        </extensions>
      </trkpt>
      <trkpt lat="51.83526383712888" lon="0.7572259940207005">
        <ele>51.400001525878906</ele>
        <time>2024-06-29T09:15:50Z</time>
        <extensions>
          <ns3:TrackPointExtension></ns3:TrackPointExtension>
        </extensions>
      </trkpt>
      <trkpt lat="51.83514716103673" lon="0.757578369230032">
        <ele>51.599998474121094</ele>
        <time>2024-06-29T09:15:54Z</time>
        <extensions>
          <ns3:TrackPointExtension></ns3:TrackPointExtension>
        </extensions>
      </trkpt>
      <trkpt lat="51.8349863961339" lon="0.7577983103692532">
        <ele>52.79999923706055</ele>
        <time>2024-06-29T09:15:58Z</time>
        <extensions>
          <ns3:TrackPointExtension></ns3:TrackPointExtension>
        </extensions>
      </trkpt>
      <trkpt lat="51.83432523161173" lon="0.7578571513295174">
        <ele>56.0</ele>
        <time>2024-06-29T09:16:08Z</time>
        <extensions>
          <ns3:TrackPointExtension></ns3:TrackPointExtension>
        </extensions>
      </trkpt>
      <trkpt lat="51.834109565243125" lon="0.7580381166189909">
        <ele>55.599998474121094</ele>
        <time>2024-06-29T09:16:12Z</time>
        <extensions>
          <ns3:TrackPointExtension></ns3:TrackPointExtension>
        </extensions>
      </trkpt>
      <trkpt lat="51.8339554220438" lon="0.7582552917301655">
        <ele>54.599998474121094</ele>
        <time>2024-06-29T09:16:15Z</time>
        <extensions>
          <ns3:TrackPointExtension></ns3:TrackPointExtension>
        </extensions>
      </trkpt>
      <trkpt lat="51.833563735708594" lon="0.7589749619364738">
        <ele>55.599998474121094</ele>
        <time>2024-06-29T09:16:24Z</time>
        <extensions>
          <ns3:TrackPointExtension></ns3:TrackPointExtension>
        </extensions>
      </trkpt>
      <trkpt lat="51.83307440020144" lon="0.7600273936986923">
        <ele>52.20000076293945</ele>
        <time>2024-06-29T09:16:40Z</time>
        <extensions>
          <ns3:TrackPointExtension></ns3:TrackPointExtension>
        </extensions>
      </trkpt>
      <trkpt lat="51.832774160429835" lon="0.7613301929086447">
        <ele>50.400001525878906</ele>
        <time>2024-06-29T09:16:55Z</time>
        <extensions>
          <ns3:TrackPointExtension></ns3:TrackPointExtension>
        </extensions>
      </trkpt>
      <trkpt lat="51.832681372761726" lon="0.7616188656538725">
        <ele>50.599998474121094</ele>
        <time>2024-06-29T09:16:58Z</time>
        <extensions>
          <ns3:TrackPointExtension></ns3:TrackPointExtension>
        </extensions>
      </trkpt>
      <trkpt lat="51.83175768703222" lon="0.76328887604177">
        <ele>52.0</ele>
        <time>2024-06-29T09:17:19Z</time>
        <extensions>
          <ns3:TrackPointExtension></ns3:TrackPointExtension>
        </extensions>
      </trkpt>
      <trkpt lat="51.83157328516245" lon="0.7635273411870003">
        <ele>51.599998474121094</ele>
        <time>2024-06-29T09:17:23Z</time>
        <extensions>
          <ns3:TrackPointExtension></ns3:TrackPointExtension>
        </extensions>
      </trkpt>
      <trkpt lat="51.83087356388569" lon="0.7638466916978359">
        <ele>56.0</ele>
        <time>2024-06-29T09:17:35Z</time>
        <extensions>
          <ns3:TrackPointExtension></ns3:TrackPointExtension>
        </extensions>
      </trkpt>
      <trkpt lat="51.830172669142485" lon="0.7643073610961437">
        <ele>56.400001525878906</ele>
        <time>2024-06-29T09:17:50Z</time>
        <extensions>
          <ns3:TrackPointExtension></ns3:TrackPointExtension>
        </extensions>
      </trkpt>
      <trkpt lat="51.83017300441861" lon="0.7645293138921261">
        <ele>55.0</ele>
        <time>2024-06-29T09:17:54Z</time>
        <extensions>
          <ns3:TrackPointExtension></ns3:TrackPointExtension>
        </extensions>
      </trkpt>
      <trkpt lat="51.83042312040925" lon="0.7655420154333115">
        <ele>53.400001525878906</ele>
        <time>2024-06-29T09:18:06Z</time>
        <extensions>
          <ns3:TrackPointExtension></ns3:TrackPointExtension>
        </extensions>
      </trkpt>
      <trkpt lat="51.83059176430106" lon="0.7664486020803452">
        <ele>53.0</ele>
        <time>2024-06-29T09:18:15Z</time>
        <extensions>
          <ns3:TrackPointExtension></ns3:TrackPointExtension>
        </extensions>
      </trkpt>
      <trkpt lat="51.830476094037294" lon="0.7667601574212313">
        <ele>52.400001525878906</ele>
        <time>2024-06-29T09:18:19Z</time>
        <extensions>
          <ns3:TrackPointExtension></ns3:TrackPointExtension>
        </extensions>
      </trkpt>
      <trkpt lat="51.829400695860386" lon="0.7676666602492332">
        <ele>53.599998474121094</ele>
        <time>2024-06-29T09:18:39Z</time>
        <extensions>
          <ns3:TrackPointExtension></ns3:TrackPointExtension>
        </extensions>
      </trkpt>
      <trkpt lat="51.82842504233122" lon="0.7682367134839296">
        <ele>53.400001525878906</ele>
        <time>2024-06-29T09:18:54Z</time>
        <extensions>
          <ns3:TrackPointExtension></ns3:TrackPointExtension>
        </extensions>
      </trkpt>
      <trkpt lat="51.828051544725895" lon="0.7685059402137995">
        <ele>53.599998474121094</ele>
        <time>2024-06-29T09:19:00Z</time>
        <extensions>
          <ns3:TrackPointExtension></ns3:TrackPointExtension>
        </extensions>
      </trkpt>
      <trkpt lat="51.826234767213464" lon="0.7701084762811661">
        <ele>51.79999923706055</ele>
        <time>2024-06-29T09:19:31Z</time>
        <extensions>
          <ns3:TrackPointExtension></ns3:TrackPointExtension>
        </extensions>
      </trkpt>
      <trkpt lat="51.82616419158876" lon="0.7703965622931719">
        <ele>52.20000076293945</ele>
        <time>2024-06-29T09:19:34Z</time>
        <extensions>
          <ns3:TrackPointExtension></ns3:TrackPointExtension>
        </extensions>
      </trkpt>
      <trkpt lat="51.8262586556375" lon="0.7714026421308517">
        <ele>52.0</ele>
        <time>2024-06-29T09:19:43Z</time>
        <extensions>
          <ns3:TrackPointExtension></ns3:TrackPointExtension>
        </extensions>
      </trkpt>
      <trkpt lat="51.82627307251096" lon="0.7720672432333231">
        <ele>54.0</ele>
        <time>2024-06-29T09:19:49Z</time>
        <extensions>
          <ns3:TrackPointExtension></ns3:TrackPointExtension>
        </extensions>
      </trkpt>
      <trkpt lat="51.82625463232398" lon="0.7723668124526739">
        <ele>54.0</ele>
        <time>2024-06-29T09:19:52Z</time>
        <extensions>
          <ns3:TrackPointExtension></ns3:TrackPointExtension>
        </extensions>
      </trkpt>
      <trkpt lat="51.826130747795105" lon="0.7729654479771852">
        <ele>53.400001525878906</ele>
        <time>2024-06-29T09:19:58Z</time>
        <extensions>
          <ns3:TrackPointExtension></ns3:TrackPointExtension>
        </extensions>
      </trkpt>
      <trkpt lat="51.82530605234206" lon="0.774782644584775">
        <ele>48.599998474121094</ele>
        <time>2024-06-29T09:20:17Z</time>
        <extensions>
          <ns3:TrackPointExtension></ns3:TrackPointExtension>
        </extensions>
      </trkpt>
      <trkpt lat="51.82480942457914" lon="0.7753842975944281">
        <ele>49.0</ele>
        <time>2024-06-29T09:20:26Z</time>
        <extensions>
          <ns3:TrackPointExtension></ns3:TrackPointExtension>
        </extensions>
      </trkpt>
      <trkpt lat="51.82465041987598" lon="0.7756298873573542">
        <ele>48.20000076293945</ele>
        <time>2024-06-29T09:20:29Z</time>
        <extensions>
          <ns3:TrackPointExtension></ns3:TrackPointExtension>
        </extensions>
      </trkpt>
      <trkpt lat="51.82419310323894" lon="0.7771232072263956">
        <ele>49.0</ele>
        <time>2024-06-29T09:20:44Z</time>
        <extensions>
          <ns3:TrackPointExtension></ns3:TrackPointExtension>
        </extensions>
      </trkpt>
      <trkpt lat="51.82379345409572" lon="0.7779389340430498">
        <ele>48.599998474121094</ele>
        <time>2024-06-29T09:20:53Z</time>
        <extensions>
          <ns3:TrackPointExtension></ns3:TrackPointExtension>
        </extensions>
      </trkpt>
      <trkpt lat="51.82346764951944" lon="0.7787357177585363">
        <ele>46.400001525878906</ele>
        <time>2024-06-29T09:21:02Z</time>
        <extensions>
          <ns3:TrackPointExtension></ns3:TrackPointExtension>
        </extensions>
      </trkpt>
      <trkpt lat="51.82286976836622" lon="0.7800531014800072">
        <ele>45.0</ele>
        <time>2024-06-29T09:21:17Z</time>
        <extensions>
          <ns3:TrackPointExtension></ns3:TrackPointExtension>
        </extensions>
      </trkpt>
      <trkpt lat="51.82270950637758" lon="0.7804802432656288">
        <ele>46.0</ele>
        <time>2024-06-29T09:21:27Z</time>
        <extensions>
          <ns3:TrackPointExtension></ns3:TrackPointExtension>
        </extensions>
      </trkpt>
      <trkpt lat="51.82250306010246" lon="0.7804515771567822">
        <ele>46.0</ele>
        <time>2024-06-29T09:21:32Z</time>
        <extensions>
          <ns3:TrackPointExtension></ns3:TrackPointExtension>
        </extensions>
      </trkpt>
      <trkpt lat="51.82225369848311" lon="0.7803334761410952">
        <ele>46.0</ele>
        <time>2024-06-29T09:21:36Z</time>
        <extensions>
          <ns3:TrackPointExtension></ns3:TrackPointExtension>
        </extensions>
      </trkpt>
      <trkpt lat="51.821670988574624" lon="0.7799228467047215">
        <ele>44.400001525878906</ele>
        <time>2024-06-29T09:21:46Z</time>
        <extensions>
          <ns3:TrackPointExtension></ns3:TrackPointExtension>
        </extensions>
      </trkpt>
      <trkpt lat="51.82127879932523" lon="0.7794858142733574">
        <ele>41.599998474121094</ele>
        <time>2024-06-29T09:21:52Z</time>
        <extensions>
          <ns3:TrackPointExtension></ns3:TrackPointExtension>
        </extensions>
      </trkpt>
      <trkpt lat="51.82076599448919" lon="0.7788125798106194">
        <ele>40.400001525878906</ele>
        <time>2024-06-29T09:22:00Z</time>
        <extensions>
          <ns3:TrackPointExtension></ns3:TrackPointExtension>
        </extensions>
      </trkpt>
      <trkpt lat="51.8191821500659" lon="0.7772119715809822">
        <ele>32.400001525878906</ele>
        <time>2024-06-29T09:22:20Z</time>
        <extensions>
          <ns3:TrackPointExtension></ns3:TrackPointExtension>
        </extensions>
      </trkpt>
      <trkpt lat="51.81858016178012" lon="0.7765129208564758">
        <ele>30.399999618530273</ele>
        <time>2024-06-29T09:22:29Z</time>
        <extensions>
          <ns3:TrackPointExtension></ns3:TrackPointExtension>
        </extensions>
      </trkpt>
      <trkpt lat="51.8176297377795" lon="0.7755641732364893">
        <ele>29.200000762939453</ele>
        <time>2024-06-29T09:22:44Z</time>
        <extensions>
          <ns3:TrackPointExtension></ns3:TrackPointExtension>
        </extensions>
      </trkpt>
      <trkpt lat="51.81723997928202" lon="0.775279775261879">
        <ele>30.600000381469727</ele>
        <time>2024-06-29T09:22:50Z</time>
        <extensions>
          <ns3:TrackPointExtension></ns3:TrackPointExtension>
        </extensions>
      </trkpt>
      <trkpt lat="51.81622023694217" lon="0.7748820539563894">
        <ele>35.599998474121094</ele>
        <time>2024-06-29T09:23:08Z</time>
        <extensions>
          <ns3:TrackPointExtension></ns3:TrackPointExtension>
        </extensions>
      </trkpt>
      <trkpt lat="51.815813379362226" lon="0.7745854184031487">
        <ele>38.79999923706055</ele>
        <time>2024-06-29T09:23:18Z</time>
        <extensions>
          <ns3:TrackPointExtension></ns3:TrackPointExtension>
        </extensions>
      </trkpt>
      <trkpt lat="51.81564657948911" lon="0.7744118291884661">
        <ele>40.0</ele>
        <time>2024-06-29T09:23:22Z</time>
        <extensions>
          <ns3:TrackPointExtension></ns3:TrackPointExtension>
        </extensions>
      </trkpt>
      <trkpt lat="51.815223628655076" lon="0.7737522572278976">
        <ele>39.79999923706055</ele>
        <time>2024-06-29T09:23:34Z</time>
        <extensions>
          <ns3:TrackPointExtension></ns3:TrackPointExtension>
        </extensions>
      </trkpt>
      <trkpt lat="51.81465910747647" lon="0.7723074685782194">
        <ele>42.0</ele>
        <time>2024-06-29T09:23:53Z</time>
        <extensions>
          <ns3:TrackPointExtension></ns3:TrackPointExtension>
        </extensions>
      </trkpt>
      <trkpt lat="51.81426415219903" lon="0.7716647442430258">
        <ele>41.599998474121094</ele>
        <time>2024-06-29T09:24:02Z</time>
        <extensions>
          <ns3:TrackPointExtension></ns3:TrackPointExtension>
        </extensions>
      </trkpt>
      <trkpt lat="51.81385033763945" lon="0.7708321698009968">
        <ele>41.400001525878906</ele>
        <time>2024-06-29T09:24:12Z</time>
        <extensions>
          <ns3:TrackPointExtension></ns3:TrackPointExtension>
        </extensions>
      </trkpt>
      <trkpt lat="51.81353744119406" lon="0.77007788233459">
        <ele>43.599998474121094</ele>
        <time>2024-06-29T09:24:21Z</time>
        <extensions>
          <ns3:TrackPointExtension></ns3:TrackPointExtension>
        </extensions>
      </trkpt>
      <trkpt lat="51.81320057250559" lon="0.769128380343318">
        <ele>44.20000076293945</ele>
        <time>2024-06-29T09:24:33Z</time>
        <extensions>
          <ns3:TrackPointExtension></ns3:TrackPointExtension>
        </extensions>
      </trkpt>
      <trkpt lat="51.812786255031824" lon="0.7670554518699646">
        <ele>46.20000076293945</ele>
        <time>2024-06-29T09:24:56Z</time>
        <extensions>
          <ns3:TrackPointExtension></ns3:TrackPointExtension>
        </extensions>
      </trkpt>
      <trkpt lat="51.81225190870464" lon="0.7655609585344791">
        <ele>47.0</ele>
        <time>2024-06-29T09:25:18Z</time>
        <extensions>
          <ns3:TrackPointExtension></ns3:TrackPointExtension>
        </extensions>
      </trkpt>
      <trkpt lat="51.811613626778126" lon="0.7634755410254002">
        <ele>48.0</ele>
        <time>2024-06-29T09:25:43Z</time>
        <extensions>
          <ns3:TrackPointExtension></ns3:TrackPointExtension>
        </extensions>
      </trkpt>
      <trkpt lat="51.81129528209567" lon="0.7625547889620066">
        <ele>48.0</ele>
        <time>2024-06-29T09:25:54Z</time>
        <extensions>
          <ns3:TrackPointExtension></ns3:TrackPointExtension>
        </extensions>
      </trkpt>
      <trkpt lat="51.81113745085895" lon="0.7616473641246557">
        <ele>49.0</ele>
        <time>2024-06-29T09:26:03Z</time>
        <extensions>
          <ns3:TrackPointExtension></ns3:TrackPointExtension>
        </extensions>
      </trkpt>
      <trkpt lat="51.81097484193742" lon="0.7604399509727955">
        <ele>51.599998474121094</ele>
        <time>2024-06-29T09:26:15Z</time>
        <extensions>
          <ns3:TrackPointExtension></ns3:TrackPointExtension>
        </extensions>
      </trkpt>
      <trkpt lat="51.81087023578584" lon="0.7594114914536476">
        <ele>52.20000076293945</ele>
        <time>2024-06-29T09:26:26Z</time>
        <extensions>
          <ns3:TrackPointExtension></ns3:TrackPointExtension>
        </extensions>
      </trkpt>
      <trkpt lat="51.81078155525029" lon="0.7590737845748663">
        <ele>52.0</ele>
        <time>2024-06-29T09:26:30Z</time>
        <extensions>
          <ns3:TrackPointExtension></ns3:TrackPointExtension>
        </extensions>
      </trkpt>
      <trkpt lat="51.81015584617853" lon="0.7577843125909567">
        <ele>52.400001525878906</ele>
        <time>2024-06-29T09:26:48Z</time>
        <extensions>
          <ns3:TrackPointExtension></ns3:TrackPointExtension>
        </extensions>
      </trkpt>
      <trkpt lat="51.80986273102462" lon="0.7572994194924831">
        <ele>53.79999923706055</ele>
        <time>2024-06-29T09:26:55Z</time>
        <extensions>
          <ns3:TrackPointExtension></ns3:TrackPointExtension>
        </extensions>
      </trkpt>
      <trkpt lat="51.80829305201769" lon="0.7543857861310244">
        <ele>52.0</ele>
        <time>2024-06-29T09:27:34Z</time>
        <extensions>
          <ns3:TrackPointExtension></ns3:TrackPointExtension>
        </extensions>
      </trkpt>
      <trkpt lat="51.80806623771787" lon="0.7538954447954893">
        <ele>52.0</ele>
        <time>2024-06-29T09:27:42Z</time>
        <extensions>
          <ns3:TrackPointExtension></ns3:TrackPointExtension>
        </extensions>
      </trkpt>
      <trkpt lat="51.80792550556362" lon="0.7537022419273853">
        <ele>52.0</ele>
        <time>2024-06-29T09:27:48Z</time>
        <extensions>
          <ns3:TrackPointExtension></ns3:TrackPointExtension>
        </extensions>
      </trkpt>
      <trkpt lat="51.80778603069484" lon="0.7538476679474115">
        <ele>51.20000076293945</ele>
        <time>2024-06-29T09:27:52Z</time>
        <extensions>
          <ns3:TrackPointExtension></ns3:TrackPointExtension>
        </extensions>
      </trkpt>
      <trkpt lat="51.80729493498802" lon="0.7545459643006325">
        <ele>51.79999923706055</ele>
        <time>2024-06-29T09:28:04Z</time>
        <extensions>
          <ns3:TrackPointExtension></ns3:TrackPointExtension>
        </extensions>
      </trkpt>
      <trkpt lat="51.80667316541076" lon="0.755951190367341">
        <ele>47.599998474121094</ele>
        <time>2024-06-29T09:28:20Z</time>
        <extensions>
          <ns3:TrackPointExtension></ns3:TrackPointExtension>
        </extensions>
      </trkpt>
      <trkpt lat="51.80655783042312" lon="0.75626484118402">
        <ele>46.400001525878906</ele>
        <time>2024-06-29T09:28:24Z</time>
        <extensions>
          <ns3:TrackPointExtension></ns3:TrackPointExtension>
        </extensions>
      </trkpt>
      <trkpt lat="51.80646671913564" lon="0.7566848583519459">
        <ele>45.0</ele>
        <time>2024-06-29T09:28:29Z</time>
        <extensions>
          <ns3:TrackPointExtension></ns3:TrackPointExtension>
        </extensions>
      </trkpt>
      <trkpt lat="51.8059922195971" lon="0.7572989165782928">
        <ele>42.0</ele>
        <time>2024-06-29T09:28:36Z</time>
        <extensions>
          <ns3:TrackPointExtension></ns3:TrackPointExtension>
        </extensions>
      </trkpt>
      <trkpt lat="51.80541814304888" lon="0.7583791762590408">
        <ele>40.79999923706055</ele>
        <time>2024-06-29T09:28:46Z</time>
        <extensions>
          <ns3:TrackPointExtension></ns3:TrackPointExtension>
        </extensions>
      </trkpt>
      <trkpt lat="51.80520448833704" lon="0.7585018035024405">
        <ele>40.599998474121094</ele>
        <time>2024-06-29T09:28:49Z</time>
        <extensions>
          <ns3:TrackPointExtension></ns3:TrackPointExtension>
        </extensions>
      </trkpt>
      <trkpt lat="51.80493584834039" lon="0.7585842814296484">
        <ele>39.400001525878906</ele>
        <time>2024-06-29T09:28:52Z</time>
        <extensions>
          <ns3:TrackPointExtension></ns3:TrackPointExtension>
        </extensions>
      </trkpt>
      <trkpt lat="51.80402440018952" lon="0.758760804310441">
        <ele>36.20000076293945</ele>
        <time>2024-06-29T09:29:03Z</time>
        <extensions>
          <ns3:TrackPointExtension></ns3:TrackPointExtension>
        </extensions>
      </trkpt>
      <trkpt lat="51.80314681492746" lon="0.7591596152633429">
        <ele>36.0</ele>
        <time>2024-06-29T09:29:15Z</time>
        <extensions>
          <ns3:TrackPointExtension></ns3:TrackPointExtension>
        </extensions>
      </trkpt>
      <trkpt lat="51.802283227443695" lon="0.7593879383057356">
        <ele>37.0</ele>
        <time>2024-06-29T09:29:27Z</time>
        <extensions>
          <ns3:TrackPointExtension></ns3:TrackPointExtension>
        </extensions>
      </trkpt>
      <trkpt lat="51.80179322138429" lon="0.7596412394195795">
        <ele>39.599998474121094</ele>
        <time>2024-06-29T09:29:34Z</time>
        <extensions>
          <ns3:TrackPointExtension></ns3:TrackPointExtension>
        </extensions>
      </trkpt>
      <trkpt lat="51.80159758776426" lon="0.7595327775925398">
        <ele>40.0</ele>
        <time>2024-06-29T09:29:38Z</time>
        <extensions>
          <ns3:TrackPointExtension></ns3:TrackPointExtension>
        </extensions>
      </trkpt>
      <trkpt lat="51.8014851026237" lon="0.7593306060880423">
        <ele>39.400001525878906</ele>
        <time>2024-06-29T09:29:41Z</time>
        <extensions>
          <ns3:TrackPointExtension></ns3:TrackPointExtension>
        </extensions>
      </trkpt>
      <trkpt lat="51.80135065689683" lon="0.7588784024119377">
        <ele>38.0</ele>
        <time>2024-06-29T09:29:46Z</time>
        <extensions>
          <ns3:TrackPointExtension></ns3:TrackPointExtension>
        </extensions>
      </trkpt>
      <trkpt lat="51.801182767376304" lon="0.7579366955906153">
        <ele>38.0</ele>
        <time>2024-06-29T09:29:55Z</time>
        <extensions>
          <ns3:TrackPointExtension></ns3:TrackPointExtension>
        </extensions>
      </trkpt>
      <trkpt lat="51.801110012456775" lon="0.7569657359272242">
        <ele>36.20000076293945</ele>
        <time>2024-06-29T09:30:04Z</time>
        <extensions>
          <ns3:TrackPointExtension></ns3:TrackPointExtension>
        </extensions>
      </trkpt>
      <trkpt lat="51.80103549733758" lon="0.756573798134923">
        <ele>36.599998474121094</ele>
        <time>2024-06-29T09:30:08Z</time>
        <extensions>
          <ns3:TrackPointExtension></ns3:TrackPointExtension>
        </extensions>
      </trkpt>
      <trkpt lat="51.80094455368817" lon="0.7563209999352694">
        <ele>37.599998474121094</ele>
        <time>2024-06-29T09:30:11Z</time>
        <extensions>
          <ns3:TrackPointExtension></ns3:TrackPointExtension>
        </extensions>
      </trkpt>
      <trkpt lat="51.800828045234084" lon="0.7561112847179174">
        <ele>38.400001525878906</ele>
        <time>2024-06-29T09:30:14Z</time>
        <extensions>
          <ns3:TrackPointExtension></ns3:TrackPointExtension>
        </extensions>
      </trkpt>
      <trkpt lat="51.800338039174676" lon="0.7554913591593504">
        <ele>40.20000076293945</ele>
        <time>2024-06-29T09:30:26Z</time>
        <extensions>
          <ns3:TrackPointExtension></ns3:TrackPointExtension>
        </extensions>
      </trkpt>
      <trkpt lat="51.799908047541976" lon="0.754640931263566">
        <ele>41.599998474121094</ele>
        <time>2024-06-29T09:30:40Z</time>
        <extensions>
          <ns3:TrackPointExtension></ns3:TrackPointExtension>
        </extensions>
      </trkpt>
      <trkpt lat="51.7996237333864" lon="0.7544389273971319">
        <ele>42.599998474121094</ele>
        <time>2024-06-29T09:30:46Z</time>
        <extensions>
          <ns3:TrackPointExtension></ns3:TrackPointExtension>
        </extensions>
      </trkpt>
      <trkpt lat="51.798934154212475" lon="0.7543106842786074">
        <ele>45.20000076293945</ele>
        <time>2024-06-29T09:30:58Z</time>
        <extensions>
          <ns3:TrackPointExtension></ns3:TrackPointExtension>
        </extensions>
      </trkpt>
      <trkpt lat="51.79845739156008" lon="0.7543054036796093">
        <ele>46.79999923706055</ele>
        <time>2024-06-29T09:31:06Z</time>
        <extensions>
          <ns3:TrackPointExtension></ns3:TrackPointExtension>
        </extensions>
      </trkpt>
      <trkpt lat="51.79779890924692" lon="0.754369106143713">
        <ele>48.0</ele>
        <time>2024-06-29T09:31:18Z</time>
        <extensions>
          <ns3:TrackPointExtension></ns3:TrackPointExtension>
        </extensions>
      </trkpt>
      <trkpt lat="51.795039335265756" lon="0.7554950471967459">
        <ele>47.599998474121094</ele>
        <time>2024-06-29T09:32:08Z</time>
        <extensions>
          <ns3:TrackPointExtension></ns3:TrackPointExtension>
        </extensions>
      </trkpt>
      <trkpt lat="51.79272291250527" lon="0.7562888134270906">
        <ele>51.400001525878906</ele>
        <time>2024-06-29T09:32:48Z</time>
        <extensions>
          <ns3:TrackPointExtension></ns3:TrackPointExtension>
        </extensions>
      </trkpt>
      <trkpt lat="51.79244547151029" lon="0.7563480734825134">
        <ele>52.0</ele>
        <time>2024-06-29T09:32:53Z</time>
        <extensions>
          <ns3:TrackPointExtension></ns3:TrackPointExtension>
        </extensions>
      </trkpt>
      <trkpt lat="51.792286885902286" lon="0.7561400346457958">
        <ele>52.0</ele>
        <time>2024-06-29T09:32:57Z</time>
        <extensions>
          <ns3:TrackPointExtension></ns3:TrackPointExtension>
        </extensions>
      </trkpt>
      <trkpt lat="51.792063089087605" lon="0.7554084621369839">
        <ele>52.0</ele>
        <time>2024-06-29T09:33:05Z</time>
        <extensions>
          <ns3:TrackPointExtension></ns3:TrackPointExtension>
        </extensions>
      </trkpt>
      <trkpt lat="51.79144232533872" lon="0.7540826126933098">
        <ele>52.0</ele>
        <time>2024-06-29T09:33:21Z</time>
        <extensions>
          <ns3:TrackPointExtension></ns3:TrackPointExtension>
        </extensions>
      </trkpt>
      <trkpt lat="51.79127166979015" lon="0.7538138050585985">
        <ele>51.20000076293945</ele>
        <time>2024-06-29T09:33:25Z</time>
        <extensions>
          <ns3:TrackPointExtension></ns3:TrackPointExtension>
        </extensions>
      </trkpt>
      <trkpt lat="51.79095910862088" lon="0.7534507010132074">
        <ele>51.79999923706055</ele>
        <time>2024-06-29T09:33:31Z</time>
        <extensions>
          <ns3:TrackPointExtension></ns3:TrackPointExtension>
        </extensions>
      </trkpt>
      <trkpt lat="51.79056214168668" lon="0.7532749325037003">
        <ele>52.20000076293945</ele>
        <time>2024-06-29T09:33:37Z</time>
        <extensions>
          <ns3:TrackPointExtension></ns3:TrackPointExtension>
        </extensions>
      </trkpt>
      <trkpt lat="51.79027548059821" lon="0.7532627787441015">
        <ele>51.79999923706055</ele>
        <time>2024-06-29T09:33:41Z</time>
        <extensions>
          <ns3:TrackPointExtension></ns3:TrackPointExtension>
        </extensions>
      </trkpt>
      <trkpt lat="51.78947023116052" lon="0.7535139843821526">
        <ele>50.400001525878906</ele>
        <time>2024-06-29T09:33:53Z</time>
        <extensions>
          <ns3:TrackPointExtension></ns3:TrackPointExtension>
        </extensions>
      </trkpt>
      <trkpt lat="51.78924836218357" lon="0.7535231206566095">
        <ele>50.0</ele>
        <time>2024-06-29T09:33:56Z</time>
        <extensions>
          <ns3:TrackPointExtension></ns3:TrackPointExtension>
        </extensions>
      </trkpt>
      <trkpt lat="51.78880864754319" lon="0.7533290795981884">
        <ele>47.79999923706055</ele>
        <time>2024-06-29T09:34:02Z</time>
        <extensions>
          <ns3:TrackPointExtension></ns3:TrackPointExtension>
        </extensions>
      </trkpt>
      <trkpt lat="51.7883953358978" lon="0.75299640186131">
        <ele>45.0</ele>
        <time>2024-06-29T09:34:08Z</time>
        <extensions>
          <ns3:TrackPointExtension></ns3:TrackPointExtension>
        </extensions>
      </trkpt>
      <trkpt lat="51.78818302229047" lon="0.7528743613511324">
        <ele>45.0</ele>
        <time>2024-06-29T09:34:11Z</time>
        <extensions>
          <ns3:TrackPointExtension></ns3:TrackPointExtension>
        </extensions>
      </trkpt>
      <trkpt lat="51.78787590935826" lon="0.752771096304059">
        <ele>46.20000076293945</ele>
        <time>2024-06-29T09:34:15Z</time>
        <extensions>
          <ns3:TrackPointExtension></ns3:TrackPointExtension>
        </extensions>
      </trkpt>
      <trkpt lat="51.78763501346111" lon="0.7527935598045588">
        <ele>45.400001525878906</ele>
        <time>2024-06-29T09:34:18Z</time>
        <extensions>
          <ns3:TrackPointExtension></ns3:TrackPointExtension>
        </extensions>
      </trkpt>
      <trkpt lat="51.787396715953946" lon="0.7529031112790108">
        <ele>43.400001525878906</ele>
        <time>2024-06-29T09:34:21Z</time>
        <extensions>
          <ns3:TrackPointExtension></ns3:TrackPointExtension>
        </extensions>
      </trkpt>
      <trkpt lat="51.78715271875262" lon="0.7530860882252455">
        <ele>41.599998474121094</ele>
        <time>2024-06-29T09:34:24Z</time>
        <extensions>
          <ns3:TrackPointExtension></ns3:TrackPointExtension>
        </extensions>
      </trkpt>
      <trkpt lat="51.785788061097264" lon="0.7543910667300224">
        <ele>34.0</ele>
        <time>2024-06-29T09:34:40Z</time>
        <extensions>
          <ns3:TrackPointExtension></ns3:TrackPointExtension>
        </extensions>
      </trkpt>
      <trkpt lat="51.78563576191664" lon="0.7545698527246714">
        <ele>33.20000076293945</ele>
        <time>2024-06-29T09:34:42Z</time>
        <extensions>
          <ns3:TrackPointExtension></ns3:TrackPointExtension>
        </extensions>
      </trkpt>
      <trkpt lat="51.78525907918811" lon="0.7551703322678804">
        <ele>33.0</ele>
        <time>2024-06-29T09:34:48Z</time>
        <extensions>
          <ns3:TrackPointExtension></ns3:TrackPointExtension>
        </extensions>
      </trkpt>
      <trkpt lat="51.78504307754338" lon="0.7554292492568493">
        <ele>32.79999923706055</ele>
        <time>2024-06-29T09:34:51Z</time>
        <extensions>
          <ns3:TrackPointExtension></ns3:TrackPointExtension>
        </extensions>
      </trkpt>
      <trkpt lat="51.78441854193807" lon="0.7560309860855341">
        <ele>30.600000381469727</ele>
        <time>2024-06-29T09:35:00Z</time>
        <extensions>
          <ns3:TrackPointExtension></ns3:TrackPointExtension>
        </extensions>
      </trkpt>
      <trkpt lat="51.78378755226731" lon="0.7570524886250496">
        <ele>27.799999237060547</ele>
        <time>2024-06-29T09:35:12Z</time>
        <extensions>
          <ns3:TrackPointExtension></ns3:TrackPointExtension>
        </extensions>
      </trkpt>
      <trkpt lat="51.78252674639225" lon="0.7587545178830624">
        <ele>25.0</ele>
        <time>2024-06-29T09:35:33Z</time>
        <extensions>
          <ns3:TrackPointExtension></ns3:TrackPointExtension>
        </extensions>
      </trkpt>
      <trkpt lat="51.78197362460196" lon="0.7592762913554907">
        <ele>25.799999237060547</ele>
        <time>2024-06-29T09:35:42Z</time>
        <extensions>
          <ns3:TrackPointExtension></ns3:TrackPointExtension>
        </extensions>
      </trkpt>
      <trkpt lat="51.781574143096805" lon="0.7595226354897022">
        <ele>24.399999618530273</ele>
        <time>2024-06-29T09:35:48Z</time>
        <extensions>
          <ns3:TrackPointExtension></ns3:TrackPointExtension>
        </extensions>
      </trkpt>
      <trkpt lat="51.781280022114515" lon="0.7595385611057281">
        <ele>23.399999618530273</ele>
        <time>2024-06-29T09:35:52Z</time>
        <extensions>
          <ns3:TrackPointExtension></ns3:TrackPointExtension>
        </extensions>
      </trkpt>
      <trkpt lat="51.78112110123038" lon="0.75933538377285">
        <ele>23.0</ele>
        <time>2024-06-29T09:35:55Z</time>
        <extensions>
          <ns3:TrackPointExtension></ns3:TrackPointExtension>
        </extensions>
      </trkpt>
      <trkpt lat="51.78075791336596" lon="0.7586726266890764">
        <ele>21.0</ele>
        <time>2024-06-29T09:36:03Z</time>
        <extensions>
          <ns3:TrackPointExtension></ns3:TrackPointExtension>
        </extensions>
      </trkpt>
      <trkpt lat="51.780595472082496" lon="0.7584732212126255">
        <ele>20.799999237060547</ele>
        <time>2024-06-29T09:36:06Z</time>
        <extensions>
          <ns3:TrackPointExtension></ns3:TrackPointExtension>
        </extensions>
      </trkpt>
      <trkpt lat="51.78041190840304" lon="0.7583226822316647">
        <ele>21.200000762939453</ele>
        <time>2024-06-29T09:36:09Z</time>
        <extensions>
          <ns3:TrackPointExtension></ns3:TrackPointExtension>
        </extensions>
      </trkpt>
      <trkpt lat="51.78015290759504" lon="0.7582119572907686">
        <ele>21.0</ele>
        <time>2024-06-29T09:36:13Z</time>
        <extensions>
          <ns3:TrackPointExtension></ns3:TrackPointExtension>
        </extensions>
      </trkpt>
      <trkpt lat="51.779949311167" lon="0.758238360285759">
        <ele>21.0</ele>
        <time>2024-06-29T09:36:16Z</time>
        <extensions>
          <ns3:TrackPointExtension></ns3:TrackPointExtension>
        </extensions>
      </trkpt>
      <trkpt lat="51.779678324237466" lon="0.758373811841011">
        <ele>21.0</ele>
        <time>2024-06-29T09:36:20Z</time>
        <extensions>
          <ns3:TrackPointExtension></ns3:TrackPointExtension>
        </extensions>
      </trkpt>
      <trkpt lat="51.77894172258675" lon="0.7589337229728699">
        <ele>22.799999237060547</ele>
        <time>2024-06-29T09:36:32Z</time>
        <extensions>
          <ns3:TrackPointExtension></ns3:TrackPointExtension>
        </extensions>
      </trkpt>
      <trkpt lat="51.77875019609928" lon="0.7590186316519976">
        <ele>21.399999618530273</ele>
        <time>2024-06-29T09:36:35Z</time>
        <extensions>
          <ns3:TrackPointExtension></ns3:TrackPointExtension>
        </extensions>
      </trkpt>
      <trkpt lat="51.778145022690296" lon="0.7591426838189363">
        <ele>20.600000381469727</ele>
        <time>2024-06-29T09:36:44Z</time>
        <extensions>
          <ns3:TrackPointExtension></ns3:TrackPointExtension>
        </extensions>
      </trkpt>
      <trkpt lat="51.7775559425354" lon="0.7590934820473194">
        <ele>20.399999618530273</ele>
        <time>2024-06-29T09:36:53Z</time>
        <extensions>
          <ns3:TrackPointExtension></ns3:TrackPointExtension>
        </extensions>
      </trkpt>
      <trkpt lat="51.77714874967933" lon="0.7589577790349722">
        <ele>19.0</ele>
        <time>2024-06-29T09:36:59Z</time>
        <extensions>
          <ns3:TrackPointExtension></ns3:TrackPointExtension>
        </extensions>
      </trkpt>
      <trkpt lat="51.77630846388638" lon="0.7588033005595207">
        <ele>16.399999618530273</ele>
        <time>2024-06-29T09:37:11Z</time>
        <extensions>
          <ns3:TrackPointExtension></ns3:TrackPointExtension>
        </extensions>
      </trkpt>
      <trkpt lat="51.77603613585234" lon="0.7586753088980913">
        <ele>16.0</ele>
        <time>2024-06-29T09:37:15Z</time>
        <extensions>
          <ns3:TrackPointExtension></ns3:TrackPointExtension>
        </extensions>
      </trkpt>
      <trkpt lat="51.775874281302094" lon="0.7584679406136274">
        <ele>16.799999237060547</ele>
        <time>2024-06-29T09:37:18Z</time>
        <extensions>
          <ns3:TrackPointExtension></ns3:TrackPointExtension>
        </extensions>
      </trkpt>
      <trkpt lat="51.77554277703166" lon="0.7578217796981335">
        <ele>15.399999618530273</ele>
        <time>2024-06-29T09:37:25Z</time>
        <extensions>
          <ns3:TrackPointExtension></ns3:TrackPointExtension>
        </extensions>
      </trkpt>
      <trkpt lat="51.77520163357258" lon="0.7573397364467382">
        <ele>14.600000381469727</ele>
        <time>2024-06-29T09:37:31Z</time>
        <extensions>
          <ns3:TrackPointExtension></ns3:TrackPointExtension>
        </extensions>
      </trkpt>
      <trkpt lat="51.77507179789245" lon="0.7570939790457487">
        <ele>15.0</ele>
        <time>2024-06-29T09:37:34Z</time>
        <extensions>
          <ns3:TrackPointExtension></ns3:TrackPointExtension>
        </extensions>
      </trkpt>
      <trkpt lat="51.77476887591183" lon="0.756303146481514">
        <ele>16.600000381469727</ele>
        <time>2024-06-29T09:37:43Z</time>
        <extensions>
          <ns3:TrackPointExtension></ns3:TrackPointExtension>
        </extensions>
      </trkpt>
      <trkpt lat="51.774623449891806" lon="0.756009528413415">
        <ele>16.600000381469727</ele>
        <time>2024-06-29T09:37:47Z</time>
        <extensions>
          <ns3:TrackPointExtension></ns3:TrackPointExtension>
        </extensions>
      </trkpt>
      <trkpt lat="51.7744822986424" lon="0.7558177504688501">
        <ele>17.200000762939453</ele>
        <time>2024-06-29T09:37:50Z</time>
        <extensions>
          <ns3:TrackPointExtension></ns3:TrackPointExtension>
        </extensions>
      </trkpt>
      <trkpt lat="51.774311140179634" lon="0.7557009067386389">
        <ele>17.799999237060547</ele>
        <time>2024-06-29T09:37:53Z</time>
        <extensions>
          <ns3:TrackPointExtension></ns3:TrackPointExtension>
        </extensions>
      </trkpt>
      <trkpt lat="51.77387595176697" lon="0.7555511221289635">
        <ele>18.399999618530273</ele>
        <time>2024-06-29T09:38:00Z</time>
        <extensions>
          <ns3:TrackPointExtension></ns3:TrackPointExtension>
        </extensions>
      </trkpt>
      <trkpt lat="51.77366263233125" lon="0.7554326858371496">
        <ele>19.0</ele>
        <time>2024-06-29T09:38:04Z</time>
        <extensions>
          <ns3:TrackPointExtension></ns3:TrackPointExtension>
        </extensions>
      </trkpt>
      <trkpt lat="51.77329718135297" lon="0.7551302667707205">
        <ele>19.0</ele>
        <time>2024-06-29T09:38:11Z</time>
        <extensions>
          <ns3:TrackPointExtension></ns3:TrackPointExtension>
        </extensions>
      </trkpt>
      <trkpt lat="51.772901052609086" lon="0.7549503073096275">
        <ele>19.0</ele>
        <time>2024-06-29T09:38:18Z</time>
        <extensions>
          <ns3:TrackPointExtension></ns3:TrackPointExtension>
        </extensions>
      </trkpt>
      <trkpt lat="51.77244650200009" lon="0.7549062184989452">
        <ele>19.0</ele>
        <time>2024-06-29T09:38:26Z</time>
        <extensions>
          <ns3:TrackPointExtension></ns3:TrackPointExtension>
        </extensions>
      </trkpt>
      <trkpt lat="51.771798161789775" lon="0.7549920491874218">
        <ele>20.799999237060547</ele>
        <time>2024-06-29T09:38:37Z</time>
        <extensions>
          <ns3:TrackPointExtension></ns3:TrackPointExtension>
        </extensions>
      </trkpt>
      <trkpt lat="51.771404296159744" lon="0.7549344655126333">
        <ele>21.399999618530273</ele>
        <time>2024-06-29T09:38:44Z</time>
        <extensions>
          <ns3:TrackPointExtension></ns3:TrackPointExtension>
        </extensions>
      </trkpt>
      <trkpt lat="51.77074086852372" lon="0.7546080742031336">
        <ele>24.600000381469727</ele>
        <time>2024-06-29T09:38:56Z</time>
        <extensions>
          <ns3:TrackPointExtension></ns3:TrackPointExtension>
        </extensions>
      </trkpt>
      <trkpt lat="51.77027097903192" lon="0.7545255124568939">
        <ele>24.799999237060547</ele>
        <time>2024-06-29T09:39:05Z</time>
        <extensions>
          <ns3:TrackPointExtension></ns3:TrackPointExtension>
        </extensions>
      </trkpt>
      <trkpt lat="51.77009345032275" lon="0.7544044777750969">
        <ele>23.600000381469727</ele>
        <time>2024-06-29T09:39:12Z</time>
        <extensions>
          <ns3:TrackPointExtension></ns3:TrackPointExtension>
        </extensions>
      </trkpt>
      <trkpt lat="51.76971836015582" lon="0.7540229335427284">
        <ele>23.600000381469727</ele>
        <time>2024-06-29T09:39:21Z</time>
        <extensions>
          <ns3:TrackPointExtension></ns3:TrackPointExtension>
        </extensions>
      </trkpt>
      <trkpt lat="51.769441338256" lon="0.7538687065243721">
        <ele>25.600000381469727</ele>
        <time>2024-06-29T09:39:26Z</time>
        <extensions>
          <ns3:TrackPointExtension></ns3:TrackPointExtension>
        </extensions>
      </trkpt>
      <trkpt lat="51.76922374404967" lon="0.753783043473959">
        <ele>27.0</ele>
        <time>2024-06-29T09:39:30Z</time>
        <extensions>
          <ns3:TrackPointExtension></ns3:TrackPointExtension>
        </extensions>
      </trkpt>
      <trkpt lat="51.76881638355553" lon="0.7537848874926567">
        <ele>28.600000381469727</ele>
        <time>2024-06-29T09:39:38Z</time>
        <extensions>
          <ns3:TrackPointExtension></ns3:TrackPointExtension>
        </extensions>
      </trkpt>
      <trkpt lat="51.76863022148609" lon="0.7537409663200378">
        <ele>28.799999237060547</ele>
        <time>2024-06-29T09:39:42Z</time>
        <extensions>
          <ns3:TrackPointExtension></ns3:TrackPointExtension>
        </extensions>
      </trkpt>
      <trkpt lat="51.76841606386006" lon="0.7536082807928324">
        <ele>27.799999237060547</ele>
        <time>2024-06-29T09:40:01Z</time>
        <extensions>
          <ns3:TrackPointExtension></ns3:TrackPointExtension>
        </extensions>
      </trkpt>
      <trkpt lat="51.76826619543135" lon="0.7531997468322515">
        <ele>27.0</ele>
        <time>2024-06-29T09:40:08Z</time>
        <extensions>
          <ns3:TrackPointExtension></ns3:TrackPointExtension>
        </extensions>
      </trkpt>
      <trkpt lat="51.76768139004707" lon="0.7519243564456701">
        <ele>29.0</ele>
        <time>2024-06-29T09:40:24Z</time>
        <extensions>
          <ns3:TrackPointExtension></ns3:TrackPointExtension>
        </extensions>
      </trkpt>
      <trkpt lat="51.76729263737798" lon="0.7504830881953239">
        <ele>26.0</ele>
        <time>2024-06-29T09:40:39Z</time>
        <extensions>
          <ns3:TrackPointExtension></ns3:TrackPointExtension>
        </extensions>
      </trkpt>
      <trkpt lat="51.76699901930988" lon="0.749597204849124">
        <ele>27.399999618530273</ele>
        <time>2024-06-29T09:40:48Z</time>
        <extensions>
          <ns3:TrackPointExtension></ns3:TrackPointExtension>
        </extensions>
      </trkpt>
      <trkpt lat="51.76670632325113" lon="0.747862821444869">
        <ele>25.0</ele>
        <time>2024-06-29T09:41:05Z</time>
        <extensions>
          <ns3:TrackPointExtension></ns3:TrackPointExtension>
        </extensions>
      </trkpt>
      <trkpt lat="51.7664316482842" lon="0.7465012650936842">
        <ele>22.200000762939453</ele>
        <time>2024-06-29T09:41:17Z</time>
        <extensions>
          <ns3:TrackPointExtension></ns3:TrackPointExtension>
        </extensions>
      </trkpt>
      <trkpt lat="51.76633601076901" lon="0.7461993489414454">
        <ele>22.0</ele>
        <time>2024-06-29T09:41:20Z</time>
        <extensions>
          <ns3:TrackPointExtension></ns3:TrackPointExtension>
        </extensions>
      </trkpt>
      <trkpt lat="51.76560561172664" lon="0.7445126585662365">
        <ele>19.0</ele>
        <time>2024-06-29T09:41:38Z</time>
        <extensions>
          <ns3:TrackPointExtension></ns3:TrackPointExtension>
        </extensions>
      </trkpt>
      <trkpt lat="51.765191880986094" lon="0.7433439698070288">
        <ele>20.200000762939453</ele>
        <time>2024-06-29T09:41:50Z</time>
        <extensions>
          <ns3:TrackPointExtension></ns3:TrackPointExtension>
        </extensions>
      </trkpt>
      <trkpt lat="51.764527363702655" lon="0.7416160404682159">
        <ele>21.0</ele>
        <time>2024-06-29T09:42:08Z</time>
        <extensions>
          <ns3:TrackPointExtension></ns3:TrackPointExtension>
        </extensions>
      </trkpt>
      <trkpt lat="51.76423139870167" lon="0.7407401315867901">
        <ele>21.399999618530273</ele>
        <time>2024-06-29T09:42:17Z</time>
        <extensions>
          <ns3:TrackPointExtension></ns3:TrackPointExtension>
        </extensions>
      </trkpt>
      <trkpt lat="51.764013888314366" lon="0.7398612052202225">
        <ele>22.0</ele>
        <time>2024-06-29T09:42:26Z</time>
        <extensions>
          <ns3:TrackPointExtension></ns3:TrackPointExtension>
        </extensions>
      </trkpt>
      <trkpt lat="51.763877430930734" lon="0.7386428955942392">
        <ele>21.399999618530273</ele>
        <time>2024-06-29T09:42:38Z</time>
        <extensions>
          <ns3:TrackPointExtension></ns3:TrackPointExtension>
        </extensions>
      </trkpt>
      <trkpt lat="51.76379512064159" lon="0.737156867980957">
        <ele>23.600000381469727</ele>
        <time>2024-06-29T09:42:57Z</time>
        <extensions>
          <ns3:TrackPointExtension></ns3:TrackPointExtension>
        </extensions>
      </trkpt>
      <trkpt lat="51.764479000121355" lon="0.7367409579455853">
        <ele>21.200000762939453</ele>
        <time>2024-06-29T09:43:11Z</time>
        <extensions>
          <ns3:TrackPointExtension></ns3:TrackPointExtension>
        </extensions>
      </trkpt>
      <trkpt lat="51.76495743915439" lon="0.7366337534040213">
        <ele>23.200000762939453</ele>
        <time>2024-06-29T09:43:19Z</time>
        <extensions>
          <ns3:TrackPointExtension></ns3:TrackPointExtension>
        </extensions>
      </trkpt>
      <trkpt lat="51.766072399914265" lon="0.736199738457799">
        <ele>24.0</ele>
        <time>2024-06-29T09:43:37Z</time>
        <extensions>
          <ns3:TrackPointExtension></ns3:TrackPointExtension>
        </extensions>
      </trkpt>
      <trkpt lat="51.76684336736798" lon="0.736037464812398">
        <ele>25.0</ele>
        <time>2024-06-29T09:43:50Z</time>
        <extensions>
          <ns3:TrackPointExtension></ns3:TrackPointExtension>
        </extensions>
      </trkpt>
      <trkpt lat="51.76699507981539" lon="0.7358235586434603">
        <ele>25.0</ele>
        <time>2024-06-29T09:43:54Z</time>
        <extensions>
          <ns3:TrackPointExtension></ns3:TrackPointExtension>
        </extensions>
      </trkpt>
      <trkpt lat="51.767163472250104" lon="0.735305305570364">
        <ele>25.0</ele>
        <time>2024-06-29T09:44:01Z</time>
        <extensions>
          <ns3:TrackPointExtension></ns3:TrackPointExtension>
        </extensions>
      </trkpt>
      <trkpt lat="51.767509896308184" lon="0.7344630919396877">
        <ele>23.0</ele>
        <time>2024-06-29T09:44:11Z</time>
        <extensions>
          <ns3:TrackPointExtension></ns3:TrackPointExtension>
        </extensions>
      </trkpt>
      <trkpt lat="51.76766596734524" lon="0.7338651269674301">
        <ele>21.600000381469727</ele>
        <time>2024-06-29T09:44:17Z</time>
        <extensions>
          <ns3:TrackPointExtension></ns3:TrackPointExtension>
        </extensions>
      </trkpt>
      <trkpt lat="51.76796520128846" lon="0.7322740741074085">
        <ele>18.600000381469727</ele>
        <time>2024-06-29T09:44:32Z</time>
        <extensions>
          <ns3:TrackPointExtension></ns3:TrackPointExtension>
        </extensions>
      </trkpt>
      <trkpt lat="51.768093360587955" lon="0.7312224805355072">
        <ele>17.600000381469727</ele>
        <time>2024-06-29T09:44:41Z</time>
        <extensions>
          <ns3:TrackPointExtension></ns3:TrackPointExtension>
        </extensions>
      </trkpt>
      <trkpt lat="51.76819536834955" lon="0.7308683451265097">
        <ele>17.399999618530273</ele>
        <time>2024-06-29T09:44:44Z</time>
        <extensions>
          <ns3:TrackPointExtension></ns3:TrackPointExtension>
        </extensions>
      </trkpt>
      <trkpt lat="51.76834037527442" lon="0.7305044028908014">
        <ele>16.200000762939453</ele>
        <time>2024-06-29T09:44:47Z</time>
        <extensions>
          <ns3:TrackPointExtension></ns3:TrackPointExtension>
        </extensions>
      </trkpt>
      <trkpt lat="51.7685245256871" lon="0.7303132116794586">
        <ele>15.199999809265137</ele>
        <time>2024-06-29T09:44:50Z</time>
        <extensions>
          <ns3:TrackPointExtension></ns3:TrackPointExtension>
        </extensions>
      </trkpt>
      <trkpt lat="51.768897185102105" lon="0.7301770057529211">
        <ele>14.800000190734863</ele>
        <time>2024-06-29T09:44:56Z</time>
        <extensions>
          <ns3:TrackPointExtension></ns3:TrackPointExtension>
        </extensions>
      </trkpt>
      <trkpt lat="51.769019309431314" lon="0.7299347687512636">
        <ele>14.600000381469727</ele>
        <time>2024-06-29T09:44:59Z</time>
        <extensions>
          <ns3:TrackPointExtension></ns3:TrackPointExtension>
        </extensions>
      </trkpt>
      <trkpt lat="51.76909156143665" lon="0.7296047732234001">
        <ele>14.399999618530273</ele>
        <time>2024-06-29T09:45:02Z</time>
        <extensions>
          <ns3:TrackPointExtension></ns3:TrackPointExtension>
        </extensions>
      </trkpt>
      <trkpt lat="51.7693033721298" lon="0.7281683664768934">
        <ele>17.200000762939453</ele>
        <time>2024-06-29T09:45:16Z</time>
        <extensions>
          <ns3:TrackPointExtension></ns3:TrackPointExtension>
        </extensions>
      </trkpt>
      <trkpt lat="51.76929675042629" lon="0.7273564953356981">
        <ele>17.399999618530273</ele>
        <time>2024-06-29T09:45:24Z</time>
        <extensions>
          <ns3:TrackPointExtension></ns3:TrackPointExtension>
        </extensions>
      </trkpt>
      <trkpt lat="51.769222151488066" lon="0.7267565187066793">
        <ele>17.0</ele>
        <time>2024-06-29T09:45:30Z</time>
        <extensions>
          <ns3:TrackPointExtension></ns3:TrackPointExtension>
        </extensions>
      </trkpt>
      <trkpt lat="51.76907731220126" lon="0.7261733058840036">
        <ele>15.399999618530273</ele>
        <time>2024-06-29T09:45:36Z</time>
        <extensions>
          <ns3:TrackPointExtension></ns3:TrackPointExtension>
        </extensions>
      </trkpt>
      <trkpt lat="51.76880406215787" lon="0.7253509573638439">
        <ele>16.399999618530273</ele>
        <time>2024-06-29T09:45:45Z</time>
        <extensions>
          <ns3:TrackPointExtension></ns3:TrackPointExtension>
        </extensions>
      </trkpt>
      <trkpt lat="51.76873625256121" lon="0.7250665593892336">
        <ele>16.200000762939453</ele>
        <time>2024-06-29T09:45:48Z</time>
        <extensions>
          <ns3:TrackPointExtension></ns3:TrackPointExtension>
        </extensions>
      </trkpt>
      <trkpt lat="51.768656289204955" lon="0.7244553510099649">
        <ele>16.0</ele>
        <time>2024-06-29T09:45:54Z</time>
        <extensions>
          <ns3:TrackPointExtension></ns3:TrackPointExtension>
        </extensions>
      </trkpt>
      <trkpt lat="51.76853424869478" lon="0.7225261721760035">
        <ele>16.0</ele>
        <time>2024-06-29T09:46:13Z</time>
        <extensions>
          <ns3:TrackPointExtension></ns3:TrackPointExtension>
        </extensions>
      </trkpt>
      <trkpt lat="51.76862661726773" lon="0.7222745474427938">
        <ele>16.0</ele>
        <time>2024-06-29T09:46:17Z</time>
        <extensions>
          <ns3:TrackPointExtension></ns3:TrackPointExtension>
        </extensions>
      </trkpt>
      <trkpt lat="51.76870406605303" lon="0.7221618108451366">
        <ele>16.399999618530273</ele>
        <time>2024-06-29T09:46:19Z</time>
        <extensions>
          <ns3:TrackPointExtension></ns3:TrackPointExtension>
        </extensions>
      </trkpt>
      <trkpt lat="51.7687626555562" lon="0.721832737326622">
        <ele>17.399999618530273</ele>
        <time>2024-06-29T09:46:23Z</time>
        <extensions>
          <ns3:TrackPointExtension></ns3:TrackPointExtension>
        </extensions>
      </trkpt>
      <trkpt lat="51.76865913905203" lon="0.7209882605820894">
        <ele>19.600000381469727</ele>
        <time>2024-06-29T09:46:32Z</time>
        <extensions>
          <ns3:TrackPointExtension></ns3:TrackPointExtension>
        </extensions>
      </trkpt>
      <trkpt lat="51.76854413934052" lon="0.7196132093667984">
        <ele>19.399999618530273</ele>
        <time>2024-06-29T09:46:47Z</time>
        <extensions>
          <ns3:TrackPointExtension></ns3:TrackPointExtension>
        </extensions>
      </trkpt>
      <trkpt lat="51.76844749599695" lon="0.7189286593347788">
        <ele>18.799999237060547</ele>
        <time>2024-06-29T09:46:54Z</time>
        <extensions>
          <ns3:TrackPointExtension></ns3:TrackPointExtension>
        </extensions>
      </trkpt>
      <trkpt lat="51.76839066669345" lon="0.7179128564894199">
        <ele>19.799999237060547</ele>
        <time>2024-06-29T09:47:04Z</time>
        <extensions>
          <ns3:TrackPointExtension></ns3:TrackPointExtension>
        </extensions>
      </trkpt>
      <trkpt lat="51.768451519310474" lon="0.7173045817762613">
        <ele>20.0</ele>
        <time>2024-06-29T09:47:10Z</time>
        <extensions>
          <ns3:TrackPointExtension></ns3:TrackPointExtension>
        </extensions>
      </trkpt>
      <trkpt lat="51.76863164640963" lon="0.7164246495813131">
        <ele>19.0</ele>
        <time>2024-06-29T09:47:19Z</time>
        <extensions>
          <ns3:TrackPointExtension></ns3:TrackPointExtension>
        </extensions>
      </trkpt>
      <trkpt lat="51.76918468438089" lon="0.7150645181536674">
        <ele>19.799999237060547</ele>
        <time>2024-06-29T09:47:35Z</time>
        <extensions>
          <ns3:TrackPointExtension></ns3:TrackPointExtension>
        </extensions>
      </trkpt>
      <trkpt lat="51.769390627741814" lon="0.7144248113036156">
        <ele>20.399999618530273</ele>
        <time>2024-06-29T09:47:43Z</time>
        <extensions>
          <ns3:TrackPointExtension></ns3:TrackPointExtension>
        </extensions>
      </trkpt>
      <trkpt lat="51.769517697393894" lon="0.7137894630432129">
        <ele>20.0</ele>
        <time>2024-06-29T09:47:51Z</time>
        <extensions>
          <ns3:TrackPointExtension></ns3:TrackPointExtension>
        </extensions>
      </trkpt>
      <trkpt lat="51.76958148367703" lon="0.7131681963801384">
        <ele>19.200000762939453</ele>
        <time>2024-06-29T09:47:58Z</time>
        <extensions>
          <ns3:TrackPointExtension></ns3:TrackPointExtension>
        </extensions>
      </trkpt>
      <trkpt lat="51.769570000469685" lon="0.7127166632562876">
        <ele>19.200000762939453</ele>
        <time>2024-06-29T09:48:02Z</time>
        <extensions>
          <ns3:TrackPointExtension></ns3:TrackPointExtension>
        </extensions>
      </trkpt>
      <trkpt lat="51.76923740655184" lon="0.711455438286066">
        <ele>21.0</ele>
        <time>2024-06-29T09:48:15Z</time>
        <extensions>
          <ns3:TrackPointExtension></ns3:TrackPointExtension>
        </extensions>
      </trkpt>
      <trkpt lat="51.76913573406637" lon="0.710601070895791">
        <ele>23.200000762939453</ele>
        <time>2024-06-29T09:48:23Z</time>
        <extensions>
          <ns3:TrackPointExtension></ns3:TrackPointExtension>
        </extensions>
      </trkpt>
      <trkpt lat="51.76903313957155" lon="0.7103341910988092">
        <ele>22.600000381469727</ele>
        <time>2024-06-29T09:48:26Z</time>
        <extensions>
          <ns3:TrackPointExtension></ns3:TrackPointExtension>
        </extensions>
      </trkpt>
      <trkpt lat="51.768691996112466" lon="0.7099622022360563">
        <ele>21.399999618530273</ele>
        <time>2024-06-29T09:48:32Z</time>
        <extensions>
          <ns3:TrackPointExtension></ns3:TrackPointExtension>
        </extensions>
      </trkpt>
      <trkpt lat="51.76794173195958" lon="0.7093547657132149">
        <ele>18.799999237060547</ele>
        <time>2024-06-29T09:48:44Z</time>
        <extensions>
          <ns3:TrackPointExtension></ns3:TrackPointExtension>
        </extensions>
      </trkpt>
      <trkpt lat="51.76744041033089" lon="0.7090088445693254">
        <ele>19.799999237060547</ele>
        <time>2024-06-29T09:48:52Z</time>
        <extensions>
          <ns3:TrackPointExtension></ns3:TrackPointExtension>
        </extensions>
      </trkpt>
      <trkpt lat="51.76712960936129" lon="0.7085348479449749">
        <ele>20.0</ele>
        <time>2024-06-29T09:48:59Z</time>
        <extensions>
          <ns3:TrackPointExtension></ns3:TrackPointExtension>
        </extensions>
      </trkpt>
      <trkpt lat="51.76501921378076" lon="0.7060878351330757">
        <ele>19.600000381469727</ele>
        <time>2024-06-29T09:49:38Z</time>
        <extensions>
          <ns3:TrackPointExtension></ns3:TrackPointExtension>
        </extensions>
      </trkpt>
      <trkpt lat="51.764280097559094" lon="0.7055772095918655">
        <ele>18.0</ele>
        <time>2024-06-29T09:49:50Z</time>
        <extensions>
          <ns3:TrackPointExtension></ns3:TrackPointExtension>
        </extensions>
      </trkpt>
      <trkpt lat="51.764167193323374" lon="0.7053173705935478">
        <ele>17.799999237060547</ele>
        <time>2024-06-29T09:49:53Z</time>
        <extensions>
          <ns3:TrackPointExtension></ns3:TrackPointExtension>
        </extensions>
      </trkpt>
      <trkpt lat="51.764170629903674" lon="0.704996595159173">
        <ele>18.0</ele>
        <time>2024-06-29T09:49:56Z</time>
        <extensions>
          <ns3:TrackPointExtension></ns3:TrackPointExtension>
        </extensions>
      </trkpt>
      <trkpt lat="51.76451034843922" lon="0.7036327756941319">
        <ele>20.0</ele>
        <time>2024-06-29T09:50:10Z</time>
        <extensions>
          <ns3:TrackPointExtension></ns3:TrackPointExtension>
        </extensions>
      </trkpt>
      <trkpt lat="51.76521996036172" lon="0.7012337073683739">
        <ele>19.0</ele>
        <time>2024-06-29T09:50:38Z</time>
        <extensions>
          <ns3:TrackPointExtension></ns3:TrackPointExtension>
        </extensions>
      </trkpt>
      <trkpt lat="51.7654300108552" lon="0.7006500754505396">
        <ele>20.0</ele>
        <time>2024-06-29T09:50:45Z</time>
        <extensions>
          <ns3:TrackPointExtension></ns3:TrackPointExtension>
        </extensions>
      </trkpt>
      <trkpt lat="51.765879448503256" lon="0.6995328515768051">
        <ele>22.0</ele>
        <time>2024-06-29T09:50:59Z</time>
        <extensions>
          <ns3:TrackPointExtension></ns3:TrackPointExtension>
        </extensions>
      </trkpt>
      <trkpt lat="51.76676784642041" lon="0.6979186646640301">
        <ele>28.399999618530273</ele>
        <time>2024-06-29T09:51:22Z</time>
        <extensions>
          <ns3:TrackPointExtension></ns3:TrackPointExtension>
        </extensions>
      </trkpt>
      <trkpt lat="51.76701586693525" lon="0.6974025070667267">
        <ele>30.600000381469727</ele>
        <time>2024-06-29T09:51:32Z</time>
        <extensions>
          <ns3:TrackPointExtension></ns3:TrackPointExtension>
        </extensions>
      </trkpt>
      <trkpt lat="51.76716330461204" lon="0.6973511260002851">
        <ele>31.200000762939453</ele>
        <time>2024-06-29T10:08:04Z</time>
        <extensions>
          <ns3:TrackPointExtension></ns3:TrackPointExtension>
        </extensions>
      </trkpt>
      <trkpt lat="51.76733613945544" lon="0.6974057760089636">
        <ele>31.600000381469727</ele>
        <time>2024-06-29T10:09:37Z</time>
        <extensions>
          <ns3:TrackPointExtension></ns3:TrackPointExtension>
        </extensions>
      </trkpt>
      <trkpt lat="51.76806435920298" lon="0.6979845464229584">
        <ele>29.0</ele>
        <time>2024-06-29T10:09:55Z</time>
        <extensions>
          <ns3:TrackPointExtension></ns3:TrackPointExtension>
        </extensions>
      </trkpt>
      <trkpt lat="51.76825295202434" lon="0.6979759968817234">
        <ele>29.399999618530273</ele>
        <time>2024-06-29T10:09:59Z</time>
        <extensions>
          <ns3:TrackPointExtension></ns3:TrackPointExtension>
        </extensions>
      </trkpt>
      <trkpt lat="51.76891269162297" lon="0.6973393075168133">
        <ele>32.599998474121094</ele>
        <time>2024-06-29T10:10:16Z</time>
        <extensions>
          <ns3:TrackPointExtension></ns3:TrackPointExtension>
        </extensions>
      </trkpt>
      <trkpt lat="51.76953110843897" lon="0.6973336916416883">
        <ele>33.79999923706055</ele>
        <time>2024-06-29T10:10:30Z</time>
        <extensions>
          <ns3:TrackPointExtension></ns3:TrackPointExtension>
        </extensions>
      </trkpt>
      <trkpt lat="51.770045924931765" lon="0.6972605176270008">
        <ele>35.0</ele>
        <time>2024-06-29T10:10:40Z</time>
        <extensions>
          <ns3:TrackPointExtension></ns3:TrackPointExtension>
        </extensions>
      </trkpt>
      <trkpt lat="51.77021389827132" lon="0.696925325319171">
        <ele>35.599998474121094</ele>
        <time>2024-06-29T10:10:45Z</time>
        <extensions>
          <ns3:TrackPointExtension></ns3:TrackPointExtension>
        </extensions>
      </trkpt>
      <trkpt lat="51.77058362402022" lon="0.6950654648244381">
        <ele>39.599998474121094</ele>
        <time>2024-06-29T10:11:11Z</time>
        <extensions>
          <ns3:TrackPointExtension></ns3:TrackPointExtension>
        </extensions>
      </trkpt>
      <trkpt lat="51.77067222073674" lon="0.694743013009429">
        <ele>40.0</ele>
        <time>2024-06-29T10:11:16Z</time>
        <extensions>
          <ns3:TrackPointExtension></ns3:TrackPointExtension>
        </extensions>
      </trkpt>
      <trkpt lat="51.7711095046252" lon="0.6936499290168285">
        <ele>43.79999923706055</ele>
        <time>2024-06-29T10:11:34Z</time>
        <extensions>
          <ns3:TrackPointExtension></ns3:TrackPointExtension>
        </extensions>
      </trkpt>
      <trkpt lat="51.77149314433336" lon="0.6921565253287554">
        <ele>44.20000076293945</ele>
        <time>2024-06-29T10:11:56Z</time>
        <extensions>
          <ns3:TrackPointExtension></ns3:TrackPointExtension>
        </extensions>
      </trkpt>
      <trkpt lat="51.7716259136796" lon="0.691932812333107">
        <ele>44.599998474121094</ele>
        <time>2024-06-29T10:12:01Z</time>
        <extensions>
          <ns3:TrackPointExtension></ns3:TrackPointExtension>
        </extensions>
      </trkpt>
      <trkpt lat="51.77217995747924" lon="0.6917037349194288">
        <ele>46.599998474121094</ele>
        <time>2024-06-29T10:12:13Z</time>
        <extensions>
          <ns3:TrackPointExtension></ns3:TrackPointExtension>
        </extensions>
      </trkpt>
      <trkpt lat="51.77249872125685" lon="0.6914664432406425">
        <ele>47.0</ele>
        <time>2024-06-29T10:12:19Z</time>
        <extensions>
          <ns3:TrackPointExtension></ns3:TrackPointExtension>
        </extensions>
      </trkpt>
      <trkpt lat="51.77316424436867" lon="0.6906700786203146">
        <ele>49.20000076293945</ele>
        <time>2024-06-29T10:12:37Z</time>
        <extensions>
          <ns3:TrackPointExtension></ns3:TrackPointExtension>
        </extensions>
      </trkpt>
      <trkpt lat="51.77404451183975" lon="0.6887318473309278">
        <ele>53.20000076293945</ele>
        <time>2024-06-29T10:14:00Z</time>
        <extensions>
          <ns3:TrackPointExtension></ns3:TrackPointExtension>
        </extensions>
      </trkpt>
      <trkpt lat="51.774374758824706" lon="0.68822231143713">
        <ele>55.0</ele>
        <time>2024-06-29T10:14:08Z</time>
        <extensions>
          <ns3:TrackPointExtension></ns3:TrackPointExtension>
        </extensions>
      </trkpt>
      <trkpt lat="51.774732330814004" lon="0.6875148788094521">
        <ele>55.79999923706055</ele>
        <time>2024-06-29T10:14:18Z</time>
        <extensions>
          <ns3:TrackPointExtension></ns3:TrackPointExtension>
        </extensions>
      </trkpt>
      <trkpt lat="51.7749812733382" lon="0.6869176682084799">
        <ele>56.0</ele>
        <time>2024-06-29T10:14:26Z</time>
        <extensions>
          <ns3:TrackPointExtension></ns3:TrackPointExtension>
        </extensions>
      </trkpt>
      <trkpt lat="51.77537765353918" lon="0.685616796836257">
        <ele>55.20000076293945</ele>
        <time>2024-06-29T10:14:42Z</time>
        <extensions>
          <ns3:TrackPointExtension></ns3:TrackPointExtension>
        </extensions>
      </trkpt>
      <trkpt lat="51.77600638009608" lon="0.6842095591127872">
        <ele>55.0</ele>
        <time>2024-06-29T10:14:57Z</time>
        <extensions>
          <ns3:TrackPointExtension></ns3:TrackPointExtension>
        </extensions>
      </trkpt>
      <trkpt lat="51.77630108781159" lon="0.6833251845091581">
        <ele>54.400001525878906</ele>
        <time>2024-06-29T10:15:05Z</time>
        <extensions>
          <ns3:TrackPointExtension></ns3:TrackPointExtension>
        </extensions>
      </trkpt>
      <trkpt lat="51.776335118338466" lon="0.6829807721078396">
        <ele>54.400001525878906</ele>
        <time>2024-06-29T10:15:08Z</time>
        <extensions>
          <ns3:TrackPointExtension></ns3:TrackPointExtension>
        </extensions>
      </trkpt>
      <trkpt lat="51.776327239349484" lon="0.6827377807348967">
        <ele>55.599998474121094</ele>
        <time>2024-06-29T10:15:10Z</time>
        <extensions>
          <ns3:TrackPointExtension></ns3:TrackPointExtension>
        </extensions>
      </trkpt>
      <trkpt lat="51.77625616081059" lon="0.6820518895983696">
        <ele>60.79999923706055</ele>
        <time>2024-06-29T10:15:17Z</time>
        <extensions>
          <ns3:TrackPointExtension></ns3:TrackPointExtension>
        </extensions>
      </trkpt>
      <trkpt lat="51.77624828182161" lon="0.6817047111690044">
        <ele>62.0</ele>
        <time>2024-06-29T10:15:21Z</time>
        <extensions>
          <ns3:TrackPointExtension></ns3:TrackPointExtension>
        </extensions>
      </trkpt>
      <trkpt lat="51.77642522379756" lon="0.6801344454288483">
        <ele>66.5999984741211</ele>
        <time>2024-06-29T10:15:43Z</time>
        <extensions>
          <ns3:TrackPointExtension></ns3:TrackPointExtension>
        </extensions>
      </trkpt>
      <trkpt lat="51.77748452872038" lon="0.6775208003818989">
        <ele>70.4000015258789</ele>
        <time>2024-06-29T10:16:26Z</time>
        <extensions>
          <ns3:TrackPointExtension></ns3:TrackPointExtension>
        </extensions>
      </trkpt>
      <trkpt lat="51.77768007852137" lon="0.6768230907619">
        <ele>71.80000305175781</ele>
        <time>2024-06-29T10:16:34Z</time>
        <extensions>
          <ns3:TrackPointExtension></ns3:TrackPointExtension>
        </extensions>
      </trkpt>
      <trkpt lat="51.77774889394641" lon="0.6761056836694479">
        <ele>70.19999694824219</ele>
        <time>2024-06-29T10:16:42Z</time>
        <extensions>
          <ns3:TrackPointExtension></ns3:TrackPointExtension>
        </extensions>
      </trkpt>
      <trkpt lat="51.77775886841118" lon="0.6750914733856916">
        <ele>71.19999694824219</ele>
        <time>2024-06-29T10:16:54Z</time>
        <extensions>
          <ns3:TrackPointExtension></ns3:TrackPointExtension>
        </extensions>
      </trkpt>
      <trkpt lat="51.77771268412471" lon="0.6748179718852043">
        <ele>71.80000305175781</ele>
        <time>2024-06-29T10:17:01Z</time>
        <extensions>
          <ns3:TrackPointExtension></ns3:TrackPointExtension>
        </extensions>
      </trkpt>
      <trkpt lat="51.777785858139396" lon="0.6744303088635206">
        <ele>72.5999984741211</ele>
        <time>2024-06-29T10:17:08Z</time>
        <extensions>
          <ns3:TrackPointExtension></ns3:TrackPointExtension>
        </extensions>
      </trkpt>
      <trkpt lat="51.77813504822552" lon="0.6696979701519012">
        <ele>73.0</ele>
        <time>2024-06-29T10:17:54Z</time>
        <extensions>
          <ns3:TrackPointExtension></ns3:TrackPointExtension>
        </extensions>
      </trkpt>
      <trkpt lat="51.77829765714705" lon="0.6679851282387972">
        <ele>73.5999984741211</ele>
        <time>2024-06-29T10:18:11Z</time>
        <extensions>
          <ns3:TrackPointExtension></ns3:TrackPointExtension>
        </extensions>
      </trkpt>
      <trkpt lat="51.778269996866584" lon="0.6676863133907318">
        <ele>73.4000015258789</ele>
        <time>2024-06-29T10:18:14Z</time>
        <extensions>
          <ns3:TrackPointExtension></ns3:TrackPointExtension>
        </extensions>
      </trkpt>
      <trkpt lat="51.778153236955404" lon="0.6671053636819124">
        <ele>73.0</ele>
        <time>2024-06-29T10:18:20Z</time>
        <extensions>
          <ns3:TrackPointExtension></ns3:TrackPointExtension>
        </extensions>
      </trkpt>
      <trkpt lat="51.77761637605727" lon="0.6653834693133831">
        <ele>72.0</ele>
        <time>2024-06-29T10:18:38Z</time>
        <extensions>
          <ns3:TrackPointExtension></ns3:TrackPointExtension>
        </extensions>
      </trkpt>
      <trkpt lat="51.777447229251266" lon="0.6644952390342951">
        <ele>70.0</ele>
        <time>2024-06-29T10:18:47Z</time>
        <extensions>
          <ns3:TrackPointExtension></ns3:TrackPointExtension>
        </extensions>
      </trkpt>
      <trkpt lat="51.77734564058483" lon="0.6632213573902845">
        <ele>70.5999984741211</ele>
        <time>2024-06-29T10:19:00Z</time>
        <extensions>
          <ns3:TrackPointExtension></ns3:TrackPointExtension>
        </extensions>
      </trkpt>
      <trkpt lat="51.77727196365595" lon="0.6616810988634825">
        <ele>71.80000305175781</ele>
        <time>2024-06-29T10:19:15Z</time>
        <extensions>
          <ns3:TrackPointExtension></ns3:TrackPointExtension>
        </extensions>
      </trkpt>
      <trkpt lat="51.77727112546563" lon="0.6610675435513258">
        <ele>70.5999984741211</ele>
        <time>2024-06-29T10:19:21Z</time>
        <extensions>
          <ns3:TrackPointExtension></ns3:TrackPointExtension>
        </extensions>
      </trkpt>
      <trkpt lat="51.77719200029969" lon="0.6601825822144747">
        <ele>68.19999694824219</ele>
        <time>2024-06-29T10:19:29Z</time>
        <extensions>
          <ns3:TrackPointExtension></ns3:TrackPointExtension>
        </extensions>
      </trkpt>
      <trkpt lat="51.77708722651005" lon="0.6599416863173246">
        <ele>66.4000015258789</ele>
        <time>2024-06-29T10:19:32Z</time>
        <extensions>
          <ns3:TrackPointExtension></ns3:TrackPointExtension>
        </extensions>
      </trkpt>
      <trkpt lat="51.776300920173526" lon="0.6598055642098188">
        <ele>63.20000076293945</ele>
        <time>2024-06-29T10:19:41Z</time>
        <extensions>
          <ns3:TrackPointExtension></ns3:TrackPointExtension>
        </extensions>
      </trkpt>
      <trkpt lat="51.776150381192565" lon="0.6597278639674187">
        <ele>63.20000076293945</ele>
        <time>2024-06-29T10:19:43Z</time>
        <extensions>
          <ns3:TrackPointExtension></ns3:TrackPointExtension>
        </extensions>
      </trkpt>
      <trkpt lat="51.77597586996853" lon="0.6594710424542427">
        <ele>63.599998474121094</ele>
        <time>2024-06-29T10:19:46Z</time>
        <extensions>
          <ns3:TrackPointExtension></ns3:TrackPointExtension>
        </extensions>
      </trkpt>
      <trkpt lat="51.775918286293745" lon="0.6591196730732918">
        <ele>63.0</ele>
        <time>2024-06-29T10:19:49Z</time>
        <extensions>
          <ns3:TrackPointExtension></ns3:TrackPointExtension>
        </extensions>
      </trkpt>
      <trkpt lat="51.77604963071644" lon="0.6577722821384668">
        <ele>59.599998474121094</ele>
        <time>2024-06-29T10:19:58Z</time>
        <extensions>
          <ns3:TrackPointExtension></ns3:TrackPointExtension>
        </extensions>
      </trkpt>
      <trkpt lat="51.776044853031635" lon="0.6574472319334745">
        <ele>58.20000076293945</ele>
        <time>2024-06-29T10:20:00Z</time>
        <extensions>
          <ns3:TrackPointExtension></ns3:TrackPointExtension>
        </extensions>
      </trkpt>
      <trkpt lat="51.776000931859016" lon="0.6571444775909185">
        <ele>56.400001525878906</ele>
        <time>2024-06-29T10:20:02Z</time>
        <extensions>
          <ns3:TrackPointExtension></ns3:TrackPointExtension>
        </extensions>
      </trkpt>
      <trkpt lat="51.77591560408473" lon="0.6568631809204817">
        <ele>55.0</ele>
        <time>2024-06-29T10:20:04Z</time>
        <extensions>
          <ns3:TrackPointExtension></ns3:TrackPointExtension>
        </extensions>
      </trkpt>
      <trkpt lat="51.77569557912648" lon="0.6565770227462053">
        <ele>53.79999923706055</ele>
        <time>2024-06-29T10:20:07Z</time>
        <extensions>
          <ns3:TrackPointExtension></ns3:TrackPointExtension>
        </extensions>
      </trkpt>
      <trkpt lat="51.775444792583585" lon="0.6563696544617414">
        <ele>53.20000076293945</ele>
        <time>2024-06-29T10:20:10Z</time>
        <extensions>
          <ns3:TrackPointExtension></ns3:TrackPointExtension>
        </extensions>
      </trkpt>
      <trkpt lat="51.77527170628309" lon="0.6560422573238611">
        <ele>51.79999923706055</ele>
        <time>2024-06-29T10:20:13Z</time>
        <extensions>
          <ns3:TrackPointExtension></ns3:TrackPointExtension>
        </extensions>
      </trkpt>
      <trkpt lat="51.7749500926584" lon="0.6550811044871807">
        <ele>48.599998474121094</ele>
        <time>2024-06-29T10:20:20Z</time>
        <extensions>
          <ns3:TrackPointExtension></ns3:TrackPointExtension>
        </extensions>
      </trkpt>
      <trkpt lat="51.77473610267043" lon="0.6541800498962402">
        <ele>47.79999923706055</ele>
        <time>2024-06-29T10:20:26Z</time>
        <extensions>
          <ns3:TrackPointExtension></ns3:TrackPointExtension>
        </extensions>
      </trkpt>
      <trkpt lat="51.77452831529081" lon="0.6530728843063116">
        <ele>42.79999923706055</ele>
        <time>2024-06-29T10:20:32Z</time>
        <extensions>
          <ns3:TrackPointExtension></ns3:TrackPointExtension>
        </extensions>
      </trkpt>
      <trkpt lat="51.77408172748983" lon="0.6494830828160048">
        <ele>30.200000762939453</ele>
        <time>2024-06-29T10:20:52Z</time>
        <extensions>
          <ns3:TrackPointExtension></ns3:TrackPointExtension>
        </extensions>
      </trkpt>
      <trkpt lat="51.77391601726413" lon="0.6488792505115271">
        <ele>28.0</ele>
        <time>2024-06-29T10:20:56Z</time>
        <extensions>
          <ns3:TrackPointExtension></ns3:TrackPointExtension>
        </extensions>
      </trkpt>
      <trkpt lat="51.7737964913249" lon="0.6486200820654631">
        <ele>27.399999618530273</ele>
        <time>2024-06-29T10:20:58Z</time>
        <extensions>
          <ns3:TrackPointExtension></ns3:TrackPointExtension>
        </extensions>
      </trkpt>
      <trkpt lat="51.773224510252476" lon="0.6477102264761925">
        <ele>26.0</ele>
        <time>2024-06-29T10:21:06Z</time>
        <extensions>
          <ns3:TrackPointExtension></ns3:TrackPointExtension>
        </extensions>
      </trkpt>
      <trkpt lat="51.7730247694999" lon="0.6471764668822289">
        <ele>25.0</ele>
        <time>2024-06-29T10:21:10Z</time>
        <extensions>
          <ns3:TrackPointExtension></ns3:TrackPointExtension>
        </extensions>
      </trkpt>
      <trkpt lat="51.77279963158071" lon="0.646150354295969">
        <ele>22.200000762939453</ele>
        <time>2024-06-29T10:21:18Z</time>
        <extensions>
          <ns3:TrackPointExtension></ns3:TrackPointExtension>
        </extensions>
      </trkpt>
      <trkpt lat="51.77271547727287" lon="0.6459271442145109">
        <ele>21.600000381469727</ele>
        <time>2024-06-29T10:21:50Z</time>
        <extensions>
          <ns3:TrackPointExtension></ns3:TrackPointExtension>
        </extensions>
      </trkpt>
      <trkpt lat="51.77254683338106" lon="0.6439009867608547">
        <ele>18.200000762939453</ele>
        <time>2024-06-29T10:22:11Z</time>
        <extensions>
          <ns3:TrackPointExtension></ns3:TrackPointExtension>
        </extensions>
      </trkpt>
      <trkpt lat="51.772552616894245" lon="0.6431700848042965">
        <ele>17.200000762939453</ele>
        <time>2024-06-29T10:22:17Z</time>
        <extensions>
          <ns3:TrackPointExtension></ns3:TrackPointExtension>
        </extensions>
      </trkpt>
      <trkpt lat="51.77259771153331" lon="0.6429165322333574">
        <ele>16.200000762939453</ele>
        <time>2024-06-29T10:22:19Z</time>
        <extensions>
          <ns3:TrackPointExtension></ns3:TrackPointExtension>
        </extensions>
      </trkpt>
      <trkpt lat="51.77281128242612" lon="0.6422541942447424">
        <ele>14.0</ele>
        <time>2024-06-29T10:22:24Z</time>
        <extensions>
          <ns3:TrackPointExtension></ns3:TrackPointExtension>
        </extensions>
      </trkpt>
      <trkpt lat="51.77296048030257" lon="0.6416304968297482">
        <ele>12.199999809265137</ele>
        <time>2024-06-29T10:22:28Z</time>
        <extensions>
          <ns3:TrackPointExtension></ns3:TrackPointExtension>
        </extensions>
      </trkpt>
      <trkpt lat="51.773125352337956" lon="0.6412026844918728">
        <ele>11.199999809265137</ele>
        <time>2024-06-29T10:22:31Z</time>
        <extensions>
          <ns3:TrackPointExtension></ns3:TrackPointExtension>
        </extensions>
      </trkpt>
      <trkpt lat="51.77358476445079" lon="0.6406175438314676">
        <ele>12.800000190734863</ele>
        <time>2024-06-29T10:22:37Z</time>
        <extensions>
          <ns3:TrackPointExtension></ns3:TrackPointExtension>
        </extensions>
      </trkpt>
      <trkpt lat="51.774907344952226" lon="0.639507444575429">
        <ele>11.600000381469727</ele>
        <time>2024-06-29T10:22:55Z</time>
        <extensions>
          <ns3:TrackPointExtension></ns3:TrackPointExtension>
        </extensions>
      </trkpt>
      <trkpt lat="51.77527950145304" lon="0.6390731781721115">
        <ele>11.399999618530273</ele>
        <time>2024-06-29T10:23:01Z</time>
        <extensions>
          <ns3:TrackPointExtension></ns3:TrackPointExtension>
        </extensions>
      </trkpt>
      <trkpt lat="51.77539081312716" lon="0.6387525703758001">
        <ele>11.800000190734863</ele>
        <time>2024-06-29T10:23:04Z</time>
        <extensions>
          <ns3:TrackPointExtension></ns3:TrackPointExtension>
        </extensions>
      </trkpt>
      <trkpt lat="51.775669092312455" lon="0.6373063568025827">
        <ele>12.800000190734863</ele>
        <time>2024-06-29T10:23:18Z</time>
        <extensions>
          <ns3:TrackPointExtension></ns3:TrackPointExtension>
        </extensions>
      </trkpt>
      <trkpt lat="51.77620871923864" lon="0.6341544259339571">
        <ele>20.0</ele>
        <time>2024-06-29T10:23:58Z</time>
        <extensions>
          <ns3:TrackPointExtension></ns3:TrackPointExtension>
        </extensions>
      </trkpt>
      <trkpt lat="51.77627686411142" lon="0.6335685309022665">
        <ele>20.399999618530273</ele>
        <time>2024-06-29T10:24:08Z</time>
        <extensions>
          <ns3:TrackPointExtension></ns3:TrackPointExtension>
        </extensions>
      </trkpt>
      <trkpt lat="51.77615641616285" lon="0.6333673652261496">
        <ele>20.0</ele>
        <time>2024-06-29T10:24:13Z</time>
        <extensions>
          <ns3:TrackPointExtension></ns3:TrackPointExtension>
        </extensions>
      </trkpt>
      <trkpt lat="51.77437995560467" lon="0.6329385470598936">
        <ele>21.399999618530273</ele>
        <time>2024-06-29T10:24:44Z</time>
        <extensions>
          <ns3:TrackPointExtension></ns3:TrackPointExtension>
        </extensions>
      </trkpt>
      <trkpt lat="51.77376162260771" lon="0.6328661274164915">
        <ele>19.0</ele>
        <time>2024-06-29T10:24:53Z</time>
        <extensions>
          <ns3:TrackPointExtension></ns3:TrackPointExtension>
        </extensions>
      </trkpt>
      <trkpt lat="51.77273861132562" lon="0.6326028518378735">
        <ele>18.600000381469727</ele>
        <time>2024-06-29T10:25:09Z</time>
        <extensions>
          <ns3:TrackPointExtension></ns3:TrackPointExtension>
        </extensions>
      </trkpt>
      <trkpt lat="51.77185691893101" lon="0.6326490361243486">
        <ele>17.600000381469727</ele>
        <time>2024-06-29T10:25:23Z</time>
        <extensions>
          <ns3:TrackPointExtension></ns3:TrackPointExtension>
        </extensions>
      </trkpt>
      <trkpt lat="51.77162398584187" lon="0.6327726691961288">
        <ele>17.399999618530273</ele>
        <time>2024-06-29T10:25:27Z</time>
        <extensions>
          <ns3:TrackPointExtension></ns3:TrackPointExtension>
        </extensions>
      </trkpt>
      <trkpt lat="51.77122634835541" lon="0.6328166741877794">
        <ele>19.799999237060547</ele>
        <time>2024-06-29T10:25:33Z</time>
        <extensions>
          <ns3:TrackPointExtension></ns3:TrackPointExtension>
        </extensions>
      </trkpt>
      <trkpt lat="51.77041472867131" lon="0.6327574979513884">
        <ele>19.200000762939453</ele>
        <time>2024-06-29T10:25:45Z</time>
        <extensions>
          <ns3:TrackPointExtension></ns3:TrackPointExtension>
        </extensions>
      </trkpt>
      <trkpt lat="51.769730262458324" lon="0.6325029395520687">
        <ele>18.200000762939453</ele>
        <time>2024-06-29T10:25:57Z</time>
        <extensions>
          <ns3:TrackPointExtension></ns3:TrackPointExtension>
        </extensions>
      </trkpt>
      <trkpt lat="51.76932063885033" lon="0.63245072029531">
        <ele>18.0</ele>
        <time>2024-06-29T10:26:03Z</time>
        <extensions>
          <ns3:TrackPointExtension></ns3:TrackPointExtension>
        </extensions>
      </trkpt>
      <trkpt lat="51.76919407211244" lon="0.6324850022792816">
        <ele>18.0</ele>
        <time>2024-06-29T10:26:05Z</time>
        <extensions>
          <ns3:TrackPointExtension></ns3:TrackPointExtension>
        </extensions>
      </trkpt>
      <trkpt lat="51.76845462061465" lon="0.6329005770385265">
        <ele>18.600000381469727</ele>
        <time>2024-06-29T10:26:17Z</time>
        <extensions>
          <ns3:TrackPointExtension></ns3:TrackPointExtension>
        </extensions>
      </trkpt>
      <trkpt lat="51.76790049299598" lon="0.6331007368862629">
        <ele>19.0</ele>
        <time>2024-06-29T10:26:26Z</time>
        <extensions>
          <ns3:TrackPointExtension></ns3:TrackPointExtension>
        </extensions>
      </trkpt>
      <trkpt lat="51.767326751723886" lon="0.6331332586705685">
        <ele>18.0</ele>
        <time>2024-06-29T10:26:35Z</time>
        <extensions>
          <ns3:TrackPointExtension></ns3:TrackPointExtension>
        </extensions>
      </trkpt>
      <trkpt lat="51.766426619142294" lon="0.6332974601536989">
        <ele>15.399999618530273</ele>
        <time>2024-06-29T10:26:48Z</time>
        <extensions>
          <ns3:TrackPointExtension></ns3:TrackPointExtension>
        </extensions>
      </trkpt>
      <trkpt lat="51.766309356316924" lon="0.6332635134458542">
        <ele>16.200000762939453</ele>
        <time>2024-06-29T10:26:52Z</time>
        <extensions>
          <ns3:TrackPointExtension></ns3:TrackPointExtension>
        </extensions>
      </trkpt>
      <trkpt lat="51.76631413400173" lon="0.6331925187259912">
        <ele>16.200000762939453</ele>
        <time>2024-06-29T10:27:36Z</time>
        <extensions>
          <ns3:TrackPointExtension></ns3:TrackPointExtension>
        </extensions>
      </trkpt>
      <trkpt lat="51.76609570160508" lon="0.6332275550812483">
        <ele>17.600000381469727</ele>
        <time>2024-06-29T11:00:32Z</time>
        <extensions>
          <ns3:TrackPointExtension></ns3:TrackPointExtension>
        </extensions>
      </trkpt>
      <trkpt lat="51.76552481018007" lon="0.6331921834498644">
        <ele>20.0</ele>
        <time>2024-06-29T11:00:49Z</time>
        <extensions>
          <ns3:TrackPointExtension></ns3:TrackPointExtension>
        </extensions>
      </trkpt>
      <trkpt lat="51.76492600701749" lon="0.633280947804451">
        <ele>22.399999618530273</ele>
        <time>2024-06-29T11:01:05Z</time>
        <extensions>
          <ns3:TrackPointExtension></ns3:TrackPointExtension>
        </extensions>
      </trkpt>
      <trkpt lat="51.76407557912171" lon="0.6332184188067913">
        <ele>25.600000381469727</ele>
        <time>2024-06-29T11:01:25Z</time>
        <extensions>
          <ns3:TrackPointExtension></ns3:TrackPointExtension>
        </extensions>
      </trkpt>
      <trkpt lat="51.763500245288014" lon="0.6332521140575409">
        <ele>27.399999618530273</ele>
        <time>2024-06-29T11:01:40Z</time>
        <extensions>
          <ns3:TrackPointExtension></ns3:TrackPointExtension>
        </extensions>
      </trkpt>
      <trkpt lat="51.76250698976219" lon="0.6336039863526821">
        <ele>27.200000762939453</ele>
        <time>2024-06-29T11:02:01Z</time>
        <extensions>
          <ns3:TrackPointExtension></ns3:TrackPointExtension>
        </extensions>
      </trkpt>
      <trkpt lat="51.76162764430046" lon="0.6337188184261322">
        <ele>29.399999618530273</ele>
        <time>2024-06-29T11:02:16Z</time>
        <extensions>
          <ns3:TrackPointExtension></ns3:TrackPointExtension>
        </extensions>
      </trkpt>
      <trkpt lat="51.76106463186443" lon="0.6337230931967497">
        <ele>27.399999618530273</ele>
        <time>2024-06-29T11:02:25Z</time>
        <extensions>
          <ns3:TrackPointExtension></ns3:TrackPointExtension>
        </extensions>
      </trkpt>
      <trkpt lat="51.76057412289083" lon="0.6336408667266369">
        <ele>27.399999618530273</ele>
        <time>2024-06-29T11:02:33Z</time>
        <extensions>
          <ns3:TrackPointExtension></ns3:TrackPointExtension>
        </extensions>
      </trkpt>
      <trkpt lat="51.7601955961436" lon="0.6334169860929251">
        <ele>29.0</ele>
        <time>2024-06-29T11:02:41Z</time>
        <extensions>
          <ns3:TrackPointExtension></ns3:TrackPointExtension>
        </extensions>
      </trkpt>
      <trkpt lat="51.760031478479505" lon="0.6332506891340017">
        <ele>29.200000762939453</ele>
        <time>2024-06-29T11:02:49Z</time>
        <extensions>
          <ns3:TrackPointExtension></ns3:TrackPointExtension>
        </extensions>
      </trkpt>
      <trkpt lat="51.760077914223075" lon="0.6330033391714096">
        <ele>30.0</ele>
        <time>2024-06-29T11:02:56Z</time>
        <extensions>
          <ns3:TrackPointExtension></ns3:TrackPointExtension>
        </extensions>
      </trkpt>
      <trkpt lat="51.76030305214226" lon="0.6325752753764391">
        <ele>30.200000762939453</ele>
        <time>2024-06-29T11:03:01Z</time>
        <extensions>
          <ns3:TrackPointExtension></ns3:TrackPointExtension>
        </extensions>
      </trkpt>
      <trkpt lat="51.760859275236726" lon="0.6310849729925394">
        <ele>30.200000762939453</ele>
        <time>2024-06-29T11:03:19Z</time>
        <extensions>
          <ns3:TrackPointExtension></ns3:TrackPointExtension>
        </extensions>
      </trkpt>
      <trkpt lat="51.761078210547566" lon="0.6305891834199429">
        <ele>32.599998474121094</ele>
        <time>2024-06-29T11:03:26Z</time>
        <extensions>
          <ns3:TrackPointExtension></ns3:TrackPointExtension>
        </extensions>
      </trkpt>
      <trkpt lat="51.76110587082803" lon="0.6303075514733791">
        <ele>33.79999923706055</ele>
        <time>2024-06-29T11:03:30Z</time>
        <extensions>
          <ns3:TrackPointExtension></ns3:TrackPointExtension>
        </extensions>
      </trkpt>
      <trkpt lat="51.76102104596794" lon="0.6300485506653786">
        <ele>34.400001525878906</ele>
        <time>2024-06-29T11:03:34Z</time>
        <extensions>
          <ns3:TrackPointExtension></ns3:TrackPointExtension>
        </extensions>
      </trkpt>
      <trkpt lat="51.760842092335224" lon="0.629894994199276">
        <ele>33.79999923706055</ele>
        <time>2024-06-29T11:03:38Z</time>
        <extensions>
          <ns3:TrackPointExtension></ns3:TrackPointExtension>
        </extensions>
      </trkpt>
      <trkpt lat="51.760019743815064" lon="0.6297341454774141">
        <ele>32.0</ele>
        <time>2024-06-29T11:03:52Z</time>
        <extensions>
          <ns3:TrackPointExtension></ns3:TrackPointExtension>
        </extensions>
      </trkpt>
      <trkpt lat="51.75980064086616" lon="0.6296513322740793">
        <ele>32.400001525878906</ele>
        <time>2024-06-29T11:03:56Z</time>
        <extensions>
          <ns3:TrackPointExtension></ns3:TrackPointExtension>
        </extensions>
      </trkpt>
      <trkpt lat="51.75969838164747" lon="0.6293260306119919">
        <ele>33.0</ele>
        <time>2024-06-29T11:04:00Z</time>
        <extensions>
          <ns3:TrackPointExtension></ns3:TrackPointExtension>
        </extensions>
      </trkpt>
      <trkpt lat="51.75979485735297" lon="0.6278068944811821">
        <ele>34.0</ele>
        <time>2024-06-29T11:04:15Z</time>
        <extensions>
          <ns3:TrackPointExtension></ns3:TrackPointExtension>
        </extensions>
      </trkpt>
      <trkpt lat="51.759770130738616" lon="0.6274348217993975">
        <ele>34.0</ele>
        <time>2024-06-29T11:04:19Z</time>
        <extensions>
          <ns3:TrackPointExtension></ns3:TrackPointExtension>
        </extensions>
      </trkpt>
      <trkpt lat="51.75966393202543" lon="0.6267170794308186">
        <ele>35.400001525878906</ele>
        <time>2024-06-29T11:04:27Z</time>
        <extensions>
          <ns3:TrackPointExtension></ns3:TrackPointExtension>
        </extensions>
      </trkpt>
      <trkpt lat="51.7595602478832" lon="0.6263804621994495">
        <ele>35.79999923706055</ele>
        <time>2024-06-29T11:04:31Z</time>
        <extensions>
          <ns3:TrackPointExtension></ns3:TrackPointExtension>
        </extensions>
      </trkpt>
      <trkpt lat="51.75930527038872" lon="0.6259474530816078">
        <ele>33.599998474121094</ele>
        <time>2024-06-29T11:04:37Z</time>
        <extensions>
          <ns3:TrackPointExtension></ns3:TrackPointExtension>
        </extensions>
      </trkpt>
      <trkpt lat="51.758660869672894" lon="0.6252846959978342">
        <ele>36.20000076293945</ele>
        <time>2024-06-29T11:04:49Z</time>
        <extensions>
          <ns3:TrackPointExtension></ns3:TrackPointExtension>
        </extensions>
      </trkpt>
      <trkpt lat="51.75836959853768" lon="0.6248741503804922">
        <ele>36.20000076293945</ele>
        <time>2024-06-29T11:04:55Z</time>
        <extensions>
          <ns3:TrackPointExtension></ns3:TrackPointExtension>
        </extensions>
      </trkpt>
      <trkpt lat="51.75813280977309" lon="0.6243346910923719">
        <ele>35.0</ele>
        <time>2024-06-29T11:05:01Z</time>
        <extensions>
          <ns3:TrackPointExtension></ns3:TrackPointExtension>
        </extensions>
      </trkpt>
      <trkpt lat="51.75787691026926" lon="0.6234159506857395">
        <ele>35.0</ele>
        <time>2024-06-29T11:05:10Z</time>
        <extensions>
          <ns3:TrackPointExtension></ns3:TrackPointExtension>
        </extensions>
      </trkpt>
      <trkpt lat="51.75747181288898" lon="0.6222165003418922">
        <ele>36.20000076293945</ele>
        <time>2024-06-29T11:05:22Z</time>
        <extensions>
          <ns3:TrackPointExtension></ns3:TrackPointExtension>
        </extensions>
      </trkpt>
      <trkpt lat="51.757029835134745" lon="0.6207290478050709">
        <ele>37.0</ele>
        <time>2024-06-29T11:05:39Z</time>
        <extensions>
          <ns3:TrackPointExtension></ns3:TrackPointExtension>
        </extensions>
      </trkpt>
      <trkpt lat="51.75681064836681" lon="0.620423024520278">
        <ele>37.0</ele>
        <time>2024-06-29T11:05:44Z</time>
        <extensions>
          <ns3:TrackPointExtension></ns3:TrackPointExtension>
        </extensions>
      </trkpt>
      <trkpt lat="51.75643530674279" lon="0.6202653609216213">
        <ele>38.0</ele>
        <time>2024-06-29T11:05:51Z</time>
        <extensions>
          <ns3:TrackPointExtension></ns3:TrackPointExtension>
        </extensions>
      </trkpt>
      <trkpt lat="51.75632684491575" lon="0.6200475990772247">
        <ele>38.0</ele>
        <time>2024-06-29T11:05:54Z</time>
        <extensions>
          <ns3:TrackPointExtension></ns3:TrackPointExtension>
        </extensions>
      </trkpt>
      <trkpt lat="51.75640957430005" lon="0.6194557528942823">
        <ele>37.0</ele>
        <time>2024-06-29T11:06:00Z</time>
        <extensions>
          <ns3:TrackPointExtension></ns3:TrackPointExtension>
        </extensions>
      </trkpt>
      <trkpt lat="51.75637395121157" lon="0.6188539322465658">
        <ele>36.0</ele>
        <time>2024-06-29T11:06:06Z</time>
        <extensions>
          <ns3:TrackPointExtension></ns3:TrackPointExtension>
        </extensions>
      </trkpt>
      <trkpt lat="51.75623900257051" lon="0.6178968027234077">
        <ele>36.599998474121094</ele>
        <time>2024-06-29T11:06:17Z</time>
        <extensions>
          <ns3:TrackPointExtension></ns3:TrackPointExtension>
        </extensions>
      </trkpt>
      <trkpt lat="51.75619860179722" lon="0.6171971652656794">
        <ele>37.0</ele>
        <time>2024-06-29T11:06:24Z</time>
        <extensions>
          <ns3:TrackPointExtension></ns3:TrackPointExtension>
        </extensions>
      </trkpt>
      <trkpt lat="51.75622181966901" lon="0.6165826041251421">
        <ele>37.0</ele>
        <time>2024-06-29T11:06:30Z</time>
        <extensions>
          <ns3:TrackPointExtension></ns3:TrackPointExtension>
        </extensions>
      </trkpt>
      <trkpt lat="51.75626766867936" lon="0.6162806879729033">
        <ele>36.599998474121094</ele>
        <time>2024-06-29T11:06:33Z</time>
        <extensions>
          <ns3:TrackPointExtension></ns3:TrackPointExtension>
        </extensions>
      </trkpt>
      <trkpt lat="51.75642281770706" lon="0.6156617682427168">
        <ele>36.79999923706055</ele>
        <time>2024-06-29T11:06:39Z</time>
        <extensions>
          <ns3:TrackPointExtension></ns3:TrackPointExtension>
        </extensions>
      </trkpt>
      <trkpt lat="51.756550054997206" lon="0.6154211238026619">
        <ele>36.599998474121094</ele>
        <time>2024-06-29T11:06:42Z</time>
        <extensions>
          <ns3:TrackPointExtension></ns3:TrackPointExtension>
        </extensions>
      </trkpt>
      <trkpt lat="51.75710443407297" lon="0.6147123500704765">
        <ele>34.79999923706055</ele>
        <time>2024-06-29T11:06:53Z</time>
        <extensions>
          <ns3:TrackPointExtension></ns3:TrackPointExtension>
        </extensions>
      </trkpt>
      <trkpt lat="51.75733024254441" lon="0.6140901613980532">
        <ele>35.599998474121094</ele>
        <time>2024-06-29T11:07:00Z</time>
        <extensions>
          <ns3:TrackPointExtension></ns3:TrackPointExtension>
        </extensions>
      </trkpt>
      <trkpt lat="51.75761363469064" lon="0.6135648675262928">
        <ele>37.20000076293945</ele>
        <time>2024-06-29T11:07:09Z</time>
        <extensions>
          <ns3:TrackPointExtension></ns3:TrackPointExtension>
        </extensions>
      </trkpt>
      <trkpt lat="51.757715893909335" lon="0.6135389674454927">
        <ele>37.599998474121094</ele>
        <time>2024-06-29T11:07:12Z</time>
        <extensions>
          <ns3:TrackPointExtension></ns3:TrackPointExtension>
        </extensions>
      </trkpt>
      <trkpt lat="51.75806122832" lon="0.6137904245406389">
        <ele>37.0</ele>
        <time>2024-06-29T11:07:19Z</time>
        <extensions>
          <ns3:TrackPointExtension></ns3:TrackPointExtension>
        </extensions>
      </trkpt>
      <trkpt lat="51.75824303179979" lon="0.6138668674975634">
        <ele>36.400001525878906</ele>
        <time>2024-06-29T11:07:22Z</time>
        <extensions>
          <ns3:TrackPointExtension></ns3:TrackPointExtension>
        </extensions>
      </trkpt>
      <trkpt lat="51.75879548303783" lon="0.6138918455690145">
        <ele>36.20000076293945</ele>
        <time>2024-06-29T11:07:31Z</time>
        <extensions>
          <ns3:TrackPointExtension></ns3:TrackPointExtension>
        </extensions>
      </trkpt>
      <trkpt lat="51.75956955179572" lon="0.6138477567583323">
        <ele>38.20000076293945</ele>
        <time>2024-06-29T11:07:43Z</time>
        <extensions>
          <ns3:TrackPointExtension></ns3:TrackPointExtension>
        </extensions>
      </trkpt>
      <trkpt lat="51.759996777400374" lon="0.6139020714908838">
        <ele>39.0</ele>
        <time>2024-06-29T11:07:50Z</time>
        <extensions>
          <ns3:TrackPointExtension></ns3:TrackPointExtension>
        </extensions>
      </trkpt>
      <trkpt lat="51.760404305532575" lon="0.614046910777688">
        <ele>40.20000076293945</ele>
        <time>2024-06-29T11:07:57Z</time>
        <extensions>
          <ns3:TrackPointExtension></ns3:TrackPointExtension>
        </extensions>
      </trkpt>
      <trkpt lat="51.760752657428384" lon="0.6142477411776781">
        <ele>41.20000076293945</ele>
        <time>2024-06-29T11:08:03Z</time>
        <extensions>
          <ns3:TrackPointExtension></ns3:TrackPointExtension>
        </extensions>
      </trkpt>
      <trkpt lat="51.76093211397529" lon="0.6142329052090645">
        <ele>41.20000076293945</ele>
        <time>2024-06-29T11:08:06Z</time>
        <extensions>
          <ns3:TrackPointExtension></ns3:TrackPointExtension>
        </extensions>
      </trkpt>
      <trkpt lat="51.76111651584506" lon="0.6140785105526447">
        <ele>40.20000076293945</ele>
        <time>2024-06-29T11:08:10Z</time>
        <extensions>
          <ns3:TrackPointExtension></ns3:TrackPointExtension>
        </extensions>
      </trkpt>
      <trkpt lat="51.761837024241686" lon="0.6132646277546883">
        <ele>40.79999923706055</ele>
        <time>2024-06-29T11:08:25Z</time>
        <extensions>
          <ns3:TrackPointExtension></ns3:TrackPointExtension>
        </extensions>
      </trkpt>
      <trkpt lat="51.7628516536206" lon="0.6120619084686041">
        <ele>42.400001525878906</ele>
        <time>2024-06-29T11:08:43Z</time>
        <extensions>
          <ns3:TrackPointExtension></ns3:TrackPointExtension>
        </extensions>
      </trkpt>
      <trkpt lat="51.76339454948902" lon="0.6110964808613062">
        <ele>39.0</ele>
        <time>2024-06-29T11:08:54Z</time>
        <extensions>
          <ns3:TrackPointExtension></ns3:TrackPointExtension>
        </extensions>
      </trkpt>
      <trkpt lat="51.76414657384157" lon="0.6099657621234655">
        <ele>38.0</ele>
        <time>2024-06-29T11:09:09Z</time>
        <extensions>
          <ns3:TrackPointExtension></ns3:TrackPointExtension>
        </extensions>
      </trkpt>
      <trkpt lat="51.76445963792503" lon="0.6095704715698957">
        <ele>38.79999923706055</ele>
        <time>2024-06-29T11:09:15Z</time>
        <extensions>
          <ns3:TrackPointExtension></ns3:TrackPointExtension>
        </extensions>
      </trkpt>
      <trkpt lat="51.76472241058946" lon="0.6094099581241608">
        <ele>38.79999923706055</ele>
        <time>2024-06-29T11:09:19Z</time>
        <extensions>
          <ns3:TrackPointExtension></ns3:TrackPointExtension>
        </extensions>
      </trkpt>
      <trkpt lat="51.76520395092666" lon="0.6092906836420298">
        <ele>38.0</ele>
        <time>2024-06-29T11:09:26Z</time>
        <extensions>
          <ns3:TrackPointExtension></ns3:TrackPointExtension>
        </extensions>
      </trkpt>
      <trkpt lat="51.76601498387754" lon="0.6089188624173403">
        <ele>38.599998474121094</ele>
        <time>2024-06-29T11:09:38Z</time>
        <extensions>
          <ns3:TrackPointExtension></ns3:TrackPointExtension>
        </extensions>
      </trkpt>
      <trkpt lat="51.76667204126716" lon="0.6087103206664324">
        <ele>39.20000076293945</ele>
        <time>2024-06-29T11:09:48Z</time>
        <extensions>
          <ns3:TrackPointExtension></ns3:TrackPointExtension>
        </extensions>
      </trkpt>
      <trkpt lat="51.76685208454728" lon="0.6085762940347195">
        <ele>40.0</ele>
        <time>2024-06-29T11:09:51Z</time>
        <extensions>
          <ns3:TrackPointExtension></ns3:TrackPointExtension>
        </extensions>
      </trkpt>
      <trkpt lat="51.76701528020203" lon="0.6083556823432446">
        <ele>40.0</ele>
        <time>2024-06-29T11:09:54Z</time>
        <extensions>
          <ns3:TrackPointExtension></ns3:TrackPointExtension>
        </extensions>
      </trkpt>
      <trkpt lat="51.76734368316829" lon="0.6076376046985388">
        <ele>38.400001525878906</ele>
        <time>2024-06-29T11:10:02Z</time>
        <extensions>
          <ns3:TrackPointExtension></ns3:TrackPointExtension>
        </extensions>
      </trkpt>
      <trkpt lat="51.76750302314758" lon="0.607413724064827">
        <ele>38.0</ele>
        <time>2024-06-29T11:10:05Z</time>
        <extensions>
          <ns3:TrackPointExtension></ns3:TrackPointExtension>
        </extensions>
      </trkpt>
      <trkpt lat="51.767677031457424" lon="0.6072473432868719">
        <ele>37.599998474121094</ele>
        <time>2024-06-29T11:10:08Z</time>
        <extensions>
          <ns3:TrackPointExtension></ns3:TrackPointExtension>
        </extensions>
      </trkpt>
      <trkpt lat="51.76794374361634" lon="0.6070937030017376">
        <ele>36.400001525878906</ele>
        <time>2024-06-29T11:10:12Z</time>
        <extensions>
          <ns3:TrackPointExtension></ns3:TrackPointExtension>
        </extensions>
      </trkpt>
      <trkpt lat="51.7681582365185" lon="0.607051458209753">
        <ele>36.400001525878906</ele>
        <time>2024-06-29T11:10:15Z</time>
        <extensions>
          <ns3:TrackPointExtension></ns3:TrackPointExtension>
        </extensions>
      </trkpt>
      <trkpt lat="51.76837909966707" lon="0.6070757657289505">
        <ele>37.20000076293945</ele>
        <time>2024-06-29T11:10:18Z</time>
        <extensions>
          <ns3:TrackPointExtension></ns3:TrackPointExtension>
        </extensions>
      </trkpt>
      <trkpt lat="51.76880808547139" lon="0.6072437390685081">
        <ele>39.0</ele>
        <time>2024-06-29T11:10:24Z</time>
        <extensions>
          <ns3:TrackPointExtension></ns3:TrackPointExtension>
        </extensions>
      </trkpt>
      <trkpt lat="51.769928243011236" lon="0.6078627426177263">
        <ele>38.0</ele>
        <time>2024-06-29T11:10:39Z</time>
        <extensions>
          <ns3:TrackPointExtension></ns3:TrackPointExtension>
        </extensions>
      </trkpt>
      <trkpt lat="51.770144160836935" lon="0.6078325677663088">
        <ele>38.20000076293945</ele>
        <time>2024-06-29T11:10:42Z</time>
        <extensions>
          <ns3:TrackPointExtension></ns3:TrackPointExtension>
        </extensions>
      </trkpt>
      <trkpt lat="51.771000623703" lon="0.6074179988354445">
        <ele>39.20000076293945</ele>
        <time>2024-06-29T11:10:55Z</time>
        <extensions>
          <ns3:TrackPointExtension></ns3:TrackPointExtension>
        </extensions>
      </trkpt>
      <trkpt lat="51.77179791033268" lon="0.6072166655212641">
        <ele>41.0</ele>
        <time>2024-06-29T11:11:08Z</time>
        <extensions>
          <ns3:TrackPointExtension></ns3:TrackPointExtension>
        </extensions>
      </trkpt>
      <trkpt lat="51.77200896665454" lon="0.6070693116635084">
        <ele>41.0</ele>
        <time>2024-06-29T11:11:13Z</time>
        <extensions>
          <ns3:TrackPointExtension></ns3:TrackPointExtension>
        </extensions>
      </trkpt>
      <trkpt lat="51.77218247205019" lon="0.6068343669176102">
        <ele>40.0</ele>
        <time>2024-06-29T11:11:17Z</time>
        <extensions>
          <ns3:TrackPointExtension></ns3:TrackPointExtension>
        </extensions>
      </trkpt>
      <trkpt lat="51.772517915815115" lon="0.6062013655900955">
        <ele>40.79999923706055</ele>
        <time>2024-06-29T11:11:25Z</time>
        <extensions>
          <ns3:TrackPointExtension></ns3:TrackPointExtension>
        </extensions>
      </trkpt>
      <trkpt lat="51.77270080894232" lon="0.6056189071387053">
        <ele>41.599998474121094</ele>
        <time>2024-06-29T11:11:31Z</time>
        <extensions>
          <ns3:TrackPointExtension></ns3:TrackPointExtension>
        </extensions>
      </trkpt>
      <trkpt lat="51.77290918305516" lon="0.6050876621156931">
        <ele>40.79999923706055</ele>
        <time>2024-06-29T11:11:37Z</time>
        <extensions>
          <ns3:TrackPointExtension></ns3:TrackPointExtension>
        </extensions>
      </trkpt>
      <trkpt lat="51.77350044250488" lon="0.6038084998726845">
        <ele>41.599998474121094</ele>
        <time>2024-06-29T11:11:52Z</time>
        <extensions>
          <ns3:TrackPointExtension></ns3:TrackPointExtension>
        </extensions>
      </trkpt>
      <trkpt lat="51.77393772639334" lon="0.6031017377972603">
        <ele>42.0</ele>
        <time>2024-06-29T11:12:01Z</time>
        <extensions>
          <ns3:TrackPointExtension></ns3:TrackPointExtension>
        </extensions>
      </trkpt>
      <trkpt lat="51.774539798498154" lon="0.6022644694894552">
        <ele>42.0</ele>
        <time>2024-06-29T11:12:13Z</time>
        <extensions>
          <ns3:TrackPointExtension></ns3:TrackPointExtension>
        </extensions>
      </trkpt>
      <trkpt lat="51.77561402320862" lon="0.6011203397065401">
        <ele>43.0</ele>
        <time>2024-06-29T11:12:31Z</time>
        <extensions>
          <ns3:TrackPointExtension></ns3:TrackPointExtension>
        </extensions>
      </trkpt>
      <trkpt lat="51.77630896680057" lon="0.6001444347202778">
        <ele>43.400001525878906</ele>
        <time>2024-06-29T11:12:44Z</time>
        <extensions>
          <ns3:TrackPointExtension></ns3:TrackPointExtension>
        </extensions>
      </trkpt>
      <trkpt lat="51.777134919539094" lon="0.5993213318288326">
        <ele>43.400001525878906</ele>
        <time>2024-06-29T11:13:00Z</time>
        <extensions>
          <ns3:TrackPointExtension></ns3:TrackPointExtension>
        </extensions>
      </trkpt>
      <trkpt lat="51.77725628949702" lon="0.5991170648485422">
        <ele>43.79999923706055</ele>
        <time>2024-06-29T11:13:08Z</time>
        <extensions>
          <ns3:TrackPointExtension></ns3:TrackPointExtension>
        </extensions>
      </trkpt>
      <trkpt lat="51.776949344202876" lon="0.5979466997087002">
        <ele>43.400001525878906</ele>
        <time>2024-06-29T11:13:22Z</time>
        <extensions>
          <ns3:TrackPointExtension></ns3:TrackPointExtension>
        </extensions>
      </trkpt>
      <trkpt lat="51.77618097513914" lon="0.5952882114797831">
        <ele>45.0</ele>
        <time>2024-06-29T11:13:50Z</time>
        <extensions>
          <ns3:TrackPointExtension></ns3:TrackPointExtension>
        </extensions>
      </trkpt>
      <trkpt lat="51.77616563625634" lon="0.5952133610844612">
        <ele>45.0</ele>
        <time>2024-06-29T11:13:51Z</time>
        <extensions>
          <ns3:TrackPointExtension></ns3:TrackPointExtension>
        </extensions>
      </trkpt>
      <trkpt lat="51.77621215581894" lon="0.5948818568140268">
        <ele>45.0</ele>
        <time>2024-06-29T11:13:55Z</time>
        <extensions>
          <ns3:TrackPointExtension></ns3:TrackPointExtension>
        </extensions>
      </trkpt>
      <trkpt lat="51.77632397040725" lon="0.5946440622210503">
        <ele>44.599998474121094</ele>
        <time>2024-06-29T11:13:58Z</time>
        <extensions>
          <ns3:TrackPointExtension></ns3:TrackPointExtension>
        </extensions>
      </trkpt>
      <trkpt lat="51.77660887129605" lon="0.5942419823259115">
        <ele>43.400001525878906</ele>
        <time>2024-06-29T11:14:04Z</time>
        <extensions>
          <ns3:TrackPointExtension></ns3:TrackPointExtension>
        </extensions>
      </trkpt>
      <trkpt lat="51.77728897891939" lon="0.5935562588274479">
        <ele>44.0</ele>
        <time>2024-06-29T11:14:16Z</time>
        <extensions>
          <ns3:TrackPointExtension></ns3:TrackPointExtension>
        </extensions>
      </trkpt>
      <trkpt lat="51.77762484177947" lon="0.5933309532701969">
        <ele>45.20000076293945</ele>
        <time>2024-06-29T11:14:21Z</time>
        <extensions>
          <ns3:TrackPointExtension></ns3:TrackPointExtension>
        </extensions>
      </trkpt>
      <trkpt lat="51.77827184088528" lon="0.5930436216294765">
        <ele>45.400001525878906</ele>
        <time>2024-06-29T11:14:30Z</time>
        <extensions>
          <ns3:TrackPointExtension></ns3:TrackPointExtension>
        </extensions>
      </trkpt>
      <trkpt lat="51.778879864141345" lon="0.5926308128982782">
        <ele>42.400001525878906</ele>
        <time>2024-06-29T11:14:39Z</time>
        <extensions>
          <ns3:TrackPointExtension></ns3:TrackPointExtension>
        </extensions>
      </trkpt>
      <trkpt lat="51.77905747666955" lon="0.5924319103360176">
        <ele>42.0</ele>
        <time>2024-06-29T11:14:42Z</time>
        <extensions>
          <ns3:TrackPointExtension></ns3:TrackPointExtension>
        </extensions>
      </trkpt>
      <trkpt lat="51.77993883378804" lon="0.5911353137344122">
        <ele>39.400001525878906</ele>
        <time>2024-06-29T11:15:01Z</time>
        <extensions>
          <ns3:TrackPointExtension></ns3:TrackPointExtension>
        </extensions>
      </trkpt>
      <trkpt lat="51.780841229483485" lon="0.5899035092443228">
        <ele>37.79999923706055</ele>
        <time>2024-06-29T11:15:16Z</time>
        <extensions>
          <ns3:TrackPointExtension></ns3:TrackPointExtension>
        </extensions>
      </trkpt>
      <trkpt lat="51.78121422417462" lon="0.5895145051181316">
        <ele>37.0</ele>
        <time>2024-06-29T11:15:21Z</time>
        <extensions>
          <ns3:TrackPointExtension></ns3:TrackPointExtension>
        </extensions>
      </trkpt>
      <trkpt lat="51.782102370634675" lon="0.5888176336884499">
        <ele>36.20000076293945</ele>
        <time>2024-06-29T11:15:33Z</time>
        <extensions>
          <ns3:TrackPointExtension></ns3:TrackPointExtension>
        </extensions>
      </trkpt>
      <trkpt lat="51.78266152739525" lon="0.5881025735288858">
        <ele>35.79999923706055</ele>
        <time>2024-06-29T11:15:43Z</time>
        <extensions>
          <ns3:TrackPointExtension></ns3:TrackPointExtension>
        </extensions>
      </trkpt>
      <trkpt lat="51.782863112166524" lon="0.5879385396838188">
        <ele>35.0</ele>
        <time>2024-06-29T11:15:46Z</time>
        <extensions>
          <ns3:TrackPointExtension></ns3:TrackPointExtension>
        </extensions>
      </trkpt>
      <trkpt lat="51.783334175124764" lon="0.5877178441733122">
        <ele>34.79999923706055</ele>
        <time>2024-06-29T11:15:52Z</time>
        <extensions>
          <ns3:TrackPointExtension></ns3:TrackPointExtension>
        </extensions>
      </trkpt>
      <trkpt lat="51.783972792327404" lon="0.5875997431576252">
        <ele>35.599998474121094</ele>
        <time>2024-06-29T11:16:01Z</time>
        <extensions>
          <ns3:TrackPointExtension></ns3:TrackPointExtension>
        </extensions>
      </trkpt>
      <trkpt lat="51.78508364595473" lon="0.5875857453793287">
        <ele>28.0</ele>
        <time>2024-06-29T11:16:13Z</time>
        <extensions>
          <ns3:TrackPointExtension></ns3:TrackPointExtension>
        </extensions>
      </trkpt>
      <trkpt lat="51.78613054566085" lon="0.587707282975316">
        <ele>28.200000762939453</ele>
        <time>2024-06-29T11:16:24Z</time>
        <extensions>
          <ns3:TrackPointExtension></ns3:TrackPointExtension>
        </extensions>
      </trkpt>
      <trkpt lat="51.78635274991393" lon="0.5877071991562843">
        <ele>29.0</ele>
        <time>2024-06-29T11:16:27Z</time>
        <extensions>
          <ns3:TrackPointExtension></ns3:TrackPointExtension>
        </extensions>
      </trkpt>
      <trkpt lat="51.78654033690691" lon="0.5876414850354195">
        <ele>29.600000381469727</ele>
        <time>2024-06-29T11:16:30Z</time>
        <extensions>
          <ns3:TrackPointExtension></ns3:TrackPointExtension>
        </extensions>
      </trkpt>
      <trkpt lat="51.78709144704044" lon="0.5872837454080582">
        <ele>34.400001525878906</ele>
        <time>2024-06-29T11:16:41Z</time>
        <extensions>
          <ns3:TrackPointExtension></ns3:TrackPointExtension>
        </extensions>
      </trkpt>
      <trkpt lat="51.787936594337225" lon="0.5864912364631891">
        <ele>36.20000076293945</ele>
        <time>2024-06-29T11:17:01Z</time>
        <extensions>
          <ns3:TrackPointExtension></ns3:TrackPointExtension>
        </extensions>
      </trkpt>
      <trkpt lat="51.7891968972981" lon="0.5854353681206703">
        <ele>34.400001525878906</ele>
        <time>2024-06-29T11:17:22Z</time>
        <extensions>
          <ns3:TrackPointExtension></ns3:TrackPointExtension>
        </extensions>
      </trkpt>
      <trkpt lat="51.790725253522396" lon="0.584427360445261">
        <ele>38.400001525878906</ele>
        <time>2024-06-29T11:17:47Z</time>
        <extensions>
          <ns3:TrackPointExtension></ns3:TrackPointExtension>
        </extensions>
      </trkpt>
      <trkpt lat="51.79146328009665" lon="0.5840719677507877">
        <ele>39.599998474121094</ele>
        <time>2024-06-29T11:17:59Z</time>
        <extensions>
          <ns3:TrackPointExtension></ns3:TrackPointExtension>
        </extensions>
      </trkpt>
      <trkpt lat="51.792848305776715" lon="0.5835993960499763">
        <ele>40.599998474121094</ele>
        <time>2024-06-29T11:18:20Z</time>
        <extensions>
          <ns3:TrackPointExtension></ns3:TrackPointExtension>
        </extensions>
      </trkpt>
      <trkpt lat="51.793600330129266" lon="0.583271998912096">
        <ele>40.79999923706055</ele>
        <time>2024-06-29T11:18:32Z</time>
        <extensions>
          <ns3:TrackPointExtension></ns3:TrackPointExtension>
        </extensions>
      </trkpt>
      <trkpt lat="51.79418060928583" lon="0.5830962304025888">
        <ele>40.0</ele>
        <time>2024-06-29T11:18:41Z</time>
        <extensions>
          <ns3:TrackPointExtension></ns3:TrackPointExtension>
        </extensions>
      </trkpt>
      <trkpt lat="51.794778825715184" lon="0.5827539134770632">
        <ele>38.0</ele>
        <time>2024-06-29T11:18:50Z</time>
        <extensions>
          <ns3:TrackPointExtension></ns3:TrackPointExtension>
        </extensions>
      </trkpt>
      <trkpt lat="51.797083262354136" lon="0.58085055090487">
        <ele>37.20000076293945</ele>
        <time>2024-06-29T11:19:26Z</time>
        <extensions>
          <ns3:TrackPointExtension></ns3:TrackPointExtension>
        </extensions>
      </trkpt>
      <trkpt lat="51.79743077605963" lon="0.5804599542170763">
        <ele>38.400001525878906</ele>
        <time>2024-06-29T11:19:32Z</time>
        <extensions>
          <ns3:TrackPointExtension></ns3:TrackPointExtension>
        </extensions>
      </trkpt>
      <trkpt lat="51.797591960057616" lon="0.5802176333963871">
        <ele>39.0</ele>
        <time>2024-06-29T11:19:35Z</time>
        <extensions>
          <ns3:TrackPointExtension></ns3:TrackPointExtension>
        </extensions>
      </trkpt>
      <trkpt lat="51.79785758256912" lon="0.5796271283179522">
        <ele>38.0</ele>
        <time>2024-06-29T11:19:41Z</time>
        <extensions>
          <ns3:TrackPointExtension></ns3:TrackPointExtension>
        </extensions>
      </trkpt>
      <trkpt lat="51.79806905798614" lon="0.5793707258999348">
        <ele>37.599998474121094</ele>
        <time>2024-06-29T11:19:45Z</time>
        <extensions>
          <ns3:TrackPointExtension></ns3:TrackPointExtension>
        </extensions>
      </trkpt>
      <trkpt lat="51.79896650835872" lon="0.5791632737964392">
        <ele>39.0</ele>
        <time>2024-06-29T11:20:00Z</time>
        <extensions>
          <ns3:TrackPointExtension></ns3:TrackPointExtension>
        </extensions>
      </trkpt>
      <trkpt lat="51.79992724210024" lon="0.5790084600448608">
        <ele>41.79999923706055</ele>
        <time>2024-06-29T11:20:15Z</time>
        <extensions>
          <ns3:TrackPointExtension></ns3:TrackPointExtension>
        </extensions>
      </trkpt>
      <trkpt lat="51.801495999097824" lon="0.579299982637167">
        <ele>42.0</ele>
        <time>2024-06-29T11:20:39Z</time>
        <extensions>
          <ns3:TrackPointExtension></ns3:TrackPointExtension>
        </extensions>
      </trkpt>
      <trkpt lat="51.80178073234856" lon="0.5792729929089546">
        <ele>42.20000076293945</ele>
        <time>2024-06-29T11:20:43Z</time>
        <extensions>
          <ns3:TrackPointExtension></ns3:TrackPointExtension>
        </extensions>
      </trkpt>
      <trkpt lat="51.80227484554052" lon="0.5788346193730831">
        <ele>44.20000076293945</ele>
        <time>2024-06-29T11:20:50Z</time>
        <extensions>
          <ns3:TrackPointExtension></ns3:TrackPointExtension>
        </extensions>
      </trkpt>
      <trkpt lat="51.803222335875034" lon="0.5776044074445963">
        <ele>46.0</ele>
        <time>2024-06-29T11:21:08Z</time>
        <extensions>
          <ns3:TrackPointExtension></ns3:TrackPointExtension>
        </extensions>
      </trkpt>
      <trkpt lat="51.803566413000226" lon="0.5773036647588015">
        <ele>47.400001525878906</ele>
        <time>2024-06-29T11:21:14Z</time>
        <extensions>
          <ns3:TrackPointExtension></ns3:TrackPointExtension>
        </extensions>
      </trkpt>
      <trkpt lat="51.80461968295276" lon="0.5766248982399702">
        <ele>47.400001525878906</ele>
        <time>2024-06-29T11:21:32Z</time>
        <extensions>
          <ns3:TrackPointExtension></ns3:TrackPointExtension>
        </extensions>
      </trkpt>
      <trkpt lat="51.80503542535007" lon="0.5762144364416599">
        <ele>48.20000076293945</ele>
        <time>2024-06-29T11:21:40Z</time>
        <extensions>
          <ns3:TrackPointExtension></ns3:TrackPointExtension>
        </extensions>
      </trkpt>
      <trkpt lat="51.805415879935026" lon="0.5755566246807575">
        <ele>50.79999923706055</ele>
        <time>2024-06-29T11:21:49Z</time>
        <extensions>
          <ns3:TrackPointExtension></ns3:TrackPointExtension>
        </extensions>
      </trkpt>
      <trkpt lat="51.806704346090555" lon="0.5729657784104347">
        <ele>48.79999923706055</ele>
        <time>2024-06-29T11:22:19Z</time>
        <extensions>
          <ns3:TrackPointExtension></ns3:TrackPointExtension>
        </extensions>
      </trkpt>
      <trkpt lat="51.80678372271359" lon="0.5727638583630323">
        <ele>49.0</ele>
        <time>2024-06-29T11:22:21Z</time>
        <extensions>
          <ns3:TrackPointExtension></ns3:TrackPointExtension>
        </extensions>
      </trkpt>
      <trkpt lat="51.806836780160666" lon="0.5724181048572063">
        <ele>48.0</ele>
        <time>2024-06-29T11:22:24Z</time>
        <extensions>
          <ns3:TrackPointExtension></ns3:TrackPointExtension>
        </extensions>
      </trkpt>
      <trkpt lat="51.80681222118437" lon="0.5720851756632328">
        <ele>46.599998474121094</ele>
        <time>2024-06-29T11:22:27Z</time>
        <extensions>
          <ns3:TrackPointExtension></ns3:TrackPointExtension>
        </extensions>
      </trkpt>
      <trkpt lat="51.80650133639574" lon="0.570070669054985">
        <ele>43.0</ele>
        <time>2024-06-29T11:22:43Z</time>
        <extensions>
          <ns3:TrackPointExtension></ns3:TrackPointExtension>
        </extensions>
      </trkpt>
      <trkpt lat="51.80615675635636" lon="0.5681409034878016">
        <ele>36.400001525878906</ele>
        <time>2024-06-29T11:23:01Z</time>
        <extensions>
          <ns3:TrackPointExtension></ns3:TrackPointExtension>
        </extensions>
      </trkpt>
      <trkpt lat="51.80626580491662" lon="0.5676871910691261">
        <ele>34.599998474121094</ele>
        <time>2024-06-29T11:23:07Z</time>
        <extensions>
          <ns3:TrackPointExtension></ns3:TrackPointExtension>
        </extensions>
      </trkpt>
      <trkpt lat="51.80615910328925" lon="0.566732743754983">
        <ele>32.0</ele>
        <time>2024-06-29T11:23:15Z</time>
        <extensions>
          <ns3:TrackPointExtension></ns3:TrackPointExtension>
        </extensions>
      </trkpt>
      <trkpt lat="51.806157007813454" lon="0.5664552189409733">
        <ele>32.0</ele>
        <time>2024-06-29T11:23:17Z</time>
        <extensions>
          <ns3:TrackPointExtension></ns3:TrackPointExtension>
        </extensions>
      </trkpt>
      <trkpt lat="51.806232361122966" lon="0.5660759378224611">
        <ele>32.0</ele>
        <time>2024-06-29T11:23:20Z</time>
        <extensions>
          <ns3:TrackPointExtension></ns3:TrackPointExtension>
        </extensions>
      </trkpt>
      <trkpt lat="51.80676997639239" lon="0.5646451469510794">
        <ele>33.0</ele>
        <time>2024-06-29T11:23:45Z</time>
        <extensions>
          <ns3:TrackPointExtension></ns3:TrackPointExtension>
        </extensions>
      </trkpt>
      <trkpt lat="51.80733039043844" lon="0.5634824931621552">
        <ele>33.599998474121094</ele>
        <time>2024-06-29T11:24:00Z</time>
        <extensions>
          <ns3:TrackPointExtension></ns3:TrackPointExtension>
        </extensions>
      </trkpt>
      <trkpt lat="51.807503309100866" lon="0.5632727779448032">
        <ele>34.0</ele>
        <time>2024-06-29T11:24:04Z</time>
        <extensions>
          <ns3:TrackPointExtension></ns3:TrackPointExtension>
        </extensions>
      </trkpt>
      <trkpt lat="51.80770246312022" lon="0.5631466303020716">
        <ele>34.20000076293945</ele>
        <time>2024-06-29T11:24:08Z</time>
        <extensions>
          <ns3:TrackPointExtension></ns3:TrackPointExtension>
        </extensions>
      </trkpt>
      <trkpt lat="51.808359939605" lon="0.5629188939929008">
        <ele>36.0</ele>
        <time>2024-06-29T11:24:20Z</time>
        <extensions>
          <ns3:TrackPointExtension></ns3:TrackPointExtension>
        </extensions>
      </trkpt>
      <trkpt lat="51.80921263061464" lon="0.5630682595074177">
        <ele>38.79999923706055</ele>
        <time>2024-06-29T11:24:35Z</time>
        <extensions>
          <ns3:TrackPointExtension></ns3:TrackPointExtension>
        </extensions>
      </trkpt>
      <trkpt lat="51.8093874771148" lon="0.5630216561257839">
        <ele>38.599998474121094</ele>
        <time>2024-06-29T11:24:38Z</time>
        <extensions>
          <ns3:TrackPointExtension></ns3:TrackPointExtension>
        </extensions>
      </trkpt>
      <trkpt lat="51.80958897806704" lon="0.5628351587802172">
        <ele>38.20000076293945</ele>
        <time>2024-06-29T11:24:42Z</time>
        <extensions>
          <ns3:TrackPointExtension></ns3:TrackPointExtension>
        </extensions>
      </trkpt>
      <trkpt lat="51.80975074879825" lon="0.5626116134226322">
        <ele>37.400001525878906</ele>
        <time>2024-06-29T11:24:46Z</time>
        <extensions>
          <ns3:TrackPointExtension></ns3:TrackPointExtension>
        </extensions>
      </trkpt>
      <trkpt lat="51.809960128739476" lon="0.5621380358934402">
        <ele>35.599998474121094</ele>
        <time>2024-06-29T11:25:03Z</time>
        <extensions>
          <ns3:TrackPointExtension></ns3:TrackPointExtension>
        </extensions>
      </trkpt>
      <trkpt lat="51.8100640643388" lon="0.5617483612149954">
        <ele>33.400001525878906</ele>
        <time>2024-06-29T11:25:07Z</time>
        <extensions>
          <ns3:TrackPointExtension></ns3:TrackPointExtension>
        </extensions>
      </trkpt>
      <trkpt lat="51.81010781787336" lon="0.5613662302494049">
        <ele>32.0</ele>
        <time>2024-06-29T11:25:10Z</time>
        <extensions>
          <ns3:TrackPointExtension></ns3:TrackPointExtension>
        </extensions>
      </trkpt>
      <trkpt lat="51.810088371858" lon="0.5607845261693001">
        <ele>29.0</ele>
        <time>2024-06-29T11:25:14Z</time>
        <extensions>
          <ns3:TrackPointExtension></ns3:TrackPointExtension>
        </extensions>
      </trkpt>
      <trkpt lat="51.810160875320435" lon="0.5596517957746983">
        <ele>30.0</ele>
        <time>2024-06-29T11:25:22Z</time>
        <extensions>
          <ns3:TrackPointExtension></ns3:TrackPointExtension>
        </extensions>
      </trkpt>
      <trkpt lat="51.810221476480365" lon="0.5592693295329809">
        <ele>29.799999237060547</ele>
        <time>2024-06-29T11:25:25Z</time>
        <extensions>
          <ns3:TrackPointExtension></ns3:TrackPointExtension>
        </extensions>
      </trkpt>
      <trkpt lat="51.810475112870336" lon="0.5582692008465528">
        <ele>30.399999618530273</ele>
        <time>2024-06-29T11:25:34Z</time>
        <extensions>
          <ns3:TrackPointExtension></ns3:TrackPointExtension>
        </extensions>
      </trkpt>
      <trkpt lat="51.81060327216983" lon="0.5568017810583115">
        <ele>32.79999923706055</ele>
        <time>2024-06-29T11:25:48Z</time>
        <extensions>
          <ns3:TrackPointExtension></ns3:TrackPointExtension>
        </extensions>
      </trkpt>
      <trkpt lat="51.81090435013175" lon="0.5555698089301586">
        <ele>35.79999923706055</ele>
        <time>2024-06-29T11:26:02Z</time>
        <extensions>
          <ns3:TrackPointExtension></ns3:TrackPointExtension>
        </extensions>
      </trkpt>
      <trkpt lat="51.811062935739756" lon="0.5545501504093409">
        <ele>38.79999923706055</ele>
        <time>2024-06-29T11:26:14Z</time>
        <extensions>
          <ns3:TrackPointExtension></ns3:TrackPointExtension>
        </extensions>
      </trkpt>
      <trkpt lat="51.8111193459481" lon="0.5544037185609341">
        <ele>39.400001525878906</ele>
        <time>2024-06-29T11:26:16Z</time>
        <extensions>
          <ns3:TrackPointExtension></ns3:TrackPointExtension>
        </extensions>
      </trkpt>
      <trkpt lat="51.81127918884158" lon="0.5542038101702929">
        <ele>40.599998474121094</ele>
        <time>2024-06-29T11:26:20Z</time>
        <extensions>
          <ns3:TrackPointExtension></ns3:TrackPointExtension>
        </extensions>
      </trkpt>
      <trkpt lat="51.81169576942921" lon="0.5539464857429266">
        <ele>42.79999923706055</ele>
        <time>2024-06-29T11:26:29Z</time>
        <extensions>
          <ns3:TrackPointExtension></ns3:TrackPointExtension>
        </extensions>
      </trkpt>
      <trkpt lat="51.8119999486953" lon="0.553683377802372">
        <ele>43.599998474121094</ele>
        <time>2024-06-29T11:26:37Z</time>
        <extensions>
          <ns3:TrackPointExtension></ns3:TrackPointExtension>
        </extensions>
      </trkpt>
      <trkpt lat="51.81317509151995" lon="0.5524335522204638">
        <ele>46.79999923706055</ele>
        <time>2024-06-29T11:27:13Z</time>
        <extensions>
          <ns3:TrackPointExtension></ns3:TrackPointExtension>
        </extensions>
      </trkpt>
      <trkpt lat="51.81390557438135" lon="0.5514141451567411">
        <ele>48.0</ele>
        <time>2024-06-29T11:27:35Z</time>
        <extensions>
          <ns3:TrackPointExtension></ns3:TrackPointExtension>
        </extensions>
      </trkpt>
      <trkpt lat="51.814175974577665" lon="0.5509709101170301">
        <ele>49.20000076293945</ele>
        <time>2024-06-29T11:27:43Z</time>
        <extensions>
          <ns3:TrackPointExtension></ns3:TrackPointExtension>
        </extensions>
      </trkpt>
      <trkpt lat="51.814287789165974" lon="0.5506917927414179">
        <ele>49.20000076293945</ele>
        <time>2024-06-29T11:27:47Z</time>
        <extensions>
          <ns3:TrackPointExtension></ns3:TrackPointExtension>
        </extensions>
      </trkpt>
      <trkpt lat="51.8145265057683" lon="0.5498202424496412">
        <ele>51.20000076293945</ele>
        <time>2024-06-29T11:27:59Z</time>
        <extensions>
          <ns3:TrackPointExtension></ns3:TrackPointExtension>
        </extensions>
      </trkpt>
      <trkpt lat="51.81463421322405" lon="0.549131166189909">
        <ele>51.400001525878906</ele>
        <time>2024-06-29T11:28:07Z</time>
        <extensions>
          <ns3:TrackPointExtension></ns3:TrackPointExtension>
        </extensions>
      </trkpt>
      <trkpt lat="51.81463270448148" lon="0.5488152522593737">
        <ele>51.400001525878906</ele>
        <time>2024-06-29T11:28:11Z</time>
        <extensions>
          <ns3:TrackPointExtension></ns3:TrackPointExtension>
        </extensions>
      </trkpt>
      <trkpt lat="51.81458769366145" lon="0.548466145992279">
        <ele>51.0</ele>
        <time>2024-06-29T11:28:16Z</time>
        <extensions>
          <ns3:TrackPointExtension></ns3:TrackPointExtension>
        </extensions>
      </trkpt>
      <trkpt lat="51.814234647899866" lon="0.5469341017305851">
        <ele>50.0</ele>
        <time>2024-06-29T11:28:38Z</time>
        <extensions>
          <ns3:TrackPointExtension></ns3:TrackPointExtension>
        </extensions>
      </trkpt>
      <trkpt lat="51.81421427987516" lon="0.5467523820698261">
        <ele>50.599998474121094</ele>
        <time>2024-06-29T11:28:40Z</time>
        <extensions>
          <ns3:TrackPointExtension></ns3:TrackPointExtension>
        </extensions>
      </trkpt>
      <trkpt lat="51.814290722832084" lon="0.5464269127696753">
        <ele>51.20000076293945</ele>
        <time>2024-06-29T11:28:44Z</time>
        <extensions>
          <ns3:TrackPointExtension></ns3:TrackPointExtension>
        </extensions>
      </trkpt>
      <trkpt lat="51.81478844024241" lon="0.5460403393954039">
        <ele>53.599998474121094</ele>
        <time>2024-06-29T11:28:55Z</time>
        <extensions>
          <ns3:TrackPointExtension></ns3:TrackPointExtension>
        </extensions>
      </trkpt>
      <trkpt lat="51.81595914065838" lon="0.5453847907483578">
        <ele>57.0</ele>
        <time>2024-06-29T11:29:19Z</time>
        <extensions>
          <ns3:TrackPointExtension></ns3:TrackPointExtension>
        </extensions>
      </trkpt>
      <trkpt lat="51.81613365188241" lon="0.5452303122729063">
        <ele>56.79999923706055</ele>
        <time>2024-06-29T11:29:23Z</time>
        <extensions>
          <ns3:TrackPointExtension></ns3:TrackPointExtension>
        </extensions>
      </trkpt>
      <trkpt lat="51.81624563410878" lon="0.5449401307851076">
        <ele>56.599998474121094</ele>
        <time>2024-06-29T11:29:27Z</time>
        <extensions>
          <ns3:TrackPointExtension></ns3:TrackPointExtension>
        </extensions>
      </trkpt>
      <trkpt lat="51.81624219752848" lon="0.5446852371096611">
        <ele>56.0</ele>
        <time>2024-06-29T11:29:30Z</time>
        <extensions>
          <ns3:TrackPointExtension></ns3:TrackPointExtension>
        </extensions>
      </trkpt>
      <trkpt lat="51.81613960303366" lon="0.5437291134148836">
        <ele>56.400001525878906</ele>
        <time>2024-06-29T11:29:40Z</time>
        <extensions>
          <ns3:TrackPointExtension></ns3:TrackPointExtension>
        </extensions>
      </trkpt>
      <trkpt lat="51.816117810085416" lon="0.543058393523097">
        <ele>56.0</ele>
        <time>2024-06-29T11:29:47Z</time>
        <extensions>
          <ns3:TrackPointExtension></ns3:TrackPointExtension>
        </extensions>
      </trkpt>
      <trkpt lat="51.81609316729009" lon="0.5410956032574177">
        <ele>53.599998474121094</ele>
        <time>2024-06-29T11:30:05Z</time>
        <extensions>
          <ns3:TrackPointExtension></ns3:TrackPointExtension>
        </extensions>
      </trkpt>
      <trkpt lat="51.8161531817168" lon="0.5396495573222637">
        <ele>54.0</ele>
        <time>2024-06-29T11:30:17Z</time>
        <extensions>
          <ns3:TrackPointExtension></ns3:TrackPointExtension>
        </extensions>
      </trkpt>
      <trkpt lat="51.81611311621964" lon="0.5392726231366396">
        <ele>53.599998474121094</ele>
        <time>2024-06-29T11:30:20Z</time>
        <extensions>
          <ns3:TrackPointExtension></ns3:TrackPointExtension>
        </extensions>
      </trkpt>
      <trkpt lat="51.81598763912916" lon="0.5386053398251534">
        <ele>52.20000076293945</ele>
        <time>2024-06-29T11:30:26Z</time>
        <extensions>
          <ns3:TrackPointExtension></ns3:TrackPointExtension>
        </extensions>
      </trkpt>
      <trkpt lat="51.81575546041131" lon="0.5379245616495609">
        <ele>51.0</ele>
        <time>2024-06-29T11:30:32Z</time>
        <extensions>
          <ns3:TrackPointExtension></ns3:TrackPointExtension>
        </extensions>
      </trkpt>
      <trkpt lat="51.815360840409994" lon="0.536963576450944">
        <ele>50.0</ele>
        <time>2024-06-29T11:30:41Z</time>
        <extensions>
          <ns3:TrackPointExtension></ns3:TrackPointExtension>
        </extensions>
      </trkpt>
      <trkpt lat="51.8149271607399" lon="0.5361170880496502">
        <ele>46.0</ele>
        <time>2024-06-29T11:30:49Z</time>
        <extensions>
          <ns3:TrackPointExtension></ns3:TrackPointExtension>
        </extensions>
      </trkpt>
      <trkpt lat="51.814822889864445" lon="0.5357365496456623">
        <ele>44.599998474121094</ele>
        <time>2024-06-29T11:30:52Z</time>
        <extensions>
          <ns3:TrackPointExtension></ns3:TrackPointExtension>
        </extensions>
      </trkpt>
      <trkpt lat="51.81478223763406" lon="0.5354617070406675">
        <ele>44.0</ele>
        <time>2024-06-29T11:30:54Z</time>
        <extensions>
          <ns3:TrackPointExtension></ns3:TrackPointExtension>
        </extensions>
      </trkpt>
      <trkpt lat="51.814770083874464" lon="0.5350397620350122">
        <ele>43.20000076293945</ele>
        <time>2024-06-29T11:30:57Z</time>
        <extensions>
          <ns3:TrackPointExtension></ns3:TrackPointExtension>
        </extensions>
      </trkpt>
      <trkpt lat="51.81486949324608" lon="0.5339287407696247">
        <ele>40.20000076293945</ele>
        <time>2024-06-29T11:31:05Z</time>
        <extensions>
          <ns3:TrackPointExtension></ns3:TrackPointExtension>
        </extensions>
      </trkpt>
      <trkpt lat="51.81499279104173" lon="0.5336302611976862">
        <ele>39.0</ele>
        <time>2024-06-29T11:31:08Z</time>
        <extensions>
          <ns3:TrackPointExtension></ns3:TrackPointExtension>
        </extensions>
      </trkpt>
      <trkpt lat="51.81557608768344" lon="0.5330478027462959">
        <ele>39.79999923706055</ele>
        <time>2024-06-29T11:31:18Z</time>
        <extensions>
          <ns3:TrackPointExtension></ns3:TrackPointExtension>
        </extensions>
      </trkpt>
      <trkpt lat="51.81591002270579" lon="0.5324431322515011">
        <ele>40.400001525878906</ele>
        <time>2024-06-29T11:31:26Z</time>
        <extensions>
          <ns3:TrackPointExtension></ns3:TrackPointExtension>
        </extensions>
      </trkpt>
      <trkpt lat="51.816127113997936" lon="0.5321774259209633">
        <ele>43.0</ele>
        <time>2024-06-29T11:31:31Z</time>
        <extensions>
          <ns3:TrackPointExtension></ns3:TrackPointExtension>
        </extensions>
      </trkpt>
      <trkpt lat="51.81622442789376" lon="0.5318904295563698">
        <ele>44.20000076293945</ele>
        <time>2024-06-29T11:31:35Z</time>
        <extensions>
          <ns3:TrackPointExtension></ns3:TrackPointExtension>
        </extensions>
      </trkpt>
      <trkpt lat="51.816224260255694" lon="0.5316525511443615">
        <ele>45.0</ele>
        <time>2024-06-29T11:31:38Z</time>
        <extensions>
          <ns3:TrackPointExtension></ns3:TrackPointExtension>
        </extensions>
      </trkpt>
      <trkpt lat="51.816298104822636" lon="0.5312364734709263">
        <ele>45.599998474121094</ele>
        <time>2024-06-29T11:31:43Z</time>
        <extensions>
          <ns3:TrackPointExtension></ns3:TrackPointExtension>
        </extensions>
      </trkpt>
      <trkpt lat="51.81640614755452" lon="0.5309393350034952">
        <ele>46.400001525878906</ele>
        <time>2024-06-29T11:31:47Z</time>
        <extensions>
          <ns3:TrackPointExtension></ns3:TrackPointExtension>
        </extensions>
      </trkpt>
      <trkpt lat="51.8171217944473" lon="0.5294901039451361">
        <ele>51.0</ele>
        <time>2024-06-29T11:32:13Z</time>
        <extensions>
          <ns3:TrackPointExtension></ns3:TrackPointExtension>
        </extensions>
      </trkpt>
      <trkpt lat="51.81740929372609" lon="0.5290001817047596">
        <ele>51.400001525878906</ele>
        <time>2024-06-29T11:32:25Z</time>
        <extensions>
          <ns3:TrackPointExtension></ns3:TrackPointExtension>
        </extensions>
      </trkpt>
      <trkpt lat="51.81841118261218" lon="0.5270512215793133">
        <ele>56.0</ele>
        <time>2024-06-29T11:33:07Z</time>
        <extensions>
          <ns3:TrackPointExtension></ns3:TrackPointExtension>
        </extensions>
      </trkpt>
      <trkpt lat="51.81871661916375" lon="0.526280589401722">
        <ele>56.0</ele>
        <time>2024-06-29T11:33:20Z</time>
        <extensions>
          <ns3:TrackPointExtension></ns3:TrackPointExtension>
        </extensions>
      </trkpt>
      <trkpt lat="51.819619769230485" lon="0.5242601316422224">
        <ele>57.0</ele>
        <time>2024-06-29T11:33:52Z</time>
        <extensions>
          <ns3:TrackPointExtension></ns3:TrackPointExtension>
        </extensions>
      </trkpt>
      <trkpt lat="51.81967726908624" lon="0.5241023004055023">
        <ele>57.599998474121094</ele>
        <time>2024-06-29T11:33:54Z</time>
        <extensions>
          <ns3:TrackPointExtension></ns3:TrackPointExtension>
        </extensions>
      </trkpt>
      <trkpt lat="51.81970761157572" lon="0.5237282998859882">
        <ele>57.20000076293945</ele>
        <time>2024-06-29T11:33:58Z</time>
        <extensions>
          <ns3:TrackPointExtension></ns3:TrackPointExtension>
        </extensions>
      </trkpt>
      <trkpt lat="51.819472750648856" lon="0.5223413463681936">
        <ele>52.79999923706055</ele>
        <time>2024-06-29T11:34:15Z</time>
        <extensions>
          <ns3:TrackPointExtension></ns3:TrackPointExtension>
        </extensions>
      </trkpt>
      <trkpt lat="51.81976083666086" lon="0.5221964232623577">
        <ele>52.20000076293945</ele>
        <time>2024-06-29T11:34:24Z</time>
        <extensions>
          <ns3:TrackPointExtension></ns3:TrackPointExtension>
        </extensions>
      </trkpt>
      <trkpt lat="51.82016056962311" lon="0.5219209939241409">
        <ele>53.599998474121094</ele>
        <time>2024-06-29T11:34:32Z</time>
        <extensions>
          <ns3:TrackPointExtension></ns3:TrackPointExtension>
        </extensions>
      </trkpt>
      <trkpt lat="51.82082659564912" lon="0.5212489329278469">
        <ele>58.79999923706055</ele>
        <time>2024-06-29T11:34:48Z</time>
        <extensions>
          <ns3:TrackPointExtension></ns3:TrackPointExtension>
        </extensions>
      </trkpt>
      <trkpt lat="51.821239572018385" lon="0.5211082007735968">
        <ele>61.0</ele>
        <time>2024-06-29T11:34:58Z</time>
        <extensions>
          <ns3:TrackPointExtension></ns3:TrackPointExtension>
        </extensions>
      </trkpt>
      <trkpt lat="51.82230658829212" lon="0.520942909643054">
        <ele>59.599998474121094</ele>
        <time>2024-06-29T11:35:18Z</time>
        <extensions>
          <ns3:TrackPointExtension></ns3:TrackPointExtension>
        </extensions>
      </trkpt>
      <trkpt lat="51.82275988161564" lon="0.520824808627367">
        <ele>60.599998474121094</ele>
        <time>2024-06-29T11:35:26Z</time>
        <extensions>
          <ns3:TrackPointExtension></ns3:TrackPointExtension>
        </extensions>
      </trkpt>
      <trkpt lat="51.82290949858725" lon="0.5206960625946522">
        <ele>61.0</ele>
        <time>2024-06-29T11:35:29Z</time>
        <extensions>
          <ns3:TrackPointExtension></ns3:TrackPointExtension>
        </extensions>
      </trkpt>
      <trkpt lat="51.823016703128815" lon="0.520540326833725">
        <ele>61.0</ele>
        <time>2024-06-29T11:35:31Z</time>
        <extensions>
          <ns3:TrackPointExtension></ns3:TrackPointExtension>
        </extensions>
      </trkpt>
      <trkpt lat="51.82355691678822" lon="0.5195083469152451">
        <ele>64.4000015258789</ele>
        <time>2024-06-29T11:35:45Z</time>
        <extensions>
          <ns3:TrackPointExtension></ns3:TrackPointExtension>
        </extensions>
      </trkpt>
      <trkpt lat="51.82452393695712" lon="0.5181967467069626">
        <ele>67.4000015258789</ele>
        <time>2024-06-29T11:36:12Z</time>
        <extensions>
          <ns3:TrackPointExtension></ns3:TrackPointExtension>
        </extensions>
      </trkpt>
      <trkpt lat="51.824636505916715" lon="0.5179434455931187">
        <ele>68.4000015258789</ele>
        <time>2024-06-29T11:36:17Z</time>
        <extensions>
          <ns3:TrackPointExtension></ns3:TrackPointExtension>
        </extensions>
      </trkpt>
      <trkpt lat="51.82480380870402" lon="0.5173260346055031">
        <ele>69.5999984741211</ele>
        <time>2024-06-29T11:36:26Z</time>
        <extensions>
          <ns3:TrackPointExtension></ns3:TrackPointExtension>
        </extensions>
      </trkpt>
      <trkpt lat="51.8250725325197" lon="0.516031701117754">
        <ele>66.80000305175781</ele>
        <time>2024-06-29T11:36:41Z</time>
        <extensions>
          <ns3:TrackPointExtension></ns3:TrackPointExtension>
        </extensions>
      </trkpt>
      <trkpt lat="51.825105557218194" lon="0.5157340597361326">
        <ele>66.0</ele>
        <time>2024-06-29T11:36:44Z</time>
        <extensions>
          <ns3:TrackPointExtension></ns3:TrackPointExtension>
        </extensions>
      </trkpt>
      <trkpt lat="51.825066581368446" lon="0.5150986276566982">
        <ele>65.4000015258789</ele>
        <time>2024-06-29T11:36:50Z</time>
        <extensions>
          <ns3:TrackPointExtension></ns3:TrackPointExtension>
        </extensions>
      </trkpt>
      <trkpt lat="51.824938924983144" lon="0.5144709907472134">
        <ele>62.599998474121094</ele>
        <time>2024-06-29T11:36:56Z</time>
        <extensions>
          <ns3:TrackPointExtension></ns3:TrackPointExtension>
        </extensions>
      </trkpt>
      <trkpt lat="51.82489559054375" lon="0.5141071323305368">
        <ele>62.0</ele>
        <time>2024-06-29T11:36:59Z</time>
        <extensions>
          <ns3:TrackPointExtension></ns3:TrackPointExtension>
        </extensions>
      </trkpt>
      <trkpt lat="51.82484655641019" lon="0.5133331473916769">
        <ele>62.0</ele>
        <time>2024-06-29T11:37:05Z</time>
        <extensions>
          <ns3:TrackPointExtension></ns3:TrackPointExtension>
        </extensions>
      </trkpt>
      <trkpt lat="51.82484538294375" lon="0.5126162432134151">
        <ele>61.20000076293945</ele>
        <time>2024-06-29T11:37:10Z</time>
        <extensions>
          <ns3:TrackPointExtension></ns3:TrackPointExtension>
        </extensions>
      </trkpt>
      <trkpt lat="51.82499550282955" lon="0.5098818149417639">
        <ele>55.400001525878906</ele>
        <time>2024-06-29T11:37:29Z</time>
        <extensions>
          <ns3:TrackPointExtension></ns3:TrackPointExtension>
        </extensions>
      </trkpt>
      <trkpt lat="51.82515325024724" lon="0.5092240031808615">
        <ele>58.0</ele>
        <time>2024-06-29T11:37:36Z</time>
        <extensions>
          <ns3:TrackPointExtension></ns3:TrackPointExtension>
        </extensions>
      </trkpt>
      <trkpt lat="51.8252675794065" lon="0.5089022219181061">
        <ele>59.0</ele>
        <time>2024-06-29T11:37:40Z</time>
        <extensions>
          <ns3:TrackPointExtension></ns3:TrackPointExtension>
        </extensions>
      </trkpt>
      <trkpt lat="51.82597668841481" lon="0.5073562636971474">
        <ele>64.0</ele>
        <time>2024-06-29T11:38:03Z</time>
        <extensions>
          <ns3:TrackPointExtension></ns3:TrackPointExtension>
        </extensions>
      </trkpt>
      <trkpt lat="51.826616898179054" lon="0.5055471137166023">
        <ele>62.400001525878906</ele>
        <time>2024-06-29T11:38:36Z</time>
        <extensions>
          <ns3:TrackPointExtension></ns3:TrackPointExtension>
        </extensions>
      </trkpt>
      <trkpt lat="51.82683306746185" lon="0.5054778791964054">
        <ele>63.599998474121094</ele>
        <time>2024-06-29T11:38:44Z</time>
        <extensions>
          <ns3:TrackPointExtension></ns3:TrackPointExtension>
        </extensions>
      </trkpt>
      <trkpt lat="51.82832580059767" lon="0.5039838049560785">
        <ele>64.4000015258789</ele>
        <time>2024-06-29T11:39:18Z</time>
        <extensions>
          <ns3:TrackPointExtension></ns3:TrackPointExtension>
        </extensions>
      </trkpt>
      <trkpt lat="51.83058841153979" lon="0.501338392496109">
        <ele>66.0</ele>
        <time>2024-06-29T11:40:07Z</time>
        <extensions>
          <ns3:TrackPointExtension></ns3:TrackPointExtension>
        </extensions>
      </trkpt>
      <trkpt lat="51.831568172201514" lon="0.5004862044006586">
        <ele>65.19999694824219</ele>
        <time>2024-06-29T11:40:23Z</time>
        <extensions>
          <ns3:TrackPointExtension></ns3:TrackPointExtension>
        </extensions>
      </trkpt>
      <trkpt lat="51.83265522122383" lon="0.49936135299503803">
        <ele>62.79999923706055</ele>
        <time>2024-06-29T11:40:41Z</time>
        <extensions>
          <ns3:TrackPointExtension></ns3:TrackPointExtension>
        </extensions>
      </trkpt>
      <trkpt lat="51.832947665825486" lon="0.49898467026650906">
        <ele>63.20000076293945</ele>
        <time>2024-06-29T11:40:46Z</time>
        <extensions>
          <ns3:TrackPointExtension></ns3:TrackPointExtension>
        </extensions>
      </trkpt>
      <trkpt lat="51.83301044628024" lon="0.49867202527821064">
        <ele>64.5999984741211</ele>
        <time>2024-06-29T11:40:49Z</time>
        <extensions>
          <ns3:TrackPointExtension></ns3:TrackPointExtension>
        </extensions>
      </trkpt>
      <trkpt lat="51.83288102969527" lon="0.4977373592555523">
        <ele>65.0</ele>
        <time>2024-06-29T11:40:58Z</time>
        <extensions>
          <ns3:TrackPointExtension></ns3:TrackPointExtension>
        </extensions>
      </trkpt>
      <trkpt lat="51.83292059227824" lon="0.49631930887699127">
        <ele>60.400001525878906</ele>
        <time>2024-06-29T11:41:10Z</time>
        <extensions>
          <ns3:TrackPointExtension></ns3:TrackPointExtension>
        </extensions>
      </trkpt>
      <trkpt lat="51.83274398557842" lon="0.4951782803982496">
        <ele>59.79999923706055</ele>
        <time>2024-06-29T11:41:19Z</time>
        <extensions>
          <ns3:TrackPointExtension></ns3:TrackPointExtension>
        </extensions>
      </trkpt>
      <trkpt lat="51.83273350819945" lon="0.49492137506604195">
        <ele>58.400001525878906</ele>
        <time>2024-06-29T11:41:21Z</time>
        <extensions>
          <ns3:TrackPointExtension></ns3:TrackPointExtension>
        </extensions>
      </trkpt>
      <trkpt lat="51.8328483402729" lon="0.4945782199501991">
        <ele>58.20000076293945</ele>
        <time>2024-06-29T11:41:24Z</time>
        <extensions>
          <ns3:TrackPointExtension></ns3:TrackPointExtension>
        </extensions>
      </trkpt>
      <trkpt lat="51.83307381346822" lon="0.4944793973118067">
        <ele>59.599998474121094</ele>
        <time>2024-06-29T11:41:27Z</time>
        <extensions>
          <ns3:TrackPointExtension></ns3:TrackPointExtension>
        </extensions>
      </trkpt>
      <trkpt lat="51.83329777792096" lon="0.4945430997759104">
        <ele>59.79999923706055</ele>
        <time>2024-06-29T11:41:30Z</time>
        <extensions>
          <ns3:TrackPointExtension></ns3:TrackPointExtension>
        </extensions>
      </trkpt>
      <trkpt lat="51.83422020636499" lon="0.49529495649039745">
        <ele>60.599998474121094</ele>
        <time>2024-06-29T11:41:45Z</time>
        <extensions>
          <ns3:TrackPointExtension></ns3:TrackPointExtension>
        </extensions>
      </trkpt>
      <trkpt lat="51.834395388141274" lon="0.4953741654753685">
        <ele>60.20000076293945</ele>
        <time>2024-06-29T11:41:48Z</time>
        <extensions>
          <ns3:TrackPointExtension></ns3:TrackPointExtension>
        </extensions>
      </trkpt>
      <trkpt lat="51.83500408194959" lon="0.49545127898454666">
        <ele>60.599998474121094</ele>
        <time>2024-06-29T11:41:57Z</time>
        <extensions>
          <ns3:TrackPointExtension></ns3:TrackPointExtension>
        </extensions>
      </trkpt>
      <trkpt lat="51.835682429373264" lon="0.49532756209373474">
        <ele>55.20000076293945</ele>
        <time>2024-06-29T11:42:06Z</time>
        <extensions>
          <ns3:TrackPointExtension></ns3:TrackPointExtension>
        </extensions>
      </trkpt>
      <trkpt lat="51.83622423559427" lon="0.4950458463281393">
        <ele>53.20000076293945</ele>
        <time>2024-06-29T11:42:12Z</time>
        <extensions>
          <ns3:TrackPointExtension></ns3:TrackPointExtension>
        </extensions>
      </trkpt>
      <trkpt lat="51.83646831661463" lon="0.4948487039655447">
        <ele>52.0</ele>
        <time>2024-06-29T11:42:15Z</time>
        <extensions>
          <ns3:TrackPointExtension></ns3:TrackPointExtension>
        </extensions>
      </trkpt>
      <trkpt lat="51.83672547340393" lon="0.49451745115220547">
        <ele>53.0</ele>
        <time>2024-06-29T11:42:19Z</time>
        <extensions>
          <ns3:TrackPointExtension></ns3:TrackPointExtension>
        </extensions>
      </trkpt>
      <trkpt lat="51.83714708313346" lon="0.49366844817996025">
        <ele>55.400001525878906</ele>
        <time>2024-06-29T11:42:29Z</time>
        <extensions>
          <ns3:TrackPointExtension></ns3:TrackPointExtension>
        </extensions>
      </trkpt>
      <trkpt lat="51.837580762803555" lon="0.4930136539041996">
        <ele>60.20000076293945</ele>
        <time>2024-06-29T11:42:40Z</time>
        <extensions>
          <ns3:TrackPointExtension></ns3:TrackPointExtension>
        </extensions>
      </trkpt>
      <trkpt lat="51.83822633698583" lon="0.49235567450523376">
        <ele>59.20000076293945</ele>
        <time>2024-06-29T11:42:56Z</time>
        <extensions>
          <ns3:TrackPointExtension></ns3:TrackPointExtension>
        </extensions>
      </trkpt>
      <trkpt lat="51.8383607827127" lon="0.4924244899302721">
        <ele>58.599998474121094</ele>
        <time>2024-06-29T11:43:00Z</time>
        <extensions>
          <ns3:TrackPointExtension></ns3:TrackPointExtension>
        </extensions>
      </trkpt>
      <trkpt lat="51.838803347200155" lon="0.4935238603502512">
        <ele>60.0</ele>
        <time>2024-06-29T11:43:16Z</time>
        <extensions>
          <ns3:TrackPointExtension></ns3:TrackPointExtension>
        </extensions>
      </trkpt>
      <trkpt lat="51.83890854008496" lon="0.4937063343822956">
        <ele>60.79999923706055</ele>
        <time>2024-06-29T11:43:19Z</time>
        <extensions>
          <ns3:TrackPointExtension></ns3:TrackPointExtension>
        </extensions>
      </trkpt>
      <trkpt lat="51.83910224586725" lon="0.493887634947896">
        <ele>61.400001525878906</ele>
        <time>2024-06-29T11:43:23Z</time>
        <extensions>
          <ns3:TrackPointExtension></ns3:TrackPointExtension>
        </extensions>
      </trkpt>
      <trkpt lat="51.839876314625144" lon="0.4942589532583952">
        <ele>61.0</ele>
        <time>2024-06-29T11:43:36Z</time>
        <extensions>
          <ns3:TrackPointExtension></ns3:TrackPointExtension>
        </extensions>
      </trkpt>
      <trkpt lat="51.84006289578974" lon="0.4942602105438709">
        <ele>60.400001525878906</ele>
        <time>2024-06-29T11:43:39Z</time>
        <extensions>
          <ns3:TrackPointExtension></ns3:TrackPointExtension>
        </extensions>
      </trkpt>
      <trkpt lat="51.8404430989176" lon="0.4941572807729244">
        <ele>61.20000076293945</ele>
        <time>2024-06-29T11:43:45Z</time>
        <extensions>
          <ns3:TrackPointExtension></ns3:TrackPointExtension>
        </extensions>
      </trkpt>
      <trkpt lat="51.84063018299639" lon="0.49423255026340485">
        <ele>62.0</ele>
        <time>2024-06-29T11:43:48Z</time>
        <extensions>
          <ns3:TrackPointExtension></ns3:TrackPointExtension>
        </extensions>
      </trkpt>
      <trkpt lat="51.84079262427986" lon="0.49440848641097546">
        <ele>62.0</ele>
        <time>2024-06-29T11:43:51Z</time>
        <extensions>
          <ns3:TrackPointExtension></ns3:TrackPointExtension>
        </extensions>
      </trkpt>
      <trkpt lat="51.840954311192036" lon="0.4948285035789013">
        <ele>63.400001525878906</ele>
        <time>2024-06-29T11:43:56Z</time>
        <extensions>
          <ns3:TrackPointExtension></ns3:TrackPointExtension>
        </extensions>
      </trkpt>
      <trkpt lat="51.84118858538568" lon="0.49579158425331116">
        <ele>65.0</ele>
        <time>2024-06-29T11:44:08Z</time>
        <extensions>
          <ns3:TrackPointExtension></ns3:TrackPointExtension>
        </extensions>
      </trkpt>
      <trkpt lat="51.841637436300516" lon="0.49693018198013306">
        <ele>65.0</ele>
        <time>2024-06-29T11:44:24Z</time>
        <extensions>
          <ns3:TrackPointExtension></ns3:TrackPointExtension>
        </extensions>
      </trkpt>
      <trkpt lat="51.841670544818044" lon="0.4972702357918024">
        <ele>65.19999694824219</ele>
        <time>2024-06-29T11:44:28Z</time>
        <extensions>
          <ns3:TrackPointExtension></ns3:TrackPointExtension>
        </extensions>
      </trkpt>
      <trkpt lat="51.84167046099901" lon="0.4979786742478609">
        <ele>66.0</ele>
        <time>2024-06-29T11:44:36Z</time>
        <extensions>
          <ns3:TrackPointExtension></ns3:TrackPointExtension>
        </extensions>
      </trkpt>
      <trkpt lat="51.84156124480069" lon="0.4986928962171078">
        <ele>65.19999694824219</ele>
        <time>2024-06-29T11:44:44Z</time>
        <extensions>
          <ns3:TrackPointExtension></ns3:TrackPointExtension>
        </extensions>
      </trkpt>
      <trkpt lat="51.84163550846279" lon="0.49899766221642494">
        <ele>65.19999694824219</ele>
        <time>2024-06-29T11:44:48Z</time>
        <extensions>
          <ns3:TrackPointExtension></ns3:TrackPointExtension>
        </extensions>
      </trkpt>
      <trkpt lat="51.843881104141474" lon="0.5029729474335909">
        <ele>72.0</ele>
        <time>2024-06-29T11:45:52Z</time>
        <extensions>
          <ns3:TrackPointExtension></ns3:TrackPointExtension>
        </extensions>
      </trkpt>
      <trkpt lat="51.84392594732344" lon="0.502972025424242">
        <ele>72.0</ele>
        <time>2024-06-29T11:45:54Z</time>
        <extensions>
          <ns3:TrackPointExtension></ns3:TrackPointExtension>
        </extensions>
      </trkpt>
      <trkpt lat="51.8440973572433" lon="0.5027482286095619">
        <ele>72.0</ele>
        <time>2024-06-29T11:45:59Z</time>
        <extensions>
          <ns3:TrackPointExtension></ns3:TrackPointExtension>
        </extensions>
      </trkpt>
      <trkpt lat="51.84438217431307" lon="0.502249589189887">
        <ele>72.0</ele>
        <time>2024-06-29T11:46:06Z</time>
        <extensions>
          <ns3:TrackPointExtension></ns3:TrackPointExtension>
        </extensions>
      </trkpt>
      <trkpt lat="51.845101760700345" lon="0.500689884647727">
        <ele>74.0</ele>
        <time>2024-06-29T11:46:26Z</time>
        <extensions>
          <ns3:TrackPointExtension></ns3:TrackPointExtension>
        </extensions>
      </trkpt>
      <trkpt lat="51.84565312229097" lon="0.4997620917856693">
        <ele>71.19999694824219</ele>
        <time>2024-06-29T11:46:38Z</time>
        <extensions>
          <ns3:TrackPointExtension></ns3:TrackPointExtension>
        </extensions>
      </trkpt>
      <trkpt lat="51.84602829627693" lon="0.49900956451892853">
        <ele>69.19999694824219</ele>
        <time>2024-06-29T11:46:47Z</time>
        <extensions>
          <ns3:TrackPointExtension></ns3:TrackPointExtension>
        </extensions>
      </trkpt>
      <trkpt lat="51.84632409363985" lon="0.4984986037015915">
        <ele>70.0</ele>
        <time>2024-06-29T11:46:53Z</time>
        <extensions>
          <ns3:TrackPointExtension></ns3:TrackPointExtension>
        </extensions>
      </trkpt>
      <trkpt lat="51.846664818003774" lon="0.4980331566184759">
        <ele>69.5999984741211</ele>
        <time>2024-06-29T11:46:59Z</time>
        <extensions>
          <ns3:TrackPointExtension></ns3:TrackPointExtension>
        </extensions>
      </trkpt>
      <trkpt lat="51.84706379659474" lon="0.49768606200814247">
        <ele>69.0</ele>
        <time>2024-06-29T11:47:05Z</time>
        <extensions>
          <ns3:TrackPointExtension></ns3:TrackPointExtension>
        </extensions>
      </trkpt>
      <trkpt lat="51.84788438491523" lon="0.497291861101985">
        <ele>67.0</ele>
        <time>2024-06-29T11:47:17Z</time>
        <extensions>
          <ns3:TrackPointExtension></ns3:TrackPointExtension>
        </extensions>
      </trkpt>
      <trkpt lat="51.84831378981471" lon="0.4972044378519058">
        <ele>67.0</ele>
        <time>2024-06-29T11:47:23Z</time>
        <extensions>
          <ns3:TrackPointExtension></ns3:TrackPointExtension>
        </extensions>
      </trkpt>
      <trkpt lat="51.850140457972884" lon="0.49666774459183216">
        <ele>65.80000305175781</ele>
        <time>2024-06-29T11:47:50Z</time>
        <extensions>
          <ns3:TrackPointExtension></ns3:TrackPointExtension>
        </extensions>
      </trkpt>
      <trkpt lat="51.8516556546092" lon="0.49658761359751225">
        <ele>61.400001525878906</ele>
        <time>2024-06-29T11:48:11Z</time>
        <extensions>
          <ns3:TrackPointExtension></ns3:TrackPointExtension>
        </extensions>
      </trkpt>
      <trkpt lat="51.85234481468797" lon="0.4966373182833195">
        <ele>60.0</ele>
        <time>2024-06-29T11:48:20Z</time>
        <extensions>
          <ns3:TrackPointExtension></ns3:TrackPointExtension>
        </extensions>
      </trkpt>
      <trkpt lat="51.85262720100582" lon="0.49657076597213745">
        <ele>59.599998474121094</ele>
        <time>2024-06-29T11:48:24Z</time>
        <extensions>
          <ns3:TrackPointExtension></ns3:TrackPointExtension>
        </extensions>
      </trkpt>
      <trkpt lat="51.854010382667184" lon="0.49595385789871216">
        <ele>64.4000015258789</ele>
        <time>2024-06-29T11:48:45Z</time>
        <extensions>
          <ns3:TrackPointExtension></ns3:TrackPointExtension>
        </extensions>
      </trkpt>
      <trkpt lat="51.854388155043125" lon="0.4957433044910431">
        <ele>63.599998474121094</ele>
        <time>2024-06-29T11:48:51Z</time>
        <extensions>
          <ns3:TrackPointExtension></ns3:TrackPointExtension>
        </extensions>
      </trkpt>
      <trkpt lat="51.8557502143085" lon="0.49449373036623">
        <ele>64.5999984741211</ele>
        <time>2024-06-29T11:49:15Z</time>
        <extensions>
          <ns3:TrackPointExtension></ns3:TrackPointExtension>
        </extensions>
      </trkpt>
      <trkpt lat="51.855925815179944" lon="0.4943710193037987">
        <ele>63.79999923706055</ele>
        <time>2024-06-29T11:49:18Z</time>
        <extensions>
          <ns3:TrackPointExtension></ns3:TrackPointExtension>
        </extensions>
      </trkpt>
      <trkpt lat="51.856111558154225" lon="0.4943470470607281">
        <ele>63.599998474121094</ele>
        <time>2024-06-29T11:49:21Z</time>
        <extensions>
          <ns3:TrackPointExtension></ns3:TrackPointExtension>
        </extensions>
      </trkpt>
      <trkpt lat="51.85629931278527" lon="0.49445743672549725">
        <ele>64.4000015258789</ele>
        <time>2024-06-29T11:49:24Z</time>
        <extensions>
          <ns3:TrackPointExtension></ns3:TrackPointExtension>
        </extensions>
      </trkpt>
      <trkpt lat="51.85643828473985" lon="0.49471057020127773">
        <ele>64.80000305175781</ele>
        <time>2024-06-29T11:49:27Z</time>
        <extensions>
          <ns3:TrackPointExtension></ns3:TrackPointExtension>
        </extensions>
      </trkpt>
      <trkpt lat="51.85666744597256" lon="0.4958354216068983">
        <ele>65.5999984741211</ele>
        <time>2024-06-29T11:49:38Z</time>
        <extensions>
          <ns3:TrackPointExtension></ns3:TrackPointExtension>
        </extensions>
      </trkpt>
      <trkpt lat="51.85726105235517" lon="0.49804799258708954">
        <ele>66.19999694824219</ele>
        <time>2024-06-29T11:50:02Z</time>
        <extensions>
          <ns3:TrackPointExtension></ns3:TrackPointExtension>
        </extensions>
      </trkpt>
      <trkpt lat="51.85737194493413" lon="0.4983966797590256">
        <ele>66.0</ele>
        <time>2024-06-29T11:50:06Z</time>
        <extensions>
          <ns3:TrackPointExtension></ns3:TrackPointExtension>
        </extensions>
      </trkpt>
      <trkpt lat="51.85752147808671" lon="0.49858267419040203">
        <ele>66.19999694824219</ele>
        <time>2024-06-29T11:50:09Z</time>
        <extensions>
          <ns3:TrackPointExtension></ns3:TrackPointExtension>
        </extensions>
      </trkpt>
      <trkpt lat="51.858104104176164" lon="0.49878316931426525">
        <ele>64.5999984741211</ele>
        <time>2024-06-29T11:50:18Z</time>
        <extensions>
          <ns3:TrackPointExtension></ns3:TrackPointExtension>
        </extensions>
      </trkpt>
      <trkpt lat="51.85889250598848" lon="0.4987876955419779">
        <ele>65.0</ele>
        <time>2024-06-29T11:50:30Z</time>
        <extensions>
          <ns3:TrackPointExtension></ns3:TrackPointExtension>
        </extensions>
      </trkpt>
      <trkpt lat="51.859649224206805" lon="0.498893391340971">
        <ele>68.0</ele>
        <time>2024-06-29T11:50:41Z</time>
        <extensions>
          <ns3:TrackPointExtension></ns3:TrackPointExtension>
        </extensions>
      </trkpt>
      <trkpt lat="51.86154864728451" lon="0.4985100030899048">
        <ele>71.0</ele>
        <time>2024-06-29T11:51:13Z</time>
        <extensions>
          <ns3:TrackPointExtension></ns3:TrackPointExtension>
        </extensions>
      </trkpt>
      <trkpt lat="51.86195977963507" lon="0.4985063150525093">
        <ele>71.80000305175781</ele>
        <time>2024-06-29T11:51:20Z</time>
        <extensions>
          <ns3:TrackPointExtension></ns3:TrackPointExtension>
        </extensions>
      </trkpt>
      <trkpt lat="51.86273108236492" lon="0.49864537082612514">
        <ele>73.80000305175781</ele>
        <time>2024-06-29T11:51:34Z</time>
        <extensions>
          <ns3:TrackPointExtension></ns3:TrackPointExtension>
        </extensions>
      </trkpt>
      <trkpt lat="51.862958231940866" lon="0.49875869415700436">
        <ele>73.4000015258789</ele>
        <time>2024-06-29T11:51:38Z</time>
        <extensions>
          <ns3:TrackPointExtension></ns3:TrackPointExtension>
        </extensions>
      </trkpt>
      <trkpt lat="51.86367974616587" lon="0.49935976043343544">
        <ele>72.4000015258789</ele>
        <time>2024-06-29T11:51:51Z</time>
        <extensions>
          <ns3:TrackPointExtension></ns3:TrackPointExtension>
        </extensions>
      </trkpt>
      <trkpt lat="51.86405408196151" lon="0.49960643984377384">
        <ele>72.0</ele>
        <time>2024-06-29T11:51:57Z</time>
        <extensions>
          <ns3:TrackPointExtension></ns3:TrackPointExtension>
        </extensions>
      </trkpt>
      <trkpt lat="51.86503208242357" lon="0.49990097992122173">
        <ele>71.80000305175781</ele>
        <time>2024-06-29T11:52:12Z</time>
        <extensions>
          <ns3:TrackPointExtension></ns3:TrackPointExtension>
        </extensions>
      </trkpt>
      <trkpt lat="51.86602173373103" lon="0.5003422871232033">
        <ele>73.0</ele>
        <time>2024-06-29T11:52:28Z</time>
        <extensions>
          <ns3:TrackPointExtension></ns3:TrackPointExtension>
        </extensions>
      </trkpt>
      <trkpt lat="51.86639900319278" lon="0.5005678441375494">
        <ele>73.0</ele>
        <time>2024-06-29T11:52:36Z</time>
        <extensions>
          <ns3:TrackPointExtension></ns3:TrackPointExtension>
        </extensions>
      </trkpt>
      <trkpt lat="51.86677903868258" lon="0.5009145196527243">
        <ele>74.0</ele>
        <time>2024-06-29T11:52:44Z</time>
        <extensions>
          <ns3:TrackPointExtension></ns3:TrackPointExtension>
        </extensions>
      </trkpt>
      <trkpt lat="51.86711330898106" lon="0.501313665881753">
        <ele>75.0</ele>
        <time>2024-06-29T11:52:51Z</time>
        <extensions>
          <ns3:TrackPointExtension></ns3:TrackPointExtension>
        </extensions>
      </trkpt>
      <trkpt lat="51.867690570652485" lon="0.5021723080426455">
        <ele>73.80000305175781</ele>
        <time>2024-06-29T11:53:03Z</time>
        <extensions>
          <ns3:TrackPointExtension></ns3:TrackPointExtension>
        </extensions>
      </trkpt>
      <trkpt lat="51.868022829294205" lon="0.5025049857795238">
        <ele>74.0</ele>
        <time>2024-06-29T11:53:09Z</time>
        <extensions>
          <ns3:TrackPointExtension></ns3:TrackPointExtension>
        </extensions>
      </trkpt>
      <trkpt lat="51.86835743486881" lon="0.5029390007257462">
        <ele>75.5999984741211</ele>
        <time>2024-06-29T11:53:16Z</time>
        <extensions>
          <ns3:TrackPointExtension></ns3:TrackPointExtension>
        </extensions>
      </trkpt>
      <trkpt lat="51.8684808164835" lon="0.5031738616526127">
        <ele>75.80000305175781</ele>
        <time>2024-06-29T11:53:19Z</time>
        <extensions>
          <ns3:TrackPointExtension></ns3:TrackPointExtension>
        </extensions>
      </trkpt>
      <trkpt lat="51.8688106443733" lon="0.504258731380105">
        <ele>76.4000015258789</ele>
        <time>2024-06-29T11:53:31Z</time>
        <extensions>
          <ns3:TrackPointExtension></ns3:TrackPointExtension>
        </extensions>
      </trkpt>
      <trkpt lat="51.86901398934424" lon="0.5048184748739004">
        <ele>77.5999984741211</ele>
        <time>2024-06-29T11:53:39Z</time>
        <extensions>
          <ns3:TrackPointExtension></ns3:TrackPointExtension>
        </extensions>
      </trkpt>
      <trkpt lat="51.869437946006656" lon="0.5055013485252857">
        <ele>75.80000305175781</ele>
        <time>2024-06-29T11:53:52Z</time>
        <extensions>
          <ns3:TrackPointExtension></ns3:TrackPointExtension>
        </extensions>
      </trkpt>
      <trkpt lat="51.869782945141196" lon="0.5057637859135866">
        <ele>76.19999694824219</ele>
        <time>2024-06-29T11:54:00Z</time>
        <extensions>
          <ns3:TrackPointExtension></ns3:TrackPointExtension>
        </extensions>
      </trkpt>
      <trkpt lat="51.87041720375419" lon="0.5059733334928751">
        <ele>76.4000015258789</ele>
        <time>2024-06-29T11:54:12Z</time>
        <extensions>
          <ns3:TrackPointExtension></ns3:TrackPointExtension>
        </extensions>
      </trkpt>
      <trkpt lat="51.87081475742161" lon="0.5058560706675053">
        <ele>76.5999984741211</ele>
        <time>2024-06-29T11:54:17Z</time>
        <extensions>
          <ns3:TrackPointExtension></ns3:TrackPointExtension>
        </extensions>
      </trkpt>
      <trkpt lat="51.87146091833711" lon="0.505578126758337">
        <ele>78.0</ele>
        <time>2024-06-29T11:54:25Z</time>
        <extensions>
          <ns3:TrackPointExtension></ns3:TrackPointExtension>
        </extensions>
      </trkpt>
      <trkpt lat="51.87168714590371" lon="0.5055360496044159">
        <ele>77.19999694824219</ele>
        <time>2024-06-29T11:54:28Z</time>
        <extensions>
          <ns3:TrackPointExtension></ns3:TrackPointExtension>
        </extensions>
      </trkpt>
      <trkpt lat="51.87191681005061" lon="0.5055590160191059">
        <ele>77.0</ele>
        <time>2024-06-29T11:54:31Z</time>
        <extensions>
          <ns3:TrackPointExtension></ns3:TrackPointExtension>
        </extensions>
      </trkpt>
      <trkpt lat="51.8727564252913" lon="0.5057095550000668">
        <ele>78.5999984741211</ele>
        <time>2024-06-29T11:54:43Z</time>
        <extensions>
          <ns3:TrackPointExtension></ns3:TrackPointExtension>
        </extensions>
      </trkpt>
      <trkpt lat="51.872954070568085" lon="0.505773676559329">
        <ele>78.80000305175781</ele>
        <time>2024-06-29T11:54:49Z</time>
        <extensions>
          <ns3:TrackPointExtension></ns3:TrackPointExtension>
        </extensions>
      </trkpt>
      <trkpt lat="51.873125145211816" lon="0.5058947950601578">
        <ele>78.19999694824219</ele>
        <time>2024-06-29T11:54:58Z</time>
        <extensions>
          <ns3:TrackPointExtension></ns3:TrackPointExtension>
        </extensions>
      </trkpt>
      <trkpt lat="51.8737028259784" lon="0.5059623531997204">
        <ele>76.0</ele>
        <time>2024-06-29T11:57:38Z</time>
        <extensions>
          <ns3:TrackPointExtension></ns3:TrackPointExtension>
        </extensions>
      </trkpt>
      <trkpt lat="51.87449508346617" lon="0.5063845496624708">
        <ele>77.19999694824219</ele>
        <time>2024-06-29T11:57:53Z</time>
        <extensions>
          <ns3:TrackPointExtension></ns3:TrackPointExtension>
        </extensions>
      </trkpt>
      <trkpt lat="51.87472181394696" lon="0.5064635071903467">
        <ele>77.0</ele>
        <time>2024-06-29T11:57:57Z</time>
        <extensions>
          <ns3:TrackPointExtension></ns3:TrackPointExtension>
        </extensions>
      </trkpt>
      <trkpt lat="51.87514727935195" lon="0.5064621660858393">
        <ele>76.19999694824219</ele>
        <time>2024-06-29T11:58:29Z</time>
        <extensions>
          <ns3:TrackPointExtension></ns3:TrackPointExtension>
        </extensions>
      </trkpt>
      <trkpt lat="51.87524534761906" lon="0.5070873722434044">
        <ele>77.0</ele>
        <time>2024-06-29T11:58:40Z</time>
        <extensions>
          <ns3:TrackPointExtension></ns3:TrackPointExtension>
        </extensions>
      </trkpt>
      <trkpt lat="51.875461768358946" lon="0.5089803412556648">
        <ele>78.0</ele>
        <time>2024-06-29T11:59:02Z</time>
        <extensions>
          <ns3:TrackPointExtension></ns3:TrackPointExtension>
        </extensions>
      </trkpt>
      <trkpt lat="51.87551826238632" lon="0.5090613104403019">
        <ele>77.80000305175781</ele>
        <time>2024-06-29T11:59:05Z</time>
        <extensions>
          <ns3:TrackPointExtension></ns3:TrackPointExtension>
        </extensions>
      </trkpt>
      <trkpt lat="51.875505186617374" lon="0.5089765693992376">
        <ele>78.0</ele>
        <time>2024-06-29T12:22:11Z</time>
        <extensions>
          <ns3:TrackPointExtension></ns3:TrackPointExtension>
        </extensions>
      </trkpt>
      <trkpt lat="51.875553131103516" lon="0.5090249329805374">
        <ele>78.0</ele>
        <time>2024-06-29T12:43:39Z</time>
        <extensions>
          <ns3:TrackPointExtension></ns3:TrackPointExtension>
        </extensions>
      </trkpt>
      <trkpt lat="51.8755747564137" lon="0.5090024694800377">
        <ele>78.0</ele>
        <time>2024-06-29T13:05:18Z</time>
        <extensions>
          <ns3:TrackPointExtension></ns3:TrackPointExtension>
        </extensions>
      </trkpt>
      <trkpt lat="51.875449949875474" lon="0.5091800820082426">
        <ele>77.19999694824219</ele>
        <time>2024-06-29T13:21:20Z</time>
        <extensions>
          <ns3:TrackPointExtension></ns3:TrackPointExtension>
        </extensions>
      </trkpt>
      <trkpt lat="51.87544425018132" lon="0.5094620492309332">
        <ele>77.0</ele>
        <time>2024-06-29T13:21:26Z</time>
        <extensions>
          <ns3:TrackPointExtension></ns3:TrackPointExtension>
        </extensions>
      </trkpt>
      <trkpt lat="51.87558280304074" lon="0.5102350283414125">
        <ele>75.80000305175781</ele>
        <time>2024-06-29T13:21:35Z</time>
        <extensions>
          <ns3:TrackPointExtension></ns3:TrackPointExtension>
        </extensions>
      </trkpt>
      <trkpt lat="51.875655222684145" lon="0.5108791776001453">
        <ele>74.0</ele>
        <time>2024-06-29T13:21:41Z</time>
        <extensions>
          <ns3:TrackPointExtension></ns3:TrackPointExtension>
        </extensions>
      </trkpt>
      <trkpt lat="51.87575404532254" lon="0.5123805440962315">
        <ele>73.5999984741211</ele>
        <time>2024-06-29T13:21:53Z</time>
        <extensions>
          <ns3:TrackPointExtension></ns3:TrackPointExtension>
        </extensions>
      </trkpt>
      <trkpt lat="51.875992929562926" lon="0.5138976685702801">
        <ele>69.0</ele>
        <time>2024-06-29T13:22:43Z</time>
        <extensions>
          <ns3:TrackPointExtension></ns3:TrackPointExtension>
        </extensions>
      </trkpt>
      <trkpt lat="51.876324685290456" lon="0.5151429679244757">
        <ele>67.19999694824219</ele>
        <time>2024-06-29T13:22:51Z</time>
        <extensions>
          <ns3:TrackPointExtension></ns3:TrackPointExtension>
        </extensions>
      </trkpt>
      <trkpt lat="51.87645443715155" lon="0.5157929006963968">
        <ele>66.0</ele>
        <time>2024-06-29T13:22:55Z</time>
        <extensions>
          <ns3:TrackPointExtension></ns3:TrackPointExtension>
        </extensions>
      </trkpt>
      <trkpt lat="51.87648695893586" lon="0.5161319486796856">
        <ele>65.0</ele>
        <time>2024-06-29T13:22:57Z</time>
        <extensions>
          <ns3:TrackPointExtension></ns3:TrackPointExtension>
        </extensions>
      </trkpt>
      <trkpt lat="51.87649441882968" lon="0.5175618175417185">
        <ele>63.0</ele>
        <time>2024-06-29T13:23:05Z</time>
        <extensions>
          <ns3:TrackPointExtension></ns3:TrackPointExtension>
        </extensions>
      </trkpt>
      <trkpt lat="51.87665803357959" lon="0.519047174602747">
        <ele>59.400001525878906</ele>
        <time>2024-06-29T13:23:13Z</time>
        <extensions>
          <ns3:TrackPointExtension></ns3:TrackPointExtension>
        </extensions>
      </trkpt>
      <trkpt lat="51.87685593031347" lon="0.5217281263321638">
        <ele>57.79999923706055</ele>
        <time>2024-06-29T13:23:29Z</time>
        <extensions>
          <ns3:TrackPointExtension></ns3:TrackPointExtension>
        </extensions>
      </trkpt>
      <trkpt lat="51.87728114426136" lon="0.5261938367038965">
        <ele>51.20000076293945</ele>
        <time>2024-06-29T13:23:57Z</time>
        <extensions>
          <ns3:TrackPointExtension></ns3:TrackPointExtension>
        </extensions>
      </trkpt>
      <trkpt lat="51.87737359665334" lon="0.5278565548360348">
        <ele>49.79999923706055</ele>
        <time>2024-06-29T13:24:07Z</time>
        <extensions>
          <ns3:TrackPointExtension></ns3:TrackPointExtension>
        </extensions>
      </trkpt>
      <trkpt lat="51.87756017781794" lon="0.5297647789120674">
        <ele>50.20000076293945</ele>
        <time>2024-06-29T13:24:22Z</time>
        <extensions>
          <ns3:TrackPointExtension></ns3:TrackPointExtension>
        </extensions>
      </trkpt>
      <trkpt lat="51.87770342454314" lon="0.5307171307504177">
        <ele>55.20000076293945</ele>
        <time>2024-06-29T13:24:34Z</time>
        <extensions>
          <ns3:TrackPointExtension></ns3:TrackPointExtension>
        </extensions>
      </trkpt>
      <trkpt lat="51.87785522080958" lon="0.5321050900965929">
        <ele>61.20000076293945</ele>
        <time>2024-06-29T13:24:56Z</time>
        <extensions>
          <ns3:TrackPointExtension></ns3:TrackPointExtension>
        </extensions>
      </trkpt>
      <trkpt lat="51.87799829989672" lon="0.5329372454434633">
        <ele>64.0</ele>
        <time>2024-06-29T13:25:07Z</time>
        <extensions>
          <ns3:TrackPointExtension></ns3:TrackPointExtension>
        </extensions>
      </trkpt>
      <trkpt lat="51.87809016555548" lon="0.5342109594494104">
        <ele>66.4000015258789</ele>
        <time>2024-06-29T13:25:27Z</time>
        <extensions>
          <ns3:TrackPointExtension></ns3:TrackPointExtension>
        </extensions>
      </trkpt>
      <trkpt lat="51.87816015444696" lon="0.5344862211495638">
        <ele>67.0</ele>
        <time>2024-06-29T13:25:32Z</time>
        <extensions>
          <ns3:TrackPointExtension></ns3:TrackPointExtension>
        </extensions>
      </trkpt>
      <trkpt lat="51.87831890769303" lon="0.5348058231174946">
        <ele>67.19999694824219</ele>
        <time>2024-06-29T13:25:42Z</time>
        <extensions>
          <ns3:TrackPointExtension></ns3:TrackPointExtension>
        </extensions>
      </trkpt>
      <trkpt lat="51.87834061682224" lon="0.5351369082927704">
        <ele>67.5999984741211</ele>
        <time>2024-06-29T13:25:46Z</time>
        <extensions>
          <ns3:TrackPointExtension></ns3:TrackPointExtension>
        </extensions>
      </trkpt>
      <trkpt lat="51.878302982077" lon="0.5356127489358187">
        <ele>68.5999984741211</ele>
        <time>2024-06-29T13:25:52Z</time>
        <extensions>
          <ns3:TrackPointExtension></ns3:TrackPointExtension>
        </extensions>
      </trkpt>
      <trkpt lat="51.87853390350938" lon="0.5371610540896654">
        <ele>70.0</ele>
        <time>2024-06-29T13:26:15Z</time>
        <extensions>
          <ns3:TrackPointExtension></ns3:TrackPointExtension>
        </extensions>
      </trkpt>
      <trkpt lat="51.8787953350693" lon="0.5398212186992168">
        <ele>71.0</ele>
        <time>2024-06-29T13:26:41Z</time>
        <extensions>
          <ns3:TrackPointExtension></ns3:TrackPointExtension>
        </extensions>
      </trkpt>
      <trkpt lat="51.87883305363357" lon="0.5404316727072">
        <ele>71.5999984741211</ele>
        <time>2024-06-29T13:26:47Z</time>
        <extensions>
          <ns3:TrackPointExtension></ns3:TrackPointExtension>
        </extensions>
      </trkpt>
      <trkpt lat="51.87888921238482" lon="0.543294008821249">
        <ele>69.4000015258789</ele>
        <time>2024-06-29T13:27:11Z</time>
        <extensions>
          <ns3:TrackPointExtension></ns3:TrackPointExtension>
        </extensions>
      </trkpt>
      <trkpt lat="51.87910412438214" lon="0.5456707812845707">
        <ele>70.4000015258789</ele>
        <time>2024-06-29T13:27:45Z</time>
        <extensions>
          <ns3:TrackPointExtension></ns3:TrackPointExtension>
        </extensions>
      </trkpt>
      <trkpt lat="51.879111248999834" lon="0.5459905508905649">
        <ele>71.5999984741211</ele>
        <time>2024-06-29T13:27:54Z</time>
        <extensions>
          <ns3:TrackPointExtension></ns3:TrackPointExtension>
        </extensions>
      </trkpt>
    </trkseg>
  </trk>
</gpx>