<?xml version="1.0" encoding="UTF-8"?>
<gpx xmlns="http://www.topografix.com/GPX/1/1" xmlns:ns2="http://www.garmin.com/xmlschemas/GpxExtensions/v3" xmlns:ns3="http://www.garmin.com/xmlschemas/TrackPointExtension/v1" xmlns:xsi="http://www.w3.org/2001/XMLSchema-instance" xsi:schemaLocation="http://www.topografix.com/GPX/1/1 http://www.topografix.com/GPX/11.xsd" version="1.1" creator="Garmin Connect">
  <metadata>
    <link href="connect.garmin.com">
      <text>Garmin Connect</text>
    </link>
    <time>2024-09-14T07:45:57Z</time>
  </metadata>
  <trk>
    <name>Braintree Road Cycling</name>
    <type>road_biking</type>
    <trkseg>
      <trkpt lat="51.879111751914024" lon="0.5477874632924795">
        <ele>70.4000015258789</ele>
        <time>2024-09-14T07:48:04Z</time>
        <extensions>
          <ns3:TrackPointExtension>
            <ns3:atemp>15.0</ns3:atemp>
          </ns3:TrackPointExtension>
        </extensions>
      </trkpt>
      <trkpt lat="51.879044864326715" lon="0.5459485575556755">
        <ele>70.4000015258789</ele>
        <time>2024-09-14T07:48:21Z</time>
        <extensions>
          <ns3:TrackPointExtension>
            <ns3:atemp>15.0</ns3:atemp>
          </ns3:TrackPointExtension>
        </extensions>
      </trkpt>
      <trkpt lat="51.8788175471127" lon="0.5428718123584986">
        <ele>70.5999984741211</ele>
        <time>2024-09-14T07:48:49Z</time>
        <extensions>
          <ns3:TrackPointExtension>
            <ns3:atemp>14.0</ns3:atemp>
          </ns3:TrackPointExtension>
        </extensions>
      </trkpt>
      <trkpt lat="51.878755101934075" lon="0.5402941256761551">
        <ele>71.0</ele>
        <time>2024-09-14T07:49:13Z</time>
        <extensions>
          <ns3:TrackPointExtension>
            <ns3:atemp>14.0</ns3:atemp>
          </ns3:TrackPointExtension>
        </extensions>
      </trkpt>
      <trkpt lat="51.878612441942096" lon="0.5385774280875921">
        <ele>70.80000305175781</ele>
        <time>2024-09-14T07:49:29Z</time>
        <extensions>
          <ns3:TrackPointExtension>
            <ns3:atemp>14.0</ns3:atemp>
          </ns3:TrackPointExtension>
        </extensions>
      </trkpt>
      <trkpt lat="51.87845385633409" lon="0.5370593816041946">
        <ele>70.5999984741211</ele>
        <time>2024-09-14T07:49:43Z</time>
        <extensions>
          <ns3:TrackPointExtension>
            <ns3:atemp>14.0</ns3:atemp>
          </ns3:TrackPointExtension>
        </extensions>
      </trkpt>
      <trkpt lat="51.87818965874612" lon="0.5354417581111193">
        <ele>68.5999984741211</ele>
        <time>2024-09-14T07:49:58Z</time>
        <extensions>
          <ns3:TrackPointExtension>
            <ns3:atemp>14.0</ns3:atemp>
          </ns3:TrackPointExtension>
        </extensions>
      </trkpt>
      <trkpt lat="51.87806292437017" lon="0.5350349843502045">
        <ele>68.0</ele>
        <time>2024-09-14T07:50:02Z</time>
        <extensions>
          <ns3:TrackPointExtension>
            <ns3:atemp>14.0</ns3:atemp>
          </ns3:TrackPointExtension>
        </extensions>
      </trkpt>
      <trkpt lat="51.878077425062656" lon="0.5346246063709259">
        <ele>67.4000015258789</ele>
        <time>2024-09-14T07:50:05Z</time>
        <extensions>
          <ns3:TrackPointExtension>
            <ns3:atemp>14.0</ns3:atemp>
          </ns3:TrackPointExtension>
        </extensions>
      </trkpt>
      <trkpt lat="51.877948343753815" lon="0.5330263450741768">
        <ele>63.400001525878906</ele>
        <time>2024-09-14T07:50:15Z</time>
        <extensions>
          <ns3:TrackPointExtension>
            <ns3:atemp>14.0</ns3:atemp>
          </ns3:TrackPointExtension>
        </extensions>
      </trkpt>
      <trkpt lat="51.8775241356343" lon="0.5298902560025454">
        <ele>55.599998474121094</ele>
        <time>2024-09-14T07:50:34Z</time>
        <extensions>
          <ns3:TrackPointExtension>
            <ns3:atemp>14.0</ns3:atemp>
          </ns3:TrackPointExtension>
        </extensions>
      </trkpt>
      <trkpt lat="51.87725180760026" lon="0.527539299800992">
        <ele>49.599998474121094</ele>
        <time>2024-09-14T07:50:48Z</time>
        <extensions>
          <ns3:TrackPointExtension>
            <ns3:atemp>14.0</ns3:atemp>
          </ns3:TrackPointExtension>
        </extensions>
      </trkpt>
      <trkpt lat="51.87715692445636" lon="0.5258366838097572">
        <ele>50.400001525878906</ele>
        <time>2024-09-14T07:51:01Z</time>
        <extensions>
          <ns3:TrackPointExtension>
            <ns3:atemp>13.0</ns3:atemp>
          </ns3:TrackPointExtension>
        </extensions>
      </trkpt>
      <trkpt lat="51.876827934756875" lon="0.5225505586713552">
        <ele>58.79999923706055</ele>
        <time>2024-09-14T07:51:44Z</time>
        <extensions>
          <ns3:TrackPointExtension>
            <ns3:atemp>13.0</ns3:atemp>
          </ns3:TrackPointExtension>
        </extensions>
      </trkpt>
      <trkpt lat="51.876650070771575" lon="0.5203519854694605">
        <ele>60.79999923706055</ele>
        <time>2024-09-14T07:52:11Z</time>
        <extensions>
          <ns3:TrackPointExtension>
            <ns3:atemp>13.0</ns3:atemp>
          </ns3:TrackPointExtension>
        </extensions>
      </trkpt>
      <trkpt lat="51.87637330032885" lon="0.517517477273941">
        <ele>60.79999923706055</ele>
        <time>2024-09-14T07:52:38Z</time>
        <extensions>
          <ns3:TrackPointExtension>
            <ns3:atemp>13.0</ns3:atemp>
          </ns3:TrackPointExtension>
        </extensions>
      </trkpt>
      <trkpt lat="51.87638645991683" lon="0.5161805637180805">
        <ele>63.599998474121094</ele>
        <time>2024-09-14T07:52:55Z</time>
        <extensions>
          <ns3:TrackPointExtension>
            <ns3:atemp>13.0</ns3:atemp>
          </ns3:TrackPointExtension>
        </extensions>
      </trkpt>
      <trkpt lat="51.87634890899062" lon="0.51572953350842">
        <ele>64.19999694824219</ele>
        <time>2024-09-14T07:53:01Z</time>
        <extensions>
          <ns3:TrackPointExtension>
            <ns3:atemp>13.0</ns3:atemp>
          </ns3:TrackPointExtension>
        </extensions>
      </trkpt>
      <trkpt lat="51.87628629617393" lon="0.5153508391231298">
        <ele>64.5999984741211</ele>
        <time>2024-09-14T07:53:06Z</time>
        <extensions>
          <ns3:TrackPointExtension>
            <ns3:atemp>13.0</ns3:atemp>
          </ns3:TrackPointExtension>
        </extensions>
      </trkpt>
      <trkpt lat="51.876024613156915" lon="0.514382729306817">
        <ele>66.5999984741211</ele>
        <time>2024-09-14T07:53:21Z</time>
        <extensions>
          <ns3:TrackPointExtension>
            <ns3:atemp>13.0</ns3:atemp>
          </ns3:TrackPointExtension>
        </extensions>
      </trkpt>
      <trkpt lat="51.875897040590644" lon="0.5137383285909891">
        <ele>68.19999694824219</ele>
        <time>2024-09-14T07:53:58Z</time>
        <extensions>
          <ns3:TrackPointExtension>
            <ns3:atemp>13.0</ns3:atemp>
          </ns3:TrackPointExtension>
        </extensions>
      </trkpt>
      <trkpt lat="51.87572982162237" lon="0.5124294944107533">
        <ele>71.4000015258789</ele>
        <time>2024-09-14T07:54:16Z</time>
        <extensions>
          <ns3:TrackPointExtension>
            <ns3:atemp>13.0</ns3:atemp>
          </ns3:TrackPointExtension>
        </extensions>
      </trkpt>
      <trkpt lat="51.87557341530919" lon="0.5105598270893097">
        <ele>74.5999984741211</ele>
        <time>2024-09-14T07:54:42Z</time>
        <extensions>
          <ns3:TrackPointExtension>
            <ns3:atemp>13.0</ns3:atemp>
          </ns3:TrackPointExtension>
        </extensions>
      </trkpt>
      <trkpt lat="51.875487668439746" lon="0.5101130716502666">
        <ele>75.19999694824219</ele>
        <time>2024-09-14T07:54:48Z</time>
        <extensions>
          <ns3:TrackPointExtension>
            <ns3:atemp>13.0</ns3:atemp>
          </ns3:TrackPointExtension>
        </extensions>
      </trkpt>
      <trkpt lat="51.875366969034076" lon="0.5091345682740211">
        <ele>76.19999694824219</ele>
        <time>2024-09-14T07:55:00Z</time>
        <extensions>
          <ns3:TrackPointExtension>
            <ns3:atemp>13.0</ns3:atemp>
          </ns3:TrackPointExtension>
        </extensions>
      </trkpt>
      <trkpt lat="51.87515398487449" lon="0.5067381821572781">
        <ele>77.0</ele>
        <time>2024-09-14T07:55:29Z</time>
        <extensions>
          <ns3:TrackPointExtension>
            <ns3:atemp>13.0</ns3:atemp>
          </ns3:TrackPointExtension>
        </extensions>
      </trkpt>
      <trkpt lat="51.87511266209185" lon="0.5066289659589529">
        <ele>77.0</ele>
        <time>2024-09-14T07:55:31Z</time>
        <extensions>
          <ns3:TrackPointExtension>
            <ns3:atemp>13.0</ns3:atemp>
          </ns3:TrackPointExtension>
        </extensions>
      </trkpt>
      <trkpt lat="51.87504032626748" lon="0.5065680295228958">
        <ele>77.0</ele>
        <time>2024-09-14T07:55:33Z</time>
        <extensions>
          <ns3:TrackPointExtension>
            <ns3:atemp>13.0</ns3:atemp>
          </ns3:TrackPointExtension>
        </extensions>
      </trkpt>
      <trkpt lat="51.87449583783746" lon="0.5064699612557888">
        <ele>77.4000015258789</ele>
        <time>2024-09-14T07:55:45Z</time>
        <extensions>
          <ns3:TrackPointExtension>
            <ns3:atemp>13.0</ns3:atemp>
          </ns3:TrackPointExtension>
        </extensions>
      </trkpt>
      <trkpt lat="51.873589251190424" lon="0.5060381256043911">
        <ele>77.80000305175781</ele>
        <time>2024-09-14T07:56:04Z</time>
        <extensions>
          <ns3:TrackPointExtension>
            <ns3:atemp>13.0</ns3:atemp>
          </ns3:TrackPointExtension>
        </extensions>
      </trkpt>
      <trkpt lat="51.873423121869564" lon="0.5060962121933699">
        <ele>77.80000305175781</ele>
        <time>2024-09-14T07:56:11Z</time>
        <extensions>
          <ns3:TrackPointExtension>
            <ns3:atemp>13.0</ns3:atemp>
          </ns3:TrackPointExtension>
        </extensions>
      </trkpt>
      <trkpt lat="51.87341029755771" lon="0.5060285702347755">
        <ele>77.5999984741211</ele>
        <time>2024-09-14T08:06:46Z</time>
        <extensions>
          <ns3:TrackPointExtension>
            <ns3:atemp>13.0</ns3:atemp>
          </ns3:TrackPointExtension>
        </extensions>
      </trkpt>
      <trkpt lat="51.87336050905287" lon="0.5059911031275988">
        <ele>77.4000015258789</ele>
        <time>2024-09-14T08:06:49Z</time>
        <extensions>
          <ns3:TrackPointExtension>
            <ns3:atemp>13.0</ns3:atemp>
          </ns3:TrackPointExtension>
        </extensions>
      </trkpt>
      <trkpt lat="51.87302213162184" lon="0.5059522949159145">
        <ele>77.5999984741211</ele>
        <time>2024-09-14T08:07:10Z</time>
        <extensions>
          <ns3:TrackPointExtension>
            <ns3:atemp>13.0</ns3:atemp>
          </ns3:TrackPointExtension>
        </extensions>
      </trkpt>
      <trkpt lat="51.87290989793837" lon="0.5058219563215971">
        <ele>77.19999694824219</ele>
        <time>2024-09-14T08:07:18Z</time>
        <extensions>
          <ns3:TrackPointExtension>
            <ns3:atemp>13.0</ns3:atemp>
          </ns3:TrackPointExtension>
        </extensions>
      </trkpt>
      <trkpt lat="51.87287528067827" lon="0.5058330204337835">
        <ele>77.0</ele>
        <time>2024-09-14T08:07:20Z</time>
        <extensions>
          <ns3:TrackPointExtension>
            <ns3:atemp>13.0</ns3:atemp>
          </ns3:TrackPointExtension>
        </extensions>
      </trkpt>
      <trkpt lat="51.87295809388161" lon="0.5059770215302706">
        <ele>76.5999984741211</ele>
        <time>2024-09-14T08:07:26Z</time>
        <extensions>
          <ns3:TrackPointExtension>
            <ns3:atemp>13.0</ns3:atemp>
          </ns3:TrackPointExtension>
        </extensions>
      </trkpt>
      <trkpt lat="51.87300964258611" lon="0.5062294844537973">
        <ele>76.80000305175781</ele>
        <time>2024-09-14T08:07:31Z</time>
        <extensions>
          <ns3:TrackPointExtension>
            <ns3:atemp>13.0</ns3:atemp>
          </ns3:TrackPointExtension>
        </extensions>
      </trkpt>
      <trkpt lat="51.873672315850854" lon="0.5122933723032475">
        <ele>74.19999694824219</ele>
        <time>2024-09-14T08:08:32Z</time>
        <extensions>
          <ns3:TrackPointExtension>
            <ns3:atemp>14.0</ns3:atemp>
          </ns3:TrackPointExtension>
        </extensions>
      </trkpt>
      <trkpt lat="51.87379536218941" lon="0.5132799223065376">
        <ele>73.19999694824219</ele>
        <time>2024-09-14T08:08:42Z</time>
        <extensions>
          <ns3:TrackPointExtension>
            <ns3:atemp>14.0</ns3:atemp>
          </ns3:TrackPointExtension>
        </extensions>
      </trkpt>
      <trkpt lat="51.873846827074885" lon="0.5134264379739761">
        <ele>73.80000305175781</ele>
        <time>2024-09-14T08:08:44Z</time>
        <extensions>
          <ns3:TrackPointExtension>
            <ns3:atemp>14.0</ns3:atemp>
          </ns3:TrackPointExtension>
        </extensions>
      </trkpt>
      <trkpt lat="51.8739618267864" lon="0.5135108437389135">
        <ele>74.80000305175781</ele>
        <time>2024-09-14T08:08:47Z</time>
        <extensions>
          <ns3:TrackPointExtension>
            <ns3:atemp>14.0</ns3:atemp>
          </ns3:TrackPointExtension>
        </extensions>
      </trkpt>
      <trkpt lat="51.87445669434965" lon="0.513360220938921">
        <ele>75.80000305175781</ele>
        <time>2024-09-14T08:08:55Z</time>
        <extensions>
          <ns3:TrackPointExtension>
            <ns3:atemp>14.0</ns3:atemp>
          </ns3:TrackPointExtension>
        </extensions>
      </trkpt>
      <trkpt lat="51.875250209122896" lon="0.5133021343499422">
        <ele>72.0</ele>
        <time>2024-09-14T08:09:05Z</time>
        <extensions>
          <ns3:TrackPointExtension>
            <ns3:atemp>14.0</ns3:atemp>
          </ns3:TrackPointExtension>
        </extensions>
      </trkpt>
      <trkpt lat="51.875837529078126" lon="0.5134082492440939">
        <ele>70.0</ele>
        <time>2024-09-14T08:09:27Z</time>
        <extensions>
          <ns3:TrackPointExtension>
            <ns3:atemp>14.0</ns3:atemp>
          </ns3:TrackPointExtension>
        </extensions>
      </trkpt>
      <trkpt lat="51.87604146078229" lon="0.5135599616914988">
        <ele>69.5999984741211</ele>
        <time>2024-09-14T08:09:32Z</time>
        <extensions>
          <ns3:TrackPointExtension>
            <ns3:atemp>14.0</ns3:atemp>
          </ns3:TrackPointExtension>
        </extensions>
      </trkpt>
      <trkpt lat="51.87614372000098" lon="0.5135824251919985">
        <ele>69.5999984741211</ele>
        <time>2024-09-14T08:09:34Z</time>
        <extensions>
          <ns3:TrackPointExtension>
            <ns3:atemp>14.0</ns3:atemp>
          </ns3:TrackPointExtension>
        </extensions>
      </trkpt>
      <trkpt lat="51.877076625823975" lon="0.5136018712073565">
        <ele>67.4000015258789</ele>
        <time>2024-09-14T08:09:47Z</time>
        <extensions>
          <ns3:TrackPointExtension>
            <ns3:atemp>14.0</ns3:atemp>
          </ns3:TrackPointExtension>
        </extensions>
      </trkpt>
      <trkpt lat="51.87737409956753" lon="0.5135132744908333">
        <ele>66.80000305175781</ele>
        <time>2024-09-14T08:09:51Z</time>
        <extensions>
          <ns3:TrackPointExtension>
            <ns3:atemp>14.0</ns3:atemp>
          </ns3:TrackPointExtension>
        </extensions>
      </trkpt>
      <trkpt lat="51.877499828115106" lon="0.513428533449769">
        <ele>66.5999984741211</ele>
        <time>2024-09-14T08:09:53Z</time>
        <extensions>
          <ns3:TrackPointExtension>
            <ns3:atemp>14.0</ns3:atemp>
          </ns3:TrackPointExtension>
        </extensions>
      </trkpt>
      <trkpt lat="51.877599488943815" lon="0.5132991168648005">
        <ele>66.5999984741211</ele>
        <time>2024-09-14T08:09:55Z</time>
        <extensions>
          <ns3:TrackPointExtension>
            <ns3:atemp>14.0</ns3:atemp>
          </ns3:TrackPointExtension>
        </extensions>
      </trkpt>
      <trkpt lat="51.87782353721559" lon="0.5125670414417982">
        <ele>67.19999694824219</ele>
        <time>2024-09-14T08:10:03Z</time>
        <extensions>
          <ns3:TrackPointExtension>
            <ns3:atemp>14.0</ns3:atemp>
          </ns3:TrackPointExtension>
        </extensions>
      </trkpt>
      <trkpt lat="51.878198962658644" lon="0.5119557492434978">
        <ele>67.0</ele>
        <time>2024-09-14T08:10:11Z</time>
        <extensions>
          <ns3:TrackPointExtension>
            <ns3:atemp>14.0</ns3:atemp>
          </ns3:TrackPointExtension>
        </extensions>
      </trkpt>
      <trkpt lat="51.87837020494044" lon="0.5115234944969416">
        <ele>66.4000015258789</ele>
        <time>2024-09-14T08:10:15Z</time>
        <extensions>
          <ns3:TrackPointExtension>
            <ns3:atemp>14.0</ns3:atemp>
          </ns3:TrackPointExtension>
        </extensions>
      </trkpt>
      <trkpt lat="51.878801453858614" lon="0.5097687430679798">
        <ele>65.4000015258789</ele>
        <time>2024-09-14T08:10:30Z</time>
        <extensions>
          <ns3:TrackPointExtension>
            <ns3:atemp>14.0</ns3:atemp>
          </ns3:TrackPointExtension>
        </extensions>
      </trkpt>
      <trkpt lat="51.879274444654584" lon="0.5071697663515806">
        <ele>72.19999694824219</ele>
        <time>2024-09-14T08:10:59Z</time>
        <extensions>
          <ns3:TrackPointExtension>
            <ns3:atemp>14.0</ns3:atemp>
          </ns3:TrackPointExtension>
        </extensions>
      </trkpt>
      <trkpt lat="51.879574181512" lon="0.5062533728778362">
        <ele>73.19999694824219</ele>
        <time>2024-09-14T08:11:09Z</time>
        <extensions>
          <ns3:TrackPointExtension>
            <ns3:atemp>14.0</ns3:atemp>
          </ns3:TrackPointExtension>
        </extensions>
      </trkpt>
      <trkpt lat="51.879918929189444" lon="0.505438819527626">
        <ele>73.4000015258789</ele>
        <time>2024-09-14T08:11:18Z</time>
        <extensions>
          <ns3:TrackPointExtension>
            <ns3:atemp>14.0</ns3:atemp>
          </ns3:TrackPointExtension>
        </extensions>
      </trkpt>
      <trkpt lat="51.880015237256885" lon="0.5050572752952576">
        <ele>73.80000305175781</ele>
        <time>2024-09-14T08:11:22Z</time>
        <extensions>
          <ns3:TrackPointExtension>
            <ns3:atemp>14.0</ns3:atemp>
          </ns3:TrackPointExtension>
        </extensions>
      </trkpt>
      <trkpt lat="51.88008438795805" lon="0.5045092664659023">
        <ele>74.19999694824219</ele>
        <time>2024-09-14T08:11:28Z</time>
        <extensions>
          <ns3:TrackPointExtension>
            <ns3:atemp>14.0</ns3:atemp>
          </ns3:TrackPointExtension>
        </extensions>
      </trkpt>
      <trkpt lat="51.88008941709995" lon="0.5039514508098364">
        <ele>74.80000305175781</ele>
        <time>2024-09-14T08:11:34Z</time>
        <extensions>
          <ns3:TrackPointExtension>
            <ns3:atemp>14.0</ns3:atemp>
          </ns3:TrackPointExtension>
        </extensions>
      </trkpt>
      <trkpt lat="51.87989076599479" lon="0.5023442208766937">
        <ele>76.5999984741211</ele>
        <time>2024-09-14T08:11:50Z</time>
        <extensions>
          <ns3:TrackPointExtension>
            <ns3:atemp>14.0</ns3:atemp>
          </ns3:TrackPointExtension>
        </extensions>
      </trkpt>
      <trkpt lat="51.879856484010816" lon="0.5017182603478432">
        <ele>77.0</ele>
        <time>2024-09-14T08:11:56Z</time>
        <extensions>
          <ns3:TrackPointExtension>
            <ns3:atemp>14.0</ns3:atemp>
          </ns3:TrackPointExtension>
        </extensions>
      </trkpt>
      <trkpt lat="51.87987224198878" lon="0.5009028688073158">
        <ele>76.80000305175781</ele>
        <time>2024-09-14T08:12:03Z</time>
        <extensions>
          <ns3:TrackPointExtension>
            <ns3:atemp>14.0</ns3:atemp>
          </ns3:TrackPointExtension>
        </extensions>
      </trkpt>
      <trkpt lat="51.87997089698911" lon="0.5002437997609377">
        <ele>76.5999984741211</ele>
        <time>2024-09-14T08:12:09Z</time>
        <extensions>
          <ns3:TrackPointExtension>
            <ns3:atemp>14.0</ns3:atemp>
          </ns3:TrackPointExtension>
        </extensions>
      </trkpt>
      <trkpt lat="51.88007567077875" lon="0.49992981366813183">
        <ele>76.80000305175781</ele>
        <time>2024-09-14T08:12:12Z</time>
        <extensions>
          <ns3:TrackPointExtension>
            <ns3:atemp>14.0</ns3:atemp>
          </ns3:TrackPointExtension>
        </extensions>
      </trkpt>
      <trkpt lat="51.88042595051229" lon="0.49912297166883945">
        <ele>76.4000015258789</ele>
        <time>2024-09-14T08:12:20Z</time>
        <extensions>
          <ns3:TrackPointExtension>
            <ns3:atemp>14.0</ns3:atemp>
          </ns3:TrackPointExtension>
        </extensions>
      </trkpt>
      <trkpt lat="51.880827778950334" lon="0.4980008024722338">
        <ele>76.5999984741211</ele>
        <time>2024-09-14T08:12:31Z</time>
        <extensions>
          <ns3:TrackPointExtension>
            <ns3:atemp>13.0</ns3:atemp>
          </ns3:TrackPointExtension>
        </extensions>
      </trkpt>
      <trkpt lat="51.88109960407019" lon="0.49746762961149216">
        <ele>76.80000305175781</ele>
        <time>2024-09-14T08:12:37Z</time>
        <extensions>
          <ns3:TrackPointExtension>
            <ns3:atemp>13.0</ns3:atemp>
          </ns3:TrackPointExtension>
        </extensions>
      </trkpt>
      <trkpt lat="51.881447872146964" lon="0.4970191977918148">
        <ele>76.5999984741211</ele>
        <time>2024-09-14T08:12:43Z</time>
        <extensions>
          <ns3:TrackPointExtension>
            <ns3:atemp>13.0</ns3:atemp>
          </ns3:TrackPointExtension>
        </extensions>
      </trkpt>
      <trkpt lat="51.88208028674126" lon="0.49652567133307457">
        <ele>76.0</ele>
        <time>2024-09-14T08:12:52Z</time>
        <extensions>
          <ns3:TrackPointExtension>
            <ns3:atemp>13.0</ns3:atemp>
          </ns3:TrackPointExtension>
        </extensions>
      </trkpt>
      <trkpt lat="51.88297958113253" lon="0.49594564363360405">
        <ele>76.19999694824219</ele>
        <time>2024-09-14T08:13:05Z</time>
        <extensions>
          <ns3:TrackPointExtension>
            <ns3:atemp>13.0</ns3:atemp>
          </ns3:TrackPointExtension>
        </extensions>
      </trkpt>
      <trkpt lat="51.883577378466725" lon="0.49546527676284313">
        <ele>74.80000305175781</ele>
        <time>2024-09-14T08:13:14Z</time>
        <extensions>
          <ns3:TrackPointExtension>
            <ns3:atemp>14.0</ns3:atemp>
          </ns3:TrackPointExtension>
        </extensions>
      </trkpt>
      <trkpt lat="51.883902847766876" lon="0.4952588304877281">
        <ele>74.5999984741211</ele>
        <time>2024-09-14T08:13:18Z</time>
        <extensions>
          <ns3:TrackPointExtension>
            <ns3:atemp>14.0</ns3:atemp>
          </ns3:TrackPointExtension>
        </extensions>
      </trkpt>
      <trkpt lat="51.884068977087736" lon="0.4952216148376465">
        <ele>74.4000015258789</ele>
        <time>2024-09-14T08:13:20Z</time>
        <extensions>
          <ns3:TrackPointExtension>
            <ns3:atemp>14.0</ns3:atemp>
          </ns3:TrackPointExtension>
        </extensions>
      </trkpt>
      <trkpt lat="51.88424206338823" lon="0.4952664580196142">
        <ele>74.0</ele>
        <time>2024-09-14T08:13:22Z</time>
        <extensions>
          <ns3:TrackPointExtension>
            <ns3:atemp>14.0</ns3:atemp>
          </ns3:TrackPointExtension>
        </extensions>
      </trkpt>
      <trkpt lat="51.88467985019088" lon="0.49567054957151413">
        <ele>73.0</ele>
        <time>2024-09-14T08:13:28Z</time>
        <extensions>
          <ns3:TrackPointExtension>
            <ns3:atemp>14.0</ns3:atemp>
          </ns3:TrackPointExtension>
        </extensions>
      </trkpt>
      <trkpt lat="51.88491898588836" lon="0.49576375633478165">
        <ele>72.5999984741211</ele>
        <time>2024-09-14T08:13:31Z</time>
        <extensions>
          <ns3:TrackPointExtension>
            <ns3:atemp>14.0</ns3:atemp>
          </ns3:TrackPointExtension>
        </extensions>
      </trkpt>
      <trkpt lat="51.88517832197249" lon="0.49571430310606956">
        <ele>72.4000015258789</ele>
        <time>2024-09-14T08:13:34Z</time>
        <extensions>
          <ns3:TrackPointExtension>
            <ns3:atemp>14.0</ns3:atemp>
          </ns3:TrackPointExtension>
        </extensions>
      </trkpt>
      <trkpt lat="51.88584761694074" lon="0.49532756209373474">
        <ele>69.80000305175781</ele>
        <time>2024-09-14T08:13:42Z</time>
        <extensions>
          <ns3:TrackPointExtension>
            <ns3:atemp>14.0</ns3:atemp>
          </ns3:TrackPointExtension>
        </extensions>
      </trkpt>
      <trkpt lat="51.886019948869944" lon="0.4953029192984104">
        <ele>68.80000305175781</ele>
        <time>2024-09-14T08:13:44Z</time>
        <extensions>
          <ns3:TrackPointExtension>
            <ns3:atemp>14.0</ns3:atemp>
          </ns3:TrackPointExtension>
        </extensions>
      </trkpt>
      <trkpt lat="51.886104103177786" lon="0.4953446611762047">
        <ele>68.4000015258789</ele>
        <time>2024-09-14T08:13:45Z</time>
        <extensions>
          <ns3:TrackPointExtension>
            <ns3:atemp>14.0</ns3:atemp>
          </ns3:TrackPointExtension>
        </extensions>
      </trkpt>
      <trkpt lat="51.886241398751736" lon="0.4955124668776989">
        <ele>67.5999984741211</ele>
        <time>2024-09-14T08:13:47Z</time>
        <extensions>
          <ns3:TrackPointExtension>
            <ns3:atemp>14.0</ns3:atemp>
          </ns3:TrackPointExtension>
        </extensions>
      </trkpt>
      <trkpt lat="51.88725602813065" lon="0.49734240397810936">
        <ele>65.19999694824219</ele>
        <time>2024-09-14T08:14:03Z</time>
        <extensions>
          <ns3:TrackPointExtension>
            <ns3:atemp>14.0</ns3:atemp>
          </ns3:TrackPointExtension>
        </extensions>
      </trkpt>
      <trkpt lat="51.8878629617393" lon="0.4983196500688791">
        <ele>65.0</ele>
        <time>2024-09-14T08:14:12Z</time>
        <extensions>
          <ns3:TrackPointExtension>
            <ns3:atemp>14.0</ns3:atemp>
          </ns3:TrackPointExtension>
        </extensions>
      </trkpt>
      <trkpt lat="51.88814182765782" lon="0.498678395524621">
        <ele>65.4000015258789</ele>
        <time>2024-09-14T08:14:16Z</time>
        <extensions>
          <ns3:TrackPointExtension>
            <ns3:atemp>14.0</ns3:atemp>
          </ns3:TrackPointExtension>
        </extensions>
      </trkpt>
      <trkpt lat="51.88863971270621" lon="0.49921232275664806">
        <ele>65.19999694824219</ele>
        <time>2024-09-14T08:14:23Z</time>
        <extensions>
          <ns3:TrackPointExtension>
            <ns3:atemp>14.0</ns3:atemp>
          </ns3:TrackPointExtension>
        </extensions>
      </trkpt>
      <trkpt lat="51.88889033161104" lon="0.4993388056755066">
        <ele>65.19999694824219</ele>
        <time>2024-09-14T08:14:26Z</time>
        <extensions>
          <ns3:TrackPointExtension>
            <ns3:atemp>14.0</ns3:atemp>
          </ns3:TrackPointExtension>
        </extensions>
      </trkpt>
      <trkpt lat="51.889070458710194" lon="0.4993067868053913">
        <ele>65.19999694824219</ele>
        <time>2024-09-14T08:14:28Z</time>
        <extensions>
          <ns3:TrackPointExtension>
            <ns3:atemp>14.0</ns3:atemp>
          </ns3:TrackPointExtension>
        </extensions>
      </trkpt>
      <trkpt lat="51.88923348672688" lon="0.4991884343326092">
        <ele>65.19999694824219</ele>
        <time>2024-09-14T08:14:30Z</time>
        <extensions>
          <ns3:TrackPointExtension>
            <ns3:atemp>14.0</ns3:atemp>
          </ns3:TrackPointExtension>
        </extensions>
      </trkpt>
      <trkpt lat="51.8896918091923" lon="0.4986270982772112">
        <ele>63.79999923706055</ele>
        <time>2024-09-14T08:14:36Z</time>
        <extensions>
          <ns3:TrackPointExtension>
            <ns3:atemp>14.0</ns3:atemp>
          </ns3:TrackPointExtension>
        </extensions>
      </trkpt>
      <trkpt lat="51.89027703367174" lon="0.49802846275269985">
        <ele>62.79999923706055</ele>
        <time>2024-09-14T08:14:44Z</time>
        <extensions>
          <ns3:TrackPointExtension>
            <ns3:atemp>14.0</ns3:atemp>
          </ns3:TrackPointExtension>
        </extensions>
      </trkpt>
      <trkpt lat="51.89247602596879" lon="0.4961908981204033">
        <ele>68.19999694824219</ele>
        <time>2024-09-14T08:15:19Z</time>
        <extensions>
          <ns3:TrackPointExtension>
            <ns3:atemp>14.0</ns3:atemp>
          </ns3:TrackPointExtension>
        </extensions>
      </trkpt>
      <trkpt lat="51.892895456403494" lon="0.495626712217927">
        <ele>68.19999694824219</ele>
        <time>2024-09-14T08:15:27Z</time>
        <extensions>
          <ns3:TrackPointExtension>
            <ns3:atemp>14.0</ns3:atemp>
          </ns3:TrackPointExtension>
        </extensions>
      </trkpt>
      <trkpt lat="51.893962640315294" lon="0.4937220923602581">
        <ele>71.5999984741211</ele>
        <time>2024-09-14T08:15:53Z</time>
        <extensions>
          <ns3:TrackPointExtension>
            <ns3:atemp>14.0</ns3:atemp>
          </ns3:TrackPointExtension>
        </extensions>
      </trkpt>
      <trkpt lat="51.89469228498638" lon="0.4931654501706362">
        <ele>72.5999984741211</ele>
        <time>2024-09-14T08:16:05Z</time>
        <extensions>
          <ns3:TrackPointExtension>
            <ns3:atemp>14.0</ns3:atemp>
          </ns3:TrackPointExtension>
        </extensions>
      </trkpt>
      <trkpt lat="51.89578503370285" lon="0.4921853542327881">
        <ele>72.5999984741211</ele>
        <time>2024-09-14T08:16:23Z</time>
        <extensions>
          <ns3:TrackPointExtension>
            <ns3:atemp>14.0</ns3:atemp>
          </ns3:TrackPointExtension>
        </extensions>
      </trkpt>
      <trkpt lat="51.89646765589714" lon="0.4918324761092663">
        <ele>72.80000305175781</ele>
        <time>2024-09-14T08:16:33Z</time>
        <extensions>
          <ns3:TrackPointExtension>
            <ns3:atemp>14.0</ns3:atemp>
          </ns3:TrackPointExtension>
        </extensions>
      </trkpt>
      <trkpt lat="51.897078193724155" lon="0.4912537056952715">
        <ele>71.19999694824219</ele>
        <time>2024-09-14T08:16:42Z</time>
        <extensions>
          <ns3:TrackPointExtension>
            <ns3:atemp>14.0</ns3:atemp>
          </ns3:TrackPointExtension>
        </extensions>
      </trkpt>
      <trkpt lat="51.89747809432447" lon="0.4910615086555481">
        <ele>69.19999694824219</ele>
        <time>2024-09-14T08:16:47Z</time>
        <extensions>
          <ns3:TrackPointExtension>
            <ns3:atemp>14.0</ns3:atemp>
          </ns3:TrackPointExtension>
        </extensions>
      </trkpt>
      <trkpt lat="51.898143449798226" lon="0.4905290063470602">
        <ele>71.80000305175781</ele>
        <time>2024-09-14T08:16:58Z</time>
        <extensions>
          <ns3:TrackPointExtension>
            <ns3:atemp>14.0</ns3:atemp>
          </ns3:TrackPointExtension>
        </extensions>
      </trkpt>
      <trkpt lat="51.89859724603593" lon="0.49025852233171463">
        <ele>72.4000015258789</ele>
        <time>2024-09-14T08:17:05Z</time>
        <extensions>
          <ns3:TrackPointExtension>
            <ns3:atemp>14.0</ns3:atemp>
          </ns3:TrackPointExtension>
        </extensions>
      </trkpt>
      <trkpt lat="51.8990739248693" lon="0.4900755453854799">
        <ele>72.80000305175781</ele>
        <time>2024-09-14T08:17:12Z</time>
        <extensions>
          <ns3:TrackPointExtension>
            <ns3:atemp>14.0</ns3:atemp>
          </ns3:TrackPointExtension>
        </extensions>
      </trkpt>
      <trkpt lat="51.90023875795305" lon="0.4899768903851509">
        <ele>71.4000015258789</ele>
        <time>2024-09-14T08:17:27Z</time>
        <extensions>
          <ns3:TrackPointExtension>
            <ns3:atemp>14.0</ns3:atemp>
          </ns3:TrackPointExtension>
        </extensions>
      </trkpt>
      <trkpt lat="51.90056372433901" lon="0.48989717848598957">
        <ele>71.0</ele>
        <time>2024-09-14T08:17:31Z</time>
        <extensions>
          <ns3:TrackPointExtension>
            <ns3:atemp>14.0</ns3:atemp>
          </ns3:TrackPointExtension>
        </extensions>
      </trkpt>
      <trkpt lat="51.901060519739985" lon="0.4897030536085367">
        <ele>69.4000015258789</ele>
        <time>2024-09-14T08:17:37Z</time>
        <extensions>
          <ns3:TrackPointExtension>
            <ns3:atemp>14.0</ns3:atemp>
          </ns3:TrackPointExtension>
        </extensions>
      </trkpt>
      <trkpt lat="51.90213876776397" lon="0.4890118818730116">
        <ele>65.5999984741211</ele>
        <time>2024-09-14T08:17:50Z</time>
        <extensions>
          <ns3:TrackPointExtension>
            <ns3:atemp>14.0</ns3:atemp>
          </ns3:TrackPointExtension>
        </extensions>
      </trkpt>
      <trkpt lat="51.90302632749081" lon="0.48893971368670464">
        <ele>69.4000015258789</ele>
        <time>2024-09-14T08:18:03Z</time>
        <extensions>
          <ns3:TrackPointExtension>
            <ns3:atemp>14.0</ns3:atemp>
          </ns3:TrackPointExtension>
        </extensions>
      </trkpt>
      <trkpt lat="51.90326747484505" lon="0.48886796459555626">
        <ele>70.4000015258789</ele>
        <time>2024-09-14T08:18:07Z</time>
        <extensions>
          <ns3:TrackPointExtension>
            <ns3:atemp>14.0</ns3:atemp>
          </ns3:TrackPointExtension>
        </extensions>
      </trkpt>
      <trkpt lat="51.904251258820295" lon="0.4882283415645361">
        <ele>72.5999984741211</ele>
        <time>2024-09-14T08:18:23Z</time>
        <extensions>
          <ns3:TrackPointExtension>
            <ns3:atemp>14.0</ns3:atemp>
          </ns3:TrackPointExtension>
        </extensions>
      </trkpt>
      <trkpt lat="51.90505868755281" lon="0.48742703162133694">
        <ele>75.80000305175781</ele>
        <time>2024-09-14T08:18:40Z</time>
        <extensions>
          <ns3:TrackPointExtension>
            <ns3:atemp>15.0</ns3:atemp>
          </ns3:TrackPointExtension>
        </extensions>
      </trkpt>
      <trkpt lat="51.905477698892355" lon="0.4873352497816086">
        <ele>77.19999694824219</ele>
        <time>2024-09-14T08:18:47Z</time>
        <extensions>
          <ns3:TrackPointExtension>
            <ns3:atemp>15.0</ns3:atemp>
          </ns3:TrackPointExtension>
        </extensions>
      </trkpt>
      <trkpt lat="51.905708285048604" lon="0.48718471080064774">
        <ele>77.5999984741211</ele>
        <time>2024-09-14T08:18:51Z</time>
        <extensions>
          <ns3:TrackPointExtension>
            <ns3:atemp>15.0</ns3:atemp>
          </ns3:TrackPointExtension>
        </extensions>
      </trkpt>
      <trkpt lat="51.90613961778581" lon="0.4866012465208769">
        <ele>77.19999694824219</ele>
        <time>2024-09-14T08:18:59Z</time>
        <extensions>
          <ns3:TrackPointExtension>
            <ns3:atemp>15.0</ns3:atemp>
          </ns3:TrackPointExtension>
        </extensions>
      </trkpt>
      <trkpt lat="51.90657841041684" lon="0.4859004355967045">
        <ele>78.80000305175781</ele>
        <time>2024-09-14T08:19:09Z</time>
        <extensions>
          <ns3:TrackPointExtension>
            <ns3:atemp>15.0</ns3:atemp>
          </ns3:TrackPointExtension>
        </extensions>
      </trkpt>
      <trkpt lat="51.9066858664155" lon="0.4855760559439659">
        <ele>79.80000305175781</ele>
        <time>2024-09-14T08:19:13Z</time>
        <extensions>
          <ns3:TrackPointExtension>
            <ns3:atemp>15.0</ns3:atemp>
          </ns3:TrackPointExtension>
        </extensions>
      </trkpt>
      <trkpt lat="51.90673464909196" lon="0.4852965194731951">
        <ele>80.0</ele>
        <time>2024-09-14T08:19:16Z</time>
        <extensions>
          <ns3:TrackPointExtension>
            <ns3:atemp>15.0</ns3:atemp>
          </ns3:TrackPointExtension>
        </extensions>
      </trkpt>
      <trkpt lat="51.90670866519213" lon="0.48459889367222786">
        <ele>80.80000305175781</ele>
        <time>2024-09-14T08:19:23Z</time>
        <extensions>
          <ns3:TrackPointExtension>
            <ns3:atemp>15.0</ns3:atemp>
          </ns3:TrackPointExtension>
        </extensions>
      </trkpt>
      <trkpt lat="51.90678309649229" lon="0.484123220667243">
        <ele>80.80000305175781</ele>
        <time>2024-09-14T08:19:28Z</time>
        <extensions>
          <ns3:TrackPointExtension>
            <ns3:atemp>15.0</ns3:atemp>
          </ns3:TrackPointExtension>
        </extensions>
      </trkpt>
      <trkpt lat="51.9070400018245" lon="0.483529781922698">
        <ele>81.80000305175781</ele>
        <time>2024-09-14T08:19:35Z</time>
        <extensions>
          <ns3:TrackPointExtension>
            <ns3:atemp>15.0</ns3:atemp>
          </ns3:TrackPointExtension>
        </extensions>
      </trkpt>
      <trkpt lat="51.907601337879896" lon="0.48246377147734165">
        <ele>82.5999984741211</ele>
        <time>2024-09-14T08:19:48Z</time>
        <extensions>
          <ns3:TrackPointExtension>
            <ns3:atemp>15.0</ns3:atemp>
          </ns3:TrackPointExtension>
        </extensions>
      </trkpt>
      <trkpt lat="51.90794348716736" lon="0.4817179497331381">
        <ele>82.80000305175781</ele>
        <time>2024-09-14T08:19:57Z</time>
        <extensions>
          <ns3:TrackPointExtension>
            <ns3:atemp>15.0</ns3:atemp>
          </ns3:TrackPointExtension>
        </extensions>
      </trkpt>
      <trkpt lat="51.90818840637803" lon="0.48139859922230244">
        <ele>82.5999984741211</ele>
        <time>2024-09-14T08:20:02Z</time>
        <extensions>
          <ns3:TrackPointExtension>
            <ns3:atemp>15.0</ns3:atemp>
          </ns3:TrackPointExtension>
        </extensions>
      </trkpt>
      <trkpt lat="51.90902626141906" lon="0.48067188821733">
        <ele>80.80000305175781</ele>
        <time>2024-09-14T08:20:16Z</time>
        <extensions>
          <ns3:TrackPointExtension>
            <ns3:atemp>15.0</ns3:atemp>
          </ns3:TrackPointExtension>
        </extensions>
      </trkpt>
      <trkpt lat="51.90906506963074" lon="0.48050886020064354">
        <ele>80.80000305175781</ele>
        <time>2024-09-14T08:20:18Z</time>
        <extensions>
          <ns3:TrackPointExtension>
            <ns3:atemp>15.0</ns3:atemp>
          </ns3:TrackPointExtension>
        </extensions>
      </trkpt>
      <trkpt lat="51.90908535383642" lon="0.48008993268013">
        <ele>80.80000305175781</ele>
        <time>2024-09-14T08:20:22Z</time>
        <extensions>
          <ns3:TrackPointExtension>
            <ns3:atemp>15.0</ns3:atemp>
          </ns3:TrackPointExtension>
        </extensions>
      </trkpt>
      <trkpt lat="51.90924880094826" lon="0.47872711904346943">
        <ele>80.80000305175781</ele>
        <time>2024-09-14T08:20:34Z</time>
        <extensions>
          <ns3:TrackPointExtension>
            <ns3:atemp>15.0</ns3:atemp>
          </ns3:TrackPointExtension>
        </extensions>
      </trkpt>
      <trkpt lat="51.90951459109783" lon="0.47764845192432404">
        <ele>80.80000305175781</ele>
        <time>2024-09-14T08:20:46Z</time>
        <extensions>
          <ns3:TrackPointExtension>
            <ns3:atemp>15.0</ns3:atemp>
          </ns3:TrackPointExtension>
        </extensions>
      </trkpt>
      <trkpt lat="51.909592375159264" lon="0.47515559010207653">
        <ele>80.5999984741211</ele>
        <time>2024-09-14T08:21:10Z</time>
        <extensions>
          <ns3:TrackPointExtension>
            <ns3:atemp>15.0</ns3:atemp>
          </ns3:TrackPointExtension>
        </extensions>
      </trkpt>
      <trkpt lat="51.9096595980227" lon="0.47418806701898575">
        <ele>79.80000305175781</ele>
        <time>2024-09-14T08:21:19Z</time>
        <extensions>
          <ns3:TrackPointExtension>
            <ns3:atemp>15.0</ns3:atemp>
          </ns3:TrackPointExtension>
        </extensions>
      </trkpt>
      <trkpt lat="51.90980527549982" lon="0.47344635240733624">
        <ele>80.19999694824219</ele>
        <time>2024-09-14T08:21:26Z</time>
        <extensions>
          <ns3:TrackPointExtension>
            <ns3:atemp>15.0</ns3:atemp>
          </ns3:TrackPointExtension>
        </extensions>
      </trkpt>
      <trkpt lat="51.90979404374957" lon="0.4729829169809818">
        <ele>80.0</ele>
        <time>2024-09-14T08:21:30Z</time>
        <extensions>
          <ns3:TrackPointExtension>
            <ns3:atemp>15.0</ns3:atemp>
          </ns3:TrackPointExtension>
        </extensions>
      </trkpt>
      <trkpt lat="51.90969320945442" lon="0.4725489020347595">
        <ele>79.80000305175781</ele>
        <time>2024-09-14T08:21:34Z</time>
        <extensions>
          <ns3:TrackPointExtension>
            <ns3:atemp>15.0</ns3:atemp>
          </ns3:TrackPointExtension>
        </extensions>
      </trkpt>
      <trkpt lat="51.90956253558397" lon="0.4722553677856922">
        <ele>79.4000015258789</ele>
        <time>2024-09-14T08:21:37Z</time>
        <extensions>
          <ns3:TrackPointExtension>
            <ns3:atemp>15.0</ns3:atemp>
          </ns3:TrackPointExtension>
        </extensions>
      </trkpt>
      <trkpt lat="51.90905065275729" lon="0.4717030003666878">
        <ele>79.80000305175781</ele>
        <time>2024-09-14T08:21:46Z</time>
        <extensions>
          <ns3:TrackPointExtension>
            <ns3:atemp>15.0</ns3:atemp>
          </ns3:TrackPointExtension>
        </extensions>
      </trkpt>
      <trkpt lat="51.90872325561941" lon="0.4711487051099539">
        <ele>80.4000015258789</ele>
        <time>2024-09-14T08:21:53Z</time>
        <extensions>
          <ns3:TrackPointExtension>
            <ns3:atemp>15.0</ns3:atemp>
          </ns3:TrackPointExtension>
        </extensions>
      </trkpt>
      <trkpt lat="51.90858512185514" lon="0.4707789793610573">
        <ele>80.80000305175781</ele>
        <time>2024-09-14T08:21:57Z</time>
        <extensions>
          <ns3:TrackPointExtension>
            <ns3:atemp>15.0</ns3:atemp>
          </ns3:TrackPointExtension>
        </extensions>
      </trkpt>
      <trkpt lat="51.908384123817086" lon="0.469988314434886">
        <ele>79.0</ele>
        <time>2024-09-14T08:22:08Z</time>
        <extensions>
          <ns3:TrackPointExtension>
            <ns3:atemp>15.0</ns3:atemp>
          </ns3:TrackPointExtension>
        </extensions>
      </trkpt>
      <trkpt lat="51.90832897089422" lon="0.4699311498552561">
        <ele>78.80000305175781</ele>
        <time>2024-09-14T08:22:10Z</time>
        <extensions>
          <ns3:TrackPointExtension>
            <ns3:atemp>15.0</ns3:atemp>
          </ns3:TrackPointExtension>
        </extensions>
      </trkpt>
      <trkpt lat="51.90743093378842" lon="0.4694651998579502">
        <ele>80.80000305175781</ele>
        <time>2024-09-14T08:22:28Z</time>
        <extensions>
          <ns3:TrackPointExtension>
            <ns3:atemp>15.0</ns3:atemp>
          </ns3:TrackPointExtension>
        </extensions>
      </trkpt>
      <trkpt lat="51.907174196094275" lon="0.4694745037704706">
        <ele>81.4000015258789</ele>
        <time>2024-09-14T08:22:32Z</time>
        <extensions>
          <ns3:TrackPointExtension>
            <ns3:atemp>15.0</ns3:atemp>
          </ns3:TrackPointExtension>
        </extensions>
      </trkpt>
      <trkpt lat="51.906791646033525" lon="0.46979050152003765">
        <ele>82.5999984741211</ele>
        <time>2024-09-14T08:22:39Z</time>
        <extensions>
          <ns3:TrackPointExtension>
            <ns3:atemp>15.0</ns3:atemp>
          </ns3:TrackPointExtension>
        </extensions>
      </trkpt>
      <trkpt lat="51.90622662194073" lon="0.4705682583153248">
        <ele>84.19999694824219</ele>
        <time>2024-09-14T08:22:50Z</time>
        <extensions>
          <ns3:TrackPointExtension>
            <ns3:atemp>14.0</ns3:atemp>
          </ns3:TrackPointExtension>
        </extensions>
      </trkpt>
      <trkpt lat="51.905786069110036" lon="0.47088433988392353">
        <ele>84.80000305175781</ele>
        <time>2024-09-14T08:22:57Z</time>
        <extensions>
          <ns3:TrackPointExtension>
            <ns3:atemp>14.0</ns3:atemp>
          </ns3:TrackPointExtension>
        </extensions>
      </trkpt>
      <trkpt lat="51.90528642386198" lon="0.47101015225052834">
        <ele>85.0</ele>
        <time>2024-09-14T08:23:04Z</time>
        <extensions>
          <ns3:TrackPointExtension>
            <ns3:atemp>14.0</ns3:atemp>
          </ns3:TrackPointExtension>
        </extensions>
      </trkpt>
      <trkpt lat="51.90443809144199" lon="0.4710507206618786">
        <ele>85.0</ele>
        <time>2024-09-14T08:23:16Z</time>
        <extensions>
          <ns3:TrackPointExtension>
            <ns3:atemp>14.0</ns3:atemp>
          </ns3:TrackPointExtension>
        </extensions>
      </trkpt>
      <trkpt lat="51.90360761247575" lon="0.4712376371026039">
        <ele>85.5999984741211</ele>
        <time>2024-09-14T08:23:28Z</time>
        <extensions>
          <ns3:TrackPointExtension>
            <ns3:atemp>14.0</ns3:atemp>
          </ns3:TrackPointExtension>
        </extensions>
      </trkpt>
      <trkpt lat="51.903143003582954" lon="0.47148725017905235">
        <ele>86.4000015258789</ele>
        <time>2024-09-14T08:23:35Z</time>
        <extensions>
          <ns3:TrackPointExtension>
            <ns3:atemp>14.0</ns3:atemp>
          </ns3:TrackPointExtension>
        </extensions>
      </trkpt>
      <trkpt lat="51.90231076441705" lon="0.47205797396600246">
        <ele>87.4000015258789</ele>
        <time>2024-09-14T08:23:48Z</time>
        <extensions>
          <ns3:TrackPointExtension>
            <ns3:atemp>14.0</ns3:atemp>
          </ns3:TrackPointExtension>
        </extensions>
      </trkpt>
      <trkpt lat="51.90204279497266" lon="0.4721686150878668">
        <ele>87.4000015258789</ele>
        <time>2024-09-14T08:23:52Z</time>
        <extensions>
          <ns3:TrackPointExtension>
            <ns3:atemp>14.0</ns3:atemp>
          </ns3:TrackPointExtension>
        </extensions>
      </trkpt>
      <trkpt lat="51.90184095874429" lon="0.4721359256654978">
        <ele>87.5999984741211</ele>
        <time>2024-09-14T08:23:55Z</time>
        <extensions>
          <ns3:TrackPointExtension>
            <ns3:atemp>14.0</ns3:atemp>
          </ns3:TrackPointExtension>
        </extensions>
      </trkpt>
      <trkpt lat="51.90164448693395" lon="0.4720144718885422">
        <ele>88.0</ele>
        <time>2024-09-14T08:23:58Z</time>
        <extensions>
          <ns3:TrackPointExtension>
            <ns3:atemp>14.0</ns3:atemp>
          </ns3:TrackPointExtension>
        </extensions>
      </trkpt>
      <trkpt lat="51.90143309533596" lon="0.471730325371027">
        <ele>88.19999694824219</ele>
        <time>2024-09-14T08:24:02Z</time>
        <extensions>
          <ns3:TrackPointExtension>
            <ns3:atemp>14.0</ns3:atemp>
          </ns3:TrackPointExtension>
        </extensions>
      </trkpt>
      <trkpt lat="51.90118616446853" lon="0.47117351554334164">
        <ele>88.19999694824219</ele>
        <time>2024-09-14T08:24:08Z</time>
        <extensions>
          <ns3:TrackPointExtension>
            <ns3:atemp>14.0</ns3:atemp>
          </ns3:TrackPointExtension>
        </extensions>
      </trkpt>
      <trkpt lat="51.90103084780276" lon="0.4709141794592142">
        <ele>88.19999694824219</ele>
        <time>2024-09-14T08:24:11Z</time>
        <extensions>
          <ns3:TrackPointExtension>
            <ns3:atemp>14.0</ns3:atemp>
          </ns3:TrackPointExtension>
        </extensions>
      </trkpt>
      <trkpt lat="51.900849379599094" lon="0.47075877897441387">
        <ele>88.19999694824219</ele>
        <time>2024-09-14T08:24:14Z</time>
        <extensions>
          <ns3:TrackPointExtension>
            <ns3:atemp>14.0</ns3:atemp>
          </ns3:TrackPointExtension>
        </extensions>
      </trkpt>
      <trkpt lat="51.900631031021476" lon="0.4707169532775879">
        <ele>88.4000015258789</ele>
        <time>2024-09-14T08:24:17Z</time>
        <extensions>
          <ns3:TrackPointExtension>
            <ns3:atemp>14.0</ns3:atemp>
          </ns3:TrackPointExtension>
        </extensions>
      </trkpt>
      <trkpt lat="51.89967365004122" lon="0.47089599072933197">
        <ele>88.0</ele>
        <time>2024-09-14T08:24:30Z</time>
        <extensions>
          <ns3:TrackPointExtension>
            <ns3:atemp>14.0</ns3:atemp>
          </ns3:TrackPointExtension>
        </extensions>
      </trkpt>
      <trkpt lat="51.89575066789985" lon="0.47190986573696136">
        <ele>82.4000015258789</ele>
        <time>2024-09-14T08:25:20Z</time>
        <extensions>
          <ns3:TrackPointExtension>
            <ns3:atemp>14.0</ns3:atemp>
          </ns3:TrackPointExtension>
        </extensions>
      </trkpt>
      <trkpt lat="51.89508589915931" lon="0.472023356705904">
        <ele>82.0</ele>
        <time>2024-09-14T08:25:28Z</time>
        <extensions>
          <ns3:TrackPointExtension>
            <ns3:atemp>14.0</ns3:atemp>
          </ns3:TrackPointExtension>
        </extensions>
      </trkpt>
      <trkpt lat="51.894350638613105" lon="0.47207750380039215">
        <ele>80.80000305175781</ele>
        <time>2024-09-14T08:25:37Z</time>
        <extensions>
          <ns3:TrackPointExtension>
            <ns3:atemp>14.0</ns3:atemp>
          </ns3:TrackPointExtension>
        </extensions>
      </trkpt>
      <trkpt lat="51.893709087744355" lon="0.4722203314304352">
        <ele>80.4000015258789</ele>
        <time>2024-09-14T08:25:45Z</time>
        <extensions>
          <ns3:TrackPointExtension>
            <ns3:atemp>14.0</ns3:atemp>
          </ns3:TrackPointExtension>
        </extensions>
      </trkpt>
      <trkpt lat="51.893398286774755" lon="0.47237539663910866">
        <ele>80.19999694824219</ele>
        <time>2024-09-14T08:25:49Z</time>
        <extensions>
          <ns3:TrackPointExtension>
            <ns3:atemp>14.0</ns3:atemp>
          </ns3:TrackPointExtension>
        </extensions>
      </trkpt>
      <trkpt lat="51.893076505512" lon="0.4727389197796583">
        <ele>79.80000305175781</ele>
        <time>2024-09-14T08:25:54Z</time>
        <extensions>
          <ns3:TrackPointExtension>
            <ns3:atemp>14.0</ns3:atemp>
          </ns3:TrackPointExtension>
        </extensions>
      </trkpt>
      <trkpt lat="51.89243093132973" lon="0.47393334098160267">
        <ele>79.80000305175781</ele>
        <time>2024-09-14T08:26:06Z</time>
        <extensions>
          <ns3:TrackPointExtension>
            <ns3:atemp>14.0</ns3:atemp>
          </ns3:TrackPointExtension>
        </extensions>
      </trkpt>
      <trkpt lat="51.8921853415668" lon="0.4742635041475296">
        <ele>79.5999984741211</ele>
        <time>2024-09-14T08:26:10Z</time>
        <extensions>
          <ns3:TrackPointExtension>
            <ns3:atemp>14.0</ns3:atemp>
          </ns3:TrackPointExtension>
        </extensions>
      </trkpt>
      <trkpt lat="51.891423258930445" lon="0.47473481856286526">
        <ele>79.80000305175781</ele>
        <time>2024-09-14T08:26:20Z</time>
        <extensions>
          <ns3:TrackPointExtension>
            <ns3:atemp>14.0</ns3:atemp>
          </ns3:TrackPointExtension>
        </extensions>
      </trkpt>
      <trkpt lat="51.89109871163964" lon="0.47479474917054176">
        <ele>79.80000305175781</ele>
        <time>2024-09-14T08:26:24Z</time>
        <extensions>
          <ns3:TrackPointExtension>
            <ns3:atemp>14.0</ns3:atemp>
          </ns3:TrackPointExtension>
        </extensions>
      </trkpt>
      <trkpt lat="51.89092738553882" lon="0.4747535940259695">
        <ele>79.80000305175781</ele>
        <time>2024-09-14T08:26:26Z</time>
        <extensions>
          <ns3:TrackPointExtension>
            <ns3:atemp>14.0</ns3:atemp>
          </ns3:TrackPointExtension>
        </extensions>
      </trkpt>
      <trkpt lat="51.89068087376654" lon="0.4746099282056093">
        <ele>79.80000305175781</ele>
        <time>2024-09-14T08:26:29Z</time>
        <extensions>
          <ns3:TrackPointExtension>
            <ns3:atemp>14.0</ns3:atemp>
          </ns3:TrackPointExtension>
        </extensions>
      </trkpt>
      <trkpt lat="51.88985902816057" lon="0.473848432302475">
        <ele>79.0</ele>
        <time>2024-09-14T08:26:41Z</time>
        <extensions>
          <ns3:TrackPointExtension>
            <ns3:atemp>14.0</ns3:atemp>
          </ns3:TrackPointExtension>
        </extensions>
      </trkpt>
      <trkpt lat="51.88957639038563" lon="0.4734400659799576">
        <ele>78.80000305175781</ele>
        <time>2024-09-14T08:26:46Z</time>
        <extensions>
          <ns3:TrackPointExtension>
            <ns3:atemp>14.0</ns3:atemp>
          </ns3:TrackPointExtension>
        </extensions>
      </trkpt>
      <trkpt lat="51.889219991862774" lon="0.47272986732423306">
        <ele>78.4000015258789</ele>
        <time>2024-09-14T08:26:53Z</time>
        <extensions>
          <ns3:TrackPointExtension>
            <ns3:atemp>14.0</ns3:atemp>
          </ns3:TrackPointExtension>
        </extensions>
      </trkpt>
      <trkpt lat="51.8889594823122" lon="0.4724214971065521">
        <ele>78.19999694824219</ele>
        <time>2024-09-14T08:26:57Z</time>
        <extensions>
          <ns3:TrackPointExtension>
            <ns3:atemp>14.0</ns3:atemp>
          </ns3:TrackPointExtension>
        </extensions>
      </trkpt>
      <trkpt lat="51.888259425759315" lon="0.4720648471266031">
        <ele>77.5999984741211</ele>
        <time>2024-09-14T08:27:06Z</time>
        <extensions>
          <ns3:TrackPointExtension>
            <ns3:atemp>14.0</ns3:atemp>
          </ns3:TrackPointExtension>
        </extensions>
      </trkpt>
      <trkpt lat="51.88804468140006" lon="0.4718664474785328">
        <ele>77.4000015258789</ele>
        <time>2024-09-14T08:27:09Z</time>
        <extensions>
          <ns3:TrackPointExtension>
            <ns3:atemp>14.0</ns3:atemp>
          </ns3:TrackPointExtension>
        </extensions>
      </trkpt>
      <trkpt lat="51.887786937877536" lon="0.47145120799541473">
        <ele>77.4000015258789</ele>
        <time>2024-09-14T08:27:14Z</time>
        <extensions>
          <ns3:TrackPointExtension>
            <ns3:atemp>14.0</ns3:atemp>
          </ns3:TrackPointExtension>
        </extensions>
      </trkpt>
      <trkpt lat="51.88748703338206" lon="0.4708068910986185">
        <ele>77.5999984741211</ele>
        <time>2024-09-14T08:27:20Z</time>
        <extensions>
          <ns3:TrackPointExtension>
            <ns3:atemp>14.0</ns3:atemp>
          </ns3:TrackPointExtension>
        </extensions>
      </trkpt>
      <trkpt lat="51.88711739145219" lon="0.4698358476161957">
        <ele>77.0</ele>
        <time>2024-09-14T08:27:29Z</time>
        <extensions>
          <ns3:TrackPointExtension>
            <ns3:atemp>14.0</ns3:atemp>
          </ns3:TrackPointExtension>
        </extensions>
      </trkpt>
      <trkpt lat="51.88680784776807" lon="0.4691384732723236">
        <ele>77.0</ele>
        <time>2024-09-14T08:27:36Z</time>
        <extensions>
          <ns3:TrackPointExtension>
            <ns3:atemp>14.0</ns3:atemp>
          </ns3:TrackPointExtension>
        </extensions>
      </trkpt>
      <trkpt lat="51.88660475425422" lon="0.4684370756149292">
        <ele>77.0</ele>
        <time>2024-09-14T08:27:42Z</time>
        <extensions>
          <ns3:TrackPointExtension>
            <ns3:atemp>14.0</ns3:atemp>
          </ns3:TrackPointExtension>
        </extensions>
      </trkpt>
      <trkpt lat="51.886419178918004" lon="0.468030720949173">
        <ele>76.80000305175781</ele>
        <time>2024-09-14T08:27:46Z</time>
        <extensions>
          <ns3:TrackPointExtension>
            <ns3:atemp>14.0</ns3:atemp>
          </ns3:TrackPointExtension>
        </extensions>
      </trkpt>
      <trkpt lat="51.8862465955317" lon="0.4677557945251465">
        <ele>76.4000015258789</ele>
        <time>2024-09-14T08:27:49Z</time>
        <extensions>
          <ns3:TrackPointExtension>
            <ns3:atemp>14.0</ns3:atemp>
          </ns3:TrackPointExtension>
        </extensions>
      </trkpt>
      <trkpt lat="51.88610133714974" lon="0.467622522264719">
        <ele>76.4000015258789</ele>
        <time>2024-09-14T08:27:51Z</time>
        <extensions>
          <ns3:TrackPointExtension>
            <ns3:atemp>14.0</ns3:atemp>
          </ns3:TrackPointExtension>
        </extensions>
      </trkpt>
      <trkpt lat="51.885854406282306" lon="0.46754641458392143">
        <ele>76.0</ele>
        <time>2024-09-14T08:27:54Z</time>
        <extensions>
          <ns3:TrackPointExtension>
            <ns3:atemp>14.0</ns3:atemp>
          </ns3:TrackPointExtension>
        </extensions>
      </trkpt>
      <trkpt lat="51.88560554757714" lon="0.46755789779126644">
        <ele>75.4000015258789</ele>
        <time>2024-09-14T08:27:57Z</time>
        <extensions>
          <ns3:TrackPointExtension>
            <ns3:atemp>14.0</ns3:atemp>
          </ns3:TrackPointExtension>
        </extensions>
      </trkpt>
      <trkpt lat="51.885301200672984" lon="0.46771145425736904">
        <ele>75.19999694824219</ele>
        <time>2024-09-14T08:28:01Z</time>
        <extensions>
          <ns3:TrackPointExtension>
            <ns3:atemp>14.0</ns3:atemp>
          </ns3:TrackPointExtension>
        </extensions>
      </trkpt>
      <trkpt lat="51.88451489433646" lon="0.46838125213980675">
        <ele>75.5999984741211</ele>
        <time>2024-09-14T08:28:12Z</time>
        <extensions>
          <ns3:TrackPointExtension>
            <ns3:atemp>15.0</ns3:atemp>
          </ns3:TrackPointExtension>
        </extensions>
      </trkpt>
      <trkpt lat="51.883475035429" lon="0.4690876789391041">
        <ele>76.19999694824219</ele>
        <time>2024-09-14T08:28:26Z</time>
        <extensions>
          <ns3:TrackPointExtension>
            <ns3:atemp>15.0</ns3:atemp>
          </ns3:TrackPointExtension>
        </extensions>
      </trkpt>
      <trkpt lat="51.88312953338027" lon="0.46940887346863747">
        <ele>76.19999694824219</ele>
        <time>2024-09-14T08:28:31Z</time>
        <extensions>
          <ns3:TrackPointExtension>
            <ns3:atemp>15.0</ns3:atemp>
          </ns3:TrackPointExtension>
        </extensions>
      </trkpt>
      <trkpt lat="51.88262335024774" lon="0.4700494185090065">
        <ele>76.0</ele>
        <time>2024-09-14T08:28:39Z</time>
        <extensions>
          <ns3:TrackPointExtension>
            <ns3:atemp>15.0</ns3:atemp>
          </ns3:TrackPointExtension>
        </extensions>
      </trkpt>
      <trkpt lat="51.882259324193" lon="0.47074293717741966">
        <ele>75.80000305175781</ele>
        <time>2024-09-14T08:28:46Z</time>
        <extensions>
          <ns3:TrackPointExtension>
            <ns3:atemp>15.0</ns3:atemp>
          </ns3:TrackPointExtension>
        </extensions>
      </trkpt>
      <trkpt lat="51.8818552326411" lon="0.47140938229858875">
        <ele>75.4000015258789</ele>
        <time>2024-09-14T08:28:53Z</time>
        <extensions>
          <ns3:TrackPointExtension>
            <ns3:atemp>15.0</ns3:atemp>
          </ns3:TrackPointExtension>
        </extensions>
      </trkpt>
      <trkpt lat="51.88172212801874" lon="0.4715823009610176">
        <ele>75.0</ele>
        <time>2024-09-14T08:28:55Z</time>
        <extensions>
          <ns3:TrackPointExtension>
            <ns3:atemp>15.0</ns3:atemp>
          </ns3:TrackPointExtension>
        </extensions>
      </trkpt>
      <trkpt lat="51.88156697899103" lon="0.471708532422781">
        <ele>74.80000305175781</ele>
        <time>2024-09-14T08:28:57Z</time>
        <extensions>
          <ns3:TrackPointExtension>
            <ns3:atemp>15.0</ns3:atemp>
          </ns3:TrackPointExtension>
        </extensions>
      </trkpt>
      <trkpt lat="51.87981767579913" lon="0.47259164974093437">
        <ele>73.0</ele>
        <time>2024-09-14T08:29:19Z</time>
        <extensions>
          <ns3:TrackPointExtension>
            <ns3:atemp>15.0</ns3:atemp>
          </ns3:TrackPointExtension>
        </extensions>
      </trkpt>
      <trkpt lat="51.87934300862253" lon="0.472789965569973">
        <ele>72.4000015258789</ele>
        <time>2024-09-14T08:29:25Z</time>
        <extensions>
          <ns3:TrackPointExtension>
            <ns3:atemp>15.0</ns3:atemp>
          </ns3:TrackPointExtension>
        </extensions>
      </trkpt>
      <trkpt lat="51.87894252128899" lon="0.4727442841976881">
        <ele>72.19999694824219</ele>
        <time>2024-09-14T08:29:30Z</time>
        <extensions>
          <ns3:TrackPointExtension>
            <ns3:atemp>15.0</ns3:atemp>
          </ns3:TrackPointExtension>
        </extensions>
      </trkpt>
      <trkpt lat="51.8781269621104" lon="0.47224078327417374">
        <ele>71.0</ele>
        <time>2024-09-14T08:29:43Z</time>
        <extensions>
          <ns3:TrackPointExtension>
            <ns3:atemp>15.0</ns3:atemp>
          </ns3:TrackPointExtension>
        </extensions>
      </trkpt>
      <trkpt lat="51.87788279727101" lon="0.47231605276465416">
        <ele>70.4000015258789</ele>
        <time>2024-09-14T08:29:50Z</time>
        <extensions>
          <ns3:TrackPointExtension>
            <ns3:atemp>15.0</ns3:atemp>
          </ns3:TrackPointExtension>
        </extensions>
      </trkpt>
      <trkpt lat="51.87781758606434" lon="0.4723940882831812">
        <ele>70.4000015258789</ele>
        <time>2024-09-14T08:30:04Z</time>
        <extensions>
          <ns3:TrackPointExtension>
            <ns3:atemp>15.0</ns3:atemp>
          </ns3:TrackPointExtension>
        </extensions>
      </trkpt>
      <trkpt lat="51.87770132906735" lon="0.4727650713175535">
        <ele>70.0</ele>
        <time>2024-09-14T08:30:10Z</time>
        <extensions>
          <ns3:TrackPointExtension>
            <ns3:atemp>15.0</ns3:atemp>
          </ns3:TrackPointExtension>
        </extensions>
      </trkpt>
      <trkpt lat="51.87669826671481" lon="0.4752480424940586">
        <ele>71.0</ele>
        <time>2024-09-14T08:30:36Z</time>
        <extensions>
          <ns3:TrackPointExtension>
            <ns3:atemp>16.0</ns3:atemp>
          </ns3:TrackPointExtension>
        </extensions>
      </trkpt>
      <trkpt lat="51.87662425450981" lon="0.47538441605865955">
        <ele>71.19999694824219</ele>
        <time>2024-09-14T08:30:38Z</time>
        <extensions>
          <ns3:TrackPointExtension>
            <ns3:atemp>16.0</ns3:atemp>
          </ns3:TrackPointExtension>
        </extensions>
      </trkpt>
      <trkpt lat="51.87652970664203" lon="0.47541878186166286">
        <ele>71.5999984741211</ele>
        <time>2024-09-14T08:30:40Z</time>
        <extensions>
          <ns3:TrackPointExtension>
            <ns3:atemp>15.0</ns3:atemp>
          </ns3:TrackPointExtension>
        </extensions>
      </trkpt>
      <trkpt lat="51.87639031559229" lon="0.47527385875582695">
        <ele>71.5999984741211</ele>
        <time>2024-09-14T08:30:43Z</time>
        <extensions>
          <ns3:TrackPointExtension>
            <ns3:atemp>15.0</ns3:atemp>
          </ns3:TrackPointExtension>
        </extensions>
      </trkpt>
      <trkpt lat="51.876272801309824" lon="0.47505919821560383">
        <ele>72.0</ele>
        <time>2024-09-14T08:30:46Z</time>
        <extensions>
          <ns3:TrackPointExtension>
            <ns3:atemp>16.0</ns3:atemp>
          </ns3:TrackPointExtension>
        </extensions>
      </trkpt>
      <trkpt lat="51.87580542638898" lon="0.4738201852887869">
        <ele>74.19999694824219</ele>
        <time>2024-09-14T08:31:01Z</time>
        <extensions>
          <ns3:TrackPointExtension>
            <ns3:atemp>15.0</ns3:atemp>
          </ns3:TrackPointExtension>
        </extensions>
      </trkpt>
      <trkpt lat="51.87548213638365" lon="0.4732508026063442">
        <ele>76.0</ele>
        <time>2024-09-14T08:31:10Z</time>
        <extensions>
          <ns3:TrackPointExtension>
            <ns3:atemp>15.0</ns3:atemp>
          </ns3:TrackPointExtension>
        </extensions>
      </trkpt>
      <trkpt lat="51.87523051165044" lon="0.47299180179834366">
        <ele>77.5999984741211</ele>
        <time>2024-09-14T08:31:17Z</time>
        <extensions>
          <ns3:TrackPointExtension>
            <ns3:atemp>16.0</ns3:atemp>
          </ns3:TrackPointExtension>
        </extensions>
      </trkpt>
      <trkpt lat="51.874754671007395" lon="0.4726354032754898">
        <ele>80.0</ele>
        <time>2024-09-14T08:31:27Z</time>
        <extensions>
          <ns3:TrackPointExtension>
            <ns3:atemp>16.0</ns3:atemp>
          </ns3:TrackPointExtension>
        </extensions>
      </trkpt>
      <trkpt lat="51.874463483691216" lon="0.472509590908885">
        <ele>79.5999984741211</ele>
        <time>2024-09-14T08:31:32Z</time>
        <extensions>
          <ns3:TrackPointExtension>
            <ns3:atemp>15.0</ns3:atemp>
          </ns3:TrackPointExtension>
        </extensions>
      </trkpt>
      <trkpt lat="51.87422493472695" lon="0.4725868720561266">
        <ele>79.19999694824219</ele>
        <time>2024-09-14T08:31:36Z</time>
        <extensions>
          <ns3:TrackPointExtension>
            <ns3:atemp>15.0</ns3:atemp>
          </ns3:TrackPointExtension>
        </extensions>
      </trkpt>
      <trkpt lat="51.874114628881216" lon="0.4725019633769989">
        <ele>79.19999694824219</ele>
        <time>2024-09-14T08:31:38Z</time>
        <extensions>
          <ns3:TrackPointExtension>
            <ns3:atemp>15.0</ns3:atemp>
          </ns3:TrackPointExtension>
        </extensions>
      </trkpt>
      <trkpt lat="51.87409811653197" lon="0.47240632586181164">
        <ele>79.19999694824219</ele>
        <time>2024-09-14T08:31:39Z</time>
        <extensions>
          <ns3:TrackPointExtension>
            <ns3:atemp>15.0</ns3:atemp>
          </ns3:TrackPointExtension>
        </extensions>
      </trkpt>
      <trkpt lat="51.87414178624749" lon="0.4722210858017206">
        <ele>79.19999694824219</ele>
        <time>2024-09-14T08:31:41Z</time>
        <extensions>
          <ns3:TrackPointExtension>
            <ns3:atemp>15.0</ns3:atemp>
          </ns3:TrackPointExtension>
        </extensions>
      </trkpt>
      <trkpt lat="51.87443884089589" lon="0.4717123042792082">
        <ele>78.80000305175781</ele>
        <time>2024-09-14T08:31:47Z</time>
        <extensions>
          <ns3:TrackPointExtension>
            <ns3:atemp>15.0</ns3:atemp>
          </ns3:TrackPointExtension>
        </extensions>
      </trkpt>
      <trkpt lat="51.87569118104875" lon="0.46889145858585835">
        <ele>73.80000305175781</ele>
        <time>2024-09-14T08:32:12Z</time>
        <extensions>
          <ns3:TrackPointExtension>
            <ns3:atemp>15.0</ns3:atemp>
          </ns3:TrackPointExtension>
        </extensions>
      </trkpt>
      <trkpt lat="51.87655057758093" lon="0.4667860083281994">
        <ele>73.4000015258789</ele>
        <time>2024-09-14T08:32:32Z</time>
        <extensions>
          <ns3:TrackPointExtension>
            <ns3:atemp>15.0</ns3:atemp>
          </ns3:TrackPointExtension>
        </extensions>
      </trkpt>
      <trkpt lat="51.87731743790209" lon="0.46476337127387524">
        <ele>72.80000305175781</ele>
        <time>2024-09-14T08:32:51Z</time>
        <extensions>
          <ns3:TrackPointExtension>
            <ns3:atemp>15.0</ns3:atemp>
          </ns3:TrackPointExtension>
        </extensions>
      </trkpt>
      <trkpt lat="51.87768540345132" lon="0.4635233525186777">
        <ele>73.19999694824219</ele>
        <time>2024-09-14T08:33:02Z</time>
        <extensions>
          <ns3:TrackPointExtension>
            <ns3:atemp>15.0</ns3:atemp>
          </ns3:TrackPointExtension>
        </extensions>
      </trkpt>
      <trkpt lat="51.87776084057987" lon="0.46301540918648243">
        <ele>73.5999984741211</ele>
        <time>2024-09-14T08:33:06Z</time>
        <extensions>
          <ns3:TrackPointExtension>
            <ns3:atemp>15.0</ns3:atemp>
          </ns3:TrackPointExtension>
        </extensions>
      </trkpt>
      <trkpt lat="51.877725552767515" lon="0.4625136684626341">
        <ele>73.5999984741211</ele>
        <time>2024-09-14T08:33:10Z</time>
        <extensions>
          <ns3:TrackPointExtension>
            <ns3:atemp>15.0</ns3:atemp>
          </ns3:TrackPointExtension>
        </extensions>
      </trkpt>
      <trkpt lat="51.87767014838755" lon="0.4622960742563009">
        <ele>74.19999694824219</ele>
        <time>2024-09-14T08:33:12Z</time>
        <extensions>
          <ns3:TrackPointExtension>
            <ns3:atemp>15.0</ns3:atemp>
          </ns3:TrackPointExtension>
        </extensions>
      </trkpt>
      <trkpt lat="51.87753679230809" lon="0.4620002768933773">
        <ele>74.4000015258789</ele>
        <time>2024-09-14T08:33:15Z</time>
        <extensions>
          <ns3:TrackPointExtension>
            <ns3:atemp>15.0</ns3:atemp>
          </ns3:TrackPointExtension>
        </extensions>
      </trkpt>
      <trkpt lat="51.877109399065375" lon="0.4615303874015808">
        <ele>75.19999694824219</ele>
        <time>2024-09-14T08:33:22Z</time>
        <extensions>
          <ns3:TrackPointExtension>
            <ns3:atemp>15.0</ns3:atemp>
          </ns3:TrackPointExtension>
        </extensions>
      </trkpt>
      <trkpt lat="51.876653423532844" lon="0.46120123006403446">
        <ele>75.80000305175781</ele>
        <time>2024-09-14T08:33:29Z</time>
        <extensions>
          <ns3:TrackPointExtension>
            <ns3:atemp>15.0</ns3:atemp>
          </ns3:TrackPointExtension>
        </extensions>
      </trkpt>
      <trkpt lat="51.87517401762307" lon="0.4605138301849365">
        <ele>77.5999984741211</ele>
        <time>2024-09-14T08:33:50Z</time>
        <extensions>
          <ns3:TrackPointExtension>
            <ns3:atemp>15.0</ns3:atemp>
          </ns3:TrackPointExtension>
        </extensions>
      </trkpt>
      <trkpt lat="51.87470069155097" lon="0.4602233972400427">
        <ele>78.0</ele>
        <time>2024-09-14T08:33:57Z</time>
        <extensions>
          <ns3:TrackPointExtension>
            <ns3:atemp>15.0</ns3:atemp>
          </ns3:TrackPointExtension>
        </extensions>
      </trkpt>
      <trkpt lat="51.87433423474431" lon="0.4598620533943176">
        <ele>78.5999984741211</ele>
        <time>2024-09-14T08:34:03Z</time>
        <extensions>
          <ns3:TrackPointExtension>
            <ns3:atemp>15.0</ns3:atemp>
          </ns3:TrackPointExtension>
        </extensions>
      </trkpt>
      <trkpt lat="51.87353041023016" lon="0.45884457416832447">
        <ele>79.0</ele>
        <time>2024-09-14T08:34:17Z</time>
        <extensions>
          <ns3:TrackPointExtension>
            <ns3:atemp>15.0</ns3:atemp>
          </ns3:TrackPointExtension>
        </extensions>
      </trkpt>
      <trkpt lat="51.8730706628412" lon="0.4584620241075754">
        <ele>77.80000305175781</ele>
        <time>2024-09-14T08:34:23Z</time>
        <extensions>
          <ns3:TrackPointExtension>
            <ns3:atemp>15.0</ns3:atemp>
          </ns3:TrackPointExtension>
        </extensions>
      </trkpt>
      <trkpt lat="51.87250052578747" lon="0.4582124948501587">
        <ele>76.80000305175781</ele>
        <time>2024-09-14T08:34:30Z</time>
        <extensions>
          <ns3:TrackPointExtension>
            <ns3:atemp>15.0</ns3:atemp>
          </ns3:TrackPointExtension>
        </extensions>
      </trkpt>
      <trkpt lat="51.87187104485929" lon="0.45786330476403236">
        <ele>75.80000305175781</ele>
        <time>2024-09-14T08:34:38Z</time>
        <extensions>
          <ns3:TrackPointExtension>
            <ns3:atemp>15.0</ns3:atemp>
          </ns3:TrackPointExtension>
        </extensions>
      </trkpt>
      <trkpt lat="51.87155211344361" lon="0.45781745575368404">
        <ele>75.80000305175781</ele>
        <time>2024-09-14T08:34:42Z</time>
        <extensions>
          <ns3:TrackPointExtension>
            <ns3:atemp>15.0</ns3:atemp>
          </ns3:TrackPointExtension>
        </extensions>
      </trkpt>
      <trkpt lat="51.87094065360725" lon="0.45788333751261234">
        <ele>76.5999984741211</ele>
        <time>2024-09-14T08:34:50Z</time>
        <extensions>
          <ns3:TrackPointExtension>
            <ns3:atemp>15.0</ns3:atemp>
          </ns3:TrackPointExtension>
        </extensions>
      </trkpt>
      <trkpt lat="51.870540753006935" lon="0.45787797309458256">
        <ele>76.80000305175781</ele>
        <time>2024-09-14T08:34:55Z</time>
        <extensions>
          <ns3:TrackPointExtension>
            <ns3:atemp>15.0</ns3:atemp>
          </ns3:TrackPointExtension>
        </extensions>
      </trkpt>
      <trkpt lat="51.87023422680795" lon="0.45778535306453705">
        <ele>76.80000305175781</ele>
        <time>2024-09-14T08:34:59Z</time>
        <extensions>
          <ns3:TrackPointExtension>
            <ns3:atemp>15.0</ns3:atemp>
          </ns3:TrackPointExtension>
        </extensions>
      </trkpt>
      <trkpt lat="51.87001185491681" lon="0.45762190595269203">
        <ele>76.80000305175781</ele>
        <time>2024-09-14T08:35:02Z</time>
        <extensions>
          <ns3:TrackPointExtension>
            <ns3:atemp>15.0</ns3:atemp>
          </ns3:TrackPointExtension>
        </extensions>
      </trkpt>
      <trkpt lat="51.86980373226106" lon="0.45739609748125076">
        <ele>76.5999984741211</ele>
        <time>2024-09-14T08:35:05Z</time>
        <extensions>
          <ns3:TrackPointExtension>
            <ns3:atemp>15.0</ns3:atemp>
          </ns3:TrackPointExtension>
        </extensions>
      </trkpt>
      <trkpt lat="51.869625113904476" lon="0.4571002162992954">
        <ele>75.80000305175781</ele>
        <time>2024-09-14T08:35:08Z</time>
        <extensions>
          <ns3:TrackPointExtension>
            <ns3:atemp>15.0</ns3:atemp>
          </ns3:TrackPointExtension>
        </extensions>
      </trkpt>
      <trkpt lat="51.868819361552596" lon="0.45537153258919716">
        <ele>74.0</ele>
        <time>2024-09-14T08:35:25Z</time>
        <extensions>
          <ns3:TrackPointExtension>
            <ns3:atemp>15.0</ns3:atemp>
          </ns3:TrackPointExtension>
        </extensions>
      </trkpt>
      <trkpt lat="51.868486516177654" lon="0.45458463951945305">
        <ele>75.19999694824219</ele>
        <time>2024-09-14T08:35:33Z</time>
        <extensions>
          <ns3:TrackPointExtension>
            <ns3:atemp>15.0</ns3:atemp>
          </ns3:TrackPointExtension>
        </extensions>
      </trkpt>
      <trkpt lat="51.868315022438765" lon="0.45440560206770897">
        <ele>76.19999694824219</ele>
        <time>2024-09-14T08:35:36Z</time>
        <extensions>
          <ns3:TrackPointExtension>
            <ns3:atemp>15.0</ns3:atemp>
          </ns3:TrackPointExtension>
        </extensions>
      </trkpt>
      <trkpt lat="51.86745537444949" lon="0.4544471763074398">
        <ele>76.4000015258789</ele>
        <time>2024-09-14T08:35:47Z</time>
        <extensions>
          <ns3:TrackPointExtension>
            <ns3:atemp>15.0</ns3:atemp>
          </ns3:TrackPointExtension>
        </extensions>
      </trkpt>
      <trkpt lat="51.867063185200095" lon="0.4543817974627018">
        <ele>75.0</ele>
        <time>2024-09-14T08:35:51Z</time>
        <extensions>
          <ns3:TrackPointExtension>
            <ns3:atemp>15.0</ns3:atemp>
          </ns3:TrackPointExtension>
        </extensions>
      </trkpt>
      <trkpt lat="51.86653244309127" lon="0.4541107267141342">
        <ele>72.5999984741211</ele>
        <time>2024-09-14T08:35:57Z</time>
        <extensions>
          <ns3:TrackPointExtension>
            <ns3:atemp>15.0</ns3:atemp>
          </ns3:TrackPointExtension>
        </extensions>
      </trkpt>
      <trkpt lat="51.86548797413707" lon="0.45342382974922657">
        <ele>71.0</ele>
        <time>2024-09-14T08:36:10Z</time>
        <extensions>
          <ns3:TrackPointExtension>
            <ns3:atemp>15.0</ns3:atemp>
          </ns3:TrackPointExtension>
        </extensions>
      </trkpt>
      <trkpt lat="51.86518656089902" lon="0.45329139567911625">
        <ele>71.0</ele>
        <time>2024-09-14T08:36:14Z</time>
        <extensions>
          <ns3:TrackPointExtension>
            <ns3:atemp>15.0</ns3:atemp>
          </ns3:TrackPointExtension>
        </extensions>
      </trkpt>
      <trkpt lat="51.86495807021856" lon="0.45329743064939976">
        <ele>71.0</ele>
        <time>2024-09-14T08:36:17Z</time>
        <extensions>
          <ns3:TrackPointExtension>
            <ns3:atemp>15.0</ns3:atemp>
          </ns3:TrackPointExtension>
        </extensions>
      </trkpt>
      <trkpt lat="51.86426371335983" lon="0.4535061400383711">
        <ele>71.19999694824219</ele>
        <time>2024-09-14T08:36:26Z</time>
        <extensions>
          <ns3:TrackPointExtension>
            <ns3:atemp>15.0</ns3:atemp>
          </ns3:TrackPointExtension>
        </extensions>
      </trkpt>
      <trkpt lat="51.86364940367639" lon="0.4533628933131695">
        <ele>70.5999984741211</ele>
        <time>2024-09-14T08:36:34Z</time>
        <extensions>
          <ns3:TrackPointExtension>
            <ns3:atemp>15.0</ns3:atemp>
          </ns3:TrackPointExtension>
        </extensions>
      </trkpt>
      <trkpt lat="51.863271379843354" lon="0.45337789691984653">
        <ele>70.5999984741211</ele>
        <time>2024-09-14T08:36:39Z</time>
        <extensions>
          <ns3:TrackPointExtension>
            <ns3:atemp>15.0</ns3:atemp>
          </ns3:TrackPointExtension>
        </extensions>
      </trkpt>
      <trkpt lat="51.863042302429676" lon="0.45354084111750126">
        <ele>70.80000305175781</ele>
        <time>2024-09-14T08:36:43Z</time>
        <extensions>
          <ns3:TrackPointExtension>
            <ns3:atemp>15.0</ns3:atemp>
          </ns3:TrackPointExtension>
        </extensions>
      </trkpt>
      <trkpt lat="51.862787744030356" lon="0.4538617003709078">
        <ele>71.0</ele>
        <time>2024-09-14T08:36:49Z</time>
        <extensions>
          <ns3:TrackPointExtension>
            <ns3:atemp>15.0</ns3:atemp>
          </ns3:TrackPointExtension>
        </extensions>
      </trkpt>
      <trkpt lat="51.86255590058863" lon="0.4551795870065689">
        <ele>71.0</ele>
        <time>2024-09-14T08:37:00Z</time>
        <extensions>
          <ns3:TrackPointExtension>
            <ns3:atemp>15.0</ns3:atemp>
          </ns3:TrackPointExtension>
        </extensions>
      </trkpt>
      <trkpt lat="51.86231575906277" lon="0.45591115951538086">
        <ele>71.0</ele>
        <time>2024-09-14T08:37:07Z</time>
        <extensions>
          <ns3:TrackPointExtension>
            <ns3:atemp>15.0</ns3:atemp>
          </ns3:TrackPointExtension>
        </extensions>
      </trkpt>
      <trkpt lat="51.862091375514865" lon="0.4563846532255411">
        <ele>71.0</ele>
        <time>2024-09-14T08:37:12Z</time>
        <extensions>
          <ns3:TrackPointExtension>
            <ns3:atemp>15.0</ns3:atemp>
          </ns3:TrackPointExtension>
        </extensions>
      </trkpt>
      <trkpt lat="51.861407328397036" lon="0.4574941657483578">
        <ele>71.80000305175781</ele>
        <time>2024-09-14T08:37:26Z</time>
        <extensions>
          <ns3:TrackPointExtension>
            <ns3:atemp>15.0</ns3:atemp>
          </ns3:TrackPointExtension>
        </extensions>
      </trkpt>
      <trkpt lat="51.86087197624147" lon="0.45856344513595104">
        <ele>72.19999694824219</ele>
        <time>2024-09-14T08:37:40Z</time>
        <extensions>
          <ns3:TrackPointExtension>
            <ns3:atemp>15.0</ns3:atemp>
          </ns3:TrackPointExtension>
        </extensions>
      </trkpt>
      <trkpt lat="51.86080735176802" lon="0.45864181593060493">
        <ele>72.4000015258789</ele>
        <time>2024-09-14T08:37:44Z</time>
        <extensions>
          <ns3:TrackPointExtension>
            <ns3:atemp>15.0</ns3:atemp>
          </ns3:TrackPointExtension>
        </extensions>
      </trkpt>
      <trkpt lat="51.85969892889261" lon="0.4591370187699795">
        <ele>72.80000305175781</ele>
        <time>2024-09-14T08:38:04Z</time>
        <extensions>
          <ns3:TrackPointExtension>
            <ns3:atemp>15.0</ns3:atemp>
          </ns3:TrackPointExtension>
        </extensions>
      </trkpt>
      <trkpt lat="51.85792121104896" lon="0.4601896181702614">
        <ele>71.80000305175781</ele>
        <time>2024-09-14T08:38:31Z</time>
        <extensions>
          <ns3:TrackPointExtension>
            <ns3:atemp>15.0</ns3:atemp>
          </ns3:TrackPointExtension>
        </extensions>
      </trkpt>
      <trkpt lat="51.85689887031913" lon="0.46052657067775726">
        <ele>71.4000015258789</ele>
        <time>2024-09-14T08:38:45Z</time>
        <extensions>
          <ns3:TrackPointExtension>
            <ns3:atemp>16.0</ns3:atemp>
          </ns3:TrackPointExtension>
        </extensions>
      </trkpt>
      <trkpt lat="51.85567989014089" lon="0.4611589014530182">
        <ele>71.0</ele>
        <time>2024-09-14T08:39:01Z</time>
        <extensions>
          <ns3:TrackPointExtension>
            <ns3:atemp>16.0</ns3:atemp>
          </ns3:TrackPointExtension>
        </extensions>
      </trkpt>
      <trkpt lat="51.85425270348787" lon="0.46148881316185">
        <ele>69.80000305175781</ele>
        <time>2024-09-14T08:39:19Z</time>
        <extensions>
          <ns3:TrackPointExtension>
            <ns3:atemp>16.0</ns3:atemp>
          </ns3:TrackPointExtension>
        </extensions>
      </trkpt>
      <trkpt lat="51.85344778932631" lon="0.46156425029039383">
        <ele>68.4000015258789</ele>
        <time>2024-09-14T08:39:29Z</time>
        <extensions>
          <ns3:TrackPointExtension>
            <ns3:atemp>15.0</ns3:atemp>
          </ns3:TrackPointExtension>
        </extensions>
      </trkpt>
      <trkpt lat="51.852220091968775" lon="0.4619506560266018">
        <ele>68.19999694824219</ele>
        <time>2024-09-14T08:39:45Z</time>
        <extensions>
          <ns3:TrackPointExtension>
            <ns3:atemp>15.0</ns3:atemp>
          </ns3:TrackPointExtension>
        </extensions>
      </trkpt>
      <trkpt lat="51.85192949138582" lon="0.46211988665163517">
        <ele>68.4000015258789</ele>
        <time>2024-09-14T08:39:49Z</time>
        <extensions>
          <ns3:TrackPointExtension>
            <ns3:atemp>15.0</ns3:atemp>
          </ns3:TrackPointExtension>
        </extensions>
      </trkpt>
      <trkpt lat="51.85097571462393" lon="0.46281960792839527">
        <ele>68.5999984741211</ele>
        <time>2024-09-14T08:40:03Z</time>
        <extensions>
          <ns3:TrackPointExtension>
            <ns3:atemp>15.0</ns3:atemp>
          </ns3:TrackPointExtension>
        </extensions>
      </trkpt>
      <trkpt lat="51.85062023811042" lon="0.4631536267697811">
        <ele>68.19999694824219</ele>
        <time>2024-09-14T08:40:10Z</time>
        <extensions>
          <ns3:TrackPointExtension>
            <ns3:atemp>15.0</ns3:atemp>
          </ns3:TrackPointExtension>
        </extensions>
      </trkpt>
      <trkpt lat="51.85046919621527" lon="0.46341572888195515">
        <ele>67.80000305175781</ele>
        <time>2024-09-14T08:40:13Z</time>
        <extensions>
          <ns3:TrackPointExtension>
            <ns3:atemp>15.0</ns3:atemp>
          </ns3:TrackPointExtension>
        </extensions>
      </trkpt>
      <trkpt lat="51.850397950038314" lon="0.463643129914999">
        <ele>67.5999984741211</ele>
        <time>2024-09-14T08:40:16Z</time>
        <extensions>
          <ns3:TrackPointExtension>
            <ns3:atemp>15.0</ns3:atemp>
          </ns3:TrackPointExtension>
        </extensions>
      </trkpt>
      <trkpt lat="51.850366685539484" lon="0.46388125978410244">
        <ele>67.4000015258789</ele>
        <time>2024-09-14T08:40:18Z</time>
        <extensions>
          <ns3:TrackPointExtension>
            <ns3:atemp>15.0</ns3:atemp>
          </ns3:TrackPointExtension>
        </extensions>
      </trkpt>
      <trkpt lat="51.85036500915885" lon="0.4642693419009447">
        <ele>67.4000015258789</ele>
        <time>2024-09-14T08:40:21Z</time>
        <extensions>
          <ns3:TrackPointExtension>
            <ns3:atemp>16.0</ns3:atemp>
          </ns3:TrackPointExtension>
        </extensions>
      </trkpt>
      <trkpt lat="51.85046064667404" lon="0.46581806614995">
        <ele>67.19999694824219</ele>
        <time>2024-09-14T08:40:33Z</time>
        <extensions>
          <ns3:TrackPointExtension>
            <ns3:atemp>16.0</ns3:atemp>
          </ns3:TrackPointExtension>
        </extensions>
      </trkpt>
      <trkpt lat="51.85044078156352" lon="0.466054854914546">
        <ele>67.0</ele>
        <time>2024-09-14T08:40:35Z</time>
        <extensions>
          <ns3:TrackPointExtension>
            <ns3:atemp>15.0</ns3:atemp>
          </ns3:TrackPointExtension>
        </extensions>
      </trkpt>
      <trkpt lat="51.85036852955818" lon="0.46624302864074707">
        <ele>66.80000305175781</ele>
        <time>2024-09-14T08:40:37Z</time>
        <extensions>
          <ns3:TrackPointExtension>
            <ns3:atemp>15.0</ns3:atemp>
          </ns3:TrackPointExtension>
        </extensions>
      </trkpt>
      <trkpt lat="51.84950276277959" lon="0.4675919283181429">
        <ele>64.80000305175781</ele>
        <time>2024-09-14T08:40:52Z</time>
        <extensions>
          <ns3:TrackPointExtension>
            <ns3:atemp>15.0</ns3:atemp>
          </ns3:TrackPointExtension>
        </extensions>
      </trkpt>
      <trkpt lat="51.84847581200302" lon="0.469439048320055">
        <ele>60.400001525878906</ele>
        <time>2024-09-14T08:41:11Z</time>
        <extensions>
          <ns3:TrackPointExtension>
            <ns3:atemp>15.0</ns3:atemp>
          </ns3:TrackPointExtension>
        </extensions>
      </trkpt>
      <trkpt lat="51.847942639142275" lon="0.4701719619333744">
        <ele>57.79999923706055</ele>
        <time>2024-09-14T08:41:19Z</time>
        <extensions>
          <ns3:TrackPointExtension>
            <ns3:atemp>15.0</ns3:atemp>
          </ns3:TrackPointExtension>
        </extensions>
      </trkpt>
      <trkpt lat="51.847839122638106" lon="0.4703631531447172">
        <ele>57.599998474121094</ele>
        <time>2024-09-14T08:41:21Z</time>
        <extensions>
          <ns3:TrackPointExtension>
            <ns3:atemp>15.0</ns3:atemp>
          </ns3:TrackPointExtension>
        </extensions>
      </trkpt>
      <trkpt lat="51.847569392994046" lon="0.47101953998208046">
        <ele>57.20000076293945</ele>
        <time>2024-09-14T08:41:27Z</time>
        <extensions>
          <ns3:TrackPointExtension>
            <ns3:atemp>15.0</ns3:atemp>
          </ns3:TrackPointExtension>
        </extensions>
      </trkpt>
      <trkpt lat="51.84718927368522" lon="0.47172403894364834">
        <ele>57.79999923706055</ele>
        <time>2024-09-14T08:41:35Z</time>
        <extensions>
          <ns3:TrackPointExtension>
            <ns3:atemp>15.0</ns3:atemp>
          </ns3:TrackPointExtension>
        </extensions>
      </trkpt>
      <trkpt lat="51.846777219325304" lon="0.4728118423372507">
        <ele>61.79999923706055</ele>
        <time>2024-09-14T08:41:48Z</time>
        <extensions>
          <ns3:TrackPointExtension>
            <ns3:atemp>15.0</ns3:atemp>
          </ns3:TrackPointExtension>
        </extensions>
      </trkpt>
      <trkpt lat="51.84486991725862" lon="0.476811183616519">
        <ele>64.80000305175781</ele>
        <time>2024-09-14T08:42:35Z</time>
        <extensions>
          <ns3:TrackPointExtension>
            <ns3:atemp>16.0</ns3:atemp>
          </ns3:TrackPointExtension>
        </extensions>
      </trkpt>
      <trkpt lat="51.84443640522659" lon="0.47742591239511967">
        <ele>64.80000305175781</ele>
        <time>2024-09-14T08:42:43Z</time>
        <extensions>
          <ns3:TrackPointExtension>
            <ns3:atemp>16.0</ns3:atemp>
          </ns3:TrackPointExtension>
        </extensions>
      </trkpt>
      <trkpt lat="51.84379694983363" lon="0.4780632723122835">
        <ele>64.0</ele>
        <time>2024-09-14T08:42:53Z</time>
        <extensions>
          <ns3:TrackPointExtension>
            <ns3:atemp>16.0</ns3:atemp>
          </ns3:TrackPointExtension>
        </extensions>
      </trkpt>
      <trkpt lat="51.84351774863899" lon="0.4785647615790367">
        <ele>63.0</ele>
        <time>2024-09-14T08:42:58Z</time>
        <extensions>
          <ns3:TrackPointExtension>
            <ns3:atemp>16.0</ns3:atemp>
          </ns3:TrackPointExtension>
        </extensions>
      </trkpt>
      <trkpt lat="51.84317325241864" lon="0.47968726605176926">
        <ele>62.400001525878906</ele>
        <time>2024-09-14T08:43:08Z</time>
        <extensions>
          <ns3:TrackPointExtension>
            <ns3:atemp>16.0</ns3:atemp>
          </ns3:TrackPointExtension>
        </extensions>
      </trkpt>
      <trkpt lat="51.84248669072986" lon="0.4827309865504503">
        <ele>59.79999923706055</ele>
        <time>2024-09-14T08:43:33Z</time>
        <extensions>
          <ns3:TrackPointExtension>
            <ns3:atemp>16.0</ns3:atemp>
          </ns3:TrackPointExtension>
        </extensions>
      </trkpt>
      <trkpt lat="51.842318549752235" lon="0.48367965035140514">
        <ele>60.400001525878906</ele>
        <time>2024-09-14T08:43:41Z</time>
        <extensions>
          <ns3:TrackPointExtension>
            <ns3:atemp>16.0</ns3:atemp>
          </ns3:TrackPointExtension>
        </extensions>
      </trkpt>
      <trkpt lat="51.84188051149249" lon="0.48506065271794796">
        <ele>59.599998474121094</ele>
        <time>2024-09-14T08:43:53Z</time>
        <extensions>
          <ns3:TrackPointExtension>
            <ns3:atemp>16.0</ns3:atemp>
          </ns3:TrackPointExtension>
        </extensions>
      </trkpt>
      <trkpt lat="51.84154758229852" lon="0.48670132644474506">
        <ele>57.599998474121094</ele>
        <time>2024-09-14T08:44:06Z</time>
        <extensions>
          <ns3:TrackPointExtension>
            <ns3:atemp>16.0</ns3:atemp>
          </ns3:TrackPointExtension>
        </extensions>
      </trkpt>
      <trkpt lat="51.84130593203008" lon="0.48746969550848007">
        <ele>56.0</ele>
        <time>2024-09-14T08:44:12Z</time>
        <extensions>
          <ns3:TrackPointExtension>
            <ns3:atemp>16.0</ns3:atemp>
          </ns3:TrackPointExtension>
        </extensions>
      </trkpt>
      <trkpt lat="51.84110552072525" lon="0.48838013783097267">
        <ele>54.79999923706055</ele>
        <time>2024-09-14T08:44:20Z</time>
        <extensions>
          <ns3:TrackPointExtension>
            <ns3:atemp>16.0</ns3:atemp>
          </ns3:TrackPointExtension>
        </extensions>
      </trkpt>
      <trkpt lat="51.84084568172693" lon="0.4893777519464493">
        <ele>56.599998474121094</ele>
        <time>2024-09-14T08:44:29Z</time>
        <extensions>
          <ns3:TrackPointExtension>
            <ns3:atemp>17.0</ns3:atemp>
          </ns3:TrackPointExtension>
        </extensions>
      </trkpt>
      <trkpt lat="51.84069899842143" lon="0.4898021277040243">
        <ele>57.0</ele>
        <time>2024-09-14T08:44:33Z</time>
        <extensions>
          <ns3:TrackPointExtension>
            <ns3:atemp>17.0</ns3:atemp>
          </ns3:TrackPointExtension>
        </extensions>
      </trkpt>
      <trkpt lat="51.84046355076134" lon="0.4903083108365536">
        <ele>57.400001525878906</ele>
        <time>2024-09-14T08:44:38Z</time>
        <extensions>
          <ns3:TrackPointExtension>
            <ns3:atemp>17.0</ns3:atemp>
          </ns3:TrackPointExtension>
        </extensions>
      </trkpt>
      <trkpt lat="51.84016406536102" lon="0.49073838628828526">
        <ele>57.79999923706055</ele>
        <time>2024-09-14T08:44:43Z</time>
        <extensions>
          <ns3:TrackPointExtension>
            <ns3:atemp>17.0</ns3:atemp>
          </ns3:TrackPointExtension>
        </extensions>
      </trkpt>
      <trkpt lat="51.839551851153374" lon="0.49136183224618435">
        <ele>56.400001525878906</ele>
        <time>2024-09-14T08:44:51Z</time>
        <extensions>
          <ns3:TrackPointExtension>
            <ns3:atemp>16.0</ns3:atemp>
          </ns3:TrackPointExtension>
        </extensions>
      </trkpt>
      <trkpt lat="51.83908355422318" lon="0.4917764849960804">
        <ele>54.79999923706055</ele>
        <time>2024-09-14T08:44:57Z</time>
        <extensions>
          <ns3:TrackPointExtension>
            <ns3:atemp>16.0</ns3:atemp>
          </ns3:TrackPointExtension>
        </extensions>
      </trkpt>
      <trkpt lat="51.838512662798166" lon="0.4921516589820385">
        <ele>58.0</ele>
        <time>2024-09-14T08:45:06Z</time>
        <extensions>
          <ns3:TrackPointExtension>
            <ns3:atemp>16.0</ns3:atemp>
          </ns3:TrackPointExtension>
        </extensions>
      </trkpt>
      <trkpt lat="51.83778536505997" lon="0.49283252097666264">
        <ele>57.79999923706055</ele>
        <time>2024-09-14T08:45:17Z</time>
        <extensions>
          <ns3:TrackPointExtension>
            <ns3:atemp>16.0</ns3:atemp>
          </ns3:TrackPointExtension>
        </extensions>
      </trkpt>
      <trkpt lat="51.83746031485498" lon="0.49322362057864666">
        <ele>57.599998474121094</ele>
        <time>2024-09-14T08:45:22Z</time>
        <extensions>
          <ns3:TrackPointExtension>
            <ns3:atemp>16.0</ns3:atemp>
          </ns3:TrackPointExtension>
        </extensions>
      </trkpt>
      <trkpt lat="51.83709201402962" lon="0.4937589727342129">
        <ele>56.599998474121094</ele>
        <time>2024-09-14T08:45:28Z</time>
        <extensions>
          <ns3:TrackPointExtension>
            <ns3:atemp>16.0</ns3:atemp>
          </ns3:TrackPointExtension>
        </extensions>
      </trkpt>
      <trkpt lat="51.836792612448335" lon="0.4944091569632292">
        <ele>54.79999923706055</ele>
        <time>2024-09-14T08:45:34Z</time>
        <extensions>
          <ns3:TrackPointExtension>
            <ns3:atemp>16.0</ns3:atemp>
          </ns3:TrackPointExtension>
        </extensions>
      </trkpt>
      <trkpt lat="51.8366011697799" lon="0.49474057741463184">
        <ele>53.599998474121094</ele>
        <time>2024-09-14T08:45:37Z</time>
        <extensions>
          <ns3:TrackPointExtension>
            <ns3:atemp>16.0</ns3:atemp>
          </ns3:TrackPointExtension>
        </extensions>
      </trkpt>
      <trkpt lat="51.836303528398275" lon="0.495064789429307">
        <ele>52.400001525878906</ele>
        <time>2024-09-14T08:45:41Z</time>
        <extensions>
          <ns3:TrackPointExtension>
            <ns3:atemp>16.0</ns3:atemp>
          </ns3:TrackPointExtension>
        </extensions>
      </trkpt>
      <trkpt lat="51.83589759282768" lon="0.49533418379724026">
        <ele>51.79999923706055</ele>
        <time>2024-09-14T08:45:46Z</time>
        <extensions>
          <ns3:TrackPointExtension>
            <ns3:atemp>16.0</ns3:atemp>
          </ns3:TrackPointExtension>
        </extensions>
      </trkpt>
      <trkpt lat="51.83555921539664" lon="0.495478855445981">
        <ele>52.599998474121094</ele>
        <time>2024-09-14T08:45:51Z</time>
        <extensions>
          <ns3:TrackPointExtension>
            <ns3:atemp>16.0</ns3:atemp>
          </ns3:TrackPointExtension>
        </extensions>
      </trkpt>
      <trkpt lat="51.83509552851319" lon="0.4955691285431385">
        <ele>56.400001525878906</ele>
        <time>2024-09-14T08:45:59Z</time>
        <extensions>
          <ns3:TrackPointExtension>
            <ns3:atemp>16.0</ns3:atemp>
          </ns3:TrackPointExtension>
        </extensions>
      </trkpt>
      <trkpt lat="51.83452572673559" lon="0.49553568474948406">
        <ele>58.0</ele>
        <time>2024-09-14T08:46:08Z</time>
        <extensions>
          <ns3:TrackPointExtension>
            <ns3:atemp>16.0</ns3:atemp>
          </ns3:TrackPointExtension>
        </extensions>
      </trkpt>
      <trkpt lat="51.8342022690922" lon="0.4954123869538307">
        <ele>58.599998474121094</ele>
        <time>2024-09-14T08:46:13Z</time>
        <extensions>
          <ns3:TrackPointExtension>
            <ns3:atemp>16.0</ns3:atemp>
          </ns3:TrackPointExtension>
        </extensions>
      </trkpt>
      <trkpt lat="51.83324731886387" lon="0.4946533218026161">
        <ele>57.400001525878906</ele>
        <time>2024-09-14T08:46:28Z</time>
        <extensions>
          <ns3:TrackPointExtension>
            <ns3:atemp>16.0</ns3:atemp>
          </ns3:TrackPointExtension>
        </extensions>
      </trkpt>
      <trkpt lat="51.83296392671764" lon="0.4946114122867584">
        <ele>57.0</ele>
        <time>2024-09-14T08:46:32Z</time>
        <extensions>
          <ns3:TrackPointExtension>
            <ns3:atemp>16.0</ns3:atemp>
          </ns3:TrackPointExtension>
        </extensions>
      </trkpt>
      <trkpt lat="51.8327656108886" lon="0.49474116414785385">
        <ele>56.79999923706055</ele>
        <time>2024-09-14T08:46:35Z</time>
        <extensions>
          <ns3:TrackPointExtension>
            <ns3:atemp>16.0</ns3:atemp>
          </ns3:TrackPointExtension>
        </extensions>
      </trkpt>
      <trkpt lat="51.83272370137274" lon="0.49482783302664757">
        <ele>56.599998474121094</ele>
        <time>2024-09-14T08:46:36Z</time>
        <extensions>
          <ns3:TrackPointExtension>
            <ns3:atemp>16.0</ns3:atemp>
          </ns3:TrackPointExtension>
        </extensions>
      </trkpt>
      <trkpt lat="51.83269931003451" lon="0.4950355365872383">
        <ele>56.599998474121094</ele>
        <time>2024-09-14T08:46:38Z</time>
        <extensions>
          <ns3:TrackPointExtension>
            <ns3:atemp>16.0</ns3:atemp>
          </ns3:TrackPointExtension>
        </extensions>
      </trkpt>
      <trkpt lat="51.83285990729928" lon="0.49618695862591267">
        <ele>57.400001525878906</ele>
        <time>2024-09-14T08:46:48Z</time>
        <extensions>
          <ns3:TrackPointExtension>
            <ns3:atemp>16.0</ns3:atemp>
          </ns3:TrackPointExtension>
        </extensions>
      </trkpt>
      <trkpt lat="51.83287465944886" lon="0.4965513199567795">
        <ele>57.79999923706055</ele>
        <time>2024-09-14T08:46:51Z</time>
        <extensions>
          <ns3:TrackPointExtension>
            <ns3:atemp>16.0</ns3:atemp>
          </ns3:TrackPointExtension>
        </extensions>
      </trkpt>
      <trkpt lat="51.83280919678509" lon="0.49738163128495216">
        <ele>59.400001525878906</ele>
        <time>2024-09-14T08:46:59Z</time>
        <extensions>
          <ns3:TrackPointExtension>
            <ns3:atemp>16.0</ns3:atemp>
          </ns3:TrackPointExtension>
        </extensions>
      </trkpt>
      <trkpt lat="51.83280718512833" lon="0.49777046777307987">
        <ele>60.20000076293945</ele>
        <time>2024-09-14T08:47:03Z</time>
        <extensions>
          <ns3:TrackPointExtension>
            <ns3:atemp>16.0</ns3:atemp>
          </ns3:TrackPointExtension>
        </extensions>
      </trkpt>
      <trkpt lat="51.832953533157706" lon="0.4986930638551712">
        <ele>61.0</ele>
        <time>2024-09-14T08:47:12Z</time>
        <extensions>
          <ns3:TrackPointExtension>
            <ns3:atemp>16.0</ns3:atemp>
          </ns3:TrackPointExtension>
        </extensions>
      </trkpt>
      <trkpt lat="51.83293903246522" lon="0.49891283735632896">
        <ele>61.20000076293945</ele>
        <time>2024-09-14T08:47:14Z</time>
        <extensions>
          <ns3:TrackPointExtension>
            <ns3:atemp>16.0</ns3:atemp>
          </ns3:TrackPointExtension>
        </extensions>
      </trkpt>
      <trkpt lat="51.832832330837846" lon="0.4991792980581522">
        <ele>61.400001525878906</ele>
        <time>2024-09-14T08:47:17Z</time>
        <extensions>
          <ns3:TrackPointExtension>
            <ns3:atemp>16.0</ns3:atemp>
          </ns3:TrackPointExtension>
        </extensions>
      </trkpt>
      <trkpt lat="51.831872100010514" lon="0.5002562887966633">
        <ele>63.79999923706055</ele>
        <time>2024-09-14T08:47:35Z</time>
        <extensions>
          <ns3:TrackPointExtension>
            <ns3:atemp>16.0</ns3:atemp>
          </ns3:TrackPointExtension>
        </extensions>
      </trkpt>
      <trkpt lat="51.83138561435044" lon="0.5007438641041517">
        <ele>64.4000015258789</ele>
        <time>2024-09-14T08:47:43Z</time>
        <extensions>
          <ns3:TrackPointExtension>
            <ns3:atemp>16.0</ns3:atemp>
          </ns3:TrackPointExtension>
        </extensions>
      </trkpt>
      <trkpt lat="51.83092938736081" lon="0.5010915454477072">
        <ele>64.80000305175781</ele>
        <time>2024-09-14T08:47:50Z</time>
        <extensions>
          <ns3:TrackPointExtension>
            <ns3:atemp>16.0</ns3:atemp>
          </ns3:TrackPointExtension>
        </extensions>
      </trkpt>
      <trkpt lat="51.83052194304764" lon="0.5014754366129637">
        <ele>65.4000015258789</ele>
        <time>2024-09-14T08:47:57Z</time>
        <extensions>
          <ns3:TrackPointExtension>
            <ns3:atemp>16.0</ns3:atemp>
          </ns3:TrackPointExtension>
        </extensions>
      </trkpt>
      <trkpt lat="51.82978919707239" lon="0.5023465678095818">
        <ele>66.19999694824219</ele>
        <time>2024-09-14T08:48:10Z</time>
        <extensions>
          <ns3:TrackPointExtension>
            <ns3:atemp>16.0</ns3:atemp>
          </ns3:TrackPointExtension>
        </extensions>
      </trkpt>
      <trkpt lat="51.82919600978494" lon="0.5029663257300854">
        <ele>65.4000015258789</ele>
        <time>2024-09-14T08:48:20Z</time>
        <extensions>
          <ns3:TrackPointExtension>
            <ns3:atemp>16.0</ns3:atemp>
          </ns3:TrackPointExtension>
        </extensions>
      </trkpt>
      <trkpt lat="51.828349102288485" lon="0.5040300730615854">
        <ele>65.19999694824219</ele>
        <time>2024-09-14T08:48:36Z</time>
        <extensions>
          <ns3:TrackPointExtension>
            <ns3:atemp>16.0</ns3:atemp>
          </ns3:TrackPointExtension>
        </extensions>
      </trkpt>
      <trkpt lat="51.82711302302778" lon="0.5052395816892385">
        <ele>62.79999923706055</ele>
        <time>2024-09-14T08:48:56Z</time>
        <extensions>
          <ns3:TrackPointExtension>
            <ns3:atemp>16.0</ns3:atemp>
          </ns3:TrackPointExtension>
        </extensions>
      </trkpt>
      <trkpt lat="51.82681211270392" lon="0.5056499596685171">
        <ele>61.79999923706055</ele>
        <time>2024-09-14T08:49:08Z</time>
        <extensions>
          <ns3:TrackPointExtension>
            <ns3:atemp>16.0</ns3:atemp>
          </ns3:TrackPointExtension>
        </extensions>
      </trkpt>
      <trkpt lat="51.8266611546278" lon="0.5056570004671812">
        <ele>61.79999923706055</ele>
        <time>2024-09-14T08:49:12Z</time>
        <extensions>
          <ns3:TrackPointExtension>
            <ns3:atemp>16.0</ns3:atemp>
          </ns3:TrackPointExtension>
        </extensions>
      </trkpt>
      <trkpt lat="51.82656040415168" lon="0.5057438369840384">
        <ele>61.599998474121094</ele>
        <time>2024-09-14T08:49:14Z</time>
        <extensions>
          <ns3:TrackPointExtension>
            <ns3:atemp>16.0</ns3:atemp>
          </ns3:TrackPointExtension>
        </extensions>
      </trkpt>
      <trkpt lat="51.82583746500313" lon="0.5076909530907869">
        <ele>61.400001525878906</ele>
        <time>2024-09-14T08:49:37Z</time>
        <extensions>
          <ns3:TrackPointExtension>
            <ns3:atemp>17.0</ns3:atemp>
          </ns3:TrackPointExtension>
        </extensions>
      </trkpt>
      <trkpt lat="51.82539498433471" lon="0.5086006410419941">
        <ele>60.79999923706055</ele>
        <time>2024-09-14T08:49:49Z</time>
        <extensions>
          <ns3:TrackPointExtension>
            <ns3:atemp>17.0</ns3:atemp>
          </ns3:TrackPointExtension>
        </extensions>
      </trkpt>
      <trkpt lat="51.825166158378124" lon="0.5091632343828678">
        <ele>59.400001525878906</ele>
        <time>2024-09-14T08:49:56Z</time>
        <extensions>
          <ns3:TrackPointExtension>
            <ns3:atemp>17.0</ns3:atemp>
          </ns3:TrackPointExtension>
        </extensions>
      </trkpt>
      <trkpt lat="51.825019055977464" lon="0.5096912104636431">
        <ele>58.20000076293945</ele>
        <time>2024-09-14T08:50:01Z</time>
        <extensions>
          <ns3:TrackPointExtension>
            <ns3:atemp>17.0</ns3:atemp>
          </ns3:TrackPointExtension>
        </extensions>
      </trkpt>
      <trkpt lat="51.824956526979804" lon="0.510092955082655">
        <ele>57.20000076293945</ele>
        <time>2024-09-14T08:50:04Z</time>
        <extensions>
          <ns3:TrackPointExtension>
            <ns3:atemp>17.0</ns3:atemp>
          </ns3:TrackPointExtension>
        </extensions>
      </trkpt>
      <trkpt lat="51.82491813786328" lon="0.5112664215266705">
        <ele>54.599998474121094</ele>
        <time>2024-09-14T08:50:12Z</time>
        <extensions>
          <ns3:TrackPointExtension>
            <ns3:atemp>17.0</ns3:atemp>
          </ns3:TrackPointExtension>
        </extensions>
      </trkpt>
      <trkpt lat="51.82481596246362" lon="0.5129232723265886">
        <ele>57.599998474121094</ele>
        <time>2024-09-14T08:50:25Z</time>
        <extensions>
          <ns3:TrackPointExtension>
            <ns3:atemp>17.0</ns3:atemp>
          </ns3:TrackPointExtension>
        </extensions>
      </trkpt>
      <trkpt lat="51.824853932484984" lon="0.5141845811158419">
        <ele>63.20000076293945</ele>
        <time>2024-09-14T08:50:39Z</time>
        <extensions>
          <ns3:TrackPointExtension>
            <ns3:atemp>17.0</ns3:atemp>
          </ns3:TrackPointExtension>
        </extensions>
      </trkpt>
      <trkpt lat="51.82491377927363" lon="0.5146434903144836">
        <ele>63.79999923706055</ele>
        <time>2024-09-14T08:50:44Z</time>
        <extensions>
          <ns3:TrackPointExtension>
            <ns3:atemp>16.0</ns3:atemp>
          </ns3:TrackPointExtension>
        </extensions>
      </trkpt>
      <trkpt lat="51.825041603296995" lon="0.5152622424066067">
        <ele>65.0</ele>
        <time>2024-09-14T08:50:51Z</time>
        <extensions>
          <ns3:TrackPointExtension>
            <ns3:atemp>16.0</ns3:atemp>
          </ns3:TrackPointExtension>
        </extensions>
      </trkpt>
      <trkpt lat="51.82507261633873" lon="0.5156410206109285">
        <ele>65.5999984741211</ele>
        <time>2024-09-14T08:50:55Z</time>
        <extensions>
          <ns3:TrackPointExtension>
            <ns3:atemp>17.0</ns3:atemp>
          </ns3:TrackPointExtension>
        </extensions>
      </trkpt>
      <trkpt lat="51.825060127303004" lon="0.5160138476639986">
        <ele>66.4000015258789</ele>
        <time>2024-09-14T08:50:59Z</time>
        <extensions>
          <ns3:TrackPointExtension>
            <ns3:atemp>17.0</ns3:atemp>
          </ns3:TrackPointExtension>
        </extensions>
      </trkpt>
      <trkpt lat="51.82491520419717" lon="0.5166842322796583">
        <ele>67.0</ele>
        <time>2024-09-14T08:51:07Z</time>
        <extensions>
          <ns3:TrackPointExtension>
            <ns3:atemp>17.0</ns3:atemp>
          </ns3:TrackPointExtension>
        </extensions>
      </trkpt>
      <trkpt lat="51.824914114549756" lon="0.5168421473354101">
        <ele>67.0</ele>
        <time>2024-09-14T08:51:09Z</time>
        <extensions>
          <ns3:TrackPointExtension>
            <ns3:atemp>17.0</ns3:atemp>
          </ns3:TrackPointExtension>
        </extensions>
      </trkpt>
      <trkpt lat="51.82519046589732" lon="0.5170760024338961">
        <ele>66.80000305175781</ele>
        <time>2024-09-14T08:51:15Z</time>
        <extensions>
          <ns3:TrackPointExtension>
            <ns3:atemp>17.0</ns3:atemp>
          </ns3:TrackPointExtension>
        </extensions>
      </trkpt>
      <trkpt lat="51.82570109143853" lon="0.5178985185921192">
        <ele>67.80000305175781</ele>
        <time>2024-09-14T08:51:26Z</time>
        <extensions>
          <ns3:TrackPointExtension>
            <ns3:atemp>17.0</ns3:atemp>
          </ns3:TrackPointExtension>
        </extensions>
      </trkpt>
      <trkpt lat="51.82611105032265" lon="0.5182813201099634">
        <ele>68.4000015258789</ele>
        <time>2024-09-14T08:51:34Z</time>
        <extensions>
          <ns3:TrackPointExtension>
            <ns3:atemp>17.0</ns3:atemp>
          </ns3:TrackPointExtension>
        </extensions>
      </trkpt>
      <trkpt lat="51.826762994751334" lon="0.5187284108251333">
        <ele>69.80000305175781</ele>
        <time>2024-09-14T08:51:46Z</time>
        <extensions>
          <ns3:TrackPointExtension>
            <ns3:atemp>16.0</ns3:atemp>
          </ns3:TrackPointExtension>
        </extensions>
      </trkpt>
      <trkpt lat="51.82722198776901" lon="0.5192495975643396">
        <ele>70.80000305175781</ele>
        <time>2024-09-14T08:51:55Z</time>
        <extensions>
          <ns3:TrackPointExtension>
            <ns3:atemp>16.0</ns3:atemp>
          </ns3:TrackPointExtension>
        </extensions>
      </trkpt>
      <trkpt lat="51.82756690308452" lon="0.5195780843496323">
        <ele>71.19999694824219</ele>
        <time>2024-09-14T08:52:01Z</time>
        <extensions>
          <ns3:TrackPointExtension>
            <ns3:atemp>16.0</ns3:atemp>
          </ns3:TrackPointExtension>
        </extensions>
      </trkpt>
      <trkpt lat="51.83093969710171" lon="0.5210596695542336">
        <ele>72.80000305175781</ele>
        <time>2024-09-14T08:52:53Z</time>
        <extensions>
          <ns3:TrackPointExtension>
            <ns3:atemp>16.0</ns3:atemp>
          </ns3:TrackPointExtension>
        </extensions>
      </trkpt>
      <trkpt lat="51.83381259441376" lon="0.5242891330271959">
        <ele>72.19999694824219</ele>
        <time>2024-09-14T08:53:43Z</time>
        <extensions>
          <ns3:TrackPointExtension>
            <ns3:atemp>16.0</ns3:atemp>
          </ns3:TrackPointExtension>
        </extensions>
      </trkpt>
      <trkpt lat="51.83390261605382" lon="0.5244317092001438">
        <ele>72.4000015258789</ele>
        <time>2024-09-14T08:53:46Z</time>
        <extensions>
          <ns3:TrackPointExtension>
            <ns3:atemp>16.0</ns3:atemp>
          </ns3:TrackPointExtension>
        </extensions>
      </trkpt>
      <trkpt lat="51.83388912118971" lon="0.5245474632829428">
        <ele>72.4000015258789</ele>
        <time>2024-09-14T08:53:48Z</time>
        <extensions>
          <ns3:TrackPointExtension>
            <ns3:atemp>16.0</ns3:atemp>
          </ns3:TrackPointExtension>
        </extensions>
      </trkpt>
      <trkpt lat="51.83335058391094" lon="0.5257176607847214">
        <ele>71.80000305175781</ele>
        <time>2024-09-14T08:54:02Z</time>
        <extensions>
          <ns3:TrackPointExtension>
            <ns3:atemp>16.0</ns3:atemp>
          </ns3:TrackPointExtension>
        </extensions>
      </trkpt>
      <trkpt lat="51.833254946395755" lon="0.5260648392140865">
        <ele>71.5999984741211</ele>
        <time>2024-09-14T08:54:05Z</time>
        <extensions>
          <ns3:TrackPointExtension>
            <ns3:atemp>16.0</ns3:atemp>
          </ns3:TrackPointExtension>
        </extensions>
      </trkpt>
      <trkpt lat="51.833095187321305" lon="0.5272921174764633">
        <ele>69.80000305175781</ele>
        <time>2024-09-14T08:54:15Z</time>
        <extensions>
          <ns3:TrackPointExtension>
            <ns3:atemp>16.0</ns3:atemp>
          </ns3:TrackPointExtension>
        </extensions>
      </trkpt>
      <trkpt lat="51.83299904689193" lon="0.5289167817682028">
        <ele>70.0</ele>
        <time>2024-09-14T08:54:28Z</time>
        <extensions>
          <ns3:TrackPointExtension>
            <ns3:atemp>16.0</ns3:atemp>
          </ns3:TrackPointExtension>
        </extensions>
      </trkpt>
      <trkpt lat="51.83267307467759" lon="0.5301408749073744">
        <ele>69.5999984741211</ele>
        <time>2024-09-14T08:54:38Z</time>
        <extensions>
          <ns3:TrackPointExtension>
            <ns3:atemp>16.0</ns3:atemp>
          </ns3:TrackPointExtension>
        </extensions>
      </trkpt>
      <trkpt lat="51.83257316239178" lon="0.5309531651437283">
        <ele>69.4000015258789</ele>
        <time>2024-09-14T08:54:44Z</time>
        <extensions>
          <ns3:TrackPointExtension>
            <ns3:atemp>16.0</ns3:atemp>
          </ns3:TrackPointExtension>
        </extensions>
      </trkpt>
      <trkpt lat="51.83256469666958" lon="0.5316622741520405">
        <ele>68.4000015258789</ele>
        <time>2024-09-14T08:54:49Z</time>
        <extensions>
          <ns3:TrackPointExtension>
            <ns3:atemp>16.0</ns3:atemp>
          </ns3:TrackPointExtension>
        </extensions>
      </trkpt>
      <trkpt lat="51.83261004276574" lon="0.532359229400754">
        <ele>67.80000305175781</ele>
        <time>2024-09-14T08:54:54Z</time>
        <extensions>
          <ns3:TrackPointExtension>
            <ns3:atemp>16.0</ns3:atemp>
          </ns3:TrackPointExtension>
        </extensions>
      </trkpt>
      <trkpt lat="51.832595374435186" lon="0.5330975912511349">
        <ele>65.4000015258789</ele>
        <time>2024-09-14T08:54:59Z</time>
        <extensions>
          <ns3:TrackPointExtension>
            <ns3:atemp>16.0</ns3:atemp>
          </ns3:TrackPointExtension>
        </extensions>
      </trkpt>
      <trkpt lat="51.83284213766456" lon="0.5340525414794683">
        <ele>65.80000305175781</ele>
        <time>2024-09-14T08:55:06Z</time>
        <extensions>
          <ns3:TrackPointExtension>
            <ns3:atemp>16.0</ns3:atemp>
          </ns3:TrackPointExtension>
        </extensions>
      </trkpt>
      <trkpt lat="51.8329868093133" lon="0.5349183082580566">
        <ele>67.5999984741211</ele>
        <time>2024-09-14T08:55:13Z</time>
        <extensions>
          <ns3:TrackPointExtension>
            <ns3:atemp>16.0</ns3:atemp>
          </ns3:TrackPointExtension>
        </extensions>
      </trkpt>
      <trkpt lat="51.833024360239506" lon="0.5354858469218016">
        <ele>70.19999694824219</ele>
        <time>2024-09-14T08:55:18Z</time>
        <extensions>
          <ns3:TrackPointExtension>
            <ns3:atemp>16.0</ns3:atemp>
          </ns3:TrackPointExtension>
        </extensions>
      </trkpt>
      <trkpt lat="51.83302201330662" lon="0.5365811102092266">
        <ele>71.5999984741211</ele>
        <time>2024-09-14T08:55:28Z</time>
        <extensions>
          <ns3:TrackPointExtension>
            <ns3:atemp>16.0</ns3:atemp>
          </ns3:TrackPointExtension>
        </extensions>
      </trkpt>
      <trkpt lat="51.8329609092325" lon="0.5372792389243841">
        <ele>71.80000305175781</ele>
        <time>2024-09-14T08:55:34Z</time>
        <extensions>
          <ns3:TrackPointExtension>
            <ns3:atemp>16.0</ns3:atemp>
          </ns3:TrackPointExtension>
        </extensions>
      </trkpt>
      <trkpt lat="51.832850435748696" lon="0.5377312749624252">
        <ele>72.0</ele>
        <time>2024-09-14T08:55:38Z</time>
        <extensions>
          <ns3:TrackPointExtension>
            <ns3:atemp>16.0</ns3:atemp>
          </ns3:TrackPointExtension>
        </extensions>
      </trkpt>
      <trkpt lat="51.83275664225221" lon="0.5379182752221823">
        <ele>71.80000305175781</ele>
        <time>2024-09-14T08:55:40Z</time>
        <extensions>
          <ns3:TrackPointExtension>
            <ns3:atemp>16.0</ns3:atemp>
          </ns3:TrackPointExtension>
        </extensions>
      </trkpt>
      <trkpt lat="51.832404602319" lon="0.5384190939366817">
        <ele>71.80000305175781</ele>
        <time>2024-09-14T08:55:46Z</time>
        <extensions>
          <ns3:TrackPointExtension>
            <ns3:atemp>16.0</ns3:atemp>
          </ns3:TrackPointExtension>
        </extensions>
      </trkpt>
      <trkpt lat="51.832266887649894" lon="0.538698211312294">
        <ele>71.80000305175781</ele>
        <time>2024-09-14T08:55:49Z</time>
        <extensions>
          <ns3:TrackPointExtension>
            <ns3:atemp>16.0</ns3:atemp>
          </ns3:TrackPointExtension>
        </extensions>
      </trkpt>
      <trkpt lat="51.83209505863488" lon="0.5392415262758732">
        <ele>71.80000305175781</ele>
        <time>2024-09-14T08:55:54Z</time>
        <extensions>
          <ns3:TrackPointExtension>
            <ns3:atemp>16.0</ns3:atemp>
          </ns3:TrackPointExtension>
        </extensions>
      </trkpt>
      <trkpt lat="51.83201895095408" lon="0.5395917221903801">
        <ele>71.80000305175781</ele>
        <time>2024-09-14T08:55:57Z</time>
        <extensions>
          <ns3:TrackPointExtension>
            <ns3:atemp>17.0</ns3:atemp>
          </ns3:TrackPointExtension>
        </extensions>
      </trkpt>
      <trkpt lat="51.83199657127261" lon="0.5401828978210688">
        <ele>72.0</ele>
        <time>2024-09-14T08:56:02Z</time>
        <extensions>
          <ns3:TrackPointExtension>
            <ns3:atemp>17.0</ns3:atemp>
          </ns3:TrackPointExtension>
        </extensions>
      </trkpt>
      <trkpt lat="51.832099836319685" lon="0.5414964258670807">
        <ele>71.80000305175781</ele>
        <time>2024-09-14T08:56:13Z</time>
        <extensions>
          <ns3:TrackPointExtension>
            <ns3:atemp>17.0</ns3:atemp>
          </ns3:TrackPointExtension>
        </extensions>
      </trkpt>
      <trkpt lat="51.832007467746735" lon="0.5427658651024103">
        <ele>72.0</ele>
        <time>2024-09-14T08:56:23Z</time>
        <extensions>
          <ns3:TrackPointExtension>
            <ns3:atemp>17.0</ns3:atemp>
          </ns3:TrackPointExtension>
        </extensions>
      </trkpt>
      <trkpt lat="51.83215473778546" lon="0.5436622258275747">
        <ele>71.5999984741211</ele>
        <time>2024-09-14T08:56:30Z</time>
        <extensions>
          <ns3:TrackPointExtension>
            <ns3:atemp>17.0</ns3:atemp>
          </ns3:TrackPointExtension>
        </extensions>
      </trkpt>
      <trkpt lat="51.832152642309666" lon="0.5447607580572367">
        <ele>70.80000305175781</ele>
        <time>2024-09-14T08:56:39Z</time>
        <extensions>
          <ns3:TrackPointExtension>
            <ns3:atemp>17.0</ns3:atemp>
          </ns3:TrackPointExtension>
        </extensions>
      </trkpt>
      <trkpt lat="51.8320922087878" lon="0.545330224558711">
        <ele>70.5999984741211</ele>
        <time>2024-09-14T08:56:44Z</time>
        <extensions>
          <ns3:TrackPointExtension>
            <ns3:atemp>16.0</ns3:atemp>
          </ns3:TrackPointExtension>
        </extensions>
      </trkpt>
      <trkpt lat="51.83172625489533" lon="0.547255128622055">
        <ele>70.19999694824219</ele>
        <time>2024-09-14T08:56:59Z</time>
        <extensions>
          <ns3:TrackPointExtension>
            <ns3:atemp>16.0</ns3:atemp>
          </ns3:TrackPointExtension>
        </extensions>
      </trkpt>
      <trkpt lat="51.831676634028554" lon="0.5478838551789522">
        <ele>69.5999984741211</ele>
        <time>2024-09-14T08:57:04Z</time>
        <extensions>
          <ns3:TrackPointExtension>
            <ns3:atemp>16.0</ns3:atemp>
          </ns3:TrackPointExtension>
        </extensions>
      </trkpt>
      <trkpt lat="51.8316743709147" lon="0.5491242930293083">
        <ele>68.4000015258789</ele>
        <time>2024-09-14T08:57:13Z</time>
        <extensions>
          <ns3:TrackPointExtension>
            <ns3:atemp>16.0</ns3:atemp>
          </ns3:TrackPointExtension>
        </extensions>
      </trkpt>
      <trkpt lat="51.83151804842055" lon="0.5505478754639626">
        <ele>66.4000015258789</ele>
        <time>2024-09-14T08:57:24Z</time>
        <extensions>
          <ns3:TrackPointExtension>
            <ns3:atemp>17.0</ns3:atemp>
          </ns3:TrackPointExtension>
        </extensions>
      </trkpt>
      <trkpt lat="51.8316828366369" lon="0.5519037321209908">
        <ele>65.0</ele>
        <time>2024-09-14T08:57:34Z</time>
        <extensions>
          <ns3:TrackPointExtension>
            <ns3:atemp>17.0</ns3:atemp>
          </ns3:TrackPointExtension>
        </extensions>
      </trkpt>
      <trkpt lat="51.83211827650666" lon="0.5534446612000465">
        <ele>62.400001525878906</ele>
        <time>2024-09-14T08:57:46Z</time>
        <extensions>
          <ns3:TrackPointExtension>
            <ns3:atemp>17.0</ns3:atemp>
          </ns3:TrackPointExtension>
        </extensions>
      </trkpt>
      <trkpt lat="51.83233419433236" lon="0.5547302775084972">
        <ele>60.400001525878906</ele>
        <time>2024-09-14T08:57:56Z</time>
        <extensions>
          <ns3:TrackPointExtension>
            <ns3:atemp>17.0</ns3:atemp>
          </ns3:TrackPointExtension>
        </extensions>
      </trkpt>
      <trkpt lat="51.832700315862894" lon="0.5559998005628586">
        <ele>58.0</ele>
        <time>2024-09-14T08:58:06Z</time>
        <extensions>
          <ns3:TrackPointExtension>
            <ns3:atemp>17.0</ns3:atemp>
          </ns3:TrackPointExtension>
        </extensions>
      </trkpt>
      <trkpt lat="51.832932997494936" lon="0.5565526708960533">
        <ele>57.20000076293945</ele>
        <time>2024-09-14T08:58:11Z</time>
        <extensions>
          <ns3:TrackPointExtension>
            <ns3:atemp>17.0</ns3:atemp>
          </ns3:TrackPointExtension>
        </extensions>
      </trkpt>
      <trkpt lat="51.83304565027356" lon="0.5569034535437822">
        <ele>56.400001525878906</ele>
        <time>2024-09-14T08:58:14Z</time>
        <extensions>
          <ns3:TrackPointExtension>
            <ns3:atemp>17.0</ns3:atemp>
          </ns3:TrackPointExtension>
        </extensions>
      </trkpt>
      <trkpt lat="51.83317070826888" lon="0.5573966447263956">
        <ele>54.79999923706055</ele>
        <time>2024-09-14T08:58:19Z</time>
        <extensions>
          <ns3:TrackPointExtension>
            <ns3:atemp>17.0</ns3:atemp>
          </ns3:TrackPointExtension>
        </extensions>
      </trkpt>
      <trkpt lat="51.833242205902934" lon="0.5578265525400639">
        <ele>53.20000076293945</ele>
        <time>2024-09-14T08:58:25Z</time>
        <extensions>
          <ns3:TrackPointExtension>
            <ns3:atemp>17.0</ns3:atemp>
          </ns3:TrackPointExtension>
        </extensions>
      </trkpt>
      <trkpt lat="51.833316050469875" lon="0.5578965414315462">
        <ele>52.79999923706055</ele>
        <time>2024-09-14T08:58:27Z</time>
        <extensions>
          <ns3:TrackPointExtension>
            <ns3:atemp>17.0</ns3:atemp>
          </ns3:TrackPointExtension>
        </extensions>
      </trkpt>
      <trkpt lat="51.83341948315501" lon="0.5579014029353857">
        <ele>52.400001525878906</ele>
        <time>2024-09-14T08:58:29Z</time>
        <extensions>
          <ns3:TrackPointExtension>
            <ns3:atemp>17.0</ns3:atemp>
          </ns3:TrackPointExtension>
        </extensions>
      </trkpt>
      <trkpt lat="51.83416907675564" lon="0.5577113851904869">
        <ele>53.0</ele>
        <time>2024-09-14T08:58:41Z</time>
        <extensions>
          <ns3:TrackPointExtension>
            <ns3:atemp>17.0</ns3:atemp>
          </ns3:TrackPointExtension>
        </extensions>
      </trkpt>
      <trkpt lat="51.83502126485109" lon="0.5579255428165197">
        <ele>54.0</ele>
        <time>2024-09-14T08:58:53Z</time>
        <extensions>
          <ns3:TrackPointExtension>
            <ns3:atemp>17.0</ns3:atemp>
          </ns3:TrackPointExtension>
        </extensions>
      </trkpt>
      <trkpt lat="51.83551604859531" lon="0.5578378681093454">
        <ele>54.400001525878906</ele>
        <time>2024-09-14T08:59:00Z</time>
        <extensions>
          <ns3:TrackPointExtension>
            <ns3:atemp>17.0</ns3:atemp>
          </ns3:TrackPointExtension>
        </extensions>
      </trkpt>
      <trkpt lat="51.83600043877959" lon="0.557893356308341">
        <ele>54.400001525878906</ele>
        <time>2024-09-14T08:59:07Z</time>
        <extensions>
          <ns3:TrackPointExtension>
            <ns3:atemp>17.0</ns3:atemp>
          </ns3:TrackPointExtension>
        </extensions>
      </trkpt>
      <trkpt lat="51.83656965382397" lon="0.557630080729723">
        <ele>56.79999923706055</ele>
        <time>2024-09-14T08:59:16Z</time>
        <extensions>
          <ns3:TrackPointExtension>
            <ns3:atemp>17.0</ns3:atemp>
          </ns3:TrackPointExtension>
        </extensions>
      </trkpt>
      <trkpt lat="51.83730659075081" lon="0.5576017498970032">
        <ele>59.79999923706055</ele>
        <time>2024-09-14T08:59:28Z</time>
        <extensions>
          <ns3:TrackPointExtension>
            <ns3:atemp>17.0</ns3:atemp>
          </ns3:TrackPointExtension>
        </extensions>
      </trkpt>
      <trkpt lat="51.837946800515056" lon="0.5573649611324072">
        <ele>61.79999923706055</ele>
        <time>2024-09-14T08:59:39Z</time>
        <extensions>
          <ns3:TrackPointExtension>
            <ns3:atemp>17.0</ns3:atemp>
          </ns3:TrackPointExtension>
        </extensions>
      </trkpt>
      <trkpt lat="51.8382310308516" lon="0.5574199464172125">
        <ele>62.20000076293945</ele>
        <time>2024-09-14T08:59:44Z</time>
        <extensions>
          <ns3:TrackPointExtension>
            <ns3:atemp>17.0</ns3:atemp>
          </ns3:TrackPointExtension>
        </extensions>
      </trkpt>
      <trkpt lat="51.83861006051302" lon="0.5575856566429138">
        <ele>62.20000076293945</ele>
        <time>2024-09-14T08:59:50Z</time>
        <extensions>
          <ns3:TrackPointExtension>
            <ns3:atemp>17.0</ns3:atemp>
          </ns3:TrackPointExtension>
        </extensions>
      </trkpt>
      <trkpt lat="51.838843915611506" lon="0.5577515345066786">
        <ele>62.79999923706055</ele>
        <time>2024-09-14T08:59:54Z</time>
        <extensions>
          <ns3:TrackPointExtension>
            <ns3:atemp>17.0</ns3:atemp>
          </ns3:TrackPointExtension>
        </extensions>
      </trkpt>
      <trkpt lat="51.83961865492165" lon="0.5585647467523813">
        <ele>62.599998474121094</ele>
        <time>2024-09-14T09:00:08Z</time>
        <extensions>
          <ns3:TrackPointExtension>
            <ns3:atemp>17.0</ns3:atemp>
          </ns3:TrackPointExtension>
        </extensions>
      </trkpt>
      <trkpt lat="51.8399390950799" lon="0.5590606201440096">
        <ele>61.599998474121094</ele>
        <time>2024-09-14T09:00:15Z</time>
        <extensions>
          <ns3:TrackPointExtension>
            <ns3:atemp>17.0</ns3:atemp>
          </ns3:TrackPointExtension>
        </extensions>
      </trkpt>
      <trkpt lat="51.84063051827252" lon="0.560461487621069">
        <ele>61.20000076293945</ele>
        <time>2024-09-14T09:00:31Z</time>
        <extensions>
          <ns3:TrackPointExtension>
            <ns3:atemp>17.0</ns3:atemp>
          </ns3:TrackPointExtension>
        </extensions>
      </trkpt>
      <trkpt lat="51.84110392816365" lon="0.5618049390614033">
        <ele>63.79999923706055</ele>
        <time>2024-09-14T09:00:45Z</time>
        <extensions>
          <ns3:TrackPointExtension>
            <ns3:atemp>17.0</ns3:atemp>
          </ns3:TrackPointExtension>
        </extensions>
      </trkpt>
      <trkpt lat="51.84120727702975" lon="0.5621733237057924">
        <ele>64.0</ele>
        <time>2024-09-14T09:00:49Z</time>
        <extensions>
          <ns3:TrackPointExtension>
            <ns3:atemp>17.0</ns3:atemp>
          </ns3:TrackPointExtension>
        </extensions>
      </trkpt>
      <trkpt lat="51.84123384766281" lon="0.5623873975127935">
        <ele>64.19999694824219</ele>
        <time>2024-09-14T09:00:51Z</time>
        <extensions>
          <ns3:TrackPointExtension>
            <ns3:atemp>17.0</ns3:atemp>
          </ns3:TrackPointExtension>
        </extensions>
      </trkpt>
      <trkpt lat="51.841243989765644" lon="0.5627490766346455">
        <ele>64.4000015258789</ele>
        <time>2024-09-14T09:00:54Z</time>
        <extensions>
          <ns3:TrackPointExtension>
            <ns3:atemp>17.0</ns3:atemp>
          </ns3:TrackPointExtension>
        </extensions>
      </trkpt>
      <trkpt lat="51.8412169162184" lon="0.5631284415721893">
        <ele>64.4000015258789</ele>
        <time>2024-09-14T09:00:57Z</time>
        <extensions>
          <ns3:TrackPointExtension>
            <ns3:atemp>17.0</ns3:atemp>
          </ns3:TrackPointExtension>
        </extensions>
      </trkpt>
      <trkpt lat="51.841027569025755" lon="0.5640874151140451">
        <ele>65.0</ele>
        <time>2024-09-14T09:01:05Z</time>
        <extensions>
          <ns3:TrackPointExtension>
            <ns3:atemp>17.0</ns3:atemp>
          </ns3:TrackPointExtension>
        </extensions>
      </trkpt>
      <trkpt lat="51.84095732867718" lon="0.5647205840796232">
        <ele>65.19999694824219</ele>
        <time>2024-09-14T09:01:10Z</time>
        <extensions>
          <ns3:TrackPointExtension>
            <ns3:atemp>17.0</ns3:atemp>
          </ns3:TrackPointExtension>
        </extensions>
      </trkpt>
      <trkpt lat="51.84095003642142" lon="0.565478727221489">
        <ele>65.4000015258789</ele>
        <time>2024-09-14T09:01:16Z</time>
        <extensions>
          <ns3:TrackPointExtension>
            <ns3:atemp>17.0</ns3:atemp>
          </ns3:TrackPointExtension>
        </extensions>
      </trkpt>
      <trkpt lat="51.84098205529153" lon="0.5660993233323097">
        <ele>65.0</ele>
        <time>2024-09-14T09:01:21Z</time>
        <extensions>
          <ns3:TrackPointExtension>
            <ns3:atemp>17.0</ns3:atemp>
          </ns3:TrackPointExtension>
        </extensions>
      </trkpt>
      <trkpt lat="51.841047098860145" lon="0.5666654370725155">
        <ele>64.0</ele>
        <time>2024-09-14T09:01:26Z</time>
        <extensions>
          <ns3:TrackPointExtension>
            <ns3:atemp>17.0</ns3:atemp>
          </ns3:TrackPointExtension>
        </extensions>
      </trkpt>
      <trkpt lat="51.84123342856765" lon="0.5675017833709717">
        <ele>62.79999923706055</ele>
        <time>2024-09-14T09:01:33Z</time>
        <extensions>
          <ns3:TrackPointExtension>
            <ns3:atemp>17.0</ns3:atemp>
          </ns3:TrackPointExtension>
        </extensions>
      </trkpt>
      <trkpt lat="51.84155227616429" lon="0.5683526303619146">
        <ele>60.599998474121094</ele>
        <time>2024-09-14T09:01:40Z</time>
        <extensions>
          <ns3:TrackPointExtension>
            <ns3:atemp>17.0</ns3:atemp>
          </ns3:TrackPointExtension>
        </extensions>
      </trkpt>
      <trkpt lat="51.841665180400014" lon="0.5687526986002922">
        <ele>59.599998474121094</ele>
        <time>2024-09-14T09:01:43Z</time>
        <extensions>
          <ns3:TrackPointExtension>
            <ns3:atemp>17.0</ns3:atemp>
          </ns3:TrackPointExtension>
        </extensions>
      </trkpt>
      <trkpt lat="51.841805912554264" lon="0.570314833894372">
        <ele>57.20000076293945</ele>
        <time>2024-09-14T09:01:53Z</time>
        <extensions>
          <ns3:TrackPointExtension>
            <ns3:atemp>17.0</ns3:atemp>
          </ns3:TrackPointExtension>
        </extensions>
      </trkpt>
      <trkpt lat="51.84203448705375" lon="0.5715909786522388">
        <ele>55.400001525878906</ele>
        <time>2024-09-14T09:02:02Z</time>
        <extensions>
          <ns3:TrackPointExtension>
            <ns3:atemp>17.0</ns3:atemp>
          </ns3:TrackPointExtension>
        </extensions>
      </trkpt>
      <trkpt lat="51.84198838658631" lon="0.571949053555727">
        <ele>54.400001525878906</ele>
        <time>2024-09-14T09:02:05Z</time>
        <extensions>
          <ns3:TrackPointExtension>
            <ns3:atemp>17.0</ns3:atemp>
          </ns3:TrackPointExtension>
        </extensions>
      </trkpt>
      <trkpt lat="51.84175402857363" lon="0.5725880060344934">
        <ele>53.20000076293945</ele>
        <time>2024-09-14T09:02:10Z</time>
        <extensions>
          <ns3:TrackPointExtension>
            <ns3:atemp>17.0</ns3:atemp>
          </ns3:TrackPointExtension>
        </extensions>
      </trkpt>
      <trkpt lat="51.84160449542105" lon="0.573141211643815">
        <ele>52.20000076293945</ele>
        <time>2024-09-14T09:02:14Z</time>
        <extensions>
          <ns3:TrackPointExtension>
            <ns3:atemp>17.0</ns3:atemp>
          </ns3:TrackPointExtension>
        </extensions>
      </trkpt>
      <trkpt lat="51.841548001393676" lon="0.573589475825429">
        <ele>51.599998474121094</ele>
        <time>2024-09-14T09:02:17Z</time>
        <extensions>
          <ns3:TrackPointExtension>
            <ns3:atemp>17.0</ns3:atemp>
          </ns3:TrackPointExtension>
        </extensions>
      </trkpt>
      <trkpt lat="51.84156350791454" lon="0.5738908052444458">
        <ele>50.79999923706055</ele>
        <time>2024-09-14T09:02:19Z</time>
        <extensions>
          <ns3:TrackPointExtension>
            <ns3:atemp>18.0</ns3:atemp>
          </ns3:TrackPointExtension>
        </extensions>
      </trkpt>
      <trkpt lat="51.84163383208215" lon="0.5741592776030302">
        <ele>50.20000076293945</ele>
        <time>2024-09-14T09:02:21Z</time>
        <extensions>
          <ns3:TrackPointExtension>
            <ns3:atemp>18.0</ns3:atemp>
          </ns3:TrackPointExtension>
        </extensions>
      </trkpt>
      <trkpt lat="51.84191077016294" lon="0.5747929494827986">
        <ele>48.599998474121094</ele>
        <time>2024-09-14T09:02:26Z</time>
        <extensions>
          <ns3:TrackPointExtension>
            <ns3:atemp>18.0</ns3:atemp>
          </ns3:TrackPointExtension>
        </extensions>
      </trkpt>
      <trkpt lat="51.84204949066043" lon="0.5752086080610752">
        <ele>48.0</ele>
        <time>2024-09-14T09:02:29Z</time>
        <extensions>
          <ns3:TrackPointExtension>
            <ns3:atemp>18.0</ns3:atemp>
          </ns3:TrackPointExtension>
        </extensions>
      </trkpt>
      <trkpt lat="51.84214152395725" lon="0.5757783260196447">
        <ele>46.400001525878906</ele>
        <time>2024-09-14T09:02:33Z</time>
        <extensions>
          <ns3:TrackPointExtension>
            <ns3:atemp>18.0</ns3:atemp>
          </ns3:TrackPointExtension>
        </extensions>
      </trkpt>
      <trkpt lat="51.84219525195658" lon="0.576761020347476">
        <ele>43.0</ele>
        <time>2024-09-14T09:02:41Z</time>
        <extensions>
          <ns3:TrackPointExtension>
            <ns3:atemp>18.0</ns3:atemp>
          </ns3:TrackPointExtension>
        </extensions>
      </trkpt>
      <trkpt lat="51.842286698520184" lon="0.5769697297364473">
        <ele>42.20000076293945</ele>
        <time>2024-09-14T09:02:44Z</time>
        <extensions>
          <ns3:TrackPointExtension>
            <ns3:atemp>18.0</ns3:atemp>
          </ns3:TrackPointExtension>
        </extensions>
      </trkpt>
      <trkpt lat="51.84237730689347" lon="0.5770175065845251">
        <ele>42.0</ele>
        <time>2024-09-14T09:02:46Z</time>
        <extensions>
          <ns3:TrackPointExtension>
            <ns3:atemp>18.0</ns3:atemp>
          </ns3:TrackPointExtension>
        </extensions>
      </trkpt>
      <trkpt lat="51.842657681554556" lon="0.5770108848810196">
        <ele>41.599998474121094</ele>
        <time>2024-09-14T09:02:51Z</time>
        <extensions>
          <ns3:TrackPointExtension>
            <ns3:atemp>18.0</ns3:atemp>
          </ns3:TrackPointExtension>
        </extensions>
      </trkpt>
      <trkpt lat="51.84321750886738" lon="0.5771687161177397">
        <ele>40.20000076293945</ele>
        <time>2024-09-14T09:02:59Z</time>
        <extensions>
          <ns3:TrackPointExtension>
            <ns3:atemp>18.0</ns3:atemp>
          </ns3:TrackPointExtension>
        </extensions>
      </trkpt>
      <trkpt lat="51.843580109998584" lon="0.5770911835134029">
        <ele>38.400001525878906</ele>
        <time>2024-09-14T09:03:03Z</time>
        <extensions>
          <ns3:TrackPointExtension>
            <ns3:atemp>18.0</ns3:atemp>
          </ns3:TrackPointExtension>
        </extensions>
      </trkpt>
      <trkpt lat="51.844263738021255" lon="0.5768528021872044">
        <ele>36.400001525878906</ele>
        <time>2024-09-14T09:03:11Z</time>
        <extensions>
          <ns3:TrackPointExtension>
            <ns3:atemp>18.0</ns3:atemp>
          </ns3:TrackPointExtension>
        </extensions>
      </trkpt>
      <trkpt lat="51.84461343102157" lon="0.576686505228281">
        <ele>35.0</ele>
        <time>2024-09-14T09:03:15Z</time>
        <extensions>
          <ns3:TrackPointExtension>
            <ns3:atemp>18.0</ns3:atemp>
          </ns3:TrackPointExtension>
        </extensions>
      </trkpt>
      <trkpt lat="51.84477377682924" lon="0.5765539035201073">
        <ele>34.599998474121094</ele>
        <time>2024-09-14T09:03:17Z</time>
        <extensions>
          <ns3:TrackPointExtension>
            <ns3:atemp>18.0</ns3:atemp>
          </ns3:TrackPointExtension>
        </extensions>
      </trkpt>
      <trkpt lat="51.844946444034576" lon="0.5762544181197882">
        <ele>34.599998474121094</ele>
        <time>2024-09-14T09:03:20Z</time>
        <extensions>
          <ns3:TrackPointExtension>
            <ns3:atemp>18.0</ns3:atemp>
          </ns3:TrackPointExtension>
        </extensions>
      </trkpt>
      <trkpt lat="51.84588521718979" lon="0.5730350129306316">
        <ele>46.79999923706055</ele>
        <time>2024-09-14T09:03:57Z</time>
        <extensions>
          <ns3:TrackPointExtension>
            <ns3:atemp>17.0</ns3:atemp>
          </ns3:TrackPointExtension>
        </extensions>
      </trkpt>
      <trkpt lat="51.846167519688606" lon="0.5721647199243307">
        <ele>48.599998474121094</ele>
        <time>2024-09-14T09:04:08Z</time>
        <extensions>
          <ns3:TrackPointExtension>
            <ns3:atemp>17.0</ns3:atemp>
          </ns3:TrackPointExtension>
        </extensions>
      </trkpt>
      <trkpt lat="51.84635728597641" lon="0.5717590358108282">
        <ele>49.79999923706055</ele>
        <time>2024-09-14T09:04:14Z</time>
        <extensions>
          <ns3:TrackPointExtension>
            <ns3:atemp>17.0</ns3:atemp>
          </ns3:TrackPointExtension>
        </extensions>
      </trkpt>
      <trkpt lat="51.84655727818608" lon="0.5714447982609272">
        <ele>50.599998474121094</ele>
        <time>2024-09-14T09:04:19Z</time>
        <extensions>
          <ns3:TrackPointExtension>
            <ns3:atemp>17.0</ns3:atemp>
          </ns3:TrackPointExtension>
        </extensions>
      </trkpt>
      <trkpt lat="51.846890207380056" lon="0.5710858851671219">
        <ele>51.400001525878906</ele>
        <time>2024-09-14T09:04:26Z</time>
        <extensions>
          <ns3:TrackPointExtension>
            <ns3:atemp>17.0</ns3:atemp>
          </ns3:TrackPointExtension>
        </extensions>
      </trkpt>
      <trkpt lat="51.848240196704865" lon="0.57011928409338">
        <ele>51.400001525878906</ele>
        <time>2024-09-14T09:04:49Z</time>
        <extensions>
          <ns3:TrackPointExtension>
            <ns3:atemp>17.0</ns3:atemp>
          </ns3:TrackPointExtension>
        </extensions>
      </trkpt>
      <trkpt lat="51.84882642701268" lon="0.569751150906086">
        <ele>51.20000076293945</ele>
        <time>2024-09-14T09:04:58Z</time>
        <extensions>
          <ns3:TrackPointExtension>
            <ns3:atemp>17.0</ns3:atemp>
          </ns3:TrackPointExtension>
        </extensions>
      </trkpt>
      <trkpt lat="51.84950603172183" lon="0.569095266982913">
        <ele>50.79999923706055</ele>
        <time>2024-09-14T09:05:09Z</time>
        <extensions>
          <ns3:TrackPointExtension>
            <ns3:atemp>17.0</ns3:atemp>
          </ns3:TrackPointExtension>
        </extensions>
      </trkpt>
      <trkpt lat="51.8500998057425" lon="0.5687369406223297">
        <ele>48.599998474121094</ele>
        <time>2024-09-14T09:05:16Z</time>
        <extensions>
          <ns3:TrackPointExtension>
            <ns3:atemp>17.0</ns3:atemp>
          </ns3:TrackPointExtension>
        </extensions>
      </trkpt>
      <trkpt lat="51.85068645514548" lon="0.5685434024780989">
        <ele>45.0</ele>
        <time>2024-09-14T09:05:22Z</time>
        <extensions>
          <ns3:TrackPointExtension>
            <ns3:atemp>17.0</ns3:atemp>
          </ns3:TrackPointExtension>
        </extensions>
      </trkpt>
      <trkpt lat="51.85180895961821" lon="0.5683884210884571">
        <ele>48.599998474121094</ele>
        <time>2024-09-14T09:05:37Z</time>
        <extensions>
          <ns3:TrackPointExtension>
            <ns3:atemp>17.0</ns3:atemp>
          </ns3:TrackPointExtension>
        </extensions>
      </trkpt>
      <trkpt lat="51.85220525600016" lon="0.5682411510497332">
        <ele>49.20000076293945</ele>
        <time>2024-09-14T09:05:43Z</time>
        <extensions>
          <ns3:TrackPointExtension>
            <ns3:atemp>17.0</ns3:atemp>
          </ns3:TrackPointExtension>
        </extensions>
      </trkpt>
      <trkpt lat="51.85294495895505" lon="0.5683452542871237">
        <ele>48.79999923706055</ele>
        <time>2024-09-14T09:05:54Z</time>
        <extensions>
          <ns3:TrackPointExtension>
            <ns3:atemp>17.0</ns3:atemp>
          </ns3:TrackPointExtension>
        </extensions>
      </trkpt>
      <trkpt lat="51.85300857760012" lon="0.5684512015432119">
        <ele>48.20000076293945</ele>
        <time>2024-09-14T09:05:56Z</time>
        <extensions>
          <ns3:TrackPointExtension>
            <ns3:atemp>17.0</ns3:atemp>
          </ns3:TrackPointExtension>
        </extensions>
      </trkpt>
      <trkpt lat="51.85303447768092" lon="0.5689321551471949">
        <ele>47.0</ele>
        <time>2024-09-14T09:06:02Z</time>
        <extensions>
          <ns3:TrackPointExtension>
            <ns3:atemp>17.0</ns3:atemp>
          </ns3:TrackPointExtension>
        </extensions>
      </trkpt>
      <trkpt lat="51.85313791036606" lon="0.569464573636651">
        <ele>45.79999923706055</ele>
        <time>2024-09-14T09:06:08Z</time>
        <extensions>
          <ns3:TrackPointExtension>
            <ns3:atemp>17.0</ns3:atemp>
          </ns3:TrackPointExtension>
        </extensions>
      </trkpt>
      <trkpt lat="51.85321846045554" lon="0.569719634950161">
        <ele>45.0</ele>
        <time>2024-09-14T09:06:11Z</time>
        <extensions>
          <ns3:TrackPointExtension>
            <ns3:atemp>17.0</ns3:atemp>
          </ns3:TrackPointExtension>
        </extensions>
      </trkpt>
      <trkpt lat="51.85411574319005" lon="0.5712198279798031">
        <ele>36.599998474121094</ele>
        <time>2024-09-14T09:06:26Z</time>
        <extensions>
          <ns3:TrackPointExtension>
            <ns3:atemp>17.0</ns3:atemp>
          </ns3:TrackPointExtension>
        </extensions>
      </trkpt>
      <trkpt lat="51.854275250807405" lon="0.5715253483504057">
        <ele>34.400001525878906</ele>
        <time>2024-09-14T09:06:29Z</time>
        <extensions>
          <ns3:TrackPointExtension>
            <ns3:atemp>17.0</ns3:atemp>
          </ns3:TrackPointExtension>
        </extensions>
      </trkpt>
      <trkpt lat="51.854337779805064" lon="0.5717385839670897">
        <ele>33.599998474121094</ele>
        <time>2024-09-14T09:06:31Z</time>
        <extensions>
          <ns3:TrackPointExtension>
            <ns3:atemp>17.0</ns3:atemp>
          </ns3:TrackPointExtension>
        </extensions>
      </trkpt>
      <trkpt lat="51.854348508641124" lon="0.5720789730548859">
        <ele>32.79999923706055</ele>
        <time>2024-09-14T09:06:34Z</time>
        <extensions>
          <ns3:TrackPointExtension>
            <ns3:atemp>17.0</ns3:atemp>
          </ns3:TrackPointExtension>
        </extensions>
      </trkpt>
      <trkpt lat="51.85427214950323" lon="0.5727996490895748">
        <ele>32.79999923706055</ele>
        <time>2024-09-14T09:06:40Z</time>
        <extensions>
          <ns3:TrackPointExtension>
            <ns3:atemp>17.0</ns3:atemp>
          </ns3:TrackPointExtension>
        </extensions>
      </trkpt>
      <trkpt lat="51.85412060469389" lon="0.5731263756752014">
        <ele>33.79999923706055</ele>
        <time>2024-09-14T09:06:44Z</time>
        <extensions>
          <ns3:TrackPointExtension>
            <ns3:atemp>17.0</ns3:atemp>
          </ns3:TrackPointExtension>
        </extensions>
      </trkpt>
      <trkpt lat="51.85392715036869" lon="0.5733729712665081">
        <ele>34.20000076293945</ele>
        <time>2024-09-14T09:06:49Z</time>
        <extensions>
          <ns3:TrackPointExtension>
            <ns3:atemp>17.0</ns3:atemp>
          </ns3:TrackPointExtension>
        </extensions>
      </trkpt>
      <trkpt lat="51.85401935130358" lon="0.5739927291870117">
        <ele>34.20000076293945</ele>
        <time>2024-09-14T09:06:56Z</time>
        <extensions>
          <ns3:TrackPointExtension>
            <ns3:atemp>17.0</ns3:atemp>
          </ns3:TrackPointExtension>
        </extensions>
      </trkpt>
      <trkpt lat="51.854034438729286" lon="0.5747949611395597">
        <ele>37.20000076293945</ele>
        <time>2024-09-14T09:07:04Z</time>
        <extensions>
          <ns3:TrackPointExtension>
            <ns3:atemp>17.0</ns3:atemp>
          </ns3:TrackPointExtension>
        </extensions>
      </trkpt>
      <trkpt lat="51.8539853207767" lon="0.5749395489692688">
        <ele>37.79999923706055</ele>
        <time>2024-09-14T09:07:06Z</time>
        <extensions>
          <ns3:TrackPointExtension>
            <ns3:atemp>17.0</ns3:atemp>
          </ns3:TrackPointExtension>
        </extensions>
      </trkpt>
      <trkpt lat="51.85323899611831" lon="0.5754503421485424">
        <ele>42.0</ele>
        <time>2024-09-14T09:07:22Z</time>
        <extensions>
          <ns3:TrackPointExtension>
            <ns3:atemp>17.0</ns3:atemp>
          </ns3:TrackPointExtension>
        </extensions>
      </trkpt>
      <trkpt lat="51.852264516055584" lon="0.5757331475615501">
        <ele>46.79999923706055</ele>
        <time>2024-09-14T09:07:40Z</time>
        <extensions>
          <ns3:TrackPointExtension>
            <ns3:atemp>17.0</ns3:atemp>
          </ns3:TrackPointExtension>
        </extensions>
      </trkpt>
      <trkpt lat="51.852149264886975" lon="0.5758246779441833">
        <ele>46.599998474121094</ele>
        <time>2024-09-14T09:07:42Z</time>
        <extensions>
          <ns3:TrackPointExtension>
            <ns3:atemp>16.0</ns3:atemp>
          </ns3:TrackPointExtension>
        </extensions>
      </trkpt>
      <trkpt lat="51.85206779278815" lon="0.5759980995208025">
        <ele>46.400001525878906</ele>
        <time>2024-09-14T09:07:44Z</time>
        <extensions>
          <ns3:TrackPointExtension>
            <ns3:atemp>16.0</ns3:atemp>
          </ns3:TrackPointExtension>
        </extensions>
      </trkpt>
      <trkpt lat="51.85206536203623" lon="0.5762223154306412">
        <ele>45.599998474121094</ele>
        <time>2024-09-14T09:07:46Z</time>
        <extensions>
          <ns3:TrackPointExtension>
            <ns3:atemp>16.0</ns3:atemp>
          </ns3:TrackPointExtension>
        </extensions>
      </trkpt>
      <trkpt lat="51.85209344141185" lon="0.5763296037912369">
        <ele>45.599998474121094</ele>
        <time>2024-09-14T09:07:47Z</time>
        <extensions>
          <ns3:TrackPointExtension>
            <ns3:atemp>16.0</ns3:atemp>
          </ns3:TrackPointExtension>
        </extensions>
      </trkpt>
      <trkpt lat="51.85261362232268" lon="0.5777488276362419">
        <ele>49.400001525878906</ele>
        <time>2024-09-14T09:08:05Z</time>
        <extensions>
          <ns3:TrackPointExtension>
            <ns3:atemp>16.0</ns3:atemp>
          </ns3:TrackPointExtension>
        </extensions>
      </trkpt>
      <trkpt lat="51.85271143913269" lon="0.5784252472221851">
        <ele>51.0</ele>
        <time>2024-09-14T09:08:14Z</time>
        <extensions>
          <ns3:TrackPointExtension>
            <ns3:atemp>17.0</ns3:atemp>
          </ns3:TrackPointExtension>
        </extensions>
      </trkpt>
      <trkpt lat="51.85304026119411" lon="0.5799456406384706">
        <ele>55.79999923706055</ele>
        <time>2024-09-14T09:08:32Z</time>
        <extensions>
          <ns3:TrackPointExtension>
            <ns3:atemp>17.0</ns3:atemp>
          </ns3:TrackPointExtension>
        </extensions>
      </trkpt>
      <trkpt lat="51.85350185260177" lon="0.5813645292073488">
        <ele>58.599998474121094</ele>
        <time>2024-09-14T09:08:50Z</time>
        <extensions>
          <ns3:TrackPointExtension>
            <ns3:atemp>16.0</ns3:atemp>
          </ns3:TrackPointExtension>
        </extensions>
      </trkpt>
      <trkpt lat="51.853600423783064" lon="0.5819218419492245">
        <ele>60.0</ele>
        <time>2024-09-14T09:08:58Z</time>
        <extensions>
          <ns3:TrackPointExtension>
            <ns3:atemp>16.0</ns3:atemp>
          </ns3:TrackPointExtension>
        </extensions>
      </trkpt>
      <trkpt lat="51.85356496833265" lon="0.5821686889976263">
        <ele>60.400001525878906</ele>
        <time>2024-09-14T09:09:03Z</time>
        <extensions>
          <ns3:TrackPointExtension>
            <ns3:atemp>16.0</ns3:atemp>
          </ns3:TrackPointExtension>
        </extensions>
      </trkpt>
      <trkpt lat="51.85347561724484" lon="0.5822824314236641">
        <ele>60.79999923706055</ele>
        <time>2024-09-14T09:09:06Z</time>
        <extensions>
          <ns3:TrackPointExtension>
            <ns3:atemp>16.0</ns3:atemp>
          </ns3:TrackPointExtension>
        </extensions>
      </trkpt>
      <trkpt lat="51.85250331647694" lon="0.5828956514596939">
        <ele>62.79999923706055</ele>
        <time>2024-09-14T09:09:31Z</time>
        <extensions>
          <ns3:TrackPointExtension>
            <ns3:atemp>17.0</ns3:atemp>
          </ns3:TrackPointExtension>
        </extensions>
      </trkpt>
      <trkpt lat="51.85219092294574" lon="0.5832264013588428">
        <ele>62.599998474121094</ele>
        <time>2024-09-14T09:09:37Z</time>
        <extensions>
          <ns3:TrackPointExtension>
            <ns3:atemp>17.0</ns3:atemp>
          </ns3:TrackPointExtension>
        </extensions>
      </trkpt>
      <trkpt lat="51.851906189695" lon="0.583701990544796">
        <ele>62.400001525878906</ele>
        <time>2024-09-14T09:09:44Z</time>
        <extensions>
          <ns3:TrackPointExtension>
            <ns3:atemp>17.0</ns3:atemp>
          </ns3:TrackPointExtension>
        </extensions>
      </trkpt>
      <trkpt lat="51.85171608813107" lon="0.5843004584312439">
        <ele>63.0</ele>
        <time>2024-09-14T09:09:51Z</time>
        <extensions>
          <ns3:TrackPointExtension>
            <ns3:atemp>17.0</ns3:atemp>
          </ns3:TrackPointExtension>
        </extensions>
      </trkpt>
      <trkpt lat="51.851618103682995" lon="0.5850963201373816">
        <ele>63.79999923706055</ele>
        <time>2024-09-14T09:10:00Z</time>
        <extensions>
          <ns3:TrackPointExtension>
            <ns3:atemp>17.0</ns3:atemp>
          </ns3:TrackPointExtension>
        </extensions>
      </trkpt>
      <trkpt lat="51.85158985666931" lon="0.5856891721487045">
        <ele>64.19999694824219</ele>
        <time>2024-09-14T09:10:06Z</time>
        <extensions>
          <ns3:TrackPointExtension>
            <ns3:atemp>17.0</ns3:atemp>
          </ns3:TrackPointExtension>
        </extensions>
      </trkpt>
      <trkpt lat="51.851610224694014" lon="0.5859861429780722">
        <ele>64.19999694824219</ele>
        <time>2024-09-14T09:10:09Z</time>
        <extensions>
          <ns3:TrackPointExtension>
            <ns3:atemp>17.0</ns3:atemp>
          </ns3:TrackPointExtension>
        </extensions>
      </trkpt>
      <trkpt lat="51.85173528268933" lon="0.586690055206418">
        <ele>64.4000015258789</ele>
        <time>2024-09-14T09:10:16Z</time>
        <extensions>
          <ns3:TrackPointExtension>
            <ns3:atemp>17.0</ns3:atemp>
          </ns3:TrackPointExtension>
        </extensions>
      </trkpt>
      <trkpt lat="51.85180242173374" lon="0.5878613423556089">
        <ele>65.4000015258789</ele>
        <time>2024-09-14T09:10:28Z</time>
        <extensions>
          <ns3:TrackPointExtension>
            <ns3:atemp>17.0</ns3:atemp>
          </ns3:TrackPointExtension>
        </extensions>
      </trkpt>
      <trkpt lat="51.85177383944392" lon="0.5899045988917351">
        <ele>66.0</ele>
        <time>2024-09-14T09:10:50Z</time>
        <extensions>
          <ns3:TrackPointExtension>
            <ns3:atemp>17.0</ns3:atemp>
          </ns3:TrackPointExtension>
        </extensions>
      </trkpt>
      <trkpt lat="51.85179177671671" lon="0.5902056768536568">
        <ele>66.0</ele>
        <time>2024-09-14T09:10:53Z</time>
        <extensions>
          <ns3:TrackPointExtension>
            <ns3:atemp>17.0</ns3:atemp>
          </ns3:TrackPointExtension>
        </extensions>
      </trkpt>
      <trkpt lat="51.851861430332065" lon="0.5905951000750065">
        <ele>66.0</ele>
        <time>2024-09-14T09:10:57Z</time>
        <extensions>
          <ns3:TrackPointExtension>
            <ns3:atemp>17.0</ns3:atemp>
          </ns3:TrackPointExtension>
        </extensions>
      </trkpt>
      <trkpt lat="51.85201993212104" lon="0.5910245049744844">
        <ele>65.80000305175781</ele>
        <time>2024-09-14T09:11:02Z</time>
        <extensions>
          <ns3:TrackPointExtension>
            <ns3:atemp>17.0</ns3:atemp>
          </ns3:TrackPointExtension>
        </extensions>
      </trkpt>
      <trkpt lat="51.85236979275942" lon="0.591442845761776">
        <ele>65.5999984741211</ele>
        <time>2024-09-14T09:11:09Z</time>
        <extensions>
          <ns3:TrackPointExtension>
            <ns3:atemp>17.0</ns3:atemp>
          </ns3:TrackPointExtension>
        </extensions>
      </trkpt>
      <trkpt lat="51.85293389484286" lon="0.5919330194592476">
        <ele>66.0</ele>
        <time>2024-09-14T09:11:20Z</time>
        <extensions>
          <ns3:TrackPointExtension>
            <ns3:atemp>17.0</ns3:atemp>
          </ns3:TrackPointExtension>
        </extensions>
      </trkpt>
      <trkpt lat="51.85312299057841" lon="0.5921925231814384">
        <ele>65.4000015258789</ele>
        <time>2024-09-14T09:11:24Z</time>
        <extensions>
          <ns3:TrackPointExtension>
            <ns3:atemp>17.0</ns3:atemp>
          </ns3:TrackPointExtension>
        </extensions>
      </trkpt>
      <trkpt lat="51.853271685540676" lon="0.5925055872648954">
        <ele>65.0</ele>
        <time>2024-09-14T09:11:29Z</time>
        <extensions>
          <ns3:TrackPointExtension>
            <ns3:atemp>17.0</ns3:atemp>
          </ns3:TrackPointExtension>
        </extensions>
      </trkpt>
      <trkpt lat="51.853357683867216" lon="0.5927567090839148">
        <ele>64.80000305175781</ele>
        <time>2024-09-14T09:11:37Z</time>
        <extensions>
          <ns3:TrackPointExtension>
            <ns3:atemp>17.0</ns3:atemp>
          </ns3:TrackPointExtension>
        </extensions>
      </trkpt>
      <trkpt lat="51.853327844291925" lon="0.5929167196154594">
        <ele>65.0</ele>
        <time>2024-09-14T09:12:29Z</time>
        <extensions>
          <ns3:TrackPointExtension>
            <ns3:atemp>17.0</ns3:atemp>
          </ns3:TrackPointExtension>
        </extensions>
      </trkpt>
      <trkpt lat="51.8531771376729" lon="0.5932369083166122">
        <ele>64.80000305175781</ele>
        <time>2024-09-14T09:12:34Z</time>
        <extensions>
          <ns3:TrackPointExtension>
            <ns3:atemp>17.0</ns3:atemp>
          </ns3:TrackPointExtension>
        </extensions>
      </trkpt>
      <trkpt lat="51.85317948460579" lon="0.59339071623981">
        <ele>64.80000305175781</ele>
        <time>2024-09-14T09:12:36Z</time>
        <extensions>
          <ns3:TrackPointExtension>
            <ns3:atemp>17.0</ns3:atemp>
          </ns3:TrackPointExtension>
        </extensions>
      </trkpt>
      <trkpt lat="51.85321946628392" lon="0.5935135949403048">
        <ele>64.5999984741211</ele>
        <time>2024-09-14T09:12:38Z</time>
        <extensions>
          <ns3:TrackPointExtension>
            <ns3:atemp>17.0</ns3:atemp>
          </ns3:TrackPointExtension>
        </extensions>
      </trkpt>
      <trkpt lat="51.853525657206774" lon="0.5939223803579807">
        <ele>64.19999694824219</ele>
        <time>2024-09-14T09:12:46Z</time>
        <extensions>
          <ns3:TrackPointExtension>
            <ns3:atemp>18.0</ns3:atemp>
          </ns3:TrackPointExtension>
        </extensions>
      </trkpt>
      <trkpt lat="51.853954391554" lon="0.5943509470671415">
        <ele>63.599998474121094</ele>
        <time>2024-09-14T09:12:53Z</time>
        <extensions>
          <ns3:TrackPointExtension>
            <ns3:atemp>18.0</ns3:atemp>
          </ns3:TrackPointExtension>
        </extensions>
      </trkpt>
      <trkpt lat="51.85413493774831" lon="0.5947390291839838">
        <ele>63.0</ele>
        <time>2024-09-14T09:12:57Z</time>
        <extensions>
          <ns3:TrackPointExtension>
            <ns3:atemp>18.0</ns3:atemp>
          </ns3:TrackPointExtension>
        </extensions>
      </trkpt>
      <trkpt lat="51.854697950184345" lon="0.5967617500573397">
        <ele>60.20000076293945</ele>
        <time>2024-09-14T09:13:13Z</time>
        <extensions>
          <ns3:TrackPointExtension>
            <ns3:atemp>18.0</ns3:atemp>
          </ns3:TrackPointExtension>
        </extensions>
      </trkpt>
      <trkpt lat="51.85540555045009" lon="0.5995359923690557">
        <ele>57.20000076293945</ele>
        <time>2024-09-14T09:13:32Z</time>
        <extensions>
          <ns3:TrackPointExtension>
            <ns3:atemp>18.0</ns3:atemp>
          </ns3:TrackPointExtension>
        </extensions>
      </trkpt>
      <trkpt lat="51.8557192850858" lon="0.6012569647282362">
        <ele>55.79999923706055</ele>
        <time>2024-09-14T09:13:45Z</time>
        <extensions>
          <ns3:TrackPointExtension>
            <ns3:atemp>17.0</ns3:atemp>
          </ns3:TrackPointExtension>
        </extensions>
      </trkpt>
      <trkpt lat="51.85573152266443" lon="0.60145553201437">
        <ele>55.79999923706055</ele>
        <time>2024-09-14T09:13:47Z</time>
        <extensions>
          <ns3:TrackPointExtension>
            <ns3:atemp>18.0</ns3:atemp>
          </ns3:TrackPointExtension>
        </extensions>
      </trkpt>
      <trkpt lat="51.85570428147912" lon="0.6016270257532597">
        <ele>55.599998474121094</ele>
        <time>2024-09-14T09:13:49Z</time>
        <extensions>
          <ns3:TrackPointExtension>
            <ns3:atemp>17.0</ns3:atemp>
          </ns3:TrackPointExtension>
        </extensions>
      </trkpt>
      <trkpt lat="51.85532835312188" lon="0.602299002930522">
        <ele>55.0</ele>
        <time>2024-09-14T09:13:59Z</time>
        <extensions>
          <ns3:TrackPointExtension>
            <ns3:atemp>17.0</ns3:atemp>
          </ns3:TrackPointExtension>
        </extensions>
      </trkpt>
      <trkpt lat="51.85471689328551" lon="0.6029842235147953">
        <ele>54.599998474121094</ele>
        <time>2024-09-14T09:14:10Z</time>
        <extensions>
          <ns3:TrackPointExtension>
            <ns3:atemp>18.0</ns3:atemp>
          </ns3:TrackPointExtension>
        </extensions>
      </trkpt>
      <trkpt lat="51.85428564436734" lon="0.6030209362506866">
        <ele>55.20000076293945</ele>
        <time>2024-09-14T09:14:17Z</time>
        <extensions>
          <ns3:TrackPointExtension>
            <ns3:atemp>18.0</ns3:atemp>
          </ns3:TrackPointExtension>
        </extensions>
      </trkpt>
      <trkpt lat="51.85322633944452" lon="0.6033529434353113">
        <ele>56.79999923706055</ele>
        <time>2024-09-14T09:14:33Z</time>
        <extensions>
          <ns3:TrackPointExtension>
            <ns3:atemp>18.0</ns3:atemp>
          </ns3:TrackPointExtension>
        </extensions>
      </trkpt>
      <trkpt lat="51.851252065971494" lon="0.6035327352583408">
        <ele>55.599998474121094</ele>
        <time>2024-09-14T09:14:59Z</time>
        <extensions>
          <ns3:TrackPointExtension>
            <ns3:atemp>18.0</ns3:atemp>
          </ns3:TrackPointExtension>
        </extensions>
      </trkpt>
      <trkpt lat="51.85084227472544" lon="0.6036934163421392">
        <ele>54.599998474121094</ele>
        <time>2024-09-14T09:15:04Z</time>
        <extensions>
          <ns3:TrackPointExtension>
            <ns3:atemp>18.0</ns3:atemp>
          </ns3:TrackPointExtension>
        </extensions>
      </trkpt>
      <trkpt lat="51.850121933966875" lon="0.6042462028563023">
        <ele>53.79999923706055</ele>
        <time>2024-09-14T09:15:14Z</time>
        <extensions>
          <ns3:TrackPointExtension>
            <ns3:atemp>18.0</ns3:atemp>
          </ns3:TrackPointExtension>
        </extensions>
      </trkpt>
      <trkpt lat="51.84920294210315" lon="0.605072658509016">
        <ele>56.79999923706055</ele>
        <time>2024-09-14T09:15:30Z</time>
        <extensions>
          <ns3:TrackPointExtension>
            <ns3:atemp>18.0</ns3:atemp>
          </ns3:TrackPointExtension>
        </extensions>
      </trkpt>
      <trkpt lat="51.84794423170388" lon="0.606349054723978">
        <ele>57.20000076293945</ele>
        <time>2024-09-14T09:15:51Z</time>
        <extensions>
          <ns3:TrackPointExtension>
            <ns3:atemp>18.0</ns3:atemp>
          </ns3:TrackPointExtension>
        </extensions>
      </trkpt>
      <trkpt lat="51.84748498722911" lon="0.6069232989102602">
        <ele>57.20000076293945</ele>
        <time>2024-09-14T09:15:59Z</time>
        <extensions>
          <ns3:TrackPointExtension>
            <ns3:atemp>18.0</ns3:atemp>
          </ns3:TrackPointExtension>
        </extensions>
      </trkpt>
      <trkpt lat="51.84685508720577" lon="0.6078850384801626">
        <ele>57.20000076293945</ele>
        <time>2024-09-14T09:16:11Z</time>
        <extensions>
          <ns3:TrackPointExtension>
            <ns3:atemp>18.0</ns3:atemp>
          </ns3:TrackPointExtension>
        </extensions>
      </trkpt>
      <trkpt lat="51.84613558463752" lon="0.6091258116066456">
        <ele>56.20000076293945</ele>
        <time>2024-09-14T09:16:25Z</time>
        <extensions>
          <ns3:TrackPointExtension>
            <ns3:atemp>18.0</ns3:atemp>
          </ns3:TrackPointExtension>
        </extensions>
      </trkpt>
      <trkpt lat="51.845109555870295" lon="0.6106237415224314">
        <ele>55.0</ele>
        <time>2024-09-14T09:16:42Z</time>
        <extensions>
          <ns3:TrackPointExtension>
            <ns3:atemp>18.0</ns3:atemp>
          </ns3:TrackPointExtension>
        </extensions>
      </trkpt>
      <trkpt lat="51.844655591994524" lon="0.6115034222602844">
        <ele>55.20000076293945</ele>
        <time>2024-09-14T09:16:51Z</time>
        <extensions>
          <ns3:TrackPointExtension>
            <ns3:atemp>18.0</ns3:atemp>
          </ns3:TrackPointExtension>
        </extensions>
      </trkpt>
      <trkpt lat="51.84413289651275" lon="0.6127947382628918">
        <ele>54.400001525878906</ele>
        <time>2024-09-14T09:17:02Z</time>
        <extensions>
          <ns3:TrackPointExtension>
            <ns3:atemp>18.0</ns3:atemp>
          </ns3:TrackPointExtension>
        </extensions>
      </trkpt>
      <trkpt lat="51.84335555881262" lon="0.6143556162714958">
        <ele>53.0</ele>
        <time>2024-09-14T09:17:18Z</time>
        <extensions>
          <ns3:TrackPointExtension>
            <ns3:atemp>18.0</ns3:atemp>
          </ns3:TrackPointExtension>
        </extensions>
      </trkpt>
      <trkpt lat="51.843186328187585" lon="0.6149438582360744">
        <ele>53.0</ele>
        <time>2024-09-14T09:17:23Z</time>
        <extensions>
          <ns3:TrackPointExtension>
            <ns3:atemp>18.0</ns3:atemp>
          </ns3:TrackPointExtension>
        </extensions>
      </trkpt>
      <trkpt lat="51.84299438260496" lon="0.6163199990987778">
        <ele>52.20000076293945</ele>
        <time>2024-09-14T09:17:33Z</time>
        <extensions>
          <ns3:TrackPointExtension>
            <ns3:atemp>18.0</ns3:atemp>
          </ns3:TrackPointExtension>
        </extensions>
      </trkpt>
      <trkpt lat="51.84276103042066" lon="0.6175039429217577">
        <ele>51.400001525878906</ele>
        <time>2024-09-14T09:17:43Z</time>
        <extensions>
          <ns3:TrackPointExtension>
            <ns3:atemp>18.0</ns3:atemp>
          </ns3:TrackPointExtension>
        </extensions>
      </trkpt>
      <trkpt lat="51.84283462353051" lon="0.6184105295687914">
        <ele>50.599998474121094</ele>
        <time>2024-09-14T09:17:50Z</time>
        <extensions>
          <ns3:TrackPointExtension>
            <ns3:atemp>18.0</ns3:atemp>
          </ns3:TrackPointExtension>
        </extensions>
      </trkpt>
      <trkpt lat="51.84301206842065" lon="0.619255006313324">
        <ele>50.20000076293945</ele>
        <time>2024-09-14T09:17:57Z</time>
        <extensions>
          <ns3:TrackPointExtension>
            <ns3:atemp>18.0</ns3:atemp>
          </ns3:TrackPointExtension>
        </extensions>
      </trkpt>
      <trkpt lat="51.84326562099159" lon="0.619890857487917">
        <ele>49.400001525878906</ele>
        <time>2024-09-14T09:18:03Z</time>
        <extensions>
          <ns3:TrackPointExtension>
            <ns3:atemp>18.0</ns3:atemp>
          </ns3:TrackPointExtension>
        </extensions>
      </trkpt>
      <trkpt lat="51.84420489706099" lon="0.6214891187846661">
        <ele>45.79999923706055</ele>
        <time>2024-09-14T09:18:19Z</time>
        <extensions>
          <ns3:TrackPointExtension>
            <ns3:atemp>18.0</ns3:atemp>
          </ns3:TrackPointExtension>
        </extensions>
      </trkpt>
      <trkpt lat="51.84447521343827" lon="0.6218036916106939">
        <ele>45.20000076293945</ele>
        <time>2024-09-14T09:18:23Z</time>
        <extensions>
          <ns3:TrackPointExtension>
            <ns3:atemp>18.0</ns3:atemp>
          </ns3:TrackPointExtension>
        </extensions>
      </trkpt>
      <trkpt lat="51.84544290415943" lon="0.6226505152881145">
        <ele>45.599998474121094</ele>
        <time>2024-09-14T09:18:37Z</time>
        <extensions>
          <ns3:TrackPointExtension>
            <ns3:atemp>18.0</ns3:atemp>
          </ns3:TrackPointExtension>
        </extensions>
      </trkpt>
      <trkpt lat="51.84602896682918" lon="0.6234159506857395">
        <ele>47.79999923706055</ele>
        <time>2024-09-14T09:18:48Z</time>
        <extensions>
          <ns3:TrackPointExtension>
            <ns3:atemp>18.0</ns3:atemp>
          </ns3:TrackPointExtension>
        </extensions>
      </trkpt>
      <trkpt lat="51.8462560325861" lon="0.6239544879645109">
        <ele>49.0</ele>
        <time>2024-09-14T09:18:54Z</time>
        <extensions>
          <ns3:TrackPointExtension>
            <ns3:atemp>18.0</ns3:atemp>
          </ns3:TrackPointExtension>
        </extensions>
      </trkpt>
      <trkpt lat="51.84656901285052" lon="0.625689122825861">
        <ele>51.20000076293945</ele>
        <time>2024-09-14T09:19:11Z</time>
        <extensions>
          <ns3:TrackPointExtension>
            <ns3:atemp>18.0</ns3:atemp>
          </ns3:TrackPointExtension>
        </extensions>
      </trkpt>
      <trkpt lat="51.846701949834824" lon="0.6261528935283422">
        <ele>51.20000076293945</ele>
        <time>2024-09-14T09:19:17Z</time>
        <extensions>
          <ns3:TrackPointExtension>
            <ns3:atemp>18.0</ns3:atemp>
          </ns3:TrackPointExtension>
        </extensions>
      </trkpt>
      <trkpt lat="51.84680596925318" lon="0.6263385526835918">
        <ele>51.20000076293945</ele>
        <time>2024-09-14T09:19:21Z</time>
        <extensions>
          <ns3:TrackPointExtension>
            <ns3:atemp>18.0</ns3:atemp>
          </ns3:TrackPointExtension>
        </extensions>
      </trkpt>
      <trkpt lat="51.846938487142324" lon="0.6264195218682289">
        <ele>51.0</ele>
        <time>2024-09-14T09:19:24Z</time>
        <extensions>
          <ns3:TrackPointExtension>
            <ns3:atemp>18.0</ns3:atemp>
          </ns3:TrackPointExtension>
        </extensions>
      </trkpt>
      <trkpt lat="51.8475423194468" lon="0.6262507103383541">
        <ele>51.20000076293945</ele>
        <time>2024-09-14T09:19:34Z</time>
        <extensions>
          <ns3:TrackPointExtension>
            <ns3:atemp>18.0</ns3:atemp>
          </ns3:TrackPointExtension>
        </extensions>
      </trkpt>
      <trkpt lat="51.84804858639836" lon="0.6262497045099735">
        <ele>50.79999923706055</ele>
        <time>2024-09-14T09:19:41Z</time>
        <extensions>
          <ns3:TrackPointExtension>
            <ns3:atemp>18.0</ns3:atemp>
          </ns3:TrackPointExtension>
        </extensions>
      </trkpt>
      <trkpt lat="51.848647305741906" lon="0.6261266581714153">
        <ele>50.400001525878906</ele>
        <time>2024-09-14T09:19:50Z</time>
        <extensions>
          <ns3:TrackPointExtension>
            <ns3:atemp>18.0</ns3:atemp>
          </ns3:TrackPointExtension>
        </extensions>
      </trkpt>
      <trkpt lat="51.84879566542804" lon="0.6261735130101442">
        <ele>50.400001525878906</ele>
        <time>2024-09-14T09:19:53Z</time>
        <extensions>
          <ns3:TrackPointExtension>
            <ns3:atemp>18.0</ns3:atemp>
          </ns3:TrackPointExtension>
        </extensions>
      </trkpt>
      <trkpt lat="51.84887135401368" lon="0.6263715773820877">
        <ele>50.20000076293945</ele>
        <time>2024-09-14T09:19:56Z</time>
        <extensions>
          <ns3:TrackPointExtension>
            <ns3:atemp>18.0</ns3:atemp>
          </ns3:TrackPointExtension>
        </extensions>
      </trkpt>
      <trkpt lat="51.848894990980625" lon="0.6265645287930965">
        <ele>50.0</ele>
        <time>2024-09-14T09:19:58Z</time>
        <extensions>
          <ns3:TrackPointExtension>
            <ns3:atemp>18.0</ns3:atemp>
          </ns3:TrackPointExtension>
        </extensions>
      </trkpt>
      <trkpt lat="51.848732214421034" lon="0.6272995378822088">
        <ele>49.0</ele>
        <time>2024-09-14T09:20:06Z</time>
        <extensions>
          <ns3:TrackPointExtension>
            <ns3:atemp>18.0</ns3:atemp>
          </ns3:TrackPointExtension>
        </extensions>
      </trkpt>
      <trkpt lat="51.84872064739466" lon="0.627494165673852">
        <ele>48.79999923706055</ele>
        <time>2024-09-14T09:20:08Z</time>
        <extensions>
          <ns3:TrackPointExtension>
            <ns3:atemp>18.0</ns3:atemp>
          </ns3:TrackPointExtension>
        </extensions>
      </trkpt>
      <trkpt lat="51.84876574203372" lon="0.627698265016079">
        <ele>48.79999923706055</ele>
        <time>2024-09-14T09:20:10Z</time>
        <extensions>
          <ns3:TrackPointExtension>
            <ns3:atemp>18.0</ns3:atemp>
          </ns3:TrackPointExtension>
        </extensions>
      </trkpt>
      <trkpt lat="51.84884914197028" lon="0.6278590299189091">
        <ele>48.599998474121094</ele>
        <time>2024-09-14T09:20:12Z</time>
        <extensions>
          <ns3:TrackPointExtension>
            <ns3:atemp>18.0</ns3:atemp>
          </ns3:TrackPointExtension>
        </extensions>
      </trkpt>
      <trkpt lat="51.849420201033354" lon="0.6284932885318995">
        <ele>47.599998474121094</ele>
        <time>2024-09-14T09:20:21Z</time>
        <extensions>
          <ns3:TrackPointExtension>
            <ns3:atemp>18.0</ns3:atemp>
          </ns3:TrackPointExtension>
        </extensions>
      </trkpt>
      <trkpt lat="51.85070808045566" lon="0.6297213211655617">
        <ele>46.599998474121094</ele>
        <time>2024-09-14T09:20:39Z</time>
        <extensions>
          <ns3:TrackPointExtension>
            <ns3:atemp>18.0</ns3:atemp>
          </ns3:TrackPointExtension>
        </extensions>
      </trkpt>
      <trkpt lat="51.851843409240246" lon="0.6310071051120758">
        <ele>49.599998474121094</ele>
        <time>2024-09-14T09:20:59Z</time>
        <extensions>
          <ns3:TrackPointExtension>
            <ns3:atemp>18.0</ns3:atemp>
          </ns3:TrackPointExtension>
        </extensions>
      </trkpt>
      <trkpt lat="51.85243207029998" lon="0.6318070739507675">
        <ele>51.20000076293945</ele>
        <time>2024-09-14T09:21:11Z</time>
        <extensions>
          <ns3:TrackPointExtension>
            <ns3:atemp>18.0</ns3:atemp>
          </ns3:TrackPointExtension>
        </extensions>
      </trkpt>
      <trkpt lat="51.85265125706792" lon="0.632211584597826">
        <ele>51.400001525878906</ele>
        <time>2024-09-14T09:21:16Z</time>
        <extensions>
          <ns3:TrackPointExtension>
            <ns3:atemp>18.0</ns3:atemp>
          </ns3:TrackPointExtension>
        </extensions>
      </trkpt>
      <trkpt lat="51.85283406637609" lon="0.6326655484735966">
        <ele>51.599998474121094</ele>
        <time>2024-09-14T09:21:21Z</time>
        <extensions>
          <ns3:TrackPointExtension>
            <ns3:atemp>18.0</ns3:atemp>
          </ns3:TrackPointExtension>
        </extensions>
      </trkpt>
      <trkpt lat="51.85293749906123" lon="0.6327920313924551">
        <ele>51.400001525878906</ele>
        <time>2024-09-14T09:21:23Z</time>
        <extensions>
          <ns3:TrackPointExtension>
            <ns3:atemp>18.0</ns3:atemp>
          </ns3:TrackPointExtension>
        </extensions>
      </trkpt>
      <trkpt lat="51.85306624509394" lon="0.6327398959547281">
        <ele>51.400001525878906</ele>
        <time>2024-09-14T09:21:25Z</time>
        <extensions>
          <ns3:TrackPointExtension>
            <ns3:atemp>18.0</ns3:atemp>
          </ns3:TrackPointExtension>
        </extensions>
      </trkpt>
      <trkpt lat="51.85340219177306" lon="0.632353238761425">
        <ele>52.0</ele>
        <time>2024-09-14T09:21:31Z</time>
        <extensions>
          <ns3:TrackPointExtension>
            <ns3:atemp>18.0</ns3:atemp>
          </ns3:TrackPointExtension>
        </extensions>
      </trkpt>
      <trkpt lat="51.85378725640476" lon="0.6319935712963343">
        <ele>53.20000076293945</ele>
        <time>2024-09-14T09:21:38Z</time>
        <extensions>
          <ns3:TrackPointExtension>
            <ns3:atemp>18.0</ns3:atemp>
          </ns3:TrackPointExtension>
        </extensions>
      </trkpt>
      <trkpt lat="51.85464187525213" lon="0.6314736418426037">
        <ele>53.79999923706055</ele>
        <time>2024-09-14T09:21:51Z</time>
        <extensions>
          <ns3:TrackPointExtension>
            <ns3:atemp>18.0</ns3:atemp>
          </ns3:TrackPointExtension>
        </extensions>
      </trkpt>
      <trkpt lat="51.855350732803345" lon="0.6311070173978806">
        <ele>52.79999923706055</ele>
        <time>2024-09-14T09:22:01Z</time>
        <extensions>
          <ns3:TrackPointExtension>
            <ns3:atemp>18.0</ns3:atemp>
          </ns3:TrackPointExtension>
        </extensions>
      </trkpt>
      <trkpt lat="51.85606386512518" lon="0.6309133116155863">
        <ele>52.599998474121094</ele>
        <time>2024-09-14T09:22:11Z</time>
        <extensions>
          <ns3:TrackPointExtension>
            <ns3:atemp>18.0</ns3:atemp>
          </ns3:TrackPointExtension>
        </extensions>
      </trkpt>
      <trkpt lat="51.856908509507775" lon="0.6310253776609898">
        <ele>52.599998474121094</ele>
        <time>2024-09-14T09:22:23Z</time>
        <extensions>
          <ns3:TrackPointExtension>
            <ns3:atemp>18.0</ns3:atemp>
          </ns3:TrackPointExtension>
        </extensions>
      </trkpt>
      <trkpt lat="51.85762256383896" lon="0.6307968869805336">
        <ele>53.20000076293945</ele>
        <time>2024-09-14T09:22:33Z</time>
        <extensions>
          <ns3:TrackPointExtension>
            <ns3:atemp>18.0</ns3:atemp>
          </ns3:TrackPointExtension>
        </extensions>
      </trkpt>
      <trkpt lat="51.858594194054604" lon="0.6307085417211056">
        <ele>53.400001525878906</ele>
        <time>2024-09-14T09:22:47Z</time>
        <extensions>
          <ns3:TrackPointExtension>
            <ns3:atemp>18.0</ns3:atemp>
          </ns3:TrackPointExtension>
        </extensions>
      </trkpt>
      <trkpt lat="51.85957730747759" lon="0.6304222159087658">
        <ele>54.400001525878906</ele>
        <time>2024-09-14T09:23:01Z</time>
        <extensions>
          <ns3:TrackPointExtension>
            <ns3:atemp>18.0</ns3:atemp>
          </ns3:TrackPointExtension>
        </extensions>
      </trkpt>
      <trkpt lat="51.86010000295937" lon="0.6301155220717192">
        <ele>54.599998474121094</ele>
        <time>2024-09-14T09:23:09Z</time>
        <extensions>
          <ns3:TrackPointExtension>
            <ns3:atemp>18.0</ns3:atemp>
          </ns3:TrackPointExtension>
        </extensions>
      </trkpt>
      <trkpt lat="51.86016529798508" lon="0.6301252450793982">
        <ele>54.79999923706055</ele>
        <time>2024-09-14T09:23:10Z</time>
        <extensions>
          <ns3:TrackPointExtension>
            <ns3:atemp>18.0</ns3:atemp>
          </ns3:TrackPointExtension>
        </extensions>
      </trkpt>
      <trkpt lat="51.86026277951896" lon="0.6302586011588573">
        <ele>54.79999923706055</ele>
        <time>2024-09-14T09:23:12Z</time>
        <extensions>
          <ns3:TrackPointExtension>
            <ns3:atemp>18.0</ns3:atemp>
          </ns3:TrackPointExtension>
        </extensions>
      </trkpt>
      <trkpt lat="51.86032044701278" lon="0.6306786183267832">
        <ele>54.79999923706055</ele>
        <time>2024-09-14T09:23:16Z</time>
        <extensions>
          <ns3:TrackPointExtension>
            <ns3:atemp>18.0</ns3:atemp>
          </ns3:TrackPointExtension>
        </extensions>
      </trkpt>
      <trkpt lat="51.86045665293932" lon="0.6311940215528011">
        <ele>54.599998474121094</ele>
        <time>2024-09-14T09:23:21Z</time>
        <extensions>
          <ns3:TrackPointExtension>
            <ns3:atemp>18.0</ns3:atemp>
          </ns3:TrackPointExtension>
        </extensions>
      </trkpt>
      <trkpt lat="51.86056268401444" lon="0.6315254420042038">
        <ele>54.599998474121094</ele>
        <time>2024-09-14T09:23:24Z</time>
        <extensions>
          <ns3:TrackPointExtension>
            <ns3:atemp>18.0</ns3:atemp>
          </ns3:TrackPointExtension>
        </extensions>
      </trkpt>
      <trkpt lat="51.860847333446145" lon="0.632078479975462">
        <ele>54.79999923706055</ele>
        <time>2024-09-14T09:23:30Z</time>
        <extensions>
          <ns3:TrackPointExtension>
            <ns3:atemp>18.0</ns3:atemp>
          </ns3:TrackPointExtension>
        </extensions>
      </trkpt>
      <trkpt lat="51.860977336764336" lon="0.6327611859887838">
        <ele>54.599998474121094</ele>
        <time>2024-09-14T09:23:36Z</time>
        <extensions>
          <ns3:TrackPointExtension>
            <ns3:atemp>18.0</ns3:atemp>
          </ns3:TrackPointExtension>
        </extensions>
      </trkpt>
      <trkpt lat="51.86108839698136" lon="0.6331069394946098">
        <ele>54.400001525878906</ele>
        <time>2024-09-14T09:23:39Z</time>
        <extensions>
          <ns3:TrackPointExtension>
            <ns3:atemp>18.0</ns3:atemp>
          </ns3:TrackPointExtension>
        </extensions>
      </trkpt>
      <trkpt lat="51.86162391677499" lon="0.6343964952975512">
        <ele>53.79999923706055</ele>
        <time>2024-09-14T09:23:52Z</time>
        <extensions>
          <ns3:TrackPointExtension>
            <ns3:atemp>18.0</ns3:atemp>
          </ns3:TrackPointExtension>
        </extensions>
      </trkpt>
      <trkpt lat="51.86179012991488" lon="0.6346440128982067">
        <ele>53.599998474121094</ele>
        <time>2024-09-14T09:23:55Z</time>
        <extensions>
          <ns3:TrackPointExtension>
            <ns3:atemp>18.0</ns3:atemp>
          </ns3:TrackPointExtension>
        </extensions>
      </trkpt>
      <trkpt lat="51.86205826699734" lon="0.6348637863993645">
        <ele>53.599998474121094</ele>
        <time>2024-09-14T09:23:59Z</time>
        <extensions>
          <ns3:TrackPointExtension>
            <ns3:atemp>18.0</ns3:atemp>
          </ns3:TrackPointExtension>
        </extensions>
      </trkpt>
      <trkpt lat="51.86236462555826" lon="0.6349666323512793">
        <ele>53.400001525878906</ele>
        <time>2024-09-14T09:24:03Z</time>
        <extensions>
          <ns3:TrackPointExtension>
            <ns3:atemp>18.0</ns3:atemp>
          </ns3:TrackPointExtension>
        </extensions>
      </trkpt>
      <trkpt lat="51.863584192469716" lon="0.6349043548107147">
        <ele>52.400001525878906</ele>
        <time>2024-09-14T09:24:20Z</time>
        <extensions>
          <ns3:TrackPointExtension>
            <ns3:atemp>18.0</ns3:atemp>
          </ns3:TrackPointExtension>
        </extensions>
      </trkpt>
      <trkpt lat="51.86372215859592" lon="0.6349756848067045">
        <ele>52.20000076293945</ele>
        <time>2024-09-14T09:24:22Z</time>
        <extensions>
          <ns3:TrackPointExtension>
            <ns3:atemp>18.0</ns3:atemp>
          </ns3:TrackPointExtension>
        </extensions>
      </trkpt>
      <trkpt lat="51.863849479705095" lon="0.6352474261075258">
        <ele>52.0</ele>
        <time>2024-09-14T09:24:25Z</time>
        <extensions>
          <ns3:TrackPointExtension>
            <ns3:atemp>18.0</ns3:atemp>
          </ns3:TrackPointExtension>
        </extensions>
      </trkpt>
      <trkpt lat="51.86391234397888" lon="0.6353154871612787">
        <ele>51.79999923706055</ele>
        <time>2024-09-14T09:24:26Z</time>
        <extensions>
          <ns3:TrackPointExtension>
            <ns3:atemp>18.0</ns3:atemp>
          </ns3:TrackPointExtension>
        </extensions>
      </trkpt>
      <trkpt lat="51.864062547683716" lon="0.6353454943746328">
        <ele>51.79999923706055</ele>
        <time>2024-09-14T09:24:28Z</time>
        <extensions>
          <ns3:TrackPointExtension>
            <ns3:atemp>18.0</ns3:atemp>
          </ns3:TrackPointExtension>
        </extensions>
      </trkpt>
      <trkpt lat="51.86430964618921" lon="0.6353188399225473">
        <ele>51.20000076293945</ele>
        <time>2024-09-14T09:24:31Z</time>
        <extensions>
          <ns3:TrackPointExtension>
            <ns3:atemp>18.0</ns3:atemp>
          </ns3:TrackPointExtension>
        </extensions>
      </trkpt>
      <trkpt lat="51.86480686068535" lon="0.6351494416594505">
        <ele>49.20000076293945</ele>
        <time>2024-09-14T09:24:36Z</time>
        <extensions>
          <ns3:TrackPointExtension>
            <ns3:atemp>18.0</ns3:atemp>
          </ns3:TrackPointExtension>
        </extensions>
      </trkpt>
      <trkpt lat="51.865453692153096" lon="0.634803269058466">
        <ele>45.79999923706055</ele>
        <time>2024-09-14T09:24:43Z</time>
        <extensions>
          <ns3:TrackPointExtension>
            <ns3:atemp>18.0</ns3:atemp>
          </ns3:TrackPointExtension>
        </extensions>
      </trkpt>
      <trkpt lat="51.86573079787195" lon="0.6347813922911882">
        <ele>45.400001525878906</ele>
        <time>2024-09-14T09:24:46Z</time>
        <extensions>
          <ns3:TrackPointExtension>
            <ns3:atemp>18.0</ns3:atemp>
          </ns3:TrackPointExtension>
        </extensions>
      </trkpt>
      <trkpt lat="51.86621401458979" lon="0.6348437536507845">
        <ele>48.0</ele>
        <time>2024-09-14T09:24:53Z</time>
        <extensions>
          <ns3:TrackPointExtension>
            <ns3:atemp>17.0</ns3:atemp>
          </ns3:TrackPointExtension>
        </extensions>
      </trkpt>
      <trkpt lat="51.86639581806958" lon="0.6348160095512867">
        <ele>49.400001525878906</ele>
        <time>2024-09-14T09:24:56Z</time>
        <extensions>
          <ns3:TrackPointExtension>
            <ns3:atemp>17.0</ns3:atemp>
          </ns3:TrackPointExtension>
        </extensions>
      </trkpt>
      <trkpt lat="51.86655147001147" lon="0.6347440928220749">
        <ele>49.79999923706055</ele>
        <time>2024-09-14T09:24:59Z</time>
        <extensions>
          <ns3:TrackPointExtension>
            <ns3:atemp>17.0</ns3:atemp>
          </ns3:TrackPointExtension>
        </extensions>
      </trkpt>
      <trkpt lat="51.86675204895437" lon="0.6345314439386129">
        <ele>50.599998474121094</ele>
        <time>2024-09-14T09:25:07Z</time>
        <extensions>
          <ns3:TrackPointExtension>
            <ns3:atemp>17.0</ns3:atemp>
          </ns3:TrackPointExtension>
        </extensions>
      </trkpt>
      <trkpt lat="51.866789013147354" lon="0.6345365568995476">
        <ele>50.599998474121094</ele>
        <time>2024-09-14T09:25:09Z</time>
        <extensions>
          <ns3:TrackPointExtension>
            <ns3:atemp>17.0</ns3:atemp>
          </ns3:TrackPointExtension>
        </extensions>
      </trkpt>
      <trkpt lat="51.86693192459643" lon="0.6349347811192274">
        <ele>50.20000076293945</ele>
        <time>2024-09-14T09:25:16Z</time>
        <extensions>
          <ns3:TrackPointExtension>
            <ns3:atemp>17.0</ns3:atemp>
          </ns3:TrackPointExtension>
        </extensions>
      </trkpt>
      <trkpt lat="51.86717826873064" lon="0.6365342997014523">
        <ele>49.79999923706055</ele>
        <time>2024-09-14T09:25:31Z</time>
        <extensions>
          <ns3:TrackPointExtension>
            <ns3:atemp>17.0</ns3:atemp>
          </ns3:TrackPointExtension>
        </extensions>
      </trkpt>
      <trkpt lat="51.867315312847495" lon="0.6371248885989189">
        <ele>49.0</ele>
        <time>2024-09-14T09:25:36Z</time>
        <extensions>
          <ns3:TrackPointExtension>
            <ns3:atemp>17.0</ns3:atemp>
          </ns3:TrackPointExtension>
        </extensions>
      </trkpt>
      <trkpt lat="51.86759174801409" lon="0.6377192493528128">
        <ele>48.0</ele>
        <time>2024-09-14T09:25:42Z</time>
        <extensions>
          <ns3:TrackPointExtension>
            <ns3:atemp>17.0</ns3:atemp>
          </ns3:TrackPointExtension>
        </extensions>
      </trkpt>
      <trkpt lat="51.868070187047124" lon="0.6382263544946909">
        <ele>44.79999923706055</ele>
        <time>2024-09-14T09:25:54Z</time>
        <extensions>
          <ns3:TrackPointExtension>
            <ns3:atemp>17.0</ns3:atemp>
          </ns3:TrackPointExtension>
        </extensions>
      </trkpt>
      <trkpt lat="51.86809642240405" lon="0.6383105926215649">
        <ele>44.400001525878906</ele>
        <time>2024-09-14T09:25:56Z</time>
        <extensions>
          <ns3:TrackPointExtension>
            <ns3:atemp>17.0</ns3:atemp>
          </ns3:TrackPointExtension>
        </extensions>
      </trkpt>
      <trkpt lat="51.867923168465495" lon="0.6385989300906658">
        <ele>44.0</ele>
        <time>2024-09-14T09:26:02Z</time>
        <extensions>
          <ns3:TrackPointExtension>
            <ns3:atemp>17.0</ns3:atemp>
          </ns3:TrackPointExtension>
        </extensions>
      </trkpt>
      <trkpt lat="51.86785007826984" lon="0.6389006786048412">
        <ele>44.0</ele>
        <time>2024-09-14T09:26:05Z</time>
        <extensions>
          <ns3:TrackPointExtension>
            <ns3:atemp>17.0</ns3:atemp>
          </ns3:TrackPointExtension>
        </extensions>
      </trkpt>
      <trkpt lat="51.86787698417902" lon="0.6392546463757753">
        <ele>43.400001525878906</ele>
        <time>2024-09-14T09:26:08Z</time>
        <extensions>
          <ns3:TrackPointExtension>
            <ns3:atemp>17.0</ns3:atemp>
          </ns3:TrackPointExtension>
        </extensions>
      </trkpt>
      <trkpt lat="51.86803816817701" lon="0.6400942616164684">
        <ele>42.79999923706055</ele>
        <time>2024-09-14T09:26:15Z</time>
        <extensions>
          <ns3:TrackPointExtension>
            <ns3:atemp>18.0</ns3:atemp>
          </ns3:TrackPointExtension>
        </extensions>
      </trkpt>
      <trkpt lat="51.86799039132893" lon="0.6406506523489952">
        <ele>41.599998474121094</ele>
        <time>2024-09-14T09:26:19Z</time>
        <extensions>
          <ns3:TrackPointExtension>
            <ns3:atemp>18.0</ns3:atemp>
          </ns3:TrackPointExtension>
        </extensions>
      </trkpt>
      <trkpt lat="51.86779970303178" lon="0.6417670380324125">
        <ele>37.20000076293945</ele>
        <time>2024-09-14T09:26:26Z</time>
        <extensions>
          <ns3:TrackPointExtension>
            <ns3:atemp>18.0</ns3:atemp>
          </ns3:TrackPointExtension>
        </extensions>
      </trkpt>
      <trkpt lat="51.86790305189788" lon="0.6425133626908064">
        <ele>34.400001525878906</ele>
        <time>2024-09-14T09:26:31Z</time>
        <extensions>
          <ns3:TrackPointExtension>
            <ns3:atemp>18.0</ns3:atemp>
          </ns3:TrackPointExtension>
        </extensions>
      </trkpt>
      <trkpt lat="51.867906488478184" lon="0.643003536388278">
        <ele>36.0</ele>
        <time>2024-09-14T09:26:35Z</time>
        <extensions>
          <ns3:TrackPointExtension>
            <ns3:atemp>18.0</ns3:atemp>
          </ns3:TrackPointExtension>
        </extensions>
      </trkpt>
      <trkpt lat="51.86764338053763" lon="0.6444279570132494">
        <ele>39.400001525878906</ele>
        <time>2024-09-14T09:26:47Z</time>
        <extensions>
          <ns3:TrackPointExtension>
            <ns3:atemp>17.0</ns3:atemp>
          </ns3:TrackPointExtension>
        </extensions>
      </trkpt>
      <trkpt lat="51.8673531152308" lon="0.6454150099307299">
        <ele>39.79999923706055</ele>
        <time>2024-09-14T09:26:56Z</time>
        <extensions>
          <ns3:TrackPointExtension>
            <ns3:atemp>17.0</ns3:atemp>
          </ns3:TrackPointExtension>
        </extensions>
      </trkpt>
      <trkpt lat="51.86726761981845" lon="0.6455932091921568">
        <ele>39.79999923706055</ele>
        <time>2024-09-14T09:26:58Z</time>
        <extensions>
          <ns3:TrackPointExtension>
            <ns3:atemp>17.0</ns3:atemp>
          </ns3:TrackPointExtension>
        </extensions>
      </trkpt>
      <trkpt lat="51.86720651574433" lon="0.6456357054412365">
        <ele>39.79999923706055</ele>
        <time>2024-09-14T09:26:59Z</time>
        <extensions>
          <ns3:TrackPointExtension>
            <ns3:atemp>17.0</ns3:atemp>
          </ns3:TrackPointExtension>
        </extensions>
      </trkpt>
      <trkpt lat="51.86639187857509" lon="0.6452084798365831">
        <ele>42.400001525878906</ele>
        <time>2024-09-14T09:27:14Z</time>
        <extensions>
          <ns3:TrackPointExtension>
            <ns3:atemp>18.0</ns3:atemp>
          </ns3:TrackPointExtension>
        </extensions>
      </trkpt>
      <trkpt lat="51.86592240817845" lon="0.6450320407748222">
        <ele>44.79999923706055</ele>
        <time>2024-09-14T09:27:24Z</time>
        <extensions>
          <ns3:TrackPointExtension>
            <ns3:atemp>18.0</ns3:atemp>
          </ns3:TrackPointExtension>
        </extensions>
      </trkpt>
      <trkpt lat="51.86582459136844" lon="0.645036231726408">
        <ele>45.20000076293945</ele>
        <time>2024-09-14T09:27:26Z</time>
        <extensions>
          <ns3:TrackPointExtension>
            <ns3:atemp>18.0</ns3:atemp>
          </ns3:TrackPointExtension>
        </extensions>
      </trkpt>
      <trkpt lat="51.86572493053973" lon="0.6451018620282412">
        <ele>45.400001525878906</ele>
        <time>2024-09-14T09:27:28Z</time>
        <extensions>
          <ns3:TrackPointExtension>
            <ns3:atemp>18.0</ns3:atemp>
          </ns3:TrackPointExtension>
        </extensions>
      </trkpt>
      <trkpt lat="51.86561512760818" lon="0.6454195361584425">
        <ele>46.400001525878906</ele>
        <time>2024-09-14T09:27:32Z</time>
        <extensions>
          <ns3:TrackPointExtension>
            <ns3:atemp>18.0</ns3:atemp>
          </ns3:TrackPointExtension>
        </extensions>
      </trkpt>
      <trkpt lat="51.8655258603394" lon="0.6455363798886538">
        <ele>46.599998474121094</ele>
        <time>2024-09-14T09:27:34Z</time>
        <extensions>
          <ns3:TrackPointExtension>
            <ns3:atemp>18.0</ns3:atemp>
          </ns3:TrackPointExtension>
        </extensions>
      </trkpt>
      <trkpt lat="51.864642491564155" lon="0.6454460229724646">
        <ele>48.20000076293945</ele>
        <time>2024-09-14T09:27:50Z</time>
        <extensions>
          <ns3:TrackPointExtension>
            <ns3:atemp>18.0</ns3:atemp>
          </ns3:TrackPointExtension>
        </extensions>
      </trkpt>
      <trkpt lat="51.86443998478353" lon="0.645492123439908">
        <ele>49.0</ele>
        <time>2024-09-14T09:27:54Z</time>
        <extensions>
          <ns3:TrackPointExtension>
            <ns3:atemp>18.0</ns3:atemp>
          </ns3:TrackPointExtension>
        </extensions>
      </trkpt>
      <trkpt lat="51.86439220793545" lon="0.6455479469150305">
        <ele>49.20000076293945</ele>
        <time>2024-09-14T09:27:55Z</time>
        <extensions>
          <ns3:TrackPointExtension>
            <ns3:atemp>18.0</ns3:atemp>
          </ns3:TrackPointExtension>
        </extensions>
      </trkpt>
      <trkpt lat="51.864334121346474" lon="0.6457294151186943">
        <ele>49.400001525878906</ele>
        <time>2024-09-14T09:27:57Z</time>
        <extensions>
          <ns3:TrackPointExtension>
            <ns3:atemp>18.0</ns3:atemp>
          </ns3:TrackPointExtension>
        </extensions>
      </trkpt>
      <trkpt lat="51.86426907777786" lon="0.6462833750993013">
        <ele>50.400001525878906</ele>
        <time>2024-09-14T09:28:03Z</time>
        <extensions>
          <ns3:TrackPointExtension>
            <ns3:atemp>18.0</ns3:atemp>
          </ns3:TrackPointExtension>
        </extensions>
      </trkpt>
      <trkpt lat="51.864194478839636" lon="0.6464203353971243">
        <ele>50.400001525878906</ele>
        <time>2024-09-14T09:28:05Z</time>
        <extensions>
          <ns3:TrackPointExtension>
            <ns3:atemp>18.0</ns3:atemp>
          </ns3:TrackPointExtension>
        </extensions>
      </trkpt>
      <trkpt lat="51.864076210185885" lon="0.6464793439954519">
        <ele>50.400001525878906</ele>
        <time>2024-09-14T09:28:07Z</time>
        <extensions>
          <ns3:TrackPointExtension>
            <ns3:atemp>18.0</ns3:atemp>
          </ns3:TrackPointExtension>
        </extensions>
      </trkpt>
      <trkpt lat="51.86395769007504" lon="0.6464345846325159">
        <ele>50.20000076293945</ele>
        <time>2024-09-14T09:28:09Z</time>
        <extensions>
          <ns3:TrackPointExtension>
            <ns3:atemp>18.0</ns3:atemp>
          </ns3:TrackPointExtension>
        </extensions>
      </trkpt>
      <trkpt lat="51.863854508847" lon="0.6463325768709183">
        <ele>50.20000076293945</ele>
        <time>2024-09-14T09:28:11Z</time>
        <extensions>
          <ns3:TrackPointExtension>
            <ns3:atemp>18.0</ns3:atemp>
          </ns3:TrackPointExtension>
        </extensions>
      </trkpt>
      <trkpt lat="51.8635815102607" lon="0.6458179280161858">
        <ele>50.20000076293945</ele>
        <time>2024-09-14T09:28:18Z</time>
        <extensions>
          <ns3:TrackPointExtension>
            <ns3:atemp>18.0</ns3:atemp>
          </ns3:TrackPointExtension>
        </extensions>
      </trkpt>
      <trkpt lat="51.863483944907784" lon="0.6457019224762917">
        <ele>50.20000076293945</ele>
        <time>2024-09-14T09:28:20Z</time>
        <extensions>
          <ns3:TrackPointExtension>
            <ns3:atemp>18.0</ns3:atemp>
          </ns3:TrackPointExtension>
        </extensions>
      </trkpt>
      <trkpt lat="51.86330624856055" lon="0.6456542294472456">
        <ele>50.0</ele>
        <time>2024-09-14T09:28:23Z</time>
        <extensions>
          <ns3:TrackPointExtension>
            <ns3:atemp>18.0</ns3:atemp>
          </ns3:TrackPointExtension>
        </extensions>
      </trkpt>
      <trkpt lat="51.863198624923825" lon="0.6457556504756212">
        <ele>50.0</ele>
        <time>2024-09-14T09:28:25Z</time>
        <extensions>
          <ns3:TrackPointExtension>
            <ns3:atemp>18.0</ns3:atemp>
          </ns3:TrackPointExtension>
        </extensions>
      </trkpt>
      <trkpt lat="51.8630376085639" lon="0.646336181089282">
        <ele>50.20000076293945</ele>
        <time>2024-09-14T09:28:31Z</time>
        <extensions>
          <ns3:TrackPointExtension>
            <ns3:atemp>18.0</ns3:atemp>
          </ns3:TrackPointExtension>
        </extensions>
      </trkpt>
      <trkpt lat="51.86283719725907" lon="0.6469124369323254">
        <ele>49.20000076293945</ele>
        <time>2024-09-14T09:28:37Z</time>
        <extensions>
          <ns3:TrackPointExtension>
            <ns3:atemp>18.0</ns3:atemp>
          </ns3:TrackPointExtension>
        </extensions>
      </trkpt>
      <trkpt lat="51.86262915842235" lon="0.648016668856144">
        <ele>49.0</ele>
        <time>2024-09-14T09:28:47Z</time>
        <extensions>
          <ns3:TrackPointExtension>
            <ns3:atemp>18.0</ns3:atemp>
          </ns3:TrackPointExtension>
        </extensions>
      </trkpt>
      <trkpt lat="51.862582387402654" lon="0.648617735132575">
        <ele>47.79999923706055</ele>
        <time>2024-09-14T09:28:52Z</time>
        <extensions>
          <ns3:TrackPointExtension>
            <ns3:atemp>18.0</ns3:atemp>
          </ns3:TrackPointExtension>
        </extensions>
      </trkpt>
      <trkpt lat="51.862513991072774" lon="0.648931385949254">
        <ele>47.400001525878906</ele>
        <time>2024-09-14T09:28:55Z</time>
        <extensions>
          <ns3:TrackPointExtension>
            <ns3:atemp>18.0</ns3:atemp>
          </ns3:TrackPointExtension>
        </extensions>
      </trkpt>
      <trkpt lat="51.86242665164173" lon="0.6491089146584272">
        <ele>47.20000076293945</ele>
        <time>2024-09-14T09:28:57Z</time>
        <extensions>
          <ns3:TrackPointExtension>
            <ns3:atemp>18.0</ns3:atemp>
          </ns3:TrackPointExtension>
        </extensions>
      </trkpt>
      <trkpt lat="51.862310813739896" lon="0.649242689833045">
        <ele>47.20000076293945</ele>
        <time>2024-09-14T09:28:59Z</time>
        <extensions>
          <ns3:TrackPointExtension>
            <ns3:atemp>18.0</ns3:atemp>
          </ns3:TrackPointExtension>
        </extensions>
      </trkpt>
      <trkpt lat="51.86157354153693" lon="0.6498321890830994">
        <ele>47.79999923706055</ele>
        <time>2024-09-14T09:29:11Z</time>
        <extensions>
          <ns3:TrackPointExtension>
            <ns3:atemp>18.0</ns3:atemp>
          </ns3:TrackPointExtension>
        </extensions>
      </trkpt>
      <trkpt lat="51.86137371696532" lon="0.6500876694917679">
        <ele>48.20000076293945</ele>
        <time>2024-09-14T09:29:15Z</time>
        <extensions>
          <ns3:TrackPointExtension>
            <ns3:atemp>18.0</ns3:atemp>
          </ns3:TrackPointExtension>
        </extensions>
      </trkpt>
      <trkpt lat="51.8611416220665" lon="0.6510394345968962">
        <ele>50.20000076293945</ele>
        <time>2024-09-14T09:29:25Z</time>
        <extensions>
          <ns3:TrackPointExtension>
            <ns3:atemp>18.0</ns3:atemp>
          </ns3:TrackPointExtension>
        </extensions>
      </trkpt>
      <trkpt lat="51.860769214108586" lon="0.6519982405006886">
        <ele>51.0</ele>
        <time>2024-09-14T09:29:36Z</time>
        <extensions>
          <ns3:TrackPointExtension>
            <ns3:atemp>18.0</ns3:atemp>
          </ns3:TrackPointExtension>
        </extensions>
      </trkpt>
      <trkpt lat="51.860635522753" lon="0.6527780927717686">
        <ele>51.20000076293945</ele>
        <time>2024-09-14T09:29:44Z</time>
        <extensions>
          <ns3:TrackPointExtension>
            <ns3:atemp>18.0</ns3:atemp>
          </ns3:TrackPointExtension>
        </extensions>
      </trkpt>
      <trkpt lat="51.86058363877237" lon="0.6533945817500353">
        <ele>51.599998474121094</ele>
        <time>2024-09-14T09:29:50Z</time>
        <extensions>
          <ns3:TrackPointExtension>
            <ns3:atemp>18.0</ns3:atemp>
          </ns3:TrackPointExtension>
        </extensions>
      </trkpt>
      <trkpt lat="51.860467214137316" lon="0.6539257429540157">
        <ele>51.79999923706055</ele>
        <time>2024-09-14T09:29:55Z</time>
        <extensions>
          <ns3:TrackPointExtension>
            <ns3:atemp>18.0</ns3:atemp>
          </ns3:TrackPointExtension>
        </extensions>
      </trkpt>
      <trkpt lat="51.86030854471028" lon="0.6543347798287868">
        <ele>51.599998474121094</ele>
        <time>2024-09-14T09:30:00Z</time>
        <extensions>
          <ns3:TrackPointExtension>
            <ns3:atemp>18.0</ns3:atemp>
          </ns3:TrackPointExtension>
        </extensions>
      </trkpt>
      <trkpt lat="51.859954157844186" lon="0.6548897456377745">
        <ele>51.599998474121094</ele>
        <time>2024-09-14T09:30:08Z</time>
        <extensions>
          <ns3:TrackPointExtension>
            <ns3:atemp>18.0</ns3:atemp>
          </ns3:TrackPointExtension>
        </extensions>
      </trkpt>
      <trkpt lat="51.85986740514636" lon="0.6550816912204027">
        <ele>51.599998474121094</ele>
        <time>2024-09-14T09:30:10Z</time>
        <extensions>
          <ns3:TrackPointExtension>
            <ns3:atemp>18.0</ns3:atemp>
          </ns3:TrackPointExtension>
        </extensions>
      </trkpt>
      <trkpt lat="51.85934596695006" lon="0.6568237021565437">
        <ele>51.79999923706055</ele>
        <time>2024-09-14T09:30:26Z</time>
        <extensions>
          <ns3:TrackPointExtension>
            <ns3:atemp>18.0</ns3:atemp>
          </ns3:TrackPointExtension>
        </extensions>
      </trkpt>
      <trkpt lat="51.85892100445926" lon="0.657917708158493">
        <ele>51.79999923706055</ele>
        <time>2024-09-14T09:30:37Z</time>
        <extensions>
          <ns3:TrackPointExtension>
            <ns3:atemp>18.0</ns3:atemp>
          </ns3:TrackPointExtension>
        </extensions>
      </trkpt>
      <trkpt lat="51.85877809301019" lon="0.6581956520676613">
        <ele>51.599998474121094</ele>
        <time>2024-09-14T09:30:40Z</time>
        <extensions>
          <ns3:TrackPointExtension>
            <ns3:atemp>18.0</ns3:atemp>
          </ns3:TrackPointExtension>
        </extensions>
      </trkpt>
      <trkpt lat="51.85848472639918" lon="0.658580968156457">
        <ele>51.400001525878906</ele>
        <time>2024-09-14T09:30:45Z</time>
        <extensions>
          <ns3:TrackPointExtension>
            <ns3:atemp>19.0</ns3:atemp>
          </ns3:TrackPointExtension>
        </extensions>
      </trkpt>
      <trkpt lat="51.858378527686" lon="0.6587991490960121">
        <ele>51.0</ele>
        <time>2024-09-14T09:30:47Z</time>
        <extensions>
          <ns3:TrackPointExtension>
            <ns3:atemp>18.0</ns3:atemp>
          </ns3:TrackPointExtension>
        </extensions>
      </trkpt>
      <trkpt lat="51.85747303068638" lon="0.6617796700447798">
        <ele>50.400001525878906</ele>
        <time>2024-09-14T09:31:13Z</time>
        <extensions>
          <ns3:TrackPointExtension>
            <ns3:atemp>18.0</ns3:atemp>
          </ns3:TrackPointExtension>
        </extensions>
      </trkpt>
      <trkpt lat="51.85738527216017" lon="0.6624425947666168">
        <ele>49.79999923706055</ele>
        <time>2024-09-14T09:31:18Z</time>
        <extensions>
          <ns3:TrackPointExtension>
            <ns3:atemp>19.0</ns3:atemp>
          </ns3:TrackPointExtension>
        </extensions>
      </trkpt>
      <trkpt lat="51.85739918611944" lon="0.6627150066196918">
        <ele>49.599998474121094</ele>
        <time>2024-09-14T09:31:20Z</time>
        <extensions>
          <ns3:TrackPointExtension>
            <ns3:atemp>18.0</ns3:atemp>
          </ns3:TrackPointExtension>
        </extensions>
      </trkpt>
      <trkpt lat="51.857499768957496" lon="0.6633780151605606">
        <ele>49.400001525878906</ele>
        <time>2024-09-14T09:31:25Z</time>
        <extensions>
          <ns3:TrackPointExtension>
            <ns3:atemp>19.0</ns3:atemp>
          </ns3:TrackPointExtension>
        </extensions>
      </trkpt>
      <trkpt lat="51.85749557800591" lon="0.6636564619839191">
        <ele>49.20000076293945</ele>
        <time>2024-09-14T09:31:27Z</time>
        <extensions>
          <ns3:TrackPointExtension>
            <ns3:atemp>19.0</ns3:atemp>
          </ns3:TrackPointExtension>
        </extensions>
      </trkpt>
      <trkpt lat="51.85743497684598" lon="0.6640611402690411">
        <ele>49.20000076293945</ele>
        <time>2024-09-14T09:31:30Z</time>
        <extensions>
          <ns3:TrackPointExtension>
            <ns3:atemp>19.0</ns3:atemp>
          </ns3:TrackPointExtension>
        </extensions>
      </trkpt>
      <trkpt lat="51.85726541094482" lon="0.6645504757761955">
        <ele>49.0</ele>
        <time>2024-09-14T09:31:34Z</time>
        <extensions>
          <ns3:TrackPointExtension>
            <ns3:atemp>18.0</ns3:atemp>
          </ns3:TrackPointExtension>
        </extensions>
      </trkpt>
      <trkpt lat="51.85722425580025" lon="0.6648321077227592">
        <ele>48.79999923706055</ele>
        <time>2024-09-14T09:31:36Z</time>
        <extensions>
          <ns3:TrackPointExtension>
            <ns3:atemp>19.0</ns3:atemp>
          </ns3:TrackPointExtension>
        </extensions>
      </trkpt>
      <trkpt lat="51.857309164479375" lon="0.6656714715063572">
        <ele>48.599998474121094</ele>
        <time>2024-09-14T09:31:42Z</time>
        <extensions>
          <ns3:TrackPointExtension>
            <ns3:atemp>19.0</ns3:atemp>
          </ns3:TrackPointExtension>
        </extensions>
      </trkpt>
      <trkpt lat="51.85738116502762" lon="0.666889026761055">
        <ele>48.599998474121094</ele>
        <time>2024-09-14T09:31:51Z</time>
        <extensions>
          <ns3:TrackPointExtension>
            <ns3:atemp>18.0</ns3:atemp>
          </ns3:TrackPointExtension>
        </extensions>
      </trkpt>
      <trkpt lat="51.85744218528271" lon="0.667129922658205">
        <ele>48.599998474121094</ele>
        <time>2024-09-14T09:31:53Z</time>
        <extensions>
          <ns3:TrackPointExtension>
            <ns3:atemp>19.0</ns3:atemp>
          </ns3:TrackPointExtension>
        </extensions>
      </trkpt>
      <trkpt lat="51.85755752027035" lon="0.6673077866435051">
        <ele>48.599998474121094</ele>
        <time>2024-09-14T09:31:55Z</time>
        <extensions>
          <ns3:TrackPointExtension>
            <ns3:atemp>19.0</ns3:atemp>
          </ns3:TrackPointExtension>
        </extensions>
      </trkpt>
      <trkpt lat="51.85772784054279" lon="0.6673935335129499">
        <ele>48.79999923706055</ele>
        <time>2024-09-14T09:31:57Z</time>
        <extensions>
          <ns3:TrackPointExtension>
            <ns3:atemp>19.0</ns3:atemp>
          </ns3:TrackPointExtension>
        </extensions>
      </trkpt>
      <trkpt lat="51.858058758080006" lon="0.6674525421112776">
        <ele>49.0</ele>
        <time>2024-09-14T09:32:01Z</time>
        <extensions>
          <ns3:TrackPointExtension>
            <ns3:atemp>19.0</ns3:atemp>
          </ns3:TrackPointExtension>
        </extensions>
      </trkpt>
      <trkpt lat="51.8582091294229" lon="0.6675535440444946">
        <ele>48.79999923706055</ele>
        <time>2024-09-14T09:32:03Z</time>
        <extensions>
          <ns3:TrackPointExtension>
            <ns3:atemp>19.0</ns3:atemp>
          </ns3:TrackPointExtension>
        </extensions>
      </trkpt>
      <trkpt lat="51.85836042277515" lon="0.667886221781373">
        <ele>48.599998474121094</ele>
        <time>2024-09-14T09:32:06Z</time>
        <extensions>
          <ns3:TrackPointExtension>
            <ns3:atemp>19.0</ns3:atemp>
          </ns3:TrackPointExtension>
        </extensions>
      </trkpt>
      <trkpt lat="51.85840845108032" lon="0.6683058198541403">
        <ele>48.400001525878906</ele>
        <time>2024-09-14T09:32:09Z</time>
        <extensions>
          <ns3:TrackPointExtension>
            <ns3:atemp>19.0</ns3:atemp>
          </ns3:TrackPointExtension>
        </extensions>
      </trkpt>
      <trkpt lat="51.85819789767265" lon="0.669929813593626">
        <ele>48.0</ele>
        <time>2024-09-14T09:32:21Z</time>
        <extensions>
          <ns3:TrackPointExtension>
            <ns3:atemp>19.0</ns3:atemp>
          </ns3:TrackPointExtension>
        </extensions>
      </trkpt>
      <trkpt lat="51.85812732204795" lon="0.670726178213954">
        <ele>47.79999923706055</ele>
        <time>2024-09-14T09:32:27Z</time>
        <extensions>
          <ns3:TrackPointExtension>
            <ns3:atemp>19.0</ns3:atemp>
          </ns3:TrackPointExtension>
        </extensions>
      </trkpt>
      <trkpt lat="51.85814592987299" lon="0.6711306050419807">
        <ele>47.599998474121094</ele>
        <time>2024-09-14T09:32:30Z</time>
        <extensions>
          <ns3:TrackPointExtension>
            <ns3:atemp>19.0</ns3:atemp>
          </ns3:TrackPointExtension>
        </extensions>
      </trkpt>
      <trkpt lat="51.85832438059151" lon="0.672023193910718">
        <ele>47.20000076293945</ele>
        <time>2024-09-14T09:32:37Z</time>
        <extensions>
          <ns3:TrackPointExtension>
            <ns3:atemp>19.0</ns3:atemp>
          </ns3:TrackPointExtension>
        </extensions>
      </trkpt>
      <trkpt lat="51.85840677469969" lon="0.6726949196308851">
        <ele>47.400001525878906</ele>
        <time>2024-09-14T09:32:42Z</time>
        <extensions>
          <ns3:TrackPointExtension>
            <ns3:atemp>19.0</ns3:atemp>
          </ns3:TrackPointExtension>
        </extensions>
      </trkpt>
      <trkpt lat="51.858266377821565" lon="0.6758528016507626">
        <ele>47.0</ele>
        <time>2024-09-14T09:33:05Z</time>
        <extensions>
          <ns3:TrackPointExtension>
            <ns3:atemp>19.0</ns3:atemp>
          </ns3:TrackPointExtension>
        </extensions>
      </trkpt>
      <trkpt lat="51.85806646943092" lon="0.6774547509849072">
        <ele>47.0</ele>
        <time>2024-09-14T09:33:17Z</time>
        <extensions>
          <ns3:TrackPointExtension>
            <ns3:atemp>19.0</ns3:atemp>
          </ns3:TrackPointExtension>
        </extensions>
      </trkpt>
      <trkpt lat="51.857577888295054" lon="0.6792866997420788">
        <ele>47.20000076293945</ele>
        <time>2024-09-14T09:33:32Z</time>
        <extensions>
          <ns3:TrackPointExtension>
            <ns3:atemp>19.0</ns3:atemp>
          </ns3:TrackPointExtension>
        </extensions>
      </trkpt>
      <trkpt lat="51.85755358077586" lon="0.6795455329120159">
        <ele>47.20000076293945</ele>
        <time>2024-09-14T09:33:34Z</time>
        <extensions>
          <ns3:TrackPointExtension>
            <ns3:atemp>19.0</ns3:atemp>
          </ns3:TrackPointExtension>
        </extensions>
      </trkpt>
      <trkpt lat="51.857574535533786" lon="0.67993956618011">
        <ele>47.20000076293945</ele>
        <time>2024-09-14T09:33:37Z</time>
        <extensions>
          <ns3:TrackPointExtension>
            <ns3:atemp>19.0</ns3:atemp>
          </ns3:TrackPointExtension>
        </extensions>
      </trkpt>
      <trkpt lat="51.85768417082727" lon="0.6804361939430237">
        <ele>47.400001525878906</ele>
        <time>2024-09-14T09:33:41Z</time>
        <extensions>
          <ns3:TrackPointExtension>
            <ns3:atemp>19.0</ns3:atemp>
          </ns3:TrackPointExtension>
        </extensions>
      </trkpt>
      <trkpt lat="51.857900926843286" lon="0.6810882221907377">
        <ele>48.0</ele>
        <time>2024-09-14T09:33:47Z</time>
        <extensions>
          <ns3:TrackPointExtension>
            <ns3:atemp>19.0</ns3:atemp>
          </ns3:TrackPointExtension>
        </extensions>
      </trkpt>
      <trkpt lat="51.858581034466624" lon="0.6825522892177105">
        <ele>47.599998474121094</ele>
        <time>2024-09-14T09:34:01Z</time>
        <extensions>
          <ns3:TrackPointExtension>
            <ns3:atemp>19.0</ns3:atemp>
          </ns3:TrackPointExtension>
        </extensions>
      </trkpt>
      <trkpt lat="51.85890608467162" lon="0.6833420321345329">
        <ele>46.400001525878906</ele>
        <time>2024-09-14T09:34:08Z</time>
        <extensions>
          <ns3:TrackPointExtension>
            <ns3:atemp>19.0</ns3:atemp>
          </ns3:TrackPointExtension>
        </extensions>
      </trkpt>
      <trkpt lat="51.85919215902686" lon="0.6843160931020975">
        <ele>45.599998474121094</ele>
        <time>2024-09-14T09:34:16Z</time>
        <extensions>
          <ns3:TrackPointExtension>
            <ns3:atemp>19.0</ns3:atemp>
          </ns3:TrackPointExtension>
        </extensions>
      </trkpt>
      <trkpt lat="51.85975315980613" lon="0.68599465303123">
        <ele>42.599998474121094</ele>
        <time>2024-09-14T09:34:30Z</time>
        <extensions>
          <ns3:TrackPointExtension>
            <ns3:atemp>19.0</ns3:atemp>
          </ns3:TrackPointExtension>
        </extensions>
      </trkpt>
      <trkpt lat="51.859766906127334" lon="0.6861073058098555">
        <ele>42.400001525878906</ele>
        <time>2024-09-14T09:34:31Z</time>
        <extensions>
          <ns3:TrackPointExtension>
            <ns3:atemp>19.0</ns3:atemp>
          </ns3:TrackPointExtension>
        </extensions>
      </trkpt>
      <trkpt lat="51.85972801409662" lon="0.6863233912736177">
        <ele>41.599998474121094</ele>
        <time>2024-09-14T09:34:33Z</time>
        <extensions>
          <ns3:TrackPointExtension>
            <ns3:atemp>19.0</ns3:atemp>
          </ns3:TrackPointExtension>
        </extensions>
      </trkpt>
      <trkpt lat="51.859645368531346" lon="0.6864700745791197">
        <ele>41.20000076293945</ele>
        <time>2024-09-14T09:34:35Z</time>
        <extensions>
          <ns3:TrackPointExtension>
            <ns3:atemp>19.0</ns3:atemp>
          </ns3:TrackPointExtension>
        </extensions>
      </trkpt>
      <trkpt lat="51.85897137969732" lon="0.6874292157590389">
        <ele>41.0</ele>
        <time>2024-09-14T09:34:47Z</time>
        <extensions>
          <ns3:TrackPointExtension>
            <ns3:atemp>19.0</ns3:atemp>
          </ns3:TrackPointExtension>
        </extensions>
      </trkpt>
      <trkpt lat="51.85854507610202" lon="0.6881505623459816">
        <ele>40.599998474121094</ele>
        <time>2024-09-14T09:34:55Z</time>
        <extensions>
          <ns3:TrackPointExtension>
            <ns3:atemp>19.0</ns3:atemp>
          </ns3:TrackPointExtension>
        </extensions>
      </trkpt>
      <trkpt lat="51.85841021127999" lon="0.6884776242077351">
        <ele>40.599998474121094</ele>
        <time>2024-09-14T09:34:58Z</time>
        <extensions>
          <ns3:TrackPointExtension>
            <ns3:atemp>19.0</ns3:atemp>
          </ns3:TrackPointExtension>
        </extensions>
      </trkpt>
      <trkpt lat="51.857926826924086" lon="0.6899801641702652">
        <ele>38.400001525878906</ele>
        <time>2024-09-14T09:35:11Z</time>
        <extensions>
          <ns3:TrackPointExtension>
            <ns3:atemp>19.0</ns3:atemp>
          </ns3:TrackPointExtension>
        </extensions>
      </trkpt>
      <trkpt lat="51.85788877308369" lon="0.6904363911598921">
        <ele>36.79999923706055</ele>
        <time>2024-09-14T09:35:14Z</time>
        <extensions>
          <ns3:TrackPointExtension>
            <ns3:atemp>19.0</ns3:atemp>
          </ns3:TrackPointExtension>
        </extensions>
      </trkpt>
      <trkpt lat="51.85793629847467" lon="0.6907114014029503">
        <ele>36.0</ele>
        <time>2024-09-14T09:35:16Z</time>
        <extensions>
          <ns3:TrackPointExtension>
            <ns3:atemp>19.0</ns3:atemp>
          </ns3:TrackPointExtension>
        </extensions>
      </trkpt>
      <trkpt lat="51.85808247886598" lon="0.6910416483879089">
        <ele>35.0</ele>
        <time>2024-09-14T09:35:19Z</time>
        <extensions>
          <ns3:TrackPointExtension>
            <ns3:atemp>19.0</ns3:atemp>
          </ns3:TrackPointExtension>
        </extensions>
      </trkpt>
      <trkpt lat="51.858623111620545" lon="0.6919084209948778">
        <ele>33.20000076293945</ele>
        <time>2024-09-14T09:36:11Z</time>
        <extensions>
          <ns3:TrackPointExtension>
            <ns3:atemp>19.0</ns3:atemp>
          </ns3:TrackPointExtension>
        </extensions>
      </trkpt>
      <trkpt lat="51.85862344689667" lon="0.6919848639518023">
        <ele>33.20000076293945</ele>
        <time>2024-09-14T09:36:13Z</time>
        <extensions>
          <ns3:TrackPointExtension>
            <ns3:atemp>20.0</ns3:atemp>
          </ns3:TrackPointExtension>
        </extensions>
      </trkpt>
      <trkpt lat="51.85854624956846" lon="0.6921649910509586">
        <ele>33.0</ele>
        <time>2024-09-14T09:36:17Z</time>
        <extensions>
          <ns3:TrackPointExtension>
            <ns3:atemp>20.0</ns3:atemp>
          </ns3:TrackPointExtension>
        </extensions>
      </trkpt>
      <trkpt lat="51.85834039002657" lon="0.6924813240766525">
        <ele>33.20000076293945</ele>
        <time>2024-09-14T09:36:23Z</time>
        <extensions>
          <ns3:TrackPointExtension>
            <ns3:atemp>20.0</ns3:atemp>
          </ns3:TrackPointExtension>
        </extensions>
      </trkpt>
      <trkpt lat="51.85813897289336" lon="0.6926392391324043">
        <ele>33.400001525878906</ele>
        <time>2024-09-14T09:36:27Z</time>
        <extensions>
          <ns3:TrackPointExtension>
            <ns3:atemp>20.0</ns3:atemp>
          </ns3:TrackPointExtension>
        </extensions>
      </trkpt>
      <trkpt lat="51.857958510518074" lon="0.6926943082362413">
        <ele>34.400001525878906</ele>
        <time>2024-09-14T09:36:30Z</time>
        <extensions>
          <ns3:TrackPointExtension>
            <ns3:atemp>20.0</ns3:atemp>
          </ns3:TrackPointExtension>
        </extensions>
      </trkpt>
      <trkpt lat="51.85755182057619" lon="0.6926871836185455">
        <ele>36.0</ele>
        <time>2024-09-14T09:36:36Z</time>
        <extensions>
          <ns3:TrackPointExtension>
            <ns3:atemp>20.0</ns3:atemp>
          </ns3:TrackPointExtension>
        </extensions>
      </trkpt>
      <trkpt lat="51.85737144201994" lon="0.6927280034869909">
        <ele>37.20000076293945</ele>
        <time>2024-09-14T09:36:39Z</time>
        <extensions>
          <ns3:TrackPointExtension>
            <ns3:atemp>20.0</ns3:atemp>
          </ns3:TrackPointExtension>
        </extensions>
      </trkpt>
      <trkpt lat="51.85657164081931" lon="0.6930032651871443">
        <ele>40.79999923706055</ele>
        <time>2024-09-14T09:36:53Z</time>
        <extensions>
          <ns3:TrackPointExtension>
            <ns3:atemp>20.0</ns3:atemp>
          </ns3:TrackPointExtension>
        </extensions>
      </trkpt>
      <trkpt lat="51.85611030086875" lon="0.6932114716619253">
        <ele>42.20000076293945</ele>
        <time>2024-09-14T09:37:01Z</time>
        <extensions>
          <ns3:TrackPointExtension>
            <ns3:atemp>19.0</ns3:atemp>
          </ns3:TrackPointExtension>
        </extensions>
      </trkpt>
      <trkpt lat="51.85484907589853" lon="0.6939272861927748">
        <ele>42.20000076293945</ele>
        <time>2024-09-14T09:37:21Z</time>
        <extensions>
          <ns3:TrackPointExtension>
            <ns3:atemp>19.0</ns3:atemp>
          </ns3:TrackPointExtension>
        </extensions>
      </trkpt>
      <trkpt lat="51.854276256635785" lon="0.6941956747323275">
        <ele>43.20000076293945</ele>
        <time>2024-09-14T09:37:30Z</time>
        <extensions>
          <ns3:TrackPointExtension>
            <ns3:atemp>19.0</ns3:atemp>
          </ns3:TrackPointExtension>
        </extensions>
      </trkpt>
      <trkpt lat="51.85390938073397" lon="0.6944984290748835">
        <ele>43.400001525878906</ele>
        <time>2024-09-14T09:37:36Z</time>
        <extensions>
          <ns3:TrackPointExtension>
            <ns3:atemp>19.0</ns3:atemp>
          </ns3:TrackPointExtension>
        </extensions>
      </trkpt>
      <trkpt lat="51.85310731641948" lon="0.6952908542007208">
        <ele>43.400001525878906</ele>
        <time>2024-09-14T09:37:49Z</time>
        <extensions>
          <ns3:TrackPointExtension>
            <ns3:atemp>19.0</ns3:atemp>
          </ns3:TrackPointExtension>
        </extensions>
      </trkpt>
      <trkpt lat="51.85251044109464" lon="0.6960444711148739">
        <ele>43.0</ele>
        <time>2024-09-14T09:37:59Z</time>
        <extensions>
          <ns3:TrackPointExtension>
            <ns3:atemp>19.0</ns3:atemp>
          </ns3:TrackPointExtension>
        </extensions>
      </trkpt>
      <trkpt lat="51.8523604888469" lon="0.6961440481245518">
        <ele>42.79999923706055</ele>
        <time>2024-09-14T09:38:01Z</time>
        <extensions>
          <ns3:TrackPointExtension>
            <ns3:atemp>19.0</ns3:atemp>
          </ns3:TrackPointExtension>
        </extensions>
      </trkpt>
      <trkpt lat="51.85220902785659" lon="0.6961197406053543">
        <ele>42.79999923706055</ele>
        <time>2024-09-14T09:38:03Z</time>
        <extensions>
          <ns3:TrackPointExtension>
            <ns3:atemp>19.0</ns3:atemp>
          </ns3:TrackPointExtension>
        </extensions>
      </trkpt>
      <trkpt lat="51.852082377299666" lon="0.6959822773933411">
        <ele>42.79999923706055</ele>
        <time>2024-09-14T09:38:05Z</time>
        <extensions>
          <ns3:TrackPointExtension>
            <ns3:atemp>19.0</ns3:atemp>
          </ns3:TrackPointExtension>
        </extensions>
      </trkpt>
      <trkpt lat="51.851889258250594" lon="0.6955697201192379">
        <ele>42.599998474121094</ele>
        <time>2024-09-14T09:38:09Z</time>
        <extensions>
          <ns3:TrackPointExtension>
            <ns3:atemp>19.0</ns3:atemp>
          </ns3:TrackPointExtension>
        </extensions>
      </trkpt>
      <trkpt lat="51.85161039233208" lon="0.6948396563529968">
        <ele>42.400001525878906</ele>
        <time>2024-09-14T09:38:17Z</time>
        <extensions>
          <ns3:TrackPointExtension>
            <ns3:atemp>19.0</ns3:atemp>
          </ns3:TrackPointExtension>
        </extensions>
      </trkpt>
      <trkpt lat="51.85150628909469" lon="0.6946807354688644">
        <ele>42.400001525878906</ele>
        <time>2024-09-14T09:38:19Z</time>
        <extensions>
          <ns3:TrackPointExtension>
            <ns3:atemp>19.0</ns3:atemp>
          </ns3:TrackPointExtension>
        </extensions>
      </trkpt>
      <trkpt lat="51.85137494467199" lon="0.6946021132171154">
        <ele>42.599998474121094</ele>
        <time>2024-09-14T09:38:21Z</time>
        <extensions>
          <ns3:TrackPointExtension>
            <ns3:atemp>19.0</ns3:atemp>
          </ns3:TrackPointExtension>
        </extensions>
      </trkpt>
      <trkpt lat="51.85122800990939" lon="0.6946125905960798">
        <ele>42.79999923706055</ele>
        <time>2024-09-14T09:38:23Z</time>
        <extensions>
          <ns3:TrackPointExtension>
            <ns3:atemp>19.0</ns3:atemp>
          </ns3:TrackPointExtension>
        </extensions>
      </trkpt>
      <trkpt lat="51.85051697306335" lon="0.6949780415743589">
        <ele>42.599998474121094</ele>
        <time>2024-09-14T09:38:33Z</time>
        <extensions>
          <ns3:TrackPointExtension>
            <ns3:atemp>19.0</ns3:atemp>
          </ns3:TrackPointExtension>
        </extensions>
      </trkpt>
      <trkpt lat="51.84995572082698" lon="0.695195384323597">
        <ele>42.0</ele>
        <time>2024-09-14T09:38:40Z</time>
        <extensions>
          <ns3:TrackPointExtension>
            <ns3:atemp>19.0</ns3:atemp>
          </ns3:TrackPointExtension>
        </extensions>
      </trkpt>
      <trkpt lat="51.84942623600364" lon="0.695501659065485">
        <ele>40.79999923706055</ele>
        <time>2024-09-14T09:38:47Z</time>
        <extensions>
          <ns3:TrackPointExtension>
            <ns3:atemp>19.0</ns3:atemp>
          </ns3:TrackPointExtension>
        </extensions>
      </trkpt>
      <trkpt lat="51.84916069731116" lon="0.6957216002047062">
        <ele>39.79999923706055</ele>
        <time>2024-09-14T09:38:51Z</time>
        <extensions>
          <ns3:TrackPointExtension>
            <ns3:atemp>19.0</ns3:atemp>
          </ns3:TrackPointExtension>
        </extensions>
      </trkpt>
      <trkpt lat="51.84891225770116" lon="0.6959948502480984">
        <ele>39.0</ele>
        <time>2024-09-14T09:38:55Z</time>
        <extensions>
          <ns3:TrackPointExtension>
            <ns3:atemp>18.0</ns3:atemp>
          </ns3:TrackPointExtension>
        </extensions>
      </trkpt>
      <trkpt lat="51.848422000184655" lon="0.6966747064143419">
        <ele>37.79999923706055</ele>
        <time>2024-09-14T09:39:03Z</time>
        <extensions>
          <ns3:TrackPointExtension>
            <ns3:atemp>18.0</ns3:atemp>
          </ns3:TrackPointExtension>
        </extensions>
      </trkpt>
      <trkpt lat="51.84724375605583" lon="0.6981347501277924">
        <ele>34.20000076293945</ele>
        <time>2024-09-14T09:39:21Z</time>
        <extensions>
          <ns3:TrackPointExtension>
            <ns3:atemp>18.0</ns3:atemp>
          </ns3:TrackPointExtension>
        </extensions>
      </trkpt>
      <trkpt lat="51.846901858225465" lon="0.6986846029758453">
        <ele>33.599998474121094</ele>
        <time>2024-09-14T09:39:27Z</time>
        <extensions>
          <ns3:TrackPointExtension>
            <ns3:atemp>18.0</ns3:atemp>
          </ns3:TrackPointExtension>
        </extensions>
      </trkpt>
      <trkpt lat="51.846765484660864" lon="0.6988186296075583">
        <ele>33.400001525878906</ele>
        <time>2024-09-14T09:39:29Z</time>
        <extensions>
          <ns3:TrackPointExtension>
            <ns3:atemp>18.0</ns3:atemp>
          </ns3:TrackPointExtension>
        </extensions>
      </trkpt>
      <trkpt lat="51.84661578387022" lon="0.6988918874412775">
        <ele>33.400001525878906</ele>
        <time>2024-09-14T09:39:31Z</time>
        <extensions>
          <ns3:TrackPointExtension>
            <ns3:atemp>18.0</ns3:atemp>
          </ns3:TrackPointExtension>
        </extensions>
      </trkpt>
      <trkpt lat="51.84626089408994" lon="0.6989367306232452">
        <ele>33.400001525878906</ele>
        <time>2024-09-14T09:39:35Z</time>
        <extensions>
          <ns3:TrackPointExtension>
            <ns3:atemp>18.0</ns3:atemp>
          </ns3:TrackPointExtension>
        </extensions>
      </trkpt>
      <trkpt lat="51.845267890021205" lon="0.698958020657301">
        <ele>32.599998474121094</ele>
        <time>2024-09-14T09:39:47Z</time>
        <extensions>
          <ns3:TrackPointExtension>
            <ns3:atemp>18.0</ns3:atemp>
          </ns3:TrackPointExtension>
        </extensions>
      </trkpt>
      <trkpt lat="51.84504275210202" lon="0.6990819051861763">
        <ele>32.20000076293945</ele>
        <time>2024-09-14T09:39:50Z</time>
        <extensions>
          <ns3:TrackPointExtension>
            <ns3:atemp>18.0</ns3:atemp>
          </ns3:TrackPointExtension>
        </extensions>
      </trkpt>
      <trkpt lat="51.84498910792172" lon="0.6991723459213972">
        <ele>32.20000076293945</ele>
        <time>2024-09-14T09:39:51Z</time>
        <extensions>
          <ns3:TrackPointExtension>
            <ns3:atemp>18.0</ns3:atemp>
          </ns3:TrackPointExtension>
        </extensions>
      </trkpt>
      <trkpt lat="51.84492934495211" lon="0.6994286645203829">
        <ele>31.600000381469727</ele>
        <time>2024-09-14T09:39:53Z</time>
        <extensions>
          <ns3:TrackPointExtension>
            <ns3:atemp>18.0</ns3:atemp>
          </ns3:TrackPointExtension>
        </extensions>
      </trkpt>
      <trkpt lat="51.8448069691658" lon="0.7008198089897633">
        <ele>28.0</ele>
        <time>2024-09-14T09:40:02Z</time>
        <extensions>
          <ns3:TrackPointExtension>
            <ns3:atemp>18.0</ns3:atemp>
          </ns3:TrackPointExtension>
        </extensions>
      </trkpt>
      <trkpt lat="51.84468534775078" lon="0.7011494692414999">
        <ele>26.799999237060547</ele>
        <time>2024-09-14T09:40:05Z</time>
        <extensions>
          <ns3:TrackPointExtension>
            <ns3:atemp>18.0</ns3:atemp>
          </ns3:TrackPointExtension>
        </extensions>
      </trkpt>
      <trkpt lat="51.84462759643793" lon="0.7012157700955868">
        <ele>26.600000381469727</ele>
        <time>2024-09-14T09:40:06Z</time>
        <extensions>
          <ns3:TrackPointExtension>
            <ns3:atemp>18.0</ns3:atemp>
          </ns3:TrackPointExtension>
        </extensions>
      </trkpt>
      <trkpt lat="51.844477728009224" lon="0.7012637984007597">
        <ele>26.200000762939453</ele>
        <time>2024-09-14T09:40:08Z</time>
        <extensions>
          <ns3:TrackPointExtension>
            <ns3:atemp>18.0</ns3:atemp>
          </ns3:TrackPointExtension>
        </extensions>
      </trkpt>
      <trkpt lat="51.84373534284532" lon="0.7010042108595371">
        <ele>26.799999237060547</ele>
        <time>2024-09-14T09:40:18Z</time>
        <extensions>
          <ns3:TrackPointExtension>
            <ns3:atemp>19.0</ns3:atemp>
          </ns3:TrackPointExtension>
        </extensions>
      </trkpt>
      <trkpt lat="51.843435103073716" lon="0.7011268381029367">
        <ele>26.799999237060547</ele>
        <time>2024-09-14T09:40:22Z</time>
        <extensions>
          <ns3:TrackPointExtension>
            <ns3:atemp>18.0</ns3:atemp>
          </ns3:TrackPointExtension>
        </extensions>
      </trkpt>
      <trkpt lat="51.84330694377422" lon="0.7013012655079365">
        <ele>26.600000381469727</ele>
        <time>2024-09-14T09:40:24Z</time>
        <extensions>
          <ns3:TrackPointExtension>
            <ns3:atemp>19.0</ns3:atemp>
          </ns3:TrackPointExtension>
        </extensions>
      </trkpt>
      <trkpt lat="51.84320258907974" lon="0.7015329413115978">
        <ele>26.200000762939453</ele>
        <time>2024-09-14T09:40:26Z</time>
        <extensions>
          <ns3:TrackPointExtension>
            <ns3:atemp>19.0</ns3:atemp>
          </ns3:TrackPointExtension>
        </extensions>
      </trkpt>
      <trkpt lat="51.84290369041264" lon="0.7025432959198952">
        <ele>24.0</ele>
        <time>2024-09-14T09:40:34Z</time>
        <extensions>
          <ns3:TrackPointExtension>
            <ns3:atemp>19.0</ns3:atemp>
          </ns3:TrackPointExtension>
        </extensions>
      </trkpt>
      <trkpt lat="51.84280604124069" lon="0.7027285359799862">
        <ele>23.399999618530273</ele>
        <time>2024-09-14T09:40:36Z</time>
        <extensions>
          <ns3:TrackPointExtension>
            <ns3:atemp>19.0</ns3:atemp>
          </ns3:TrackPointExtension>
        </extensions>
      </trkpt>
      <trkpt lat="51.84266078285873" lon="0.7028283644467592">
        <ele>23.200000762939453</ele>
        <time>2024-09-14T09:40:38Z</time>
        <extensions>
          <ns3:TrackPointExtension>
            <ns3:atemp>19.0</ns3:atemp>
          </ns3:TrackPointExtension>
        </extensions>
      </trkpt>
      <trkpt lat="51.842251159250736" lon="0.7029057294130325">
        <ele>23.0</ele>
        <time>2024-09-14T09:40:43Z</time>
        <extensions>
          <ns3:TrackPointExtension>
            <ns3:atemp>19.0</ns3:atemp>
          </ns3:TrackPointExtension>
        </extensions>
      </trkpt>
      <trkpt lat="51.84210028499365" lon="0.7030013669282198">
        <ele>22.799999237060547</ele>
        <time>2024-09-14T09:40:45Z</time>
        <extensions>
          <ns3:TrackPointExtension>
            <ns3:atemp>19.0</ns3:atemp>
          </ns3:TrackPointExtension>
        </extensions>
      </trkpt>
      <trkpt lat="51.841981429606676" lon="0.7031610421836376">
        <ele>22.600000381469727</ele>
        <time>2024-09-14T09:40:47Z</time>
        <extensions>
          <ns3:TrackPointExtension>
            <ns3:atemp>19.0</ns3:atemp>
          </ns3:TrackPointExtension>
        </extensions>
      </trkpt>
      <trkpt lat="51.841589994728565" lon="0.7038968056440353">
        <ele>22.600000381469727</ele>
        <time>2024-09-14T09:40:55Z</time>
        <extensions>
          <ns3:TrackPointExtension>
            <ns3:atemp>19.0</ns3:atemp>
          </ns3:TrackPointExtension>
        </extensions>
      </trkpt>
      <trkpt lat="51.84111482463777" lon="0.7044683676213026">
        <ele>22.200000762939453</ele>
        <time>2024-09-14T09:41:08Z</time>
        <extensions>
          <ns3:TrackPointExtension>
            <ns3:atemp>19.0</ns3:atemp>
          </ns3:TrackPointExtension>
        </extensions>
      </trkpt>
      <trkpt lat="51.84062758460641" lon="0.7051738724112511">
        <ele>22.600000381469727</ele>
        <time>2024-09-14T09:41:17Z</time>
        <extensions>
          <ns3:TrackPointExtension>
            <ns3:atemp>19.0</ns3:atemp>
          </ns3:TrackPointExtension>
        </extensions>
      </trkpt>
      <trkpt lat="51.840408481657505" lon="0.7054193783551455">
        <ele>22.799999237060547</ele>
        <time>2024-09-14T09:41:22Z</time>
        <extensions>
          <ns3:TrackPointExtension>
            <ns3:atemp>19.0</ns3:atemp>
          </ns3:TrackPointExtension>
        </extensions>
      </trkpt>
      <trkpt lat="51.84012131765485" lon="0.7055893633514643">
        <ele>23.399999618530273</ele>
        <time>2024-09-14T09:42:29Z</time>
        <extensions>
          <ns3:TrackPointExtension>
            <ns3:atemp>20.0</ns3:atemp>
          </ns3:TrackPointExtension>
        </extensions>
      </trkpt>
      <trkpt lat="51.8400789052248" lon="0.7055635470896959">
        <ele>23.399999618530273</ele>
        <time>2024-09-14T09:42:31Z</time>
        <extensions>
          <ns3:TrackPointExtension>
            <ns3:atemp>20.0</ns3:atemp>
          </ns3:TrackPointExtension>
        </extensions>
      </trkpt>
      <trkpt lat="51.83979635126889" lon="0.7047916576266289">
        <ele>25.200000762939453</ele>
        <time>2024-09-14T09:42:42Z</time>
        <extensions>
          <ns3:TrackPointExtension>
            <ns3:atemp>20.0</ns3:atemp>
          </ns3:TrackPointExtension>
        </extensions>
      </trkpt>
      <trkpt lat="51.83927214704454" lon="0.7036023493856192">
        <ele>28.200000762939453</ele>
        <time>2024-09-14T09:42:55Z</time>
        <extensions>
          <ns3:TrackPointExtension>
            <ns3:atemp>20.0</ns3:atemp>
          </ns3:TrackPointExtension>
        </extensions>
      </trkpt>
      <trkpt lat="51.83898976072669" lon="0.7031580246984959">
        <ele>29.600000381469727</ele>
        <time>2024-09-14T09:43:01Z</time>
        <extensions>
          <ns3:TrackPointExtension>
            <ns3:atemp>20.0</ns3:atemp>
          </ns3:TrackPointExtension>
        </extensions>
      </trkpt>
      <trkpt lat="51.83847041800618" lon="0.7024675235152245">
        <ele>30.600000381469727</ele>
        <time>2024-09-14T09:43:11Z</time>
        <extensions>
          <ns3:TrackPointExtension>
            <ns3:atemp>19.0</ns3:atemp>
          </ns3:TrackPointExtension>
        </extensions>
      </trkpt>
      <trkpt lat="51.83694784529507" lon="0.7006236724555492">
        <ele>30.799999237060547</ele>
        <time>2024-09-14T09:43:38Z</time>
        <extensions>
          <ns3:TrackPointExtension>
            <ns3:atemp>19.0</ns3:atemp>
          </ns3:TrackPointExtension>
        </extensions>
      </trkpt>
      <trkpt lat="51.83532443828881" lon="0.698817539960146">
        <ele>27.0</ele>
        <time>2024-09-14T09:44:04Z</time>
        <extensions>
          <ns3:TrackPointExtension>
            <ns3:atemp>19.0</ns3:atemp>
          </ns3:TrackPointExtension>
        </extensions>
      </trkpt>
      <trkpt lat="51.83502889238298" lon="0.6985271070152521">
        <ele>26.0</ele>
        <time>2024-09-14T09:44:08Z</time>
        <extensions>
          <ns3:TrackPointExtension>
            <ns3:atemp>19.0</ns3:atemp>
          </ns3:TrackPointExtension>
        </extensions>
      </trkpt>
      <trkpt lat="51.8342178594321" lon="0.6979058403521776">
        <ele>25.399999618530273</ele>
        <time>2024-09-14T09:45:09Z</time>
        <extensions>
          <ns3:TrackPointExtension>
            <ns3:atemp>19.0</ns3:atemp>
          </ns3:TrackPointExtension>
        </extensions>
      </trkpt>
      <trkpt lat="51.83357764966786" lon="0.6971601024270058">
        <ele>26.799999237060547</ele>
        <time>2024-09-14T09:45:22Z</time>
        <extensions>
          <ns3:TrackPointExtension>
            <ns3:atemp>19.0</ns3:atemp>
          </ns3:TrackPointExtension>
        </extensions>
      </trkpt>
      <trkpt lat="51.8334392644465" lon="0.6970745231956244">
        <ele>27.200000762939453</ele>
        <time>2024-09-14T09:45:25Z</time>
        <extensions>
          <ns3:TrackPointExtension>
            <ns3:atemp>19.0</ns3:atemp>
          </ns3:TrackPointExtension>
        </extensions>
      </trkpt>
      <trkpt lat="51.83329517953098" lon="0.6970592681318521">
        <ele>27.200000762939453</ele>
        <time>2024-09-14T09:45:29Z</time>
        <extensions>
          <ns3:TrackPointExtension>
            <ns3:atemp>19.0</ns3:atemp>
          </ns3:TrackPointExtension>
        </extensions>
      </trkpt>
      <trkpt lat="51.83307691477239" lon="0.6971736811101437">
        <ele>27.399999618530273</ele>
        <time>2024-09-14T09:45:34Z</time>
        <extensions>
          <ns3:TrackPointExtension>
            <ns3:atemp>19.0</ns3:atemp>
          </ns3:TrackPointExtension>
        </extensions>
      </trkpt>
      <trkpt lat="51.832196563482285" lon="0.6982382666319609">
        <ele>25.200000762939453</ele>
        <time>2024-09-14T09:45:51Z</time>
        <extensions>
          <ns3:TrackPointExtension>
            <ns3:atemp>19.0</ns3:atemp>
          </ns3:TrackPointExtension>
        </extensions>
      </trkpt>
      <trkpt lat="51.83173027820885" lon="0.6986662466078997">
        <ele>24.0</ele>
        <time>2024-09-14T09:45:58Z</time>
        <extensions>
          <ns3:TrackPointExtension>
            <ns3:atemp>19.0</ns3:atemp>
          </ns3:TrackPointExtension>
        </extensions>
      </trkpt>
      <trkpt lat="51.83152726851404" lon="0.6987910531461239">
        <ele>23.799999237060547</ele>
        <time>2024-09-14T09:46:01Z</time>
        <extensions>
          <ns3:TrackPointExtension>
            <ns3:atemp>19.0</ns3:atemp>
          </ns3:TrackPointExtension>
        </extensions>
      </trkpt>
      <trkpt lat="51.831297017633915" lon="0.6988353934139013">
        <ele>23.200000762939453</ele>
        <time>2024-09-14T09:46:04Z</time>
        <extensions>
          <ns3:TrackPointExtension>
            <ns3:atemp>19.0</ns3:atemp>
          </ns3:TrackPointExtension>
        </extensions>
      </trkpt>
      <trkpt lat="51.83093961328268" lon="0.6987876165658236">
        <ele>22.799999237060547</ele>
        <time>2024-09-14T09:46:09Z</time>
        <extensions>
          <ns3:TrackPointExtension>
            <ns3:atemp>19.0</ns3:atemp>
          </ns3:TrackPointExtension>
        </extensions>
      </trkpt>
      <trkpt lat="51.83074322529137" lon="0.6988344714045525">
        <ele>22.799999237060547</ele>
        <time>2024-09-14T09:46:12Z</time>
        <extensions>
          <ns3:TrackPointExtension>
            <ns3:atemp>19.0</ns3:atemp>
          </ns3:TrackPointExtension>
        </extensions>
      </trkpt>
      <trkpt lat="51.83061456307769" lon="0.69891057908535">
        <ele>22.600000381469727</ele>
        <time>2024-09-14T09:46:14Z</time>
        <extensions>
          <ns3:TrackPointExtension>
            <ns3:atemp>19.0</ns3:atemp>
          </ns3:TrackPointExtension>
        </extensions>
      </trkpt>
      <trkpt lat="51.83046519756317" lon="0.6991889420896769">
        <ele>22.399999618530273</ele>
        <time>2024-09-14T09:46:18Z</time>
        <extensions>
          <ns3:TrackPointExtension>
            <ns3:atemp>19.0</ns3:atemp>
          </ns3:TrackPointExtension>
        </extensions>
      </trkpt>
      <trkpt lat="51.83035229332745" lon="0.6992495432496071">
        <ele>22.200000762939453</ele>
        <time>2024-09-14T09:46:20Z</time>
        <extensions>
          <ns3:TrackPointExtension>
            <ns3:atemp>19.0</ns3:atemp>
          </ns3:TrackPointExtension>
        </extensions>
      </trkpt>
      <trkpt lat="51.830092035233974" lon="0.699126161634922">
        <ele>21.399999618530273</ele>
        <time>2024-09-14T09:46:24Z</time>
        <extensions>
          <ns3:TrackPointExtension>
            <ns3:atemp>19.0</ns3:atemp>
          </ns3:TrackPointExtension>
        </extensions>
      </trkpt>
      <trkpt lat="51.829282427206635" lon="0.6984612252563238">
        <ele>22.200000762939453</ele>
        <time>2024-09-14T09:46:37Z</time>
        <extensions>
          <ns3:TrackPointExtension>
            <ns3:atemp>19.0</ns3:atemp>
          </ns3:TrackPointExtension>
        </extensions>
      </trkpt>
      <trkpt lat="51.8290822673589" lon="0.6983871292322874">
        <ele>23.0</ele>
        <time>2024-09-14T09:46:40Z</time>
        <extensions>
          <ns3:TrackPointExtension>
            <ns3:atemp>19.0</ns3:atemp>
          </ns3:TrackPointExtension>
        </extensions>
      </trkpt>
      <trkpt lat="51.82889468036592" lon="0.6984095927327871">
        <ele>23.799999237060547</ele>
        <time>2024-09-14T09:46:43Z</time>
        <extensions>
          <ns3:TrackPointExtension>
            <ns3:atemp>19.0</ns3:atemp>
          </ns3:TrackPointExtension>
        </extensions>
      </trkpt>
      <trkpt lat="51.82861774228513" lon="0.6985721178352833">
        <ele>24.600000381469727</ele>
        <time>2024-09-14T09:46:47Z</time>
        <extensions>
          <ns3:TrackPointExtension>
            <ns3:atemp>19.0</ns3:atemp>
          </ns3:TrackPointExtension>
        </extensions>
      </trkpt>
      <trkpt lat="51.828212309628725" lon="0.6990896165370941">
        <ele>26.799999237060547</ele>
        <time>2024-09-14T09:46:54Z</time>
        <extensions>
          <ns3:TrackPointExtension>
            <ns3:atemp>19.0</ns3:atemp>
          </ns3:TrackPointExtension>
        </extensions>
      </trkpt>
      <trkpt lat="51.82792916893959" lon="0.6993676442652941">
        <ele>28.0</ele>
        <time>2024-09-14T09:46:59Z</time>
        <extensions>
          <ns3:TrackPointExtension>
            <ns3:atemp>19.0</ns3:atemp>
          </ns3:TrackPointExtension>
        </extensions>
      </trkpt>
      <trkpt lat="51.82716163806617" lon="0.6997714005410671">
        <ele>30.799999237060547</ele>
        <time>2024-09-14T09:47:15Z</time>
        <extensions>
          <ns3:TrackPointExtension>
            <ns3:atemp>19.0</ns3:atemp>
          </ns3:TrackPointExtension>
        </extensions>
      </trkpt>
      <trkpt lat="51.827124170958996" lon="0.699979942291975">
        <ele>30.200000762939453</ele>
        <time>2024-09-14T09:47:47Z</time>
        <extensions>
          <ns3:TrackPointExtension>
            <ns3:atemp>19.0</ns3:atemp>
          </ns3:TrackPointExtension>
        </extensions>
      </trkpt>
      <trkpt lat="51.827566316351295" lon="0.7021299842745066">
        <ele>29.200000762939453</ele>
        <time>2024-09-14T09:48:11Z</time>
        <extensions>
          <ns3:TrackPointExtension>
            <ns3:atemp>19.0</ns3:atemp>
          </ns3:TrackPointExtension>
        </extensions>
      </trkpt>
      <trkpt lat="51.82768106460571" lon="0.7028243411332369">
        <ele>28.0</ele>
        <time>2024-09-14T09:48:16Z</time>
        <extensions>
          <ns3:TrackPointExtension>
            <ns3:atemp>19.0</ns3:atemp>
          </ns3:TrackPointExtension>
        </extensions>
      </trkpt>
      <trkpt lat="51.82767787948251" lon="0.7033901195973158">
        <ele>27.200000762939453</ele>
        <time>2024-09-14T09:48:20Z</time>
        <extensions>
          <ns3:TrackPointExtension>
            <ns3:atemp>19.0</ns3:atemp>
          </ns3:TrackPointExtension>
        </extensions>
      </trkpt>
      <trkpt lat="51.82755139656365" lon="0.7039103005081415">
        <ele>27.0</ele>
        <time>2024-09-14T09:48:24Z</time>
        <extensions>
          <ns3:TrackPointExtension>
            <ns3:atemp>19.0</ns3:atemp>
          </ns3:TrackPointExtension>
        </extensions>
      </trkpt>
      <trkpt lat="51.82738618925214" lon="0.7042300701141357">
        <ele>27.0</ele>
        <time>2024-09-14T09:48:27Z</time>
        <extensions>
          <ns3:TrackPointExtension>
            <ns3:atemp>19.0</ns3:atemp>
          </ns3:TrackPointExtension>
        </extensions>
      </trkpt>
      <trkpt lat="51.827185694128275" lon="0.7044692896306515">
        <ele>27.0</ele>
        <time>2024-09-14T09:48:30Z</time>
        <extensions>
          <ns3:TrackPointExtension>
            <ns3:atemp>19.0</ns3:atemp>
          </ns3:TrackPointExtension>
        </extensions>
      </trkpt>
      <trkpt lat="51.826399974524975" lon="0.7049243431538343">
        <ele>29.200000762939453</ele>
        <time>2024-09-14T09:48:42Z</time>
        <extensions>
          <ns3:TrackPointExtension>
            <ns3:atemp>19.0</ns3:atemp>
          </ns3:TrackPointExtension>
        </extensions>
      </trkpt>
      <trkpt lat="51.826106691733" lon="0.7051659934222698">
        <ele>30.200000762939453</ele>
        <time>2024-09-14T09:48:47Z</time>
        <extensions>
          <ns3:TrackPointExtension>
            <ns3:atemp>19.0</ns3:atemp>
          </ns3:TrackPointExtension>
        </extensions>
      </trkpt>
      <trkpt lat="51.82585339061916" lon="0.7054619584232569">
        <ele>31.399999618530273</ele>
        <time>2024-09-14T09:48:52Z</time>
        <extensions>
          <ns3:TrackPointExtension>
            <ns3:atemp>19.0</ns3:atemp>
          </ns3:TrackPointExtension>
        </extensions>
      </trkpt>
      <trkpt lat="51.824856866151094" lon="0.7074571028351784">
        <ele>36.0</ele>
        <time>2024-09-14T09:49:18Z</time>
        <extensions>
          <ns3:TrackPointExtension>
            <ns3:atemp>19.0</ns3:atemp>
          </ns3:TrackPointExtension>
        </extensions>
      </trkpt>
      <trkpt lat="51.824602810665965" lon="0.7080409862101078">
        <ele>38.0</ele>
        <time>2024-09-14T09:49:26Z</time>
        <extensions>
          <ns3:TrackPointExtension>
            <ns3:atemp>19.0</ns3:atemp>
          </ns3:TrackPointExtension>
        </extensions>
      </trkpt>
      <trkpt lat="51.82435336522758" lon="0.7087754085659981">
        <ele>39.79999923706055</ele>
        <time>2024-09-14T09:49:35Z</time>
        <extensions>
          <ns3:TrackPointExtension>
            <ns3:atemp>19.0</ns3:atemp>
          </ns3:TrackPointExtension>
        </extensions>
      </trkpt>
      <trkpt lat="51.823582565411925" lon="0.7103070337325335">
        <ele>41.599998474121094</ele>
        <time>2024-09-14T09:49:56Z</time>
        <extensions>
          <ns3:TrackPointExtension>
            <ns3:atemp>19.0</ns3:atemp>
          </ns3:TrackPointExtension>
        </extensions>
      </trkpt>
      <trkpt lat="51.823402270674706" lon="0.7105020806193352">
        <ele>42.0</ele>
        <time>2024-09-14T09:50:00Z</time>
        <extensions>
          <ns3:TrackPointExtension>
            <ns3:atemp>19.0</ns3:atemp>
          </ns3:TrackPointExtension>
        </extensions>
      </trkpt>
      <trkpt lat="51.822956185787916" lon="0.7107528671622276">
        <ele>43.0</ele>
        <time>2024-09-14T09:50:08Z</time>
        <extensions>
          <ns3:TrackPointExtension>
            <ns3:atemp>19.0</ns3:atemp>
          </ns3:TrackPointExtension>
        </extensions>
      </trkpt>
      <trkpt lat="51.822632644325495" lon="0.7110816892236471">
        <ele>43.20000076293945</ele>
        <time>2024-09-14T09:50:14Z</time>
        <extensions>
          <ns3:TrackPointExtension>
            <ns3:atemp>19.0</ns3:atemp>
          </ns3:TrackPointExtension>
        </extensions>
      </trkpt>
      <trkpt lat="51.822326704859734" lon="0.7114791590720415">
        <ele>43.20000076293945</ele>
        <time>2024-09-14T09:50:20Z</time>
        <extensions>
          <ns3:TrackPointExtension>
            <ns3:atemp>19.0</ns3:atemp>
          </ns3:TrackPointExtension>
        </extensions>
      </trkpt>
      <trkpt lat="51.82170594111085" lon="0.7124102208763361">
        <ele>44.20000076293945</ele>
        <time>2024-09-14T09:50:34Z</time>
        <extensions>
          <ns3:TrackPointExtension>
            <ns3:atemp>19.0</ns3:atemp>
          </ns3:TrackPointExtension>
        </extensions>
      </trkpt>
      <trkpt lat="51.820838833227754" lon="0.7138337194919586">
        <ele>50.0</ele>
        <time>2024-09-14T09:50:59Z</time>
        <extensions>
          <ns3:TrackPointExtension>
            <ns3:atemp>19.0</ns3:atemp>
          </ns3:TrackPointExtension>
        </extensions>
      </trkpt>
      <trkpt lat="51.82066658511758" lon="0.7141539081931114">
        <ele>51.20000076293945</ele>
        <time>2024-09-14T09:51:04Z</time>
        <extensions>
          <ns3:TrackPointExtension>
            <ns3:atemp>19.0</ns3:atemp>
          </ns3:TrackPointExtension>
        </extensions>
      </trkpt>
      <trkpt lat="51.82050045579672" lon="0.7145590893924236">
        <ele>52.20000076293945</ele>
        <time>2024-09-14T09:51:10Z</time>
        <extensions>
          <ns3:TrackPointExtension>
            <ns3:atemp>19.0</ns3:atemp>
          </ns3:TrackPointExtension>
        </extensions>
      </trkpt>
      <trkpt lat="51.820307336747646" lon="0.7154411170631647">
        <ele>54.599998474121094</ele>
        <time>2024-09-14T09:51:22Z</time>
        <extensions>
          <ns3:TrackPointExtension>
            <ns3:atemp>19.0</ns3:atemp>
          </ns3:TrackPointExtension>
        </extensions>
      </trkpt>
      <trkpt lat="51.82016719132662" lon="0.7158903870731592">
        <ele>56.400001525878906</ele>
        <time>2024-09-14T09:51:29Z</time>
        <extensions>
          <ns3:TrackPointExtension>
            <ns3:atemp>19.0</ns3:atemp>
          </ns3:TrackPointExtension>
        </extensions>
      </trkpt>
      <trkpt lat="51.82014137506485" lon="0.7161689177155495">
        <ele>56.599998474121094</ele>
        <time>2024-09-14T09:51:32Z</time>
        <extensions>
          <ns3:TrackPointExtension>
            <ns3:atemp>19.0</ns3:atemp>
          </ns3:TrackPointExtension>
        </extensions>
      </trkpt>
      <trkpt lat="51.82019669562578" lon="0.716336639598012">
        <ele>56.79999923706055</ele>
        <time>2024-09-14T09:51:34Z</time>
        <extensions>
          <ns3:TrackPointExtension>
            <ns3:atemp>19.0</ns3:atemp>
          </ns3:TrackPointExtension>
        </extensions>
      </trkpt>
      <trkpt lat="51.82055954821408" lon="0.7171140611171722">
        <ele>58.0</ele>
        <time>2024-09-14T09:51:46Z</time>
        <extensions>
          <ns3:TrackPointExtension>
            <ns3:atemp>18.0</ns3:atemp>
          </ns3:TrackPointExtension>
        </extensions>
      </trkpt>
      <trkpt lat="51.82107461616397" lon="0.7179276924580336">
        <ele>58.599998474121094</ele>
        <time>2024-09-14T09:51:58Z</time>
        <extensions>
          <ns3:TrackPointExtension>
            <ns3:atemp>18.0</ns3:atemp>
          </ns3:TrackPointExtension>
        </extensions>
      </trkpt>
      <trkpt lat="51.821136055514216" lon="0.7181229069828987">
        <ele>58.599998474121094</ele>
        <time>2024-09-14T09:52:00Z</time>
        <extensions>
          <ns3:TrackPointExtension>
            <ns3:atemp>18.0</ns3:atemp>
          </ns3:TrackPointExtension>
        </extensions>
      </trkpt>
      <trkpt lat="51.82113639079034" lon="0.718220891430974">
        <ele>58.599998474121094</ele>
        <time>2024-09-14T09:52:01Z</time>
        <extensions>
          <ns3:TrackPointExtension>
            <ns3:atemp>18.0</ns3:atemp>
          </ns3:TrackPointExtension>
        </extensions>
      </trkpt>
      <trkpt lat="51.82105232030153" lon="0.7184446882456541">
        <ele>58.599998474121094</ele>
        <time>2024-09-14T09:52:04Z</time>
        <extensions>
          <ns3:TrackPointExtension>
            <ns3:atemp>18.0</ns3:atemp>
          </ns3:TrackPointExtension>
        </extensions>
      </trkpt>
      <trkpt lat="51.820242796093225" lon="0.7196352537721395">
        <ele>62.79999923706055</ele>
        <time>2024-09-14T09:52:25Z</time>
        <extensions>
          <ns3:TrackPointExtension>
            <ns3:atemp>18.0</ns3:atemp>
          </ns3:TrackPointExtension>
        </extensions>
      </trkpt>
      <trkpt lat="51.819706689566374" lon="0.7203538343310356">
        <ele>63.20000076293945</ele>
        <time>2024-09-14T09:52:36Z</time>
        <extensions>
          <ns3:TrackPointExtension>
            <ns3:atemp>18.0</ns3:atemp>
          </ns3:TrackPointExtension>
        </extensions>
      </trkpt>
      <trkpt lat="51.819320786744356" lon="0.7210662122815847">
        <ele>63.79999923706055</ele>
        <time>2024-09-14T09:52:46Z</time>
        <extensions>
          <ns3:TrackPointExtension>
            <ns3:atemp>18.0</ns3:atemp>
          </ns3:TrackPointExtension>
        </extensions>
      </trkpt>
      <trkpt lat="51.819282062351704" lon="0.7213133107870817">
        <ele>64.80000305175781</ele>
        <time>2024-09-14T09:52:49Z</time>
        <extensions>
          <ns3:TrackPointExtension>
            <ns3:atemp>18.0</ns3:atemp>
          </ns3:TrackPointExtension>
        </extensions>
      </trkpt>
      <trkpt lat="51.81960099376738" lon="0.7223211508244276">
        <ele>67.80000305175781</ele>
        <time>2024-09-14T09:53:03Z</time>
        <extensions>
          <ns3:TrackPointExtension>
            <ns3:atemp>18.0</ns3:atemp>
          </ns3:TrackPointExtension>
        </extensions>
      </trkpt>
      <trkpt lat="51.820073649287224" lon="0.7234278973191977">
        <ele>69.5999984741211</ele>
        <time>2024-09-14T09:53:18Z</time>
        <extensions>
          <ns3:TrackPointExtension>
            <ns3:atemp>18.0</ns3:atemp>
          </ns3:TrackPointExtension>
        </extensions>
      </trkpt>
      <trkpt lat="51.82034010998905" lon="0.7244309596717358">
        <ele>69.4000015258789</ele>
        <time>2024-09-14T09:53:29Z</time>
        <extensions>
          <ns3:TrackPointExtension>
            <ns3:atemp>18.0</ns3:atemp>
          </ns3:TrackPointExtension>
        </extensions>
      </trkpt>
      <trkpt lat="51.82062819600105" lon="0.7252494525164366">
        <ele>69.80000305175781</ele>
        <time>2024-09-14T09:53:39Z</time>
        <extensions>
          <ns3:TrackPointExtension>
            <ns3:atemp>18.0</ns3:atemp>
          </ns3:TrackPointExtension>
        </extensions>
      </trkpt>
      <trkpt lat="51.82069885544479" lon="0.725605683401227">
        <ele>70.19999694824219</ele>
        <time>2024-09-14T09:53:44Z</time>
        <extensions>
          <ns3:TrackPointExtension>
            <ns3:atemp>18.0</ns3:atemp>
          </ns3:TrackPointExtension>
        </extensions>
      </trkpt>
      <trkpt lat="51.82079306803644" lon="0.7264779880642891">
        <ele>70.80000305175781</ele>
        <time>2024-09-14T09:55:20Z</time>
        <extensions>
          <ns3:TrackPointExtension>
            <ns3:atemp>19.0</ns3:atemp>
          </ns3:TrackPointExtension>
        </extensions>
      </trkpt>
      <trkpt lat="51.8207464646548" lon="0.7265757210552692">
        <ele>70.80000305175781</ele>
        <time>2024-09-14T09:56:04Z</time>
        <extensions>
          <ns3:TrackPointExtension>
            <ns3:atemp>20.0</ns3:atemp>
          </ns3:TrackPointExtension>
        </extensions>
      </trkpt>
      <trkpt lat="51.82053674943745" lon="0.7265865337103605">
        <ele>70.80000305175781</ele>
        <time>2024-09-14T09:56:10Z</time>
        <extensions>
          <ns3:TrackPointExtension>
            <ns3:atemp>21.0</ns3:atemp>
          </ns3:TrackPointExtension>
        </extensions>
      </trkpt>
      <trkpt lat="51.819976503029466" lon="0.7267764676362276">
        <ele>70.80000305175781</ele>
        <time>2024-09-14T09:56:20Z</time>
        <extensions>
          <ns3:TrackPointExtension>
            <ns3:atemp>21.0</ns3:atemp>
          </ns3:TrackPointExtension>
        </extensions>
      </trkpt>
      <trkpt lat="51.81929597631097" lon="0.7273069582879543">
        <ele>67.4000015258789</ele>
        <time>2024-09-14T09:56:28Z</time>
        <extensions>
          <ns3:TrackPointExtension>
            <ns3:atemp>21.0</ns3:atemp>
          </ns3:TrackPointExtension>
        </extensions>
      </trkpt>
      <trkpt lat="51.818902445957065" lon="0.727694621309638">
        <ele>63.400001525878906</ele>
        <time>2024-09-14T09:56:32Z</time>
        <extensions>
          <ns3:TrackPointExtension>
            <ns3:atemp>21.0</ns3:atemp>
          </ns3:TrackPointExtension>
        </extensions>
      </trkpt>
      <trkpt lat="51.81847061030567" lon="0.728229470551014">
        <ele>59.79999923706055</ele>
        <time>2024-09-14T09:56:37Z</time>
        <extensions>
          <ns3:TrackPointExtension>
            <ns3:atemp>21.0</ns3:atemp>
          </ns3:TrackPointExtension>
        </extensions>
      </trkpt>
      <trkpt lat="51.81781196035445" lon="0.7288963347673416">
        <ele>59.20000076293945</ele>
        <time>2024-09-14T09:56:44Z</time>
        <extensions>
          <ns3:TrackPointExtension>
            <ns3:atemp>21.0</ns3:atemp>
          </ns3:TrackPointExtension>
        </extensions>
      </trkpt>
      <trkpt lat="51.81680127047002" lon="0.7296658772975206">
        <ele>71.5999984741211</ele>
        <time>2024-09-14T09:57:06Z</time>
        <extensions>
          <ns3:TrackPointExtension>
            <ns3:atemp>20.0</ns3:atemp>
          </ns3:TrackPointExtension>
        </extensions>
      </trkpt>
      <trkpt lat="51.81660764850676" lon="0.7298518717288971">
        <ele>71.4000015258789</ele>
        <time>2024-09-14T09:57:12Z</time>
        <extensions>
          <ns3:TrackPointExtension>
            <ns3:atemp>20.0</ns3:atemp>
          </ns3:TrackPointExtension>
        </extensions>
      </trkpt>
      <trkpt lat="51.816521063447" lon="0.7300130557268858">
        <ele>71.4000015258789</ele>
        <time>2024-09-14T09:57:17Z</time>
        <extensions>
          <ns3:TrackPointExtension>
            <ns3:atemp>20.0</ns3:atemp>
          </ns3:TrackPointExtension>
        </extensions>
      </trkpt>
      <trkpt lat="51.81653422303498" lon="0.7301660254597664">
        <ele>71.4000015258789</ele>
        <time>2024-09-14T09:57:20Z</time>
        <extensions>
          <ns3:TrackPointExtension>
            <ns3:atemp>20.0</ns3:atemp>
          </ns3:TrackPointExtension>
        </extensions>
      </trkpt>
      <trkpt lat="51.816601948812604" lon="0.7303611561655998">
        <ele>71.0</ele>
        <time>2024-09-14T09:57:24Z</time>
        <extensions>
          <ns3:TrackPointExtension>
            <ns3:atemp>20.0</ns3:atemp>
          </ns3:TrackPointExtension>
        </extensions>
      </trkpt>
      <trkpt lat="51.81700235232711" lon="0.7312047109007835">
        <ele>71.0</ele>
        <time>2024-09-14T09:57:39Z</time>
        <extensions>
          <ns3:TrackPointExtension>
            <ns3:atemp>20.0</ns3:atemp>
          </ns3:TrackPointExtension>
        </extensions>
      </trkpt>
      <trkpt lat="51.81714283302426" lon="0.7315816450864077">
        <ele>71.0</ele>
        <time>2024-09-14T09:57:44Z</time>
        <extensions>
          <ns3:TrackPointExtension>
            <ns3:atemp>20.0</ns3:atemp>
          </ns3:TrackPointExtension>
        </extensions>
      </trkpt>
      <trkpt lat="51.817281134426594" lon="0.7322972919791937">
        <ele>70.80000305175781</ele>
        <time>2024-09-14T09:57:53Z</time>
        <extensions>
          <ns3:TrackPointExtension>
            <ns3:atemp>20.0</ns3:atemp>
          </ns3:TrackPointExtension>
        </extensions>
      </trkpt>
      <trkpt lat="51.81733360514045" lon="0.7333858497440815">
        <ele>71.0</ele>
        <time>2024-09-14T09:58:06Z</time>
        <extensions>
          <ns3:TrackPointExtension>
            <ns3:atemp>20.0</ns3:atemp>
          </ns3:TrackPointExtension>
        </extensions>
      </trkpt>
      <trkpt lat="51.817321199923754" lon="0.734773725271225">
        <ele>70.0</ele>
        <time>2024-09-14T09:58:20Z</time>
        <extensions>
          <ns3:TrackPointExtension>
            <ns3:atemp>20.0</ns3:atemp>
          </ns3:TrackPointExtension>
        </extensions>
      </trkpt>
      <trkpt lat="51.81723855435848" lon="0.7360652927309275">
        <ele>68.5999984741211</ele>
        <time>2024-09-14T09:58:32Z</time>
        <extensions>
          <ns3:TrackPointExtension>
            <ns3:atemp>20.0</ns3:atemp>
          </ns3:TrackPointExtension>
        </extensions>
      </trkpt>
      <trkpt lat="51.81726965121925" lon="0.7365319970995188">
        <ele>68.19999694824219</ele>
        <time>2024-09-14T09:58:36Z</time>
        <extensions>
          <ns3:TrackPointExtension>
            <ns3:atemp>20.0</ns3:atemp>
          </ns3:TrackPointExtension>
        </extensions>
      </trkpt>
      <trkpt lat="51.81731231510639" lon="0.7367529440671206">
        <ele>67.80000305175781</ele>
        <time>2024-09-14T09:58:38Z</time>
        <extensions>
          <ns3:TrackPointExtension>
            <ns3:atemp>20.0</ns3:atemp>
          </ns3:TrackPointExtension>
        </extensions>
      </trkpt>
      <trkpt lat="51.817700983956456" lon="0.7379913702607155">
        <ele>67.19999694824219</ele>
        <time>2024-09-14T09:58:50Z</time>
        <extensions>
          <ns3:TrackPointExtension>
            <ns3:atemp>20.0</ns3:atemp>
          </ns3:TrackPointExtension>
        </extensions>
      </trkpt>
      <trkpt lat="51.81789116933942" lon="0.7382769417017698">
        <ele>67.19999694824219</ele>
        <time>2024-09-14T09:58:54Z</time>
        <extensions>
          <ns3:TrackPointExtension>
            <ns3:atemp>20.0</ns3:atemp>
          </ns3:TrackPointExtension>
        </extensions>
      </trkpt>
      <trkpt lat="51.8179577216506" lon="0.7387026585638523">
        <ele>67.0</ele>
        <time>2024-09-14T09:58:58Z</time>
        <extensions>
          <ns3:TrackPointExtension>
            <ns3:atemp>20.0</ns3:atemp>
          </ns3:TrackPointExtension>
        </extensions>
      </trkpt>
      <trkpt lat="51.818372793495655" lon="0.7400860916823149">
        <ele>65.80000305175781</ele>
        <time>2024-09-14T09:59:11Z</time>
        <extensions>
          <ns3:TrackPointExtension>
            <ns3:atemp>20.0</ns3:atemp>
          </ns3:TrackPointExtension>
        </extensions>
      </trkpt>
      <trkpt lat="51.818451499566436" lon="0.7407664507627487">
        <ele>65.19999694824219</ele>
        <time>2024-09-14T09:59:19Z</time>
        <extensions>
          <ns3:TrackPointExtension>
            <ns3:atemp>20.0</ns3:atemp>
          </ns3:TrackPointExtension>
        </extensions>
      </trkpt>
      <trkpt lat="51.81848050095141" lon="0.7408358529210091">
        <ele>65.19999694824219</ele>
        <time>2024-09-14T09:59:20Z</time>
        <extensions>
          <ns3:TrackPointExtension>
            <ns3:atemp>20.0</ns3:atemp>
          </ns3:TrackPointExtension>
        </extensions>
      </trkpt>
      <trkpt lat="51.81859382428229" lon="0.7408963702619076">
        <ele>65.19999694824219</ele>
        <time>2024-09-14T09:59:22Z</time>
        <extensions>
          <ns3:TrackPointExtension>
            <ns3:atemp>20.0</ns3:atemp>
          </ns3:TrackPointExtension>
        </extensions>
      </trkpt>
      <trkpt lat="51.81917837820947" lon="0.7409679517149925">
        <ele>65.80000305175781</ele>
        <time>2024-09-14T09:59:36Z</time>
        <extensions>
          <ns3:TrackPointExtension>
            <ns3:atemp>20.0</ns3:atemp>
          </ns3:TrackPointExtension>
        </extensions>
      </trkpt>
      <trkpt lat="51.81922405958176" lon="0.7410055864602327">
        <ele>65.80000305175781</ele>
        <time>2024-09-14T09:59:52Z</time>
        <extensions>
          <ns3:TrackPointExtension>
            <ns3:atemp>20.0</ns3:atemp>
          </ns3:TrackPointExtension>
        </extensions>
      </trkpt>
      <trkpt lat="51.81923042982817" lon="0.7410707138478756">
        <ele>65.5999984741211</ele>
        <time>2024-09-14T09:59:54Z</time>
        <extensions>
          <ns3:TrackPointExtension>
            <ns3:atemp>20.0</ns3:atemp>
          </ns3:TrackPointExtension>
        </extensions>
      </trkpt>
      <trkpt lat="51.81915482506156" lon="0.7413164712488651">
        <ele>65.4000015258789</ele>
        <time>2024-09-14T09:59:58Z</time>
        <extensions>
          <ns3:TrackPointExtension>
            <ns3:atemp>20.0</ns3:atemp>
          </ns3:TrackPointExtension>
        </extensions>
      </trkpt>
      <trkpt lat="51.81872676126659" lon="0.7423550728708506">
        <ele>65.0</ele>
        <time>2024-09-14T10:00:09Z</time>
        <extensions>
          <ns3:TrackPointExtension>
            <ns3:atemp>20.0</ns3:atemp>
          </ns3:TrackPointExtension>
        </extensions>
      </trkpt>
      <trkpt lat="51.81752823293209" lon="0.7442296016961336">
        <ele>61.599998474121094</ele>
        <time>2024-09-14T10:00:31Z</time>
        <extensions>
          <ns3:TrackPointExtension>
            <ns3:atemp>20.0</ns3:atemp>
          </ns3:TrackPointExtension>
        </extensions>
      </trkpt>
      <trkpt lat="51.81718859821558" lon="0.7446687296032906">
        <ele>60.20000076293945</ele>
        <time>2024-09-14T10:00:40Z</time>
        <extensions>
          <ns3:TrackPointExtension>
            <ns3:atemp>20.0</ns3:atemp>
          </ns3:TrackPointExtension>
        </extensions>
      </trkpt>
      <trkpt lat="51.81713889352977" lon="0.7448305003345013">
        <ele>59.400001525878906</ele>
        <time>2024-09-14T10:00:52Z</time>
        <extensions>
          <ns3:TrackPointExtension>
            <ns3:atemp>20.0</ns3:atemp>
          </ns3:TrackPointExtension>
        </extensions>
      </trkpt>
      <trkpt lat="51.817078376188874" lon="0.7448620162904263">
        <ele>59.400001525878906</ele>
        <time>2024-09-14T10:00:54Z</time>
        <extensions>
          <ns3:TrackPointExtension>
            <ns3:atemp>20.0</ns3:atemp>
          </ns3:TrackPointExtension>
        </extensions>
      </trkpt>
      <trkpt lat="51.8169508036226" lon="0.7448079530149698">
        <ele>59.20000076293945</ele>
        <time>2024-09-14T10:00:57Z</time>
        <extensions>
          <ns3:TrackPointExtension>
            <ns3:atemp>20.0</ns3:atemp>
          </ns3:TrackPointExtension>
        </extensions>
      </trkpt>
      <trkpt lat="51.8168939743191" lon="0.7448330149054527">
        <ele>59.20000076293945</ele>
        <time>2024-09-14T10:00:58Z</time>
        <extensions>
          <ns3:TrackPointExtension>
            <ns3:atemp>20.0</ns3:atemp>
          </ns3:TrackPointExtension>
        </extensions>
      </trkpt>
      <trkpt lat="51.81655207648873" lon="0.7452907506376505">
        <ele>59.0</ele>
        <time>2024-09-14T10:01:05Z</time>
        <extensions>
          <ns3:TrackPointExtension>
            <ns3:atemp>20.0</ns3:atemp>
          </ns3:TrackPointExtension>
        </extensions>
      </trkpt>
      <trkpt lat="51.81591337546706" lon="0.7460002787411213">
        <ele>58.599998474121094</ele>
        <time>2024-09-14T10:01:16Z</time>
        <extensions>
          <ns3:TrackPointExtension>
            <ns3:atemp>21.0</ns3:atemp>
          </ns3:TrackPointExtension>
        </extensions>
      </trkpt>
      <trkpt lat="51.814843928441405" lon="0.7470989786088467">
        <ele>57.0</ele>
        <time>2024-09-14T10:01:33Z</time>
        <extensions>
          <ns3:TrackPointExtension>
            <ns3:atemp>21.0</ns3:atemp>
          </ns3:TrackPointExtension>
        </extensions>
      </trkpt>
      <trkpt lat="51.813944885507226" lon="0.7477875519543886">
        <ele>55.0</ele>
        <time>2024-09-14T10:01:46Z</time>
        <extensions>
          <ns3:TrackPointExtension>
            <ns3:atemp>20.0</ns3:atemp>
          </ns3:TrackPointExtension>
        </extensions>
      </trkpt>
      <trkpt lat="51.81285951286554" lon="0.7488145027309656">
        <ele>52.20000076293945</ele>
        <time>2024-09-14T10:02:02Z</time>
        <extensions>
          <ns3:TrackPointExtension>
            <ns3:atemp>20.0</ns3:atemp>
          </ns3:TrackPointExtension>
        </extensions>
      </trkpt>
      <trkpt lat="51.811918979510665" lon="0.749391932040453">
        <ele>52.0</ele>
        <time>2024-09-14T10:02:16Z</time>
        <extensions>
          <ns3:TrackPointExtension>
            <ns3:atemp>20.0</ns3:atemp>
          </ns3:TrackPointExtension>
        </extensions>
      </trkpt>
      <trkpt lat="51.81123954243958" lon="0.749932061880827">
        <ele>52.599998474121094</ele>
        <time>2024-09-14T10:02:27Z</time>
        <extensions>
          <ns3:TrackPointExtension>
            <ns3:atemp>20.0</ns3:atemp>
          </ns3:TrackPointExtension>
        </extensions>
      </trkpt>
      <trkpt lat="51.809323355555534" lon="0.7519233506172895">
        <ele>53.0</ele>
        <time>2024-09-14T10:03:01Z</time>
        <extensions>
          <ns3:TrackPointExtension>
            <ns3:atemp>20.0</ns3:atemp>
          </ns3:TrackPointExtension>
        </extensions>
      </trkpt>
      <trkpt lat="51.80847108364105" lon="0.7528860960155725">
        <ele>53.0</ele>
        <time>2024-09-14T10:03:16Z</time>
        <extensions>
          <ns3:TrackPointExtension>
            <ns3:atemp>20.0</ns3:atemp>
          </ns3:TrackPointExtension>
        </extensions>
      </trkpt>
      <trkpt lat="51.80814712308347" lon="0.7532906904816628">
        <ele>52.400001525878906</ele>
        <time>2024-09-14T10:03:23Z</time>
        <extensions>
          <ns3:TrackPointExtension>
            <ns3:atemp>20.0</ns3:atemp>
          </ns3:TrackPointExtension>
        </extensions>
      </trkpt>
      <trkpt lat="51.80728688836098" lon="0.7545350678265095">
        <ele>51.599998474121094</ele>
        <time>2024-09-14T10:03:38Z</time>
        <extensions>
          <ns3:TrackPointExtension>
            <ns3:atemp>21.0</ns3:atemp>
          </ns3:TrackPointExtension>
        </extensions>
      </trkpt>
      <trkpt lat="51.80666444823146" lon="0.7558999769389629">
        <ele>50.0</ele>
        <time>2024-09-14T10:03:51Z</time>
        <extensions>
          <ns3:TrackPointExtension>
            <ns3:atemp>20.0</ns3:atemp>
          </ns3:TrackPointExtension>
        </extensions>
      </trkpt>
      <trkpt lat="51.80658247321844" lon="0.7561095245182514">
        <ele>49.599998474121094</ele>
        <time>2024-09-14T10:03:53Z</time>
        <extensions>
          <ns3:TrackPointExtension>
            <ns3:atemp>20.0</ns3:atemp>
          </ns3:TrackPointExtension>
        </extensions>
      </trkpt>
      <trkpt lat="51.80647778324783" lon="0.7565717026591301">
        <ele>48.599998474121094</ele>
        <time>2024-09-14T10:03:57Z</time>
        <extensions>
          <ns3:TrackPointExtension>
            <ns3:atemp>20.0</ns3:atemp>
          </ns3:TrackPointExtension>
        </extensions>
      </trkpt>
      <trkpt lat="51.80598970502615" lon="0.7572092302143574">
        <ele>46.79999923706055</ele>
        <time>2024-09-14T10:04:04Z</time>
        <extensions>
          <ns3:TrackPointExtension>
            <ns3:atemp>20.0</ns3:atemp>
          </ns3:TrackPointExtension>
        </extensions>
      </trkpt>
      <trkpt lat="51.805385956540704" lon="0.7583991251885891">
        <ele>42.20000076293945</ele>
        <time>2024-09-14T10:04:16Z</time>
        <extensions>
          <ns3:TrackPointExtension>
            <ns3:atemp>20.0</ns3:atemp>
          </ns3:TrackPointExtension>
        </extensions>
      </trkpt>
      <trkpt lat="51.80478036403656" lon="0.758582940325141">
        <ele>39.79999923706055</ele>
        <time>2024-09-14T10:04:25Z</time>
        <extensions>
          <ns3:TrackPointExtension>
            <ns3:atemp>21.0</ns3:atemp>
          </ns3:TrackPointExtension>
        </extensions>
      </trkpt>
      <trkpt lat="51.804121462628245" lon="0.7586739677935839">
        <ele>39.20000076293945</ele>
        <time>2024-09-14T10:04:34Z</time>
        <extensions>
          <ns3:TrackPointExtension>
            <ns3:atemp>21.0</ns3:atemp>
          </ns3:TrackPointExtension>
        </extensions>
      </trkpt>
      <trkpt lat="51.80334320291877" lon="0.759085938334465">
        <ele>38.0</ele>
        <time>2024-09-14T10:04:46Z</time>
        <extensions>
          <ns3:TrackPointExtension>
            <ns3:atemp>20.0</ns3:atemp>
          </ns3:TrackPointExtension>
        </extensions>
      </trkpt>
      <trkpt lat="51.80239445529878" lon="0.7593152672052383">
        <ele>38.20000076293945</ele>
        <time>2024-09-14T10:05:00Z</time>
        <extensions>
          <ns3:TrackPointExtension>
            <ns3:atemp>20.0</ns3:atemp>
          </ns3:TrackPointExtension>
        </extensions>
      </trkpt>
      <trkpt lat="51.80177964270115" lon="0.759569825604558">
        <ele>37.400001525878906</ele>
        <time>2024-09-14T10:05:09Z</time>
        <extensions>
          <ns3:TrackPointExtension>
            <ns3:atemp>20.0</ns3:atemp>
          </ns3:TrackPointExtension>
        </extensions>
      </trkpt>
      <trkpt lat="51.80167210288346" lon="0.7595077157020569">
        <ele>38.20000076293945</ele>
        <time>2024-09-14T10:05:11Z</time>
        <extensions>
          <ns3:TrackPointExtension>
            <ns3:atemp>20.0</ns3:atemp>
          </ns3:TrackPointExtension>
        </extensions>
      </trkpt>
      <trkpt lat="51.80155492387712" lon="0.7593219727277756">
        <ele>39.20000076293945</ele>
        <time>2024-09-14T10:05:14Z</time>
        <extensions>
          <ns3:TrackPointExtension>
            <ns3:atemp>20.0</ns3:atemp>
          </ns3:TrackPointExtension>
        </extensions>
      </trkpt>
      <trkpt lat="51.80134587921202" lon="0.7586081698536873">
        <ele>39.79999923706055</ele>
        <time>2024-09-14T10:05:22Z</time>
        <extensions>
          <ns3:TrackPointExtension>
            <ns3:atemp>20.0</ns3:atemp>
          </ns3:TrackPointExtension>
        </extensions>
      </trkpt>
      <trkpt lat="51.80123716592789" lon="0.7580573111772537">
        <ele>39.20000076293945</ele>
        <time>2024-09-14T10:05:27Z</time>
        <extensions>
          <ns3:TrackPointExtension>
            <ns3:atemp>20.0</ns3:atemp>
          </ns3:TrackPointExtension>
        </extensions>
      </trkpt>
      <trkpt lat="51.801090901717544" lon="0.756726348772645">
        <ele>38.0</ele>
        <time>2024-09-14T10:05:38Z</time>
        <extensions>
          <ns3:TrackPointExtension>
            <ns3:atemp>20.0</ns3:atemp>
          </ns3:TrackPointExtension>
        </extensions>
      </trkpt>
      <trkpt lat="51.800971208140254" lon="0.7563009671866894">
        <ele>38.0</ele>
        <time>2024-09-14T10:05:42Z</time>
        <extensions>
          <ns3:TrackPointExtension>
            <ns3:atemp>20.0</ns3:atemp>
          </ns3:TrackPointExtension>
        </extensions>
      </trkpt>
      <trkpt lat="51.80080147460103" lon="0.7559818681329489">
        <ele>38.599998474121094</ele>
        <time>2024-09-14T10:05:46Z</time>
        <extensions>
          <ns3:TrackPointExtension>
            <ns3:atemp>20.0</ns3:atemp>
          </ns3:TrackPointExtension>
        </extensions>
      </trkpt>
      <trkpt lat="51.80034792982042" lon="0.7553862500935793">
        <ele>40.599998474121094</ele>
        <time>2024-09-14T10:05:56Z</time>
        <extensions>
          <ns3:TrackPointExtension>
            <ns3:atemp>20.0</ns3:atemp>
          </ns3:TrackPointExtension>
        </extensions>
      </trkpt>
      <trkpt lat="51.799947610124946" lon="0.7546034641563892">
        <ele>42.20000076293945</ele>
        <time>2024-09-14T10:06:07Z</time>
        <extensions>
          <ns3:TrackPointExtension>
            <ns3:atemp>20.0</ns3:atemp>
          </ns3:TrackPointExtension>
        </extensions>
      </trkpt>
      <trkpt lat="51.79967310279608" lon="0.7543686870485544">
        <ele>42.79999923706055</ele>
        <time>2024-09-14T10:06:12Z</time>
        <extensions>
          <ns3:TrackPointExtension>
            <ns3:atemp>20.0</ns3:atemp>
          </ns3:TrackPointExtension>
        </extensions>
      </trkpt>
      <trkpt lat="51.79878847673535" lon="0.7542318105697632">
        <ele>44.79999923706055</ele>
        <time>2024-09-14T10:06:26Z</time>
        <extensions>
          <ns3:TrackPointExtension>
            <ns3:atemp>20.0</ns3:atemp>
          </ns3:TrackPointExtension>
        </extensions>
      </trkpt>
      <trkpt lat="51.79826008155942" lon="0.754242455586791">
        <ele>45.79999923706055</ele>
        <time>2024-09-14T10:06:34Z</time>
        <extensions>
          <ns3:TrackPointExtension>
            <ns3:atemp>20.0</ns3:atemp>
          </ns3:TrackPointExtension>
        </extensions>
      </trkpt>
      <trkpt lat="51.79772808216512" lon="0.7543277833610773">
        <ele>47.400001525878906</ele>
        <time>2024-09-14T10:06:42Z</time>
        <extensions>
          <ns3:TrackPointExtension>
            <ns3:atemp>20.0</ns3:atemp>
          </ns3:TrackPointExtension>
        </extensions>
      </trkpt>
      <trkpt lat="51.79683758877218" lon="0.7547211460769176">
        <ele>48.79999923706055</ele>
        <time>2024-09-14T10:06:56Z</time>
        <extensions>
          <ns3:TrackPointExtension>
            <ns3:atemp>20.0</ns3:atemp>
          </ns3:TrackPointExtension>
        </extensions>
      </trkpt>
      <trkpt lat="51.79522457532585" lon="0.7553417421877384">
        <ele>48.599998474121094</ele>
        <time>2024-09-14T10:07:18Z</time>
        <extensions>
          <ns3:TrackPointExtension>
            <ns3:atemp>20.0</ns3:atemp>
          </ns3:TrackPointExtension>
        </extensions>
      </trkpt>
      <trkpt lat="51.79251529276371" lon="0.7562935911118984">
        <ele>51.400001525878906</ele>
        <time>2024-09-14T10:07:57Z</time>
        <extensions>
          <ns3:TrackPointExtension>
            <ns3:atemp>20.0</ns3:atemp>
          </ns3:TrackPointExtension>
        </extensions>
      </trkpt>
      <trkpt lat="51.79240649566054" lon="0.7562350016087294">
        <ele>51.400001525878906</ele>
        <time>2024-09-14T10:07:59Z</time>
        <extensions>
          <ns3:TrackPointExtension>
            <ns3:atemp>20.0</ns3:atemp>
          </ns3:TrackPointExtension>
        </extensions>
      </trkpt>
      <trkpt lat="51.792145650833845" lon="0.7554249744862318">
        <ele>51.599998474121094</ele>
        <time>2024-09-14T10:08:07Z</time>
        <extensions>
          <ns3:TrackPointExtension>
            <ns3:atemp>20.0</ns3:atemp>
          </ns3:TrackPointExtension>
        </extensions>
      </trkpt>
      <trkpt lat="51.79147652350366" lon="0.7540703751146793">
        <ele>52.0</ele>
        <time>2024-09-14T10:08:21Z</time>
        <extensions>
          <ns3:TrackPointExtension>
            <ns3:atemp>20.0</ns3:atemp>
          </ns3:TrackPointExtension>
        </extensions>
      </trkpt>
      <trkpt lat="51.79126278497279" lon="0.7537422236055136">
        <ele>52.20000076293945</ele>
        <time>2024-09-14T10:08:25Z</time>
        <extensions>
          <ns3:TrackPointExtension>
            <ns3:atemp>20.0</ns3:atemp>
          </ns3:TrackPointExtension>
        </extensions>
      </trkpt>
      <trkpt lat="51.79093153215945" lon="0.7533815503120422">
        <ele>52.20000076293945</ele>
        <time>2024-09-14T10:08:30Z</time>
        <extensions>
          <ns3:TrackPointExtension>
            <ns3:atemp>20.0</ns3:atemp>
          </ns3:TrackPointExtension>
        </extensions>
      </trkpt>
      <trkpt lat="51.79068594239652" lon="0.7532463502138853">
        <ele>52.20000076293945</ele>
        <time>2024-09-14T10:08:33Z</time>
        <extensions>
          <ns3:TrackPointExtension>
            <ns3:atemp>20.0</ns3:atemp>
          </ns3:TrackPointExtension>
        </extensions>
      </trkpt>
      <trkpt lat="51.790356282144785" lon="0.7532037701457739">
        <ele>51.79999923706055</ele>
        <time>2024-09-14T10:08:37Z</time>
        <extensions>
          <ns3:TrackPointExtension>
            <ns3:atemp>20.0</ns3:atemp>
          </ns3:TrackPointExtension>
        </extensions>
      </trkpt>
      <trkpt lat="51.789465956389904" lon="0.7534792833030224">
        <ele>51.20000076293945</ele>
        <time>2024-09-14T10:08:48Z</time>
        <extensions>
          <ns3:TrackPointExtension>
            <ns3:atemp>20.0</ns3:atemp>
          </ns3:TrackPointExtension>
        </extensions>
      </trkpt>
      <trkpt lat="51.78923553787172" lon="0.7534913532435894">
        <ele>50.79999923706055</ele>
        <time>2024-09-14T10:08:51Z</time>
        <extensions>
          <ns3:TrackPointExtension>
            <ns3:atemp>20.0</ns3:atemp>
          </ns3:TrackPointExtension>
        </extensions>
      </trkpt>
      <trkpt lat="51.78890579380095" lon="0.7533540576696396">
        <ele>50.20000076293945</ele>
        <time>2024-09-14T10:08:55Z</time>
        <extensions>
          <ns3:TrackPointExtension>
            <ns3:atemp>20.0</ns3:atemp>
          </ns3:TrackPointExtension>
        </extensions>
      </trkpt>
      <trkpt lat="51.78849256597459" lon="0.7530360482633114">
        <ele>49.20000076293945</ele>
        <time>2024-09-14T10:09:00Z</time>
        <extensions>
          <ns3:TrackPointExtension>
            <ns3:atemp>20.0</ns3:atemp>
          </ns3:TrackPointExtension>
        </extensions>
      </trkpt>
      <trkpt lat="51.788223925977945" lon="0.7528924662619829">
        <ele>48.0</ele>
        <time>2024-09-14T10:09:03Z</time>
        <extensions>
          <ns3:TrackPointExtension>
            <ns3:atemp>20.0</ns3:atemp>
          </ns3:TrackPointExtension>
        </extensions>
      </trkpt>
      <trkpt lat="51.788040613755584" lon="0.7528222259134054">
        <ele>47.599998474121094</ele>
        <time>2024-09-14T10:09:05Z</time>
        <extensions>
          <ns3:TrackPointExtension>
            <ns3:atemp>20.0</ns3:atemp>
          </ns3:TrackPointExtension>
        </extensions>
      </trkpt>
      <trkpt lat="51.787744564935565" lon="0.7527999300509691">
        <ele>46.79999923706055</ele>
        <time>2024-09-14T10:09:08Z</time>
        <extensions>
          <ns3:TrackPointExtension>
            <ns3:atemp>20.0</ns3:atemp>
          </ns3:TrackPointExtension>
        </extensions>
      </trkpt>
      <trkpt lat="51.78744432516396" lon="0.7528845872730017">
        <ele>45.599998474121094</ele>
        <time>2024-09-14T10:09:11Z</time>
        <extensions>
          <ns3:TrackPointExtension>
            <ns3:atemp>20.0</ns3:atemp>
          </ns3:TrackPointExtension>
        </extensions>
      </trkpt>
      <trkpt lat="51.78705188445747" lon="0.7531845755875111">
        <ele>43.400001525878906</ele>
        <time>2024-09-14T10:09:15Z</time>
        <extensions>
          <ns3:TrackPointExtension>
            <ns3:atemp>20.0</ns3:atemp>
          </ns3:TrackPointExtension>
        </extensions>
      </trkpt>
      <trkpt lat="51.78584271110594" lon="0.75442710891366">
        <ele>37.0</ele>
        <time>2024-09-14T10:09:28Z</time>
        <extensions>
          <ns3:TrackPointExtension>
            <ns3:atemp>20.0</ns3:atemp>
          </ns3:TrackPointExtension>
        </extensions>
      </trkpt>
      <trkpt lat="51.78513569757342" lon="0.7554429117590189">
        <ele>34.20000076293945</ele>
        <time>2024-09-14T10:09:37Z</time>
        <extensions>
          <ns3:TrackPointExtension>
            <ns3:atemp>20.0</ns3:atemp>
          </ns3:TrackPointExtension>
        </extensions>
      </trkpt>
      <trkpt lat="51.78443731740117" lon="0.7560697104781866">
        <ele>32.0</ele>
        <time>2024-09-14T10:09:45Z</time>
        <extensions>
          <ns3:TrackPointExtension>
            <ns3:atemp>20.0</ns3:atemp>
          </ns3:TrackPointExtension>
        </extensions>
      </trkpt>
      <trkpt lat="51.78386156447232" lon="0.7569241616874933">
        <ele>29.600000381469727</ele>
        <time>2024-09-14T10:09:53Z</time>
        <extensions>
          <ns3:TrackPointExtension>
            <ns3:atemp>20.0</ns3:atemp>
          </ns3:TrackPointExtension>
        </extensions>
      </trkpt>
      <trkpt lat="51.78250126540661" lon="0.7587403524667025">
        <ele>26.399999618530273</ele>
        <time>2024-09-14T10:10:11Z</time>
        <extensions>
          <ns3:TrackPointExtension>
            <ns3:atemp>20.0</ns3:atemp>
          </ns3:TrackPointExtension>
        </extensions>
      </trkpt>
      <trkpt lat="51.78208460099995" lon="0.7591376546770334">
        <ele>25.799999237060547</ele>
        <time>2024-09-14T10:10:16Z</time>
        <extensions>
          <ns3:TrackPointExtension>
            <ns3:atemp>20.0</ns3:atemp>
          </ns3:TrackPointExtension>
        </extensions>
      </trkpt>
      <trkpt lat="51.78156718611717" lon="0.7594959810376167">
        <ele>24.200000762939453</ele>
        <time>2024-09-14T10:10:22Z</time>
        <extensions>
          <ns3:TrackPointExtension>
            <ns3:atemp>20.0</ns3:atemp>
          </ns3:TrackPointExtension>
        </extensions>
      </trkpt>
      <trkpt lat="51.781394770368934" lon="0.7595513015985489">
        <ele>24.0</ele>
        <time>2024-09-14T10:10:24Z</time>
        <extensions>
          <ns3:TrackPointExtension>
            <ns3:atemp>20.0</ns3:atemp>
          </ns3:TrackPointExtension>
        </extensions>
      </trkpt>
      <trkpt lat="51.78122889250517" lon="0.7594756968319416">
        <ele>23.200000762939453</ele>
        <time>2024-09-14T10:10:26Z</time>
        <extensions>
          <ns3:TrackPointExtension>
            <ns3:atemp>20.0</ns3:atemp>
          </ns3:TrackPointExtension>
        </extensions>
      </trkpt>
      <trkpt lat="51.780898896977305" lon="0.7588467188179493">
        <ele>22.799999237060547</ele>
        <time>2024-09-14T10:10:32Z</time>
        <extensions>
          <ns3:TrackPointExtension>
            <ns3:atemp>20.0</ns3:atemp>
          </ns3:TrackPointExtension>
        </extensions>
      </trkpt>
      <trkpt lat="51.780711309984326" lon="0.7585701998323202">
        <ele>22.799999237060547</ele>
        <time>2024-09-14T10:10:35Z</time>
        <extensions>
          <ns3:TrackPointExtension>
            <ns3:atemp>20.0</ns3:atemp>
          </ns3:TrackPointExtension>
        </extensions>
      </trkpt>
      <trkpt lat="51.78040327504277" lon="0.758307259529829">
        <ele>23.0</ele>
        <time>2024-09-14T10:10:39Z</time>
        <extensions>
          <ns3:TrackPointExtension>
            <ns3:atemp>20.0</ns3:atemp>
          </ns3:TrackPointExtension>
        </extensions>
      </trkpt>
      <trkpt lat="51.780148381367326" lon="0.7582156453281641">
        <ele>22.799999237060547</ele>
        <time>2024-09-14T10:10:42Z</time>
        <extensions>
          <ns3:TrackPointExtension>
            <ns3:atemp>20.0</ns3:atemp>
          </ns3:TrackPointExtension>
        </extensions>
      </trkpt>
      <trkpt lat="51.77978695370257" lon="0.7583137135952711">
        <ele>22.600000381469727</ele>
        <time>2024-09-14T10:10:46Z</time>
        <extensions>
          <ns3:TrackPointExtension>
            <ns3:atemp>20.0</ns3:atemp>
          </ns3:TrackPointExtension>
        </extensions>
      </trkpt>
      <trkpt lat="51.77889285609126" lon="0.7590124290436506">
        <ele>21.200000762939453</ele>
        <time>2024-09-14T10:10:57Z</time>
        <extensions>
          <ns3:TrackPointExtension>
            <ns3:atemp>20.0</ns3:atemp>
          </ns3:TrackPointExtension>
        </extensions>
      </trkpt>
      <trkpt lat="51.77818081341684" lon="0.7591400854289532">
        <ele>20.200000762939453</ele>
        <time>2024-09-14T10:11:05Z</time>
        <extensions>
          <ns3:TrackPointExtension>
            <ns3:atemp>20.0</ns3:atemp>
          </ns3:TrackPointExtension>
        </extensions>
      </trkpt>
      <trkpt lat="51.777740931138396" lon="0.7591164484620094">
        <ele>19.600000381469727</ele>
        <time>2024-09-14T10:11:10Z</time>
        <extensions>
          <ns3:TrackPointExtension>
            <ns3:atemp>20.0</ns3:atemp>
          </ns3:TrackPointExtension>
        </extensions>
      </trkpt>
      <trkpt lat="51.77716442383826" lon="0.7589585334062576">
        <ele>18.799999237060547</ele>
        <time>2024-09-14T10:11:17Z</time>
        <extensions>
          <ns3:TrackPointExtension>
            <ns3:atemp>20.0</ns3:atemp>
          </ns3:TrackPointExtension>
        </extensions>
      </trkpt>
      <trkpt lat="51.77648389711976" lon="0.7588582020252943">
        <ele>18.200000762939453</ele>
        <time>2024-09-14T10:11:25Z</time>
        <extensions>
          <ns3:TrackPointExtension>
            <ns3:atemp>20.0</ns3:atemp>
          </ns3:TrackPointExtension>
        </extensions>
      </trkpt>
      <trkpt lat="51.77608525380492" lon="0.7587132789194584">
        <ele>17.200000762939453</ele>
        <time>2024-09-14T10:11:30Z</time>
        <extensions>
          <ns3:TrackPointExtension>
            <ns3:atemp>20.0</ns3:atemp>
          </ns3:TrackPointExtension>
        </extensions>
      </trkpt>
      <trkpt lat="51.775949550792575" lon="0.7585730496793985">
        <ele>16.600000381469727</ele>
        <time>2024-09-14T10:11:32Z</time>
        <extensions>
          <ns3:TrackPointExtension>
            <ns3:atemp>20.0</ns3:atemp>
          </ns3:TrackPointExtension>
        </extensions>
      </trkpt>
      <trkpt lat="51.77564151585102" lon="0.7579708099365234">
        <ele>16.0</ele>
        <time>2024-09-14T10:11:38Z</time>
        <extensions>
          <ns3:TrackPointExtension>
            <ns3:atemp>20.0</ns3:atemp>
          </ns3:TrackPointExtension>
        </extensions>
      </trkpt>
      <trkpt lat="51.77518151700497" lon="0.7572977431118488">
        <ele>15.600000381469727</ele>
        <time>2024-09-14T10:11:45Z</time>
        <extensions>
          <ns3:TrackPointExtension>
            <ns3:atemp>20.0</ns3:atemp>
          </ns3:TrackPointExtension>
        </extensions>
      </trkpt>
      <trkpt lat="51.77469444461167" lon="0.7560862228274345">
        <ele>15.399999618530273</ele>
        <time>2024-09-14T10:11:56Z</time>
        <extensions>
          <ns3:TrackPointExtension>
            <ns3:atemp>20.0</ns3:atemp>
          </ns3:TrackPointExtension>
        </extensions>
      </trkpt>
      <trkpt lat="51.7745494376868" lon="0.7558487635105848">
        <ele>15.800000190734863</ele>
        <time>2024-09-14T10:11:59Z</time>
        <extensions>
          <ns3:TrackPointExtension>
            <ns3:atemp>20.0</ns3:atemp>
          </ns3:TrackPointExtension>
        </extensions>
      </trkpt>
      <trkpt lat="51.77443309687078" lon="0.7557485997676849">
        <ele>16.200000762939453</ele>
        <time>2024-09-14T10:12:01Z</time>
        <extensions>
          <ns3:TrackPointExtension>
            <ns3:atemp>20.0</ns3:atemp>
          </ns3:TrackPointExtension>
        </extensions>
      </trkpt>
      <trkpt lat="51.77393613383174" lon="0.755571573972702">
        <ele>16.799999237060547</ele>
        <time>2024-09-14T10:12:09Z</time>
        <extensions>
          <ns3:TrackPointExtension>
            <ns3:atemp>20.0</ns3:atemp>
          </ns3:TrackPointExtension>
        </extensions>
      </trkpt>
      <trkpt lat="51.77337320521474" lon="0.7551332004368305">
        <ele>18.0</ele>
        <time>2024-09-14T10:12:19Z</time>
        <extensions>
          <ns3:TrackPointExtension>
            <ns3:atemp>20.0</ns3:atemp>
          </ns3:TrackPointExtension>
        </extensions>
      </trkpt>
      <trkpt lat="51.77285922691226" lon="0.7549289334565401">
        <ele>19.399999618530273</ele>
        <time>2024-09-14T10:12:28Z</time>
        <extensions>
          <ns3:TrackPointExtension>
            <ns3:atemp>20.0</ns3:atemp>
          </ns3:TrackPointExtension>
        </extensions>
      </trkpt>
      <trkpt lat="51.772615397349" lon="0.7548793964087963">
        <ele>19.600000381469727</ele>
        <time>2024-09-14T10:12:32Z</time>
        <extensions>
          <ns3:TrackPointExtension>
            <ns3:atemp>20.0</ns3:atemp>
          </ns3:TrackPointExtension>
        </extensions>
      </trkpt>
      <trkpt lat="51.771992202848196" lon="0.7549879420548677">
        <ele>20.399999618530273</ele>
        <time>2024-09-14T10:12:43Z</time>
        <extensions>
          <ns3:TrackPointExtension>
            <ns3:atemp>20.0</ns3:atemp>
          </ns3:TrackPointExtension>
        </extensions>
      </trkpt>
      <trkpt lat="51.77143229171634" lon="0.7549423445016146">
        <ele>21.200000762939453</ele>
        <time>2024-09-14T10:12:53Z</time>
        <extensions>
          <ns3:TrackPointExtension>
            <ns3:atemp>20.0</ns3:atemp>
          </ns3:TrackPointExtension>
        </extensions>
      </trkpt>
      <trkpt lat="51.77067859098315" lon="0.7545614708214998">
        <ele>22.799999237060547</ele>
        <time>2024-09-14T10:13:07Z</time>
        <extensions>
          <ns3:TrackPointExtension>
            <ns3:atemp>20.0</ns3:atemp>
          </ns3:TrackPointExtension>
        </extensions>
      </trkpt>
      <trkpt lat="51.770297633484006" lon="0.7545140292495489">
        <ele>23.399999618530273</ele>
        <time>2024-09-14T10:13:15Z</time>
        <extensions>
          <ns3:TrackPointExtension>
            <ns3:atemp>20.0</ns3:atemp>
          </ns3:TrackPointExtension>
        </extensions>
      </trkpt>
      <trkpt lat="51.76975440233946" lon="0.7540140487253666">
        <ele>24.200000762939453</ele>
        <time>2024-09-14T10:13:49Z</time>
        <extensions>
          <ns3:TrackPointExtension>
            <ns3:atemp>20.0</ns3:atemp>
          </ns3:TrackPointExtension>
        </extensions>
      </trkpt>
      <trkpt lat="51.76946950145066" lon="0.7538529485464096">
        <ele>24.600000381469727</ele>
        <time>2024-09-14T10:13:55Z</time>
        <extensions>
          <ns3:TrackPointExtension>
            <ns3:atemp>20.0</ns3:atemp>
          </ns3:TrackPointExtension>
        </extensions>
      </trkpt>
      <trkpt lat="51.76931602880359" lon="0.7538108713924885">
        <ele>25.0</ele>
        <time>2024-09-14T10:13:58Z</time>
        <extensions>
          <ns3:TrackPointExtension>
            <ns3:atemp>20.0</ns3:atemp>
          </ns3:TrackPointExtension>
        </extensions>
      </trkpt>
      <trkpt lat="51.76877707242966" lon="0.7538127154111862">
        <ele>26.399999618530273</ele>
        <time>2024-09-14T10:14:09Z</time>
        <extensions>
          <ns3:TrackPointExtension>
            <ns3:atemp>20.0</ns3:atemp>
          </ns3:TrackPointExtension>
        </extensions>
      </trkpt>
      <trkpt lat="51.768487729132175" lon="0.7537138927727938">
        <ele>26.600000381469727</ele>
        <time>2024-09-14T10:14:17Z</time>
        <extensions>
          <ns3:TrackPointExtension>
            <ns3:atemp>20.0</ns3:atemp>
          </ns3:TrackPointExtension>
        </extensions>
      </trkpt>
      <trkpt lat="51.76835026592016" lon="0.7535637728869915">
        <ele>26.799999237060547</ele>
        <time>2024-09-14T10:14:22Z</time>
        <extensions>
          <ns3:TrackPointExtension>
            <ns3:atemp>20.0</ns3:atemp>
          </ns3:TrackPointExtension>
        </extensions>
      </trkpt>
      <trkpt lat="51.767671750858426" lon="0.7519588060677052">
        <ele>27.0</ele>
        <time>2024-09-14T10:14:42Z</time>
        <extensions>
          <ns3:TrackPointExtension>
            <ns3:atemp>20.0</ns3:atemp>
          </ns3:TrackPointExtension>
        </extensions>
      </trkpt>
      <trkpt lat="51.767269084230065" lon="0.7503922283649445">
        <ele>26.399999618530273</ele>
        <time>2024-09-14T10:14:57Z</time>
        <extensions>
          <ns3:TrackPointExtension>
            <ns3:atemp>20.0</ns3:atemp>
          </ns3:TrackPointExtension>
        </extensions>
      </trkpt>
      <trkpt lat="51.76702793687582" lon="0.7496782578527927">
        <ele>26.0</ele>
        <time>2024-09-14T10:15:04Z</time>
        <extensions>
          <ns3:TrackPointExtension>
            <ns3:atemp>20.0</ns3:atemp>
          </ns3:TrackPointExtension>
        </extensions>
      </trkpt>
      <trkpt lat="51.766910422593355" lon="0.7490920275449753">
        <ele>25.600000381469727</ele>
        <time>2024-09-14T10:15:09Z</time>
        <extensions>
          <ns3:TrackPointExtension>
            <ns3:atemp>20.0</ns3:atemp>
          </ns3:TrackPointExtension>
        </extensions>
      </trkpt>
      <trkpt lat="51.766765834763646" lon="0.7479487359523773">
        <ele>24.600000381469727</ele>
        <time>2024-09-14T10:15:18Z</time>
        <extensions>
          <ns3:TrackPointExtension>
            <ns3:atemp>20.0</ns3:atemp>
          </ns3:TrackPointExtension>
        </extensions>
      </trkpt>
      <trkpt lat="51.76644782535732" lon="0.7464937213808298">
        <ele>22.600000381469727</ele>
        <time>2024-09-14T10:15:29Z</time>
        <extensions>
          <ns3:TrackPointExtension>
            <ns3:atemp>20.0</ns3:atemp>
          </ns3:TrackPointExtension>
        </extensions>
      </trkpt>
      <trkpt lat="51.76588607020676" lon="0.7451954483985901">
        <ele>21.799999237060547</ele>
        <time>2024-09-14T10:15:40Z</time>
        <extensions>
          <ns3:TrackPointExtension>
            <ns3:atemp>20.0</ns3:atemp>
          </ns3:TrackPointExtension>
        </extensions>
      </trkpt>
      <trkpt lat="51.764775048941374" lon="0.7423075474798679">
        <ele>20.799999237060547</ele>
        <time>2024-09-14T10:16:06Z</time>
        <extensions>
          <ns3:TrackPointExtension>
            <ns3:atemp>20.0</ns3:atemp>
          </ns3:TrackPointExtension>
        </extensions>
      </trkpt>
      <trkpt lat="51.764177083969116" lon="0.7405729126185179">
        <ele>21.399999618530273</ele>
        <time>2024-09-14T10:16:23Z</time>
        <extensions>
          <ns3:TrackPointExtension>
            <ns3:atemp>20.0</ns3:atemp>
          </ns3:TrackPointExtension>
        </extensions>
      </trkpt>
      <trkpt lat="51.76407163962722" lon="0.7400166057050228">
        <ele>21.399999618530273</ele>
        <time>2024-09-14T10:16:28Z</time>
        <extensions>
          <ns3:TrackPointExtension>
            <ns3:atemp>20.0</ns3:atemp>
          </ns3:TrackPointExtension>
        </extensions>
      </trkpt>
      <trkpt lat="51.763782212510705" lon="0.7373136095702648">
        <ele>22.200000762939453</ele>
        <time>2024-09-14T10:16:55Z</time>
        <extensions>
          <ns3:TrackPointExtension>
            <ns3:atemp>20.0</ns3:atemp>
          </ns3:TrackPointExtension>
        </extensions>
      </trkpt>
      <trkpt lat="51.76371943205595" lon="0.7372334785759449">
        <ele>22.200000762939453</ele>
        <time>2024-09-14T10:16:57Z</time>
        <extensions>
          <ns3:TrackPointExtension>
            <ns3:atemp>20.0</ns3:atemp>
          </ns3:TrackPointExtension>
        </extensions>
      </trkpt>
      <trkpt lat="51.76361641846597" lon="0.7372478954494">
        <ele>22.0</ele>
        <time>2024-09-14T10:16:59Z</time>
        <extensions>
          <ns3:TrackPointExtension>
            <ns3:atemp>20.0</ns3:atemp>
          </ns3:TrackPointExtension>
        </extensions>
      </trkpt>
      <trkpt lat="51.762073058634996" lon="0.7378856744617224">
        <ele>22.600000381469727</ele>
        <time>2024-09-14T10:17:23Z</time>
        <extensions>
          <ns3:TrackPointExtension>
            <ns3:atemp>20.0</ns3:atemp>
          </ns3:TrackPointExtension>
        </extensions>
      </trkpt>
      <trkpt lat="51.76202134229243" lon="0.737892547622323">
        <ele>22.600000381469727</ele>
        <time>2024-09-14T10:17:24Z</time>
        <extensions>
          <ns3:TrackPointExtension>
            <ns3:atemp>20.0</ns3:atemp>
          </ns3:TrackPointExtension>
        </extensions>
      </trkpt>
      <trkpt lat="51.76192235201597" lon="0.7378086447715759">
        <ele>22.399999618530273</ele>
        <time>2024-09-14T10:17:26Z</time>
        <extensions>
          <ns3:TrackPointExtension>
            <ns3:atemp>20.0</ns3:atemp>
          </ns3:TrackPointExtension>
        </extensions>
      </trkpt>
      <trkpt lat="51.7618603259325" lon="0.737540340051055">
        <ele>22.200000762939453</ele>
        <time>2024-09-14T10:17:29Z</time>
        <extensions>
          <ns3:TrackPointExtension>
            <ns3:atemp>20.0</ns3:atemp>
          </ns3:TrackPointExtension>
        </extensions>
      </trkpt>
      <trkpt lat="51.761729987338185" lon="0.7364112138748169">
        <ele>22.399999618530273</ele>
        <time>2024-09-14T10:17:40Z</time>
        <extensions>
          <ns3:TrackPointExtension>
            <ns3:atemp>20.0</ns3:atemp>
          </ns3:TrackPointExtension>
        </extensions>
      </trkpt>
      <trkpt lat="51.7617273889482" lon="0.7349888049066067">
        <ele>21.799999237060547</ele>
        <time>2024-09-14T10:17:52Z</time>
        <extensions>
          <ns3:TrackPointExtension>
            <ns3:atemp>20.0</ns3:atemp>
          </ns3:TrackPointExtension>
        </extensions>
      </trkpt>
      <trkpt lat="51.76167156547308" lon="0.7347888126969337">
        <ele>21.600000381469727</ele>
        <time>2024-09-14T10:17:54Z</time>
        <extensions>
          <ns3:TrackPointExtension>
            <ns3:atemp>20.0</ns3:atemp>
          </ns3:TrackPointExtension>
        </extensions>
      </trkpt>
      <trkpt lat="51.76154399290681" lon="0.7346649281680584">
        <ele>20.799999237060547</ele>
        <time>2024-09-14T10:17:56Z</time>
        <extensions>
          <ns3:TrackPointExtension>
            <ns3:atemp>20.0</ns3:atemp>
          </ns3:TrackPointExtension>
        </extensions>
      </trkpt>
      <trkpt lat="51.7613925319165" lon="0.734638525173068">
        <ele>20.600000381469727</ele>
        <time>2024-09-14T10:17:58Z</time>
        <extensions>
          <ns3:TrackPointExtension>
            <ns3:atemp>20.0</ns3:atemp>
          </ns3:TrackPointExtension>
        </extensions>
      </trkpt>
      <trkpt lat="51.7612508777529" lon="0.7345497608184814">
        <ele>20.399999618530273</ele>
        <time>2024-09-14T10:18:00Z</time>
        <extensions>
          <ns3:TrackPointExtension>
            <ns3:atemp>20.0</ns3:atemp>
          </ns3:TrackPointExtension>
        </extensions>
      </trkpt>
      <trkpt lat="51.76119698211551" lon="0.7344632595777512">
        <ele>20.399999618530273</ele>
        <time>2024-09-14T10:18:01Z</time>
        <extensions>
          <ns3:TrackPointExtension>
            <ns3:atemp>20.0</ns3:atemp>
          </ns3:TrackPointExtension>
        </extensions>
      </trkpt>
      <trkpt lat="51.76098760217428" lon="0.7338228821754456">
        <ele>20.399999618530273</ele>
        <time>2024-09-14T10:18:07Z</time>
        <extensions>
          <ns3:TrackPointExtension>
            <ns3:atemp>20.0</ns3:atemp>
          </ns3:TrackPointExtension>
        </extensions>
      </trkpt>
      <trkpt lat="51.76071007736027" lon="0.7334056310355663">
        <ele>20.200000762939453</ele>
        <time>2024-09-14T10:18:12Z</time>
        <extensions>
          <ns3:TrackPointExtension>
            <ns3:atemp>20.0</ns3:atemp>
          </ns3:TrackPointExtension>
        </extensions>
      </trkpt>
      <trkpt lat="51.759557062759995" lon="0.7324011437594891">
        <ele>20.799999237060547</ele>
        <time>2024-09-14T10:18:29Z</time>
        <extensions>
          <ns3:TrackPointExtension>
            <ns3:atemp>20.0</ns3:atemp>
          </ns3:TrackPointExtension>
        </extensions>
      </trkpt>
      <trkpt lat="51.75937509164214" lon="0.7321662828326225">
        <ele>20.600000381469727</ele>
        <time>2024-09-14T10:18:32Z</time>
        <extensions>
          <ns3:TrackPointExtension>
            <ns3:atemp>20.0</ns3:atemp>
          </ns3:TrackPointExtension>
        </extensions>
      </trkpt>
      <trkpt lat="51.75932262092829" lon="0.7319304160773754">
        <ele>20.399999618530273</ele>
        <time>2024-09-14T10:18:34Z</time>
        <extensions>
          <ns3:TrackPointExtension>
            <ns3:atemp>20.0</ns3:atemp>
          </ns3:TrackPointExtension>
        </extensions>
      </trkpt>
      <trkpt lat="51.75929730758071" lon="0.7306782435625792">
        <ele>18.399999618530273</ele>
        <time>2024-09-14T10:18:43Z</time>
        <extensions>
          <ns3:TrackPointExtension>
            <ns3:atemp>20.0</ns3:atemp>
          </ns3:TrackPointExtension>
        </extensions>
      </trkpt>
      <trkpt lat="51.75920493900776" lon="0.7293311879038811">
        <ele>15.800000190734863</ele>
        <time>2024-09-14T10:18:52Z</time>
        <extensions>
          <ns3:TrackPointExtension>
            <ns3:atemp>20.0</ns3:atemp>
          </ns3:TrackPointExtension>
        </extensions>
      </trkpt>
      <trkpt lat="51.75911131314933" lon="0.7288919761776924">
        <ele>15.199999809265137</ele>
        <time>2024-09-14T10:18:55Z</time>
        <extensions>
          <ns3:TrackPointExtension>
            <ns3:atemp>20.0</ns3:atemp>
          </ns3:TrackPointExtension>
        </extensions>
      </trkpt>
      <trkpt lat="51.75900905393064" lon="0.7286421954631805">
        <ele>14.399999618530273</ele>
        <time>2024-09-14T10:18:57Z</time>
        <extensions>
          <ns3:TrackPointExtension>
            <ns3:atemp>20.0</ns3:atemp>
          </ns3:TrackPointExtension>
        </extensions>
      </trkpt>
      <trkpt lat="51.758848791942" lon="0.7284539379179478">
        <ele>13.600000381469727</ele>
        <time>2024-09-14T10:18:59Z</time>
        <extensions>
          <ns3:TrackPointExtension>
            <ns3:atemp>20.0</ns3:atemp>
          </ns3:TrackPointExtension>
        </extensions>
      </trkpt>
      <trkpt lat="51.7585604544729" lon="0.7282721344381571">
        <ele>13.0</ele>
        <time>2024-09-14T10:19:02Z</time>
        <extensions>
          <ns3:TrackPointExtension>
            <ns3:atemp>20.0</ns3:atemp>
          </ns3:TrackPointExtension>
        </extensions>
      </trkpt>
      <trkpt lat="51.75719026476145" lon="0.7277546357363462">
        <ele>11.800000190734863</ele>
        <time>2024-09-14T10:19:17Z</time>
        <extensions>
          <ns3:TrackPointExtension>
            <ns3:atemp>20.0</ns3:atemp>
          </ns3:TrackPointExtension>
        </extensions>
      </trkpt>
      <trkpt lat="51.75704710185528" lon="0.7276159152388573">
        <ele>11.800000190734863</ele>
        <time>2024-09-14T10:19:19Z</time>
        <extensions>
          <ns3:TrackPointExtension>
            <ns3:atemp>20.0</ns3:atemp>
          </ns3:TrackPointExtension>
        </extensions>
      </trkpt>
      <trkpt lat="51.75693185068667" lon="0.7274133246392012">
        <ele>11.399999618530273</ele>
        <time>2024-09-14T10:19:21Z</time>
        <extensions>
          <ns3:TrackPointExtension>
            <ns3:atemp>20.0</ns3:atemp>
          </ns3:TrackPointExtension>
        </extensions>
      </trkpt>
      <trkpt lat="51.75673437304795" lon="0.7263691071420908">
        <ele>10.600000381469727</ele>
        <time>2024-09-14T10:19:29Z</time>
        <extensions>
          <ns3:TrackPointExtension>
            <ns3:atemp>20.0</ns3:atemp>
          </ns3:TrackPointExtension>
        </extensions>
      </trkpt>
      <trkpt lat="51.75664493814111" lon="0.7253626920282841">
        <ele>10.800000190734863</ele>
        <time>2024-09-14T10:19:37Z</time>
        <extensions>
          <ns3:TrackPointExtension>
            <ns3:atemp>20.0</ns3:atemp>
          </ns3:TrackPointExtension>
        </extensions>
      </trkpt>
      <trkpt lat="51.756422650069" lon="0.7246303651481867">
        <ele>11.399999618530273</ele>
        <time>2024-09-14T10:19:44Z</time>
        <extensions>
          <ns3:TrackPointExtension>
            <ns3:atemp>20.0</ns3:atemp>
          </ns3:TrackPointExtension>
        </extensions>
      </trkpt>
      <trkpt lat="51.75624520517886" lon="0.7236237823963165">
        <ele>12.199999809265137</ele>
        <time>2024-09-14T10:19:52Z</time>
        <extensions>
          <ns3:TrackPointExtension>
            <ns3:atemp>20.0</ns3:atemp>
          </ns3:TrackPointExtension>
        </extensions>
      </trkpt>
      <trkpt lat="51.756141101941466" lon="0.7227974105626345">
        <ele>13.0</ele>
        <time>2024-09-14T10:20:00Z</time>
        <extensions>
          <ns3:TrackPointExtension>
            <ns3:atemp>20.0</ns3:atemp>
          </ns3:TrackPointExtension>
        </extensions>
      </trkpt>
      <trkpt lat="51.755876149982214" lon="0.7216582261025906">
        <ele>14.199999809265137</ele>
        <time>2024-09-14T10:20:12Z</time>
        <extensions>
          <ns3:TrackPointExtension>
            <ns3:atemp>20.0</ns3:atemp>
          </ns3:TrackPointExtension>
        </extensions>
      </trkpt>
      <trkpt lat="51.75584404729307" lon="0.7211906835436821">
        <ele>14.600000381469727</ele>
        <time>2024-09-14T10:20:16Z</time>
        <extensions>
          <ns3:TrackPointExtension>
            <ns3:atemp>20.0</ns3:atemp>
          </ns3:TrackPointExtension>
        </extensions>
      </trkpt>
      <trkpt lat="51.7558578774333" lon="0.720721548423171">
        <ele>14.800000190734863</ele>
        <time>2024-09-14T10:20:20Z</time>
        <extensions>
          <ns3:TrackPointExtension>
            <ns3:atemp>20.0</ns3:atemp>
          </ns3:TrackPointExtension>
        </extensions>
      </trkpt>
      <trkpt lat="51.75603440031409" lon="0.7196349184960127">
        <ele>15.600000381469727</ele>
        <time>2024-09-14T10:20:30Z</time>
        <extensions>
          <ns3:TrackPointExtension>
            <ns3:atemp>20.0</ns3:atemp>
          </ns3:TrackPointExtension>
        </extensions>
      </trkpt>
      <trkpt lat="51.756096594035625" lon="0.718866465613246">
        <ele>16.0</ele>
        <time>2024-09-14T10:20:37Z</time>
        <extensions>
          <ns3:TrackPointExtension>
            <ns3:atemp>20.0</ns3:atemp>
          </ns3:TrackPointExtension>
        </extensions>
      </trkpt>
      <trkpt lat="51.75607630982995" lon="0.7183616235852242">
        <ele>15.800000190734863</ele>
        <time>2024-09-14T10:20:42Z</time>
        <extensions>
          <ns3:TrackPointExtension>
            <ns3:atemp>20.0</ns3:atemp>
          </ns3:TrackPointExtension>
        </extensions>
      </trkpt>
      <trkpt lat="51.7560011241585" lon="0.7181861065328121">
        <ele>15.800000190734863</ele>
        <time>2024-09-14T10:20:44Z</time>
        <extensions>
          <ns3:TrackPointExtension>
            <ns3:atemp>20.0</ns3:atemp>
          </ns3:TrackPointExtension>
        </extensions>
      </trkpt>
      <trkpt lat="51.75586366094649" lon="0.7181042153388262">
        <ele>15.600000381469727</ele>
        <time>2024-09-14T10:20:46Z</time>
        <extensions>
          <ns3:TrackPointExtension>
            <ns3:atemp>20.0</ns3:atemp>
          </ns3:TrackPointExtension>
        </extensions>
      </trkpt>
      <trkpt lat="51.75486638210714" lon="0.7180048897862434">
        <ele>14.600000381469727</ele>
        <time>2024-09-14T10:20:59Z</time>
        <extensions>
          <ns3:TrackPointExtension>
            <ns3:atemp>20.0</ns3:atemp>
          </ns3:TrackPointExtension>
        </extensions>
      </trkpt>
      <trkpt lat="51.75404269248247" lon="0.7177400216460228">
        <ele>14.0</ele>
        <time>2024-09-14T10:21:09Z</time>
        <extensions>
          <ns3:TrackPointExtension>
            <ns3:atemp>20.0</ns3:atemp>
          </ns3:TrackPointExtension>
        </extensions>
      </trkpt>
      <trkpt lat="51.75353064201772" lon="0.7176733016967773">
        <ele>13.800000190734863</ele>
        <time>2024-09-14T10:21:15Z</time>
        <extensions>
          <ns3:TrackPointExtension>
            <ns3:atemp>20.0</ns3:atemp>
          </ns3:TrackPointExtension>
        </extensions>
      </trkpt>
      <trkpt lat="51.75309277139604" lon="0.7174903247505426">
        <ele>13.199999809265137</ele>
        <time>2024-09-14T10:21:21Z</time>
        <extensions>
          <ns3:TrackPointExtension>
            <ns3:atemp>21.0</ns3:atemp>
          </ns3:TrackPointExtension>
        </extensions>
      </trkpt>
      <trkpt lat="51.752722542732954" lon="0.7171439845114946">
        <ele>13.0</ele>
        <time>2024-09-14T10:21:27Z</time>
        <extensions>
          <ns3:TrackPointExtension>
            <ns3:atemp>21.0</ns3:atemp>
          </ns3:TrackPointExtension>
        </extensions>
      </trkpt>
      <trkpt lat="51.7524110712111" lon="0.716987494379282">
        <ele>12.600000381469727</ele>
        <time>2024-09-14T10:21:32Z</time>
        <extensions>
          <ns3:TrackPointExtension>
            <ns3:atemp>21.0</ns3:atemp>
          </ns3:TrackPointExtension>
        </extensions>
      </trkpt>
      <trkpt lat="51.75037887878716" lon="0.7167984824627638">
        <ele>11.399999618530273</ele>
        <time>2024-09-14T10:21:59Z</time>
        <extensions>
          <ns3:TrackPointExtension>
            <ns3:atemp>21.0</ns3:atemp>
          </ns3:TrackPointExtension>
        </extensions>
      </trkpt>
      <trkpt lat="51.74804552458227" lon="0.7168094627559185">
        <ele>9.0</ele>
        <time>2024-09-14T10:22:30Z</time>
        <extensions>
          <ns3:TrackPointExtension>
            <ns3:atemp>20.0</ns3:atemp>
          </ns3:TrackPointExtension>
        </extensions>
      </trkpt>
      <trkpt lat="51.74718780443072" lon="0.7166728377342224">
        <ele>8.0</ele>
        <time>2024-09-14T10:22:41Z</time>
        <extensions>
          <ns3:TrackPointExtension>
            <ns3:atemp>20.0</ns3:atemp>
          </ns3:TrackPointExtension>
        </extensions>
      </trkpt>
      <trkpt lat="51.74704656936228" lon="0.7166980672627687">
        <ele>8.0</ele>
        <time>2024-09-14T10:22:43Z</time>
        <extensions>
          <ns3:TrackPointExtension>
            <ns3:atemp>20.0</ns3:atemp>
          </ns3:TrackPointExtension>
        </extensions>
      </trkpt>
      <trkpt lat="51.74693517386913" lon="0.7168171741068363">
        <ele>7.800000190734863</ele>
        <time>2024-09-14T10:22:45Z</time>
        <extensions>
          <ns3:TrackPointExtension>
            <ns3:atemp>20.0</ns3:atemp>
          </ns3:TrackPointExtension>
        </extensions>
      </trkpt>
      <trkpt lat="51.7465759254992" lon="0.7182940654456615">
        <ele>7.599999904632568</ele>
        <time>2024-09-14T10:22:59Z</time>
        <extensions>
          <ns3:TrackPointExtension>
            <ns3:atemp>20.0</ns3:atemp>
          </ns3:TrackPointExtension>
        </extensions>
      </trkpt>
      <trkpt lat="51.74649671651423" lon="0.7184731028974056">
        <ele>7.400000095367432</ele>
        <time>2024-09-14T10:23:01Z</time>
        <extensions>
          <ns3:TrackPointExtension>
            <ns3:atemp>20.0</ns3:atemp>
          </ns3:TrackPointExtension>
        </extensions>
      </trkpt>
      <trkpt lat="51.746317595243454" lon="0.7185977417975664">
        <ele>7.199999809265137</ele>
        <time>2024-09-14T10:23:04Z</time>
        <extensions>
          <ns3:TrackPointExtension>
            <ns3:atemp>20.0</ns3:atemp>
          </ns3:TrackPointExtension>
        </extensions>
      </trkpt>
      <trkpt lat="51.74528846517205" lon="0.7188579998910427">
        <ele>6.400000095367432</ele>
        <time>2024-09-14T10:23:18Z</time>
        <extensions>
          <ns3:TrackPointExtension>
            <ns3:atemp>20.0</ns3:atemp>
          </ns3:TrackPointExtension>
        </extensions>
      </trkpt>
      <trkpt lat="51.74402908422053" lon="0.7189814653247595">
        <ele>6.0</ele>
        <time>2024-09-14T10:23:35Z</time>
        <extensions>
          <ns3:TrackPointExtension>
            <ns3:atemp>20.0</ns3:atemp>
          </ns3:TrackPointExtension>
        </extensions>
      </trkpt>
      <trkpt lat="51.74317647702992" lon="0.7189580798149109">
        <ele>6.0</ele>
        <time>2024-09-14T10:23:46Z</time>
        <extensions>
          <ns3:TrackPointExtension>
            <ns3:atemp>20.0</ns3:atemp>
          </ns3:TrackPointExtension>
        </extensions>
      </trkpt>
      <trkpt lat="51.74216603860259" lon="0.719170980155468">
        <ele>5.400000095367432</ele>
        <time>2024-09-14T10:23:59Z</time>
        <extensions>
          <ns3:TrackPointExtension>
            <ns3:atemp>20.0</ns3:atemp>
          </ns3:TrackPointExtension>
        </extensions>
      </trkpt>
      <trkpt lat="51.74178826622665" lon="0.7192008197307587">
        <ele>5.0</ele>
        <time>2024-09-14T10:24:04Z</time>
        <extensions>
          <ns3:TrackPointExtension>
            <ns3:atemp>20.0</ns3:atemp>
          </ns3:TrackPointExtension>
        </extensions>
      </trkpt>
      <trkpt lat="51.74164996482432" lon="0.7191620115190744">
        <ele>5.0</ele>
        <time>2024-09-14T10:24:06Z</time>
        <extensions>
          <ns3:TrackPointExtension>
            <ns3:atemp>20.0</ns3:atemp>
          </ns3:TrackPointExtension>
        </extensions>
      </trkpt>
      <trkpt lat="51.74121025018394" lon="0.7187084667384624">
        <ele>4.400000095367432</ele>
        <time>2024-09-14T10:24:13Z</time>
        <extensions>
          <ns3:TrackPointExtension>
            <ns3:atemp>20.0</ns3:atemp>
          </ns3:TrackPointExtension>
        </extensions>
      </trkpt>
      <trkpt lat="51.741056106984615" lon="0.7186395674943924">
        <ele>4.199999809265137</ele>
        <time>2024-09-14T10:24:15Z</time>
        <extensions>
          <ns3:TrackPointExtension>
            <ns3:atemp>20.0</ns3:atemp>
          </ns3:TrackPointExtension>
        </extensions>
      </trkpt>
      <trkpt lat="51.74066282808781" lon="0.7186685688793659">
        <ele>4.0</ele>
        <time>2024-09-14T10:24:20Z</time>
        <extensions>
          <ns3:TrackPointExtension>
            <ns3:atemp>20.0</ns3:atemp>
          </ns3:TrackPointExtension>
        </extensions>
      </trkpt>
      <trkpt lat="51.73941065557301" lon="0.7185577601194382">
        <ele>3.0</ele>
        <time>2024-09-14T10:24:36Z</time>
        <extensions>
          <ns3:TrackPointExtension>
            <ns3:atemp>20.0</ns3:atemp>
          </ns3:TrackPointExtension>
        </extensions>
      </trkpt>
      <trkpt lat="51.73831212334335" lon="0.718597574159503">
        <ele>3.4000000953674316</ele>
        <time>2024-09-14T10:24:52Z</time>
        <extensions>
          <ns3:TrackPointExtension>
            <ns3:atemp>20.0</ns3:atemp>
          </ns3:TrackPointExtension>
        </extensions>
      </trkpt>
      <trkpt lat="51.73787827603519" lon="0.7185040321201086">
        <ele>3.200000047683716</ele>
        <time>2024-09-14T10:25:01Z</time>
        <extensions>
          <ns3:TrackPointExtension>
            <ns3:atemp>20.0</ns3:atemp>
          </ns3:TrackPointExtension>
        </extensions>
      </trkpt>
      <trkpt lat="51.73779043368995" lon="0.7185320276767015">
        <ele>2.5999999046325684</ele>
        <time>2024-09-14T10:25:07Z</time>
        <extensions>
          <ns3:TrackPointExtension>
            <ns3:atemp>20.0</ns3:atemp>
          </ns3:TrackPointExtension>
        </extensions>
      </trkpt>
      <trkpt lat="51.737700160592794" lon="0.7183850090950727">
        <ele>2.0</ele>
        <time>2024-09-14T10:25:23Z</time>
        <extensions>
          <ns3:TrackPointExtension>
            <ns3:atemp>20.0</ns3:atemp>
          </ns3:TrackPointExtension>
        </extensions>
      </trkpt>
      <trkpt lat="51.73780141398311" lon="0.7179513294249773">
        <ele>2.4000000953674316</ele>
        <time>2024-09-14T10:25:29Z</time>
        <extensions>
          <ns3:TrackPointExtension>
            <ns3:atemp>20.0</ns3:atemp>
          </ns3:TrackPointExtension>
        </extensions>
      </trkpt>
      <trkpt lat="51.737947426736355" lon="0.7169958762824535">
        <ele>2.5999999046325684</ele>
        <time>2024-09-14T10:25:39Z</time>
        <extensions>
          <ns3:TrackPointExtension>
            <ns3:atemp>20.0</ns3:atemp>
          </ns3:TrackPointExtension>
        </extensions>
      </trkpt>
      <trkpt lat="51.73803602345288" lon="0.7166937924921513">
        <ele>2.5999999046325684</ele>
        <time>2024-09-14T10:25:42Z</time>
        <extensions>
          <ns3:TrackPointExtension>
            <ns3:atemp>20.0</ns3:atemp>
          </ns3:TrackPointExtension>
        </extensions>
      </trkpt>
      <trkpt lat="51.7382559645921" lon="0.7162032835185528">
        <ele>3.0</ele>
        <time>2024-09-14T10:25:47Z</time>
        <extensions>
          <ns3:TrackPointExtension>
            <ns3:atemp>20.0</ns3:atemp>
          </ns3:TrackPointExtension>
        </extensions>
      </trkpt>
      <trkpt lat="51.73836451023817" lon="0.7157670054584742">
        <ele>3.0</ele>
        <time>2024-09-14T10:25:51Z</time>
        <extensions>
          <ns3:TrackPointExtension>
            <ns3:atemp>20.0</ns3:atemp>
          </ns3:TrackPointExtension>
        </extensions>
      </trkpt>
      <trkpt lat="51.73847523517907" lon="0.7140114158391953">
        <ele>2.799999952316284</ele>
        <time>2024-09-14T10:26:05Z</time>
        <extensions>
          <ns3:TrackPointExtension>
            <ns3:atemp>20.0</ns3:atemp>
          </ns3:TrackPointExtension>
        </extensions>
      </trkpt>
      <trkpt lat="51.738450257107615" lon="0.7132526859641075">
        <ele>3.0</ele>
        <time>2024-09-14T10:26:11Z</time>
        <extensions>
          <ns3:TrackPointExtension>
            <ns3:atemp>20.0</ns3:atemp>
          </ns3:TrackPointExtension>
        </extensions>
      </trkpt>
      <trkpt lat="51.738378340378404" lon="0.7123087160289288">
        <ele>3.0</ele>
        <time>2024-09-14T10:26:19Z</time>
        <extensions>
          <ns3:TrackPointExtension>
            <ns3:atemp>20.0</ns3:atemp>
          </ns3:TrackPointExtension>
        </extensions>
      </trkpt>
      <trkpt lat="51.73777383752167" lon="0.7081753481179476">
        <ele>2.200000047683716</ele>
        <time>2024-09-14T10:26:58Z</time>
        <extensions>
          <ns3:TrackPointExtension>
            <ns3:atemp>20.0</ns3:atemp>
          </ns3:TrackPointExtension>
        </extensions>
      </trkpt>
      <trkpt lat="51.73773854970932" lon="0.7081446703523397">
        <ele>2.4000000953674316</ele>
        <time>2024-09-14T10:26:59Z</time>
        <extensions>
          <ns3:TrackPointExtension>
            <ns3:atemp>20.0</ns3:atemp>
          </ns3:TrackPointExtension>
        </extensions>
      </trkpt>
      <trkpt lat="51.737577114254236" lon="0.7081826403737068">
        <ele>2.4000000953674316</ele>
        <time>2024-09-14T10:27:02Z</time>
        <extensions>
          <ns3:TrackPointExtension>
            <ns3:atemp>20.0</ns3:atemp>
          </ns3:TrackPointExtension>
        </extensions>
      </trkpt>
      <trkpt lat="51.736658457666636" lon="0.708586648106575">
        <ele>3.200000047683716</ele>
        <time>2024-09-14T10:27:16Z</time>
        <extensions>
          <ns3:TrackPointExtension>
            <ns3:atemp>20.0</ns3:atemp>
          </ns3:TrackPointExtension>
        </extensions>
      </trkpt>
      <trkpt lat="51.73629091121256" lon="0.708513893187046">
        <ele>3.0</ele>
        <time>2024-09-14T10:27:21Z</time>
        <extensions>
          <ns3:TrackPointExtension>
            <ns3:atemp>20.0</ns3:atemp>
          </ns3:TrackPointExtension>
        </extensions>
      </trkpt>
      <trkpt lat="51.73557878471911" lon="0.7081660442054272">
        <ele>3.0</ele>
        <time>2024-09-14T10:27:31Z</time>
        <extensions>
          <ns3:TrackPointExtension>
            <ns3:atemp>20.0</ns3:atemp>
          </ns3:TrackPointExtension>
        </extensions>
      </trkpt>
      <trkpt lat="51.73491074703634" lon="0.7076712604612112">
        <ele>3.0</ele>
        <time>2024-09-14T10:27:41Z</time>
        <extensions>
          <ns3:TrackPointExtension>
            <ns3:atemp>20.0</ns3:atemp>
          </ns3:TrackPointExtension>
        </extensions>
      </trkpt>
      <trkpt lat="51.73419903963804" lon="0.707464562729001">
        <ele>3.200000047683716</ele>
        <time>2024-09-14T10:27:51Z</time>
        <extensions>
          <ns3:TrackPointExtension>
            <ns3:atemp>20.0</ns3:atemp>
          </ns3:TrackPointExtension>
        </extensions>
      </trkpt>
      <trkpt lat="51.73394615761936" lon="0.7072636485099792">
        <ele>3.0</ele>
        <time>2024-09-14T10:27:55Z</time>
        <extensions>
          <ns3:TrackPointExtension>
            <ns3:atemp>20.0</ns3:atemp>
          </ns3:TrackPointExtension>
        </extensions>
      </trkpt>
      <trkpt lat="51.73344802111387" lon="0.7066895719617605">
        <ele>3.0</ele>
        <time>2024-09-14T10:28:04Z</time>
        <extensions>
          <ns3:TrackPointExtension>
            <ns3:atemp>20.0</ns3:atemp>
          </ns3:TrackPointExtension>
        </extensions>
      </trkpt>
      <trkpt lat="51.73313965089619" lon="0.7064657751470804">
        <ele>3.0</ele>
        <time>2024-09-14T10:28:09Z</time>
        <extensions>
          <ns3:TrackPointExtension>
            <ns3:atemp>20.0</ns3:atemp>
          </ns3:TrackPointExtension>
        </extensions>
      </trkpt>
      <trkpt lat="51.7330133356154" lon="0.7064350973814726">
        <ele>2.799999952316284</ele>
        <time>2024-09-14T10:28:11Z</time>
        <extensions>
          <ns3:TrackPointExtension>
            <ns3:atemp>20.0</ns3:atemp>
          </ns3:TrackPointExtension>
        </extensions>
      </trkpt>
      <trkpt lat="51.73289288766682" lon="0.7065086904913187">
        <ele>2.799999952316284</ele>
        <time>2024-09-14T10:28:13Z</time>
        <extensions>
          <ns3:TrackPointExtension>
            <ns3:atemp>20.0</ns3:atemp>
          </ns3:TrackPointExtension>
        </extensions>
      </trkpt>
      <trkpt lat="51.73281694762409" lon="0.7066916674375534">
        <ele>2.799999952316284</ele>
        <time>2024-09-14T10:28:15Z</time>
        <extensions>
          <ns3:TrackPointExtension>
            <ns3:atemp>20.0</ns3:atemp>
          </ns3:TrackPointExtension>
        </extensions>
      </trkpt>
      <trkpt lat="51.73265249468386" lon="0.7073581963777542">
        <ele>2.799999952316284</ele>
        <time>2024-09-14T10:28:21Z</time>
        <extensions>
          <ns3:TrackPointExtension>
            <ns3:atemp>20.0</ns3:atemp>
          </ns3:TrackPointExtension>
        </extensions>
      </trkpt>
      <trkpt lat="51.73236818052828" lon="0.7090966869145632">
        <ele>2.200000047683716</ele>
        <time>2024-09-14T10:28:37Z</time>
        <extensions>
          <ns3:TrackPointExtension>
            <ns3:atemp>20.0</ns3:atemp>
          </ns3:TrackPointExtension>
        </extensions>
      </trkpt>
      <trkpt lat="51.732295928522944" lon="0.7092873752117157">
        <ele>2.200000047683716</ele>
        <time>2024-09-14T10:28:39Z</time>
        <extensions>
          <ns3:TrackPointExtension>
            <ns3:atemp>21.0</ns3:atemp>
          </ns3:TrackPointExtension>
        </extensions>
      </trkpt>
      <trkpt lat="51.73217707313597" lon="0.7094351481646299">
        <ele>2.0</ele>
        <time>2024-09-14T10:28:41Z</time>
        <extensions>
          <ns3:TrackPointExtension>
            <ns3:atemp>20.0</ns3:atemp>
          </ns3:TrackPointExtension>
        </extensions>
      </trkpt>
      <trkpt lat="51.73202946782112" lon="0.7094835955649614">
        <ele>2.0</ele>
        <time>2024-09-14T10:28:43Z</time>
        <extensions>
          <ns3:TrackPointExtension>
            <ns3:atemp>20.0</ns3:atemp>
          </ns3:TrackPointExtension>
        </extensions>
      </trkpt>
      <trkpt lat="51.73188177868724" lon="0.7094519957900047">
        <ele>2.200000047683716</ele>
        <time>2024-09-14T10:28:45Z</time>
        <extensions>
          <ns3:TrackPointExtension>
            <ns3:atemp>21.0</ns3:atemp>
          </ns3:TrackPointExtension>
        </extensions>
      </trkpt>
      <trkpt lat="51.7301310505718" lon="0.7085150666534901">
        <ele>2.4000000953674316</ele>
        <time>2024-09-14T10:29:14Z</time>
        <extensions>
          <ns3:TrackPointExtension>
            <ns3:atemp>21.0</ns3:atemp>
          </ns3:TrackPointExtension>
        </extensions>
      </trkpt>
      <trkpt lat="51.73002862371504" lon="0.7084935251623392">
        <ele>2.200000047683716</ele>
        <time>2024-09-14T10:29:16Z</time>
        <extensions>
          <ns3:TrackPointExtension>
            <ns3:atemp>21.0</ns3:atemp>
          </ns3:TrackPointExtension>
        </extensions>
      </trkpt>
      <trkpt lat="51.729898704215884" lon="0.7085501030087471">
        <ele>2.0</ele>
        <time>2024-09-14T10:29:18Z</time>
        <extensions>
          <ns3:TrackPointExtension>
            <ns3:atemp>21.0</ns3:atemp>
          </ns3:TrackPointExtension>
        </extensions>
      </trkpt>
      <trkpt lat="51.72980080358684" lon="0.7086673658341169">
        <ele>1.7999999523162842</ele>
        <time>2024-09-14T10:29:20Z</time>
        <extensions>
          <ns3:TrackPointExtension>
            <ns3:atemp>21.0</ns3:atemp>
          </ns3:TrackPointExtension>
        </extensions>
      </trkpt>
      <trkpt lat="51.72953492961824" lon="0.7094794046133757">
        <ele>1.399999976158142</ele>
        <time>2024-09-14T10:29:32Z</time>
        <extensions>
          <ns3:TrackPointExtension>
            <ns3:atemp>21.0</ns3:atemp>
          </ns3:TrackPointExtension>
        </extensions>
      </trkpt>
      <trkpt lat="51.72937919385731" lon="0.709568252786994">
        <ele>1.600000023841858</ele>
        <time>2024-09-14T10:29:40Z</time>
        <extensions>
          <ns3:TrackPointExtension>
            <ns3:atemp>21.0</ns3:atemp>
          </ns3:TrackPointExtension>
        </extensions>
      </trkpt>
      <trkpt lat="51.7294679582119" lon="0.7097830809652805">
        <ele>3.5999999046325684</ele>
        <time>2024-09-14T11:19:54Z</time>
        <extensions>
          <ns3:TrackPointExtension>
            <ns3:atemp>36.0</ns3:atemp>
          </ns3:TrackPointExtension>
        </extensions>
      </trkpt>
      <trkpt lat="51.72950676642358" lon="0.7096809893846512">
        <ele>2.5999999046325684</ele>
        <time>2024-09-14T11:20:01Z</time>
        <extensions>
          <ns3:TrackPointExtension>
            <ns3:atemp>35.0</ns3:atemp>
          </ns3:TrackPointExtension>
        </extensions>
      </trkpt>
      <trkpt lat="51.72951254993677" lon="0.7095519080758095">
        <ele>1.7999999523162842</ele>
        <time>2024-09-14T11:20:11Z</time>
        <extensions>
          <ns3:TrackPointExtension>
            <ns3:atemp>35.0</ns3:atemp>
          </ns3:TrackPointExtension>
        </extensions>
      </trkpt>
      <trkpt lat="51.729579688981175" lon="0.7095093280076981">
        <ele>1.399999976158142</ele>
        <time>2024-09-14T11:21:05Z</time>
        <extensions>
          <ns3:TrackPointExtension>
            <ns3:atemp>33.0</ns3:atemp>
          </ns3:TrackPointExtension>
        </extensions>
      </trkpt>
      <trkpt lat="51.72964389435947" lon="0.7091463077813387">
        <ele>1.0</ele>
        <time>2024-09-14T11:21:13Z</time>
        <extensions>
          <ns3:TrackPointExtension>
            <ns3:atemp>33.0</ns3:atemp>
          </ns3:TrackPointExtension>
        </extensions>
      </trkpt>
      <trkpt lat="51.72977113164961" lon="0.7087536994367838">
        <ele>1.600000023841858</ele>
        <time>2024-09-14T11:21:18Z</time>
        <extensions>
          <ns3:TrackPointExtension>
            <ns3:atemp>33.0</ns3:atemp>
          </ns3:TrackPointExtension>
        </extensions>
      </trkpt>
      <trkpt lat="51.72988856211305" lon="0.7085576467216015">
        <ele>2.0</ele>
        <time>2024-09-14T11:21:21Z</time>
        <extensions>
          <ns3:TrackPointExtension>
            <ns3:atemp>33.0</ns3:atemp>
          </ns3:TrackPointExtension>
        </extensions>
      </trkpt>
      <trkpt lat="51.73003583215177" lon="0.7084656972438097">
        <ele>2.5999999046325684</ele>
        <time>2024-09-14T11:21:24Z</time>
        <extensions>
          <ns3:TrackPointExtension>
            <ns3:atemp>33.0</ns3:atemp>
          </ns3:TrackPointExtension>
        </extensions>
      </trkpt>
      <trkpt lat="51.73013926483691" lon="0.7084884122014046">
        <ele>2.799999952316284</ele>
        <time>2024-09-14T11:21:26Z</time>
        <extensions>
          <ns3:TrackPointExtension>
            <ns3:atemp>33.0</ns3:atemp>
          </ns3:TrackPointExtension>
        </extensions>
      </trkpt>
      <trkpt lat="51.7304296977818" lon="0.7086955290287733">
        <ele>2.799999952316284</ele>
        <time>2024-09-14T11:21:32Z</time>
        <extensions>
          <ns3:TrackPointExtension>
            <ns3:atemp>33.0</ns3:atemp>
          </ns3:TrackPointExtension>
        </extensions>
      </trkpt>
      <trkpt lat="51.731251291930676" lon="0.7091096788644791">
        <ele>3.200000047683716</ele>
        <time>2024-09-14T11:21:49Z</time>
        <extensions>
          <ns3:TrackPointExtension>
            <ns3:atemp>32.0</ns3:atemp>
          </ns3:TrackPointExtension>
        </extensions>
      </trkpt>
      <trkpt lat="51.731946654617786" lon="0.7094197254627943">
        <ele>3.0</ele>
        <time>2024-09-14T11:22:04Z</time>
        <extensions>
          <ns3:TrackPointExtension>
            <ns3:atemp>31.0</ns3:atemp>
          </ns3:TrackPointExtension>
        </extensions>
      </trkpt>
      <trkpt lat="51.73207623884082" lon="0.7094309572130442">
        <ele>3.0</ele>
        <time>2024-09-14T11:22:07Z</time>
        <extensions>
          <ns3:TrackPointExtension>
            <ns3:atemp>31.0</ns3:atemp>
          </ns3:TrackPointExtension>
        </extensions>
      </trkpt>
      <trkpt lat="51.732191406190395" lon="0.7093645725399256">
        <ele>3.200000047683716</ele>
        <time>2024-09-14T11:22:10Z</time>
        <extensions>
          <ns3:TrackPointExtension>
            <ns3:atemp>31.0</ns3:atemp>
          </ns3:TrackPointExtension>
        </extensions>
      </trkpt>
      <trkpt lat="51.7323259357363" lon="0.7091707829385996">
        <ele>3.0</ele>
        <time>2024-09-14T11:22:14Z</time>
        <extensions>
          <ns3:TrackPointExtension>
            <ns3:atemp>31.0</ns3:atemp>
          </ns3:TrackPointExtension>
        </extensions>
      </trkpt>
      <trkpt lat="51.732382932677865" lon="0.7090017199516296">
        <ele>2.799999952316284</ele>
        <time>2024-09-14T11:22:17Z</time>
        <extensions>
          <ns3:TrackPointExtension>
            <ns3:atemp>31.0</ns3:atemp>
          </ns3:TrackPointExtension>
        </extensions>
      </trkpt>
      <trkpt lat="51.7324950825423" lon="0.7081302534788847">
        <ele>2.4000000953674316</ele>
        <time>2024-09-14T11:22:33Z</time>
        <extensions>
          <ns3:TrackPointExtension>
            <ns3:atemp>30.0</ns3:atemp>
          </ns3:TrackPointExtension>
        </extensions>
      </trkpt>
      <trkpt lat="51.73266942612827" lon="0.7071797456592321">
        <ele>3.200000047683716</ele>
        <time>2024-09-14T11:24:36Z</time>
        <extensions>
          <ns3:TrackPointExtension>
            <ns3:atemp>29.0</ns3:atemp>
          </ns3:TrackPointExtension>
        </extensions>
      </trkpt>
      <trkpt lat="51.73279808834195" lon="0.706700636073947">
        <ele>3.799999952316284</ele>
        <time>2024-09-14T11:24:41Z</time>
        <extensions>
          <ns3:TrackPointExtension>
            <ns3:atemp>29.0</ns3:atemp>
          </ns3:TrackPointExtension>
        </extensions>
      </trkpt>
      <trkpt lat="51.73288685269654" lon="0.7065157312899828">
        <ele>3.799999952316284</ele>
        <time>2024-09-14T11:24:43Z</time>
        <extensions>
          <ns3:TrackPointExtension>
            <ns3:atemp>29.0</ns3:atemp>
          </ns3:TrackPointExtension>
        </extensions>
      </trkpt>
      <trkpt lat="51.733017107471824" lon="0.7064151484519243">
        <ele>4.0</ele>
        <time>2024-09-14T11:24:45Z</time>
        <extensions>
          <ns3:TrackPointExtension>
            <ns3:atemp>29.0</ns3:atemp>
          </ns3:TrackPointExtension>
        </extensions>
      </trkpt>
      <trkpt lat="51.73308340832591" lon="0.706415232270956">
        <ele>4.199999809265137</ele>
        <time>2024-09-14T11:24:46Z</time>
        <extensions>
          <ns3:TrackPointExtension>
            <ns3:atemp>29.0</ns3:atemp>
          </ns3:TrackPointExtension>
        </extensions>
      </trkpt>
      <trkpt lat="51.733504263684154" lon="0.7066997978836298">
        <ele>4.199999809265137</ele>
        <time>2024-09-14T11:24:52Z</time>
        <extensions>
          <ns3:TrackPointExtension>
            <ns3:atemp>29.0</ns3:atemp>
          </ns3:TrackPointExtension>
        </extensions>
      </trkpt>
      <trkpt lat="51.733940206468105" lon="0.707234563305974">
        <ele>4.400000095367432</ele>
        <time>2024-09-14T11:24:59Z</time>
        <extensions>
          <ns3:TrackPointExtension>
            <ns3:atemp>29.0</ns3:atemp>
          </ns3:TrackPointExtension>
        </extensions>
      </trkpt>
      <trkpt lat="51.73413986340165" lon="0.7073995191603899">
        <ele>4.400000095367432</ele>
        <time>2024-09-14T11:25:02Z</time>
        <extensions>
          <ns3:TrackPointExtension>
            <ns3:atemp>29.0</ns3:atemp>
          </ns3:TrackPointExtension>
        </extensions>
      </trkpt>
      <trkpt lat="51.734827933833" lon="0.7076231483370066">
        <ele>4.599999904632568</ele>
        <time>2024-09-14T11:25:11Z</time>
        <extensions>
          <ns3:TrackPointExtension>
            <ns3:atemp>28.0</ns3:atemp>
          </ns3:TrackPointExtension>
        </extensions>
      </trkpt>
      <trkpt lat="51.735562440007925" lon="0.7081080414354801">
        <ele>4.800000190734863</ele>
        <time>2024-09-14T11:25:21Z</time>
        <extensions>
          <ns3:TrackPointExtension>
            <ns3:atemp>28.0</ns3:atemp>
          </ns3:TrackPointExtension>
        </extensions>
      </trkpt>
      <trkpt lat="51.736315386369824" lon="0.7084729056805372">
        <ele>4.599999904632568</ele>
        <time>2024-09-14T11:25:31Z</time>
        <extensions>
          <ns3:TrackPointExtension>
            <ns3:atemp>28.0</ns3:atemp>
          </ns3:TrackPointExtension>
        </extensions>
      </trkpt>
      <trkpt lat="51.73655695281923" lon="0.7085397932678461">
        <ele>4.599999904632568</ele>
        <time>2024-09-14T11:25:34Z</time>
        <extensions>
          <ns3:TrackPointExtension>
            <ns3:atemp>28.0</ns3:atemp>
          </ns3:TrackPointExtension>
        </extensions>
      </trkpt>
      <trkpt lat="51.736710760742426" lon="0.7085345964878798">
        <ele>4.599999904632568</ele>
        <time>2024-09-14T11:25:36Z</time>
        <extensions>
          <ns3:TrackPointExtension>
            <ns3:atemp>28.0</ns3:atemp>
          </ns3:TrackPointExtension>
        </extensions>
      </trkpt>
      <trkpt lat="51.7377707362175" lon="0.7080470211803913">
        <ele>4.599999904632568</ele>
        <time>2024-09-14T11:25:53Z</time>
        <extensions>
          <ns3:TrackPointExtension>
            <ns3:atemp>27.0</ns3:atemp>
          </ns3:TrackPointExtension>
        </extensions>
      </trkpt>
      <trkpt lat="51.73775380477309" lon="0.707209249958396">
        <ele>3.200000047683716</ele>
        <time>2024-09-14T11:26:02Z</time>
        <extensions>
          <ns3:TrackPointExtension>
            <ns3:atemp>27.0</ns3:atemp>
          </ns3:TrackPointExtension>
        </extensions>
      </trkpt>
      <trkpt lat="51.73754517920315" lon="0.7054749503731728">
        <ele>3.799999952316284</ele>
        <time>2024-09-14T11:26:17Z</time>
        <extensions>
          <ns3:TrackPointExtension>
            <ns3:atemp>27.0</ns3:atemp>
          </ns3:TrackPointExtension>
        </extensions>
      </trkpt>
      <trkpt lat="51.737521374598145" lon="0.7046091835945845">
        <ele>3.799999952316284</ele>
        <time>2024-09-14T11:26:25Z</time>
        <extensions>
          <ns3:TrackPointExtension>
            <ns3:atemp>27.0</ns3:atemp>
          </ns3:TrackPointExtension>
        </extensions>
      </trkpt>
      <trkpt lat="51.73762187361717" lon="0.7035944703966379">
        <ele>4.0</ele>
        <time>2024-09-14T11:26:33Z</time>
        <extensions>
          <ns3:TrackPointExtension>
            <ns3:atemp>26.0</ns3:atemp>
          </ns3:TrackPointExtension>
        </extensions>
      </trkpt>
      <trkpt lat="51.73802403733134" lon="0.7017840631306171">
        <ele>3.799999952316284</ele>
        <time>2024-09-14T11:26:48Z</time>
        <extensions>
          <ns3:TrackPointExtension>
            <ns3:atemp>26.0</ns3:atemp>
          </ns3:TrackPointExtension>
        </extensions>
      </trkpt>
      <trkpt lat="51.73808530904353" lon="0.7012951467186213">
        <ele>3.4000000953674316</ele>
        <time>2024-09-14T11:26:52Z</time>
        <extensions>
          <ns3:TrackPointExtension>
            <ns3:atemp>26.0</ns3:atemp>
          </ns3:TrackPointExtension>
        </extensions>
      </trkpt>
      <trkpt lat="51.73811104148626" lon="0.7006758078932762">
        <ele>3.200000047683716</ele>
        <time>2024-09-14T11:26:57Z</time>
        <extensions>
          <ns3:TrackPointExtension>
            <ns3:atemp>26.0</ns3:atemp>
          </ns3:TrackPointExtension>
        </extensions>
      </trkpt>
      <trkpt lat="51.73808287829161" lon="0.6990038696676493">
        <ele>3.5999999046325684</ele>
        <time>2024-09-14T11:27:12Z</time>
        <extensions>
          <ns3:TrackPointExtension>
            <ns3:atemp>25.0</ns3:atemp>
          </ns3:TrackPointExtension>
        </extensions>
      </trkpt>
      <trkpt lat="51.73812017776072" lon="0.6985798291862011">
        <ele>3.5999999046325684</ele>
        <time>2024-09-14T11:27:16Z</time>
        <extensions>
          <ns3:TrackPointExtension>
            <ns3:atemp>25.0</ns3:atemp>
          </ns3:TrackPointExtension>
        </extensions>
      </trkpt>
      <trkpt lat="51.73827893100679" lon="0.6979357637465">
        <ele>3.4000000953674316</ele>
        <time>2024-09-14T11:27:22Z</time>
        <extensions>
          <ns3:TrackPointExtension>
            <ns3:atemp>25.0</ns3:atemp>
          </ns3:TrackPointExtension>
        </extensions>
      </trkpt>
      <trkpt lat="51.738751167431474" lon="0.6966939009726048">
        <ele>3.200000047683716</ele>
        <time>2024-09-14T11:27:34Z</time>
        <extensions>
          <ns3:TrackPointExtension>
            <ns3:atemp>25.0</ns3:atemp>
          </ns3:TrackPointExtension>
        </extensions>
      </trkpt>
      <trkpt lat="51.739432364702225" lon="0.6953061930835247">
        <ele>3.4000000953674316</ele>
        <time>2024-09-14T11:27:49Z</time>
        <extensions>
          <ns3:TrackPointExtension>
            <ns3:atemp>25.0</ns3:atemp>
          </ns3:TrackPointExtension>
        </extensions>
      </trkpt>
      <trkpt lat="51.74049678258598" lon="0.6929245591163635">
        <ele>3.799999952316284</ele>
        <time>2024-09-14T11:28:15Z</time>
        <extensions>
          <ns3:TrackPointExtension>
            <ns3:atemp>24.0</ns3:atemp>
          </ns3:TrackPointExtension>
        </extensions>
      </trkpt>
      <trkpt lat="51.740719908848405" lon="0.6923281028866768">
        <ele>3.799999952316284</ele>
        <time>2024-09-14T11:28:21Z</time>
        <extensions>
          <ns3:TrackPointExtension>
            <ns3:atemp>24.0</ns3:atemp>
          </ns3:TrackPointExtension>
        </extensions>
      </trkpt>
      <trkpt lat="51.74082476645708" lon="0.6918764021247625">
        <ele>3.799999952316284</ele>
        <time>2024-09-14T11:28:26Z</time>
        <extensions>
          <ns3:TrackPointExtension>
            <ns3:atemp>24.0</ns3:atemp>
          </ns3:TrackPointExtension>
        </extensions>
      </trkpt>
      <trkpt lat="51.7408100143075" lon="0.6914655212312937">
        <ele>3.5999999046325684</ele>
        <time>2024-09-14T11:28:31Z</time>
        <extensions>
          <ns3:TrackPointExtension>
            <ns3:atemp>24.0</ns3:atemp>
          </ns3:TrackPointExtension>
        </extensions>
      </trkpt>
      <trkpt lat="51.74075779505074" lon="0.6912651099264622">
        <ele>3.799999952316284</ele>
        <time>2024-09-14T11:28:33Z</time>
        <extensions>
          <ns3:TrackPointExtension>
            <ns3:atemp>24.0</ns3:atemp>
          </ns3:TrackPointExtension>
        </extensions>
      </trkpt>
      <trkpt lat="51.74026577733457" lon="0.6899525038897991">
        <ele>3.0</ele>
        <time>2024-09-14T11:28:46Z</time>
        <extensions>
          <ns3:TrackPointExtension>
            <ns3:atemp>24.0</ns3:atemp>
          </ns3:TrackPointExtension>
        </extensions>
      </trkpt>
      <trkpt lat="51.73983570188284" lon="0.6884342059493065">
        <ele>5.599999904632568</ele>
        <time>2024-09-14T11:29:02Z</time>
        <extensions>
          <ns3:TrackPointExtension>
            <ns3:atemp>24.0</ns3:atemp>
          </ns3:TrackPointExtension>
        </extensions>
      </trkpt>
      <trkpt lat="51.739821285009384" lon="0.6882010214030743">
        <ele>5.0</ele>
        <time>2024-09-14T11:29:04Z</time>
        <extensions>
          <ns3:TrackPointExtension>
            <ns3:atemp>24.0</ns3:atemp>
          </ns3:TrackPointExtension>
        </extensions>
      </trkpt>
      <trkpt lat="51.73984844237566" lon="0.6877389270812273">
        <ele>3.5999999046325684</ele>
        <time>2024-09-14T11:29:08Z</time>
        <extensions>
          <ns3:TrackPointExtension>
            <ns3:atemp>24.0</ns3:atemp>
          </ns3:TrackPointExtension>
        </extensions>
      </trkpt>
      <trkpt lat="51.73990862444043" lon="0.6873745657503605">
        <ele>3.200000047683716</ele>
        <time>2024-09-14T11:29:11Z</time>
        <extensions>
          <ns3:TrackPointExtension>
            <ns3:atemp>24.0</ns3:atemp>
          </ns3:TrackPointExtension>
        </extensions>
      </trkpt>
      <trkpt lat="51.74034926109016" lon="0.6864881794899702">
        <ele>3.0</ele>
        <time>2024-09-14T11:29:20Z</time>
        <extensions>
          <ns3:TrackPointExtension>
            <ns3:atemp>24.0</ns3:atemp>
          </ns3:TrackPointExtension>
        </extensions>
      </trkpt>
      <trkpt lat="51.74059895798564" lon="0.6855919025838375">
        <ele>3.4000000953674316</ele>
        <time>2024-09-14T11:29:29Z</time>
        <extensions>
          <ns3:TrackPointExtension>
            <ns3:atemp>24.0</ns3:atemp>
          </ns3:TrackPointExtension>
        </extensions>
      </trkpt>
      <trkpt lat="51.74064237624407" lon="0.6852914113551378">
        <ele>3.4000000953674316</ele>
        <time>2024-09-14T11:29:33Z</time>
        <extensions>
          <ns3:TrackPointExtension>
            <ns3:atemp>24.0</ns3:atemp>
          </ns3:TrackPointExtension>
        </extensions>
      </trkpt>
      <trkpt lat="51.7406199965626" lon="0.6849826220422983">
        <ele>3.4000000953674316</ele>
        <time>2024-09-14T11:29:37Z</time>
        <extensions>
          <ns3:TrackPointExtension>
            <ns3:atemp>24.0</ns3:atemp>
          </ns3:TrackPointExtension>
        </extensions>
      </trkpt>
      <trkpt lat="51.740670539438725" lon="0.684798639267683">
        <ele>3.5999999046325684</ele>
        <time>2024-09-14T11:29:39Z</time>
        <extensions>
          <ns3:TrackPointExtension>
            <ns3:atemp>24.0</ns3:atemp>
          </ns3:TrackPointExtension>
        </extensions>
      </trkpt>
      <trkpt lat="51.74077548086643" lon="0.6846878305077553">
        <ele>3.5999999046325684</ele>
        <time>2024-09-14T11:29:41Z</time>
        <extensions>
          <ns3:TrackPointExtension>
            <ns3:atemp>24.0</ns3:atemp>
          </ns3:TrackPointExtension>
        </extensions>
      </trkpt>
      <trkpt lat="51.74108510836959" lon="0.6845150794833899">
        <ele>4.0</ele>
        <time>2024-09-14T11:29:46Z</time>
        <extensions>
          <ns3:TrackPointExtension>
            <ns3:atemp>24.0</ns3:atemp>
          </ns3:TrackPointExtension>
        </extensions>
      </trkpt>
      <trkpt lat="51.74128484912217" lon="0.6843098066747189">
        <ele>4.0</ele>
        <time>2024-09-14T11:29:49Z</time>
        <extensions>
          <ns3:TrackPointExtension>
            <ns3:atemp>24.0</ns3:atemp>
          </ns3:TrackPointExtension>
        </extensions>
      </trkpt>
      <trkpt lat="51.74170000478625" lon="0.6835781503468752">
        <ele>4.400000095367432</ele>
        <time>2024-09-14T11:29:57Z</time>
        <extensions>
          <ns3:TrackPointExtension>
            <ns3:atemp>24.0</ns3:atemp>
          </ns3:TrackPointExtension>
        </extensions>
      </trkpt>
      <trkpt lat="51.74291051924229" lon="0.6810625735670328">
        <ele>4.199999809265137</ele>
        <time>2024-09-14T11:30:21Z</time>
        <extensions>
          <ns3:TrackPointExtension>
            <ns3:atemp>24.0</ns3:atemp>
          </ns3:TrackPointExtension>
        </extensions>
      </trkpt>
      <trkpt lat="51.74549600109458" lon="0.6766644213348627">
        <ele>4.800000190734863</ele>
        <time>2024-09-14T11:31:10Z</time>
        <extensions>
          <ns3:TrackPointExtension>
            <ns3:atemp>23.0</ns3:atemp>
          </ns3:TrackPointExtension>
        </extensions>
      </trkpt>
      <trkpt lat="51.74565450288355" lon="0.6763267144560814">
        <ele>4.800000190734863</ele>
        <time>2024-09-14T11:31:14Z</time>
        <extensions>
          <ns3:TrackPointExtension>
            <ns3:atemp>23.0</ns3:atemp>
          </ns3:TrackPointExtension>
        </extensions>
      </trkpt>
      <trkpt lat="51.745735723525286" lon="0.6758157536387444">
        <ele>5.199999809265137</ele>
        <time>2024-09-14T11:31:20Z</time>
        <extensions>
          <ns3:TrackPointExtension>
            <ns3:atemp>23.0</ns3:atemp>
          </ns3:TrackPointExtension>
        </extensions>
      </trkpt>
      <trkpt lat="51.74560597166419" lon="0.6746909860521555">
        <ele>5.800000190734863</ele>
        <time>2024-09-14T11:31:30Z</time>
        <extensions>
          <ns3:TrackPointExtension>
            <ns3:atemp>23.0</ns3:atemp>
          </ns3:TrackPointExtension>
        </extensions>
      </trkpt>
      <trkpt lat="51.74559909850359" lon="0.6741036660969257">
        <ele>5.800000190734863</ele>
        <time>2024-09-14T11:31:35Z</time>
        <extensions>
          <ns3:TrackPointExtension>
            <ns3:atemp>23.0</ns3:atemp>
          </ns3:TrackPointExtension>
        </extensions>
      </trkpt>
      <trkpt lat="51.74569750204682" lon="0.6735569145530462">
        <ele>5.800000190734863</ele>
        <time>2024-09-14T11:31:40Z</time>
        <extensions>
          <ns3:TrackPointExtension>
            <ns3:atemp>23.0</ns3:atemp>
          </ns3:TrackPointExtension>
        </extensions>
      </trkpt>
      <trkpt lat="51.74575944431126" lon="0.67293556407094">
        <ele>5.599999904632568</ele>
        <time>2024-09-14T11:31:46Z</time>
        <extensions>
          <ns3:TrackPointExtension>
            <ns3:atemp>23.0</ns3:atemp>
          </ns3:TrackPointExtension>
        </extensions>
      </trkpt>
      <trkpt lat="51.74573287367821" lon="0.6726918183267117">
        <ele>5.599999904632568</ele>
        <time>2024-09-14T11:31:49Z</time>
        <extensions>
          <ns3:TrackPointExtension>
            <ns3:atemp>23.0</ns3:atemp>
          </ns3:TrackPointExtension>
        </extensions>
      </trkpt>
      <trkpt lat="51.74564503133297" lon="0.6724862940609455">
        <ele>5.0</ele>
        <time>2024-09-14T11:31:53Z</time>
        <extensions>
          <ns3:TrackPointExtension>
            <ns3:atemp>23.0</ns3:atemp>
          </ns3:TrackPointExtension>
        </extensions>
      </trkpt>
      <trkpt lat="51.745643774047494" lon="0.6722827814519405">
        <ele>4.800000190734863</ele>
        <time>2024-09-14T11:31:55Z</time>
        <extensions>
          <ns3:TrackPointExtension>
            <ns3:atemp>23.0</ns3:atemp>
          </ns3:TrackPointExtension>
        </extensions>
      </trkpt>
      <trkpt lat="51.74587620422244" lon="0.6717776879668236">
        <ele>4.400000095367432</ele>
        <time>2024-09-14T11:32:00Z</time>
        <extensions>
          <ns3:TrackPointExtension>
            <ns3:atemp>23.0</ns3:atemp>
          </ns3:TrackPointExtension>
        </extensions>
      </trkpt>
      <trkpt lat="51.74603923223913" lon="0.6713321898132563">
        <ele>4.400000095367432</ele>
        <time>2024-09-14T11:32:04Z</time>
        <extensions>
          <ns3:TrackPointExtension>
            <ns3:atemp>23.0</ns3:atemp>
          </ns3:TrackPointExtension>
        </extensions>
      </trkpt>
      <trkpt lat="51.74628515727818" lon="0.6702449731528759">
        <ele>5.0</ele>
        <time>2024-09-14T11:32:13Z</time>
        <extensions>
          <ns3:TrackPointExtension>
            <ns3:atemp>23.0</ns3:atemp>
          </ns3:TrackPointExtension>
        </extensions>
      </trkpt>
      <trkpt lat="51.7464083712548" lon="0.6698830425739288">
        <ele>5.199999809265137</ele>
        <time>2024-09-14T11:32:16Z</time>
        <extensions>
          <ns3:TrackPointExtension>
            <ns3:atemp>23.0</ns3:atemp>
          </ns3:TrackPointExtension>
        </extensions>
      </trkpt>
      <trkpt lat="51.74694757908583" lon="0.6688480451703072">
        <ele>5.400000095367432</ele>
        <time>2024-09-14T11:32:27Z</time>
        <extensions>
          <ns3:TrackPointExtension>
            <ns3:atemp>23.0</ns3:atemp>
          </ns3:TrackPointExtension>
        </extensions>
      </trkpt>
      <trkpt lat="51.74769625067711" lon="0.6675796955823898">
        <ele>6.400000095367432</ele>
        <time>2024-09-14T11:32:42Z</time>
        <extensions>
          <ns3:TrackPointExtension>
            <ns3:atemp>23.0</ns3:atemp>
          </ns3:TrackPointExtension>
        </extensions>
      </trkpt>
      <trkpt lat="51.74817712046206" lon="0.6665815785527229">
        <ele>8.800000190734863</ele>
        <time>2024-09-14T11:32:59Z</time>
        <extensions>
          <ns3:TrackPointExtension>
            <ns3:atemp>23.0</ns3:atemp>
          </ns3:TrackPointExtension>
        </extensions>
      </trkpt>
      <trkpt lat="51.74847769550979" lon="0.665390258654952">
        <ele>9.600000381469727</ele>
        <time>2024-09-14T11:33:15Z</time>
        <extensions>
          <ns3:TrackPointExtension>
            <ns3:atemp>23.0</ns3:atemp>
          </ns3:TrackPointExtension>
        </extensions>
      </trkpt>
      <trkpt lat="51.748653799295425" lon="0.6642414350062609">
        <ele>6.400000095367432</ele>
        <time>2024-09-14T11:33:26Z</time>
        <extensions>
          <ns3:TrackPointExtension>
            <ns3:atemp>23.0</ns3:atemp>
          </ns3:TrackPointExtension>
        </extensions>
      </trkpt>
      <trkpt lat="51.74906484782696" lon="0.6621584482491016">
        <ele>5.599999904632568</ele>
        <time>2024-09-14T11:33:44Z</time>
        <extensions>
          <ns3:TrackPointExtension>
            <ns3:atemp>23.0</ns3:atemp>
          </ns3:TrackPointExtension>
        </extensions>
      </trkpt>
      <trkpt lat="51.74928680062294" lon="0.661454452201724">
        <ele>5.800000190734863</ele>
        <time>2024-09-14T11:33:51Z</time>
        <extensions>
          <ns3:TrackPointExtension>
            <ns3:atemp>23.0</ns3:atemp>
          </ns3:TrackPointExtension>
        </extensions>
      </trkpt>
      <trkpt lat="51.749608498066664" lon="0.6602300237864256">
        <ele>5.800000190734863</ele>
        <time>2024-09-14T11:34:02Z</time>
        <extensions>
          <ns3:TrackPointExtension>
            <ns3:atemp>23.0</ns3:atemp>
          </ns3:TrackPointExtension>
        </extensions>
      </trkpt>
      <trkpt lat="51.74975392408669" lon="0.6592711340636015">
        <ele>6.0</ele>
        <time>2024-09-14T11:34:10Z</time>
        <extensions>
          <ns3:TrackPointExtension>
            <ns3:atemp>22.0</ns3:atemp>
          </ns3:TrackPointExtension>
        </extensions>
      </trkpt>
      <trkpt lat="51.74997663125396" lon="0.658321799710393">
        <ele>5.800000190734863</ele>
        <time>2024-09-14T11:34:18Z</time>
        <extensions>
          <ns3:TrackPointExtension>
            <ns3:atemp>22.0</ns3:atemp>
          </ns3:TrackPointExtension>
        </extensions>
      </trkpt>
      <trkpt lat="51.75060234032571" lon="0.6565152481198311">
        <ele>5.800000190734863</ele>
        <time>2024-09-14T11:34:34Z</time>
        <extensions>
          <ns3:TrackPointExtension>
            <ns3:atemp>22.0</ns3:atemp>
          </ns3:TrackPointExtension>
        </extensions>
      </trkpt>
      <trkpt lat="51.751624597236514" lon="0.6540142558515072">
        <ele>6.199999809265137</ele>
        <time>2024-09-14T11:34:58Z</time>
        <extensions>
          <ns3:TrackPointExtension>
            <ns3:atemp>22.0</ns3:atemp>
          </ns3:TrackPointExtension>
        </extensions>
      </trkpt>
      <trkpt lat="51.75294181331992" lon="0.649797823280096">
        <ele>6.800000190734863</ele>
        <time>2024-09-14T11:35:38Z</time>
        <extensions>
          <ns3:TrackPointExtension>
            <ns3:atemp>22.0</ns3:atemp>
          </ns3:TrackPointExtension>
        </extensions>
      </trkpt>
      <trkpt lat="51.752929240465164" lon="0.6496476195752621">
        <ele>6.800000190734863</ele>
        <time>2024-09-14T11:35:40Z</time>
        <extensions>
          <ns3:TrackPointExtension>
            <ns3:atemp>22.0</ns3:atemp>
          </ns3:TrackPointExtension>
        </extensions>
      </trkpt>
      <trkpt lat="51.752890180796385" lon="0.6495837494730949">
        <ele>6.800000190734863</ele>
        <time>2024-09-14T11:35:41Z</time>
        <extensions>
          <ns3:TrackPointExtension>
            <ns3:atemp>22.0</ns3:atemp>
          </ns3:TrackPointExtension>
        </extensions>
      </trkpt>
      <trkpt lat="51.75262464210391" lon="0.649361377581954">
        <ele>6.599999904632568</ele>
        <time>2024-09-14T11:35:46Z</time>
        <extensions>
          <ns3:TrackPointExtension>
            <ns3:atemp>22.0</ns3:atemp>
          </ns3:TrackPointExtension>
        </extensions>
      </trkpt>
      <trkpt lat="51.75159517675638" lon="0.6488375086337328">
        <ele>7.0</ele>
        <time>2024-09-14T11:36:01Z</time>
        <extensions>
          <ns3:TrackPointExtension>
            <ns3:atemp>22.0</ns3:atemp>
          </ns3:TrackPointExtension>
        </extensions>
      </trkpt>
      <trkpt lat="51.75073167309165" lon="0.6485241930931807">
        <ele>6.800000190734863</ele>
        <time>2024-09-14T11:36:14Z</time>
        <extensions>
          <ns3:TrackPointExtension>
            <ns3:atemp>22.0</ns3:atemp>
          </ns3:TrackPointExtension>
        </extensions>
      </trkpt>
      <trkpt lat="51.75061407499015" lon="0.6484389491379261">
        <ele>6.800000190734863</ele>
        <time>2024-09-14T11:36:16Z</time>
        <extensions>
          <ns3:TrackPointExtension>
            <ns3:atemp>22.0</ns3:atemp>
          </ns3:TrackPointExtension>
        </extensions>
      </trkpt>
      <trkpt lat="51.75054064951837" lon="0.648287320509553">
        <ele>6.599999904632568</ele>
        <time>2024-09-14T11:36:18Z</time>
        <extensions>
          <ns3:TrackPointExtension>
            <ns3:atemp>22.0</ns3:atemp>
          </ns3:TrackPointExtension>
        </extensions>
      </trkpt>
      <trkpt lat="51.75052933394909" lon="0.6479582469910383">
        <ele>6.599999904632568</ele>
        <time>2024-09-14T11:36:21Z</time>
        <extensions>
          <ns3:TrackPointExtension>
            <ns3:atemp>22.0</ns3:atemp>
          </ns3:TrackPointExtension>
        </extensions>
      </trkpt>
      <trkpt lat="51.75065196119249" lon="0.6468613911420107">
        <ele>6.199999809265137</ele>
        <time>2024-09-14T11:36:30Z</time>
        <extensions>
          <ns3:TrackPointExtension>
            <ns3:atemp>22.0</ns3:atemp>
          </ns3:TrackPointExtension>
        </extensions>
      </trkpt>
      <trkpt lat="51.75062455236912" lon="0.6460543815046549">
        <ele>6.400000095367432</ele>
        <time>2024-09-14T11:36:37Z</time>
        <extensions>
          <ns3:TrackPointExtension>
            <ns3:atemp>22.0</ns3:atemp>
          </ns3:TrackPointExtension>
        </extensions>
      </trkpt>
      <trkpt lat="51.750481221824884" lon="0.6451879441738129">
        <ele>6.400000095367432</ele>
        <time>2024-09-14T11:36:45Z</time>
        <extensions>
          <ns3:TrackPointExtension>
            <ns3:atemp>22.0</ns3:atemp>
          </ns3:TrackPointExtension>
        </extensions>
      </trkpt>
      <trkpt lat="51.750113256275654" lon="0.6438350211828947">
        <ele>6.400000095367432</ele>
        <time>2024-09-14T11:36:58Z</time>
        <extensions>
          <ns3:TrackPointExtension>
            <ns3:atemp>22.0</ns3:atemp>
          </ns3:TrackPointExtension>
        </extensions>
      </trkpt>
      <trkpt lat="51.75004058517516" lon="0.6432929635047913">
        <ele>6.400000095367432</ele>
        <time>2024-09-14T11:37:03Z</time>
        <extensions>
          <ns3:TrackPointExtension>
            <ns3:atemp>22.0</ns3:atemp>
          </ns3:TrackPointExtension>
        </extensions>
      </trkpt>
      <trkpt lat="51.75005215220153" lon="0.6416019145399332">
        <ele>6.199999809265137</ele>
        <time>2024-09-14T11:37:18Z</time>
        <extensions>
          <ns3:TrackPointExtension>
            <ns3:atemp>22.0</ns3:atemp>
          </ns3:TrackPointExtension>
        </extensions>
      </trkpt>
      <trkpt lat="51.750271674245596" lon="0.6393272336572409">
        <ele>6.599999904632568</ele>
        <time>2024-09-14T11:37:39Z</time>
        <extensions>
          <ns3:TrackPointExtension>
            <ns3:atemp>22.0</ns3:atemp>
          </ns3:TrackPointExtension>
        </extensions>
      </trkpt>
      <trkpt lat="51.75029564648867" lon="0.6385882012546062">
        <ele>6.599999904632568</ele>
        <time>2024-09-14T11:37:54Z</time>
        <extensions>
          <ns3:TrackPointExtension>
            <ns3:atemp>22.0</ns3:atemp>
          </ns3:TrackPointExtension>
        </extensions>
      </trkpt>
      <trkpt lat="51.75026161596179" lon="0.6385054718703032">
        <ele>6.199999809265137</ele>
        <time>2024-09-14T11:38:13Z</time>
        <extensions>
          <ns3:TrackPointExtension>
            <ns3:atemp>22.0</ns3:atemp>
          </ns3:TrackPointExtension>
        </extensions>
      </trkpt>
      <trkpt lat="51.75023999065161" lon="0.6382067408412695">
        <ele>6.400000095367432</ele>
        <time>2024-09-14T11:38:18Z</time>
        <extensions>
          <ns3:TrackPointExtension>
            <ns3:atemp>22.0</ns3:atemp>
          </ns3:TrackPointExtension>
        </extensions>
      </trkpt>
      <trkpt lat="51.75021610222757" lon="0.637456476688385">
        <ele>6.800000190734863</ele>
        <time>2024-09-14T11:38:26Z</time>
        <extensions>
          <ns3:TrackPointExtension>
            <ns3:atemp>22.0</ns3:atemp>
          </ns3:TrackPointExtension>
        </extensions>
      </trkpt>
      <trkpt lat="51.75002893432975" lon="0.6362624745815992">
        <ele>7.599999904632568</ele>
        <time>2024-09-14T11:38:38Z</time>
        <extensions>
          <ns3:TrackPointExtension>
            <ns3:atemp>22.0</ns3:atemp>
          </ns3:TrackPointExtension>
        </extensions>
      </trkpt>
      <trkpt lat="51.749806981533766" lon="0.6352558918297291">
        <ele>7.599999904632568</ele>
        <time>2024-09-14T11:38:47Z</time>
        <extensions>
          <ns3:TrackPointExtension>
            <ns3:atemp>23.0</ns3:atemp>
          </ns3:TrackPointExtension>
        </extensions>
      </trkpt>
      <trkpt lat="51.74976415000856" lon="0.6347946356981993">
        <ele>7.800000190734863</ele>
        <time>2024-09-14T11:38:51Z</time>
        <extensions>
          <ns3:TrackPointExtension>
            <ns3:atemp>23.0</ns3:atemp>
          </ns3:TrackPointExtension>
        </extensions>
      </trkpt>
      <trkpt lat="51.74983145669103" lon="0.63422542065382">
        <ele>8.0</ele>
        <time>2024-09-14T11:38:56Z</time>
        <extensions>
          <ns3:TrackPointExtension>
            <ns3:atemp>23.0</ns3:atemp>
          </ns3:TrackPointExtension>
        </extensions>
      </trkpt>
      <trkpt lat="51.75040955655277" lon="0.6327336095273495">
        <ele>8.199999809265137</ele>
        <time>2024-09-14T11:39:11Z</time>
        <extensions>
          <ns3:TrackPointExtension>
            <ns3:atemp>22.0</ns3:atemp>
          </ns3:TrackPointExtension>
        </extensions>
      </trkpt>
      <trkpt lat="51.75051064230502" lon="0.6323368940502405">
        <ele>8.199999809265137</ele>
        <time>2024-09-14T11:39:15Z</time>
        <extensions>
          <ns3:TrackPointExtension>
            <ns3:atemp>22.0</ns3:atemp>
          </ns3:TrackPointExtension>
        </extensions>
      </trkpt>
      <trkpt lat="51.75048750825226" lon="0.6317382585257292">
        <ele>8.199999809265137</ele>
        <time>2024-09-14T11:39:20Z</time>
        <extensions>
          <ns3:TrackPointExtension>
            <ns3:atemp>22.0</ns3:atemp>
          </ns3:TrackPointExtension>
        </extensions>
      </trkpt>
      <trkpt lat="51.75040327012539" lon="0.6310390401631594">
        <ele>8.0</ele>
        <time>2024-09-14T11:39:26Z</time>
        <extensions>
          <ns3:TrackPointExtension>
            <ns3:atemp>22.0</ns3:atemp>
          </ns3:TrackPointExtension>
        </extensions>
      </trkpt>
      <trkpt lat="51.750346440821886" lon="0.6307080388069153">
        <ele>8.0</ele>
        <time>2024-09-14T11:39:29Z</time>
        <extensions>
          <ns3:TrackPointExtension>
            <ns3:atemp>22.0</ns3:atemp>
          </ns3:TrackPointExtension>
        </extensions>
      </trkpt>
      <trkpt lat="51.75026974640787" lon="0.6304980721324682">
        <ele>8.199999809265137</ele>
        <time>2024-09-14T11:39:31Z</time>
        <extensions>
          <ns3:TrackPointExtension>
            <ns3:atemp>22.0</ns3:atemp>
          </ns3:TrackPointExtension>
        </extensions>
      </trkpt>
      <trkpt lat="51.749884597957134" lon="0.6297844368964434">
        <ele>8.600000381469727</ele>
        <time>2024-09-14T11:39:39Z</time>
        <extensions>
          <ns3:TrackPointExtension>
            <ns3:atemp>22.0</ns3:atemp>
          </ns3:TrackPointExtension>
        </extensions>
      </trkpt>
      <trkpt lat="51.74945200793445" lon="0.6288229487836361">
        <ele>8.199999809265137</ele>
        <time>2024-09-14T11:39:49Z</time>
        <extensions>
          <ns3:TrackPointExtension>
            <ns3:atemp>22.0</ns3:atemp>
          </ns3:TrackPointExtension>
        </extensions>
      </trkpt>
      <trkpt lat="51.748174857348204" lon="0.6267945282161236">
        <ele>8.600000381469727</ele>
        <time>2024-09-14T11:40:13Z</time>
        <extensions>
          <ns3:TrackPointExtension>
            <ns3:atemp>22.0</ns3:atemp>
          </ns3:TrackPointExtension>
        </extensions>
      </trkpt>
      <trkpt lat="51.74738016910851" lon="0.6245325040072203">
        <ele>7.599999904632568</ele>
        <time>2024-09-14T11:40:36Z</time>
        <extensions>
          <ns3:TrackPointExtension>
            <ns3:atemp>22.0</ns3:atemp>
          </ns3:TrackPointExtension>
        </extensions>
      </trkpt>
      <trkpt lat="51.74719836562872" lon="0.622783787548542">
        <ele>8.0</ele>
        <time>2024-09-14T11:40:51Z</time>
        <extensions>
          <ns3:TrackPointExtension>
            <ns3:atemp>22.0</ns3:atemp>
          </ns3:TrackPointExtension>
        </extensions>
      </trkpt>
      <trkpt lat="51.74717104062438" lon="0.6217015162110329">
        <ele>8.800000190734863</ele>
        <time>2024-09-14T11:41:01Z</time>
        <extensions>
          <ns3:TrackPointExtension>
            <ns3:atemp>22.0</ns3:atemp>
          </ns3:TrackPointExtension>
        </extensions>
      </trkpt>
      <trkpt lat="51.74720264039934" lon="0.6214716006070375">
        <ele>9.0</ele>
        <time>2024-09-14T11:41:03Z</time>
        <extensions>
          <ns3:TrackPointExtension>
            <ns3:atemp>22.0</ns3:atemp>
          </ns3:TrackPointExtension>
        </extensions>
      </trkpt>
      <trkpt lat="51.7472337372601" lon="0.6213716883212328">
        <ele>9.0</ele>
        <time>2024-09-14T11:41:04Z</time>
        <extensions>
          <ns3:TrackPointExtension>
            <ns3:atemp>22.0</ns3:atemp>
          </ns3:TrackPointExtension>
        </extensions>
      </trkpt>
      <trkpt lat="51.74766456708312" lon="0.6206915806978941">
        <ele>9.0</ele>
        <time>2024-09-14T11:41:13Z</time>
        <extensions>
          <ns3:TrackPointExtension>
            <ns3:atemp>22.0</ns3:atemp>
          </ns3:TrackPointExtension>
        </extensions>
      </trkpt>
      <trkpt lat="51.747931027784944" lon="0.6200719904154539">
        <ele>8.800000190734863</ele>
        <time>2024-09-14T11:41:20Z</time>
        <extensions>
          <ns3:TrackPointExtension>
            <ns3:atemp>22.0</ns3:atemp>
          </ns3:TrackPointExtension>
        </extensions>
      </trkpt>
      <trkpt lat="51.74798601306975" lon="0.6196337845176458">
        <ele>8.600000381469727</ele>
        <time>2024-09-14T11:41:24Z</time>
        <extensions>
          <ns3:TrackPointExtension>
            <ns3:atemp>22.0</ns3:atemp>
          </ns3:TrackPointExtension>
        </extensions>
      </trkpt>
      <trkpt lat="51.74799623899162" lon="0.6191860232502222">
        <ele>8.600000381469727</ele>
        <time>2024-09-14T11:41:28Z</time>
        <extensions>
          <ns3:TrackPointExtension>
            <ns3:atemp>21.0</ns3:atemp>
          </ns3:TrackPointExtension>
        </extensions>
      </trkpt>
      <trkpt lat="51.74808198586106" lon="0.6187972705811262">
        <ele>8.600000381469727</ele>
        <time>2024-09-14T11:41:32Z</time>
        <extensions>
          <ns3:TrackPointExtension>
            <ns3:atemp>21.0</ns3:atemp>
          </ns3:TrackPointExtension>
        </extensions>
      </trkpt>
      <trkpt lat="51.748239481821656" lon="0.61739900149405">
        <ele>9.399999618530273</ele>
        <time>2024-09-14T11:41:46Z</time>
        <extensions>
          <ns3:TrackPointExtension>
            <ns3:atemp>21.0</ns3:atemp>
          </ns3:TrackPointExtension>
        </extensions>
      </trkpt>
      <trkpt lat="51.7482578381896" lon="0.6167778186500072">
        <ele>9.399999618530273</ele>
        <time>2024-09-14T11:41:52Z</time>
        <extensions>
          <ns3:TrackPointExtension>
            <ns3:atemp>21.0</ns3:atemp>
          </ns3:TrackPointExtension>
        </extensions>
      </trkpt>
      <trkpt lat="51.7481647990644" lon="0.6144612282514572">
        <ele>10.0</ele>
        <time>2024-09-14T11:42:14Z</time>
        <extensions>
          <ns3:TrackPointExtension>
            <ns3:atemp>21.0</ns3:atemp>
          </ns3:TrackPointExtension>
        </extensions>
      </trkpt>
      <trkpt lat="51.74812540411949" lon="0.6141336634755135">
        <ele>9.800000190734863</ele>
        <time>2024-09-14T11:42:19Z</time>
        <extensions>
          <ns3:TrackPointExtension>
            <ns3:atemp>21.0</ns3:atemp>
          </ns3:TrackPointExtension>
        </extensions>
      </trkpt>
      <trkpt lat="51.748050302267075" lon="0.6139411311596632">
        <ele>9.0</ele>
        <time>2024-09-14T11:42:26Z</time>
        <extensions>
          <ns3:TrackPointExtension>
            <ns3:atemp>21.0</ns3:atemp>
          </ns3:TrackPointExtension>
        </extensions>
      </trkpt>
      <trkpt lat="51.748048374429345" lon="0.6138433143496513">
        <ele>8.199999809265137</ele>
        <time>2024-09-14T11:42:37Z</time>
        <extensions>
          <ns3:TrackPointExtension>
            <ns3:atemp>21.0</ns3:atemp>
          </ns3:TrackPointExtension>
        </extensions>
      </trkpt>
      <trkpt lat="51.748075196519494" lon="0.6137602496892214">
        <ele>8.199999809265137</ele>
        <time>2024-09-14T11:42:39Z</time>
        <extensions>
          <ns3:TrackPointExtension>
            <ns3:atemp>21.0</ns3:atemp>
          </ns3:TrackPointExtension>
        </extensions>
      </trkpt>
      <trkpt lat="51.74843377433717" lon="0.6135969702154398">
        <ele>9.199999809265137</ele>
        <time>2024-09-14T11:42:48Z</time>
        <extensions>
          <ns3:TrackPointExtension>
            <ns3:atemp>21.0</ns3:atemp>
          </ns3:TrackPointExtension>
        </extensions>
      </trkpt>
      <trkpt lat="51.74872630275786" lon="0.6135973893105984">
        <ele>9.600000381469727</ele>
        <time>2024-09-14T11:42:53Z</time>
        <extensions>
          <ns3:TrackPointExtension>
            <ns3:atemp>21.0</ns3:atemp>
          </ns3:TrackPointExtension>
        </extensions>
      </trkpt>
      <trkpt lat="51.749147744849324" lon="0.6136890035122633">
        <ele>10.800000190734863</ele>
        <time>2024-09-14T11:43:00Z</time>
        <extensions>
          <ns3:TrackPointExtension>
            <ns3:atemp>21.0</ns3:atemp>
          </ns3:TrackPointExtension>
        </extensions>
      </trkpt>
      <trkpt lat="51.74925897270441" lon="0.6136479321867228">
        <ele>11.399999618530273</ele>
        <time>2024-09-14T11:43:02Z</time>
        <extensions>
          <ns3:TrackPointExtension>
            <ns3:atemp>21.0</ns3:atemp>
          </ns3:TrackPointExtension>
        </extensions>
      </trkpt>
      <trkpt lat="51.749356370419264" lon="0.61354860663414">
        <ele>12.0</ele>
        <time>2024-09-14T11:43:04Z</time>
        <extensions>
          <ns3:TrackPointExtension>
            <ns3:atemp>21.0</ns3:atemp>
          </ns3:TrackPointExtension>
        </extensions>
      </trkpt>
      <trkpt lat="51.74946810118854" lon="0.6132721714675426">
        <ele>12.800000190734863</ele>
        <time>2024-09-14T11:43:08Z</time>
        <extensions>
          <ns3:TrackPointExtension>
            <ns3:atemp>21.0</ns3:atemp>
          </ns3:TrackPointExtension>
        </extensions>
      </trkpt>
      <trkpt lat="51.74954974092543" lon="0.6129431817680597">
        <ele>13.800000190734863</ele>
        <time>2024-09-14T11:43:12Z</time>
        <extensions>
          <ns3:TrackPointExtension>
            <ns3:atemp>21.0</ns3:atemp>
          </ns3:TrackPointExtension>
        </extensions>
      </trkpt>
      <trkpt lat="51.74966876395047" lon="0.6117875687777996">
        <ele>15.399999618530273</ele>
        <time>2024-09-14T11:43:25Z</time>
        <extensions>
          <ns3:TrackPointExtension>
            <ns3:atemp>21.0</ns3:atemp>
          </ns3:TrackPointExtension>
        </extensions>
      </trkpt>
      <trkpt lat="51.74980044364929" lon="0.6110795494168997">
        <ele>15.0</ele>
        <time>2024-09-14T11:43:32Z</time>
        <extensions>
          <ns3:TrackPointExtension>
            <ns3:atemp>21.0</ns3:atemp>
          </ns3:TrackPointExtension>
        </extensions>
      </trkpt>
      <trkpt lat="51.750086937099695" lon="0.6101016327738762">
        <ele>15.0</ele>
        <time>2024-09-14T11:43:43Z</time>
        <extensions>
          <ns3:TrackPointExtension>
            <ns3:atemp>21.0</ns3:atemp>
          </ns3:TrackPointExtension>
        </extensions>
      </trkpt>
      <trkpt lat="51.75021132454276" lon="0.6098614074289799">
        <ele>15.0</ele>
        <time>2024-09-14T11:43:46Z</time>
        <extensions>
          <ns3:TrackPointExtension>
            <ns3:atemp>21.0</ns3:atemp>
          </ns3:TrackPointExtension>
        </extensions>
      </trkpt>
      <trkpt lat="51.75043319351971" lon="0.6097616627812386">
        <ele>15.800000190734863</ele>
        <time>2024-09-14T11:43:50Z</time>
        <extensions>
          <ns3:TrackPointExtension>
            <ns3:atemp>21.0</ns3:atemp>
          </ns3:TrackPointExtension>
        </extensions>
      </trkpt>
      <trkpt lat="51.7516028881073" lon="0.6098482478410006">
        <ele>20.200000762939453</ele>
        <time>2024-09-14T11:44:12Z</time>
        <extensions>
          <ns3:TrackPointExtension>
            <ns3:atemp>21.0</ns3:atemp>
          </ns3:TrackPointExtension>
        </extensions>
      </trkpt>
      <trkpt lat="51.75179340876639" lon="0.6096844654530287">
        <ele>21.0</ele>
        <time>2024-09-14T11:44:16Z</time>
        <extensions>
          <ns3:TrackPointExtension>
            <ns3:atemp>21.0</ns3:atemp>
          </ns3:TrackPointExtension>
        </extensions>
      </trkpt>
      <trkpt lat="51.751943025738" lon="0.6093227863311768">
        <ele>21.200000762939453</ele>
        <time>2024-09-14T11:44:22Z</time>
        <extensions>
          <ns3:TrackPointExtension>
            <ns3:atemp>21.0</ns3:atemp>
          </ns3:TrackPointExtension>
        </extensions>
      </trkpt>
      <trkpt lat="51.75198149867356" lon="0.609060013666749">
        <ele>21.200000762939453</ele>
        <time>2024-09-14T11:44:26Z</time>
        <extensions>
          <ns3:TrackPointExtension>
            <ns3:atemp>21.0</ns3:atemp>
          </ns3:TrackPointExtension>
        </extensions>
      </trkpt>
      <trkpt lat="51.75221401266754" lon="0.6080892216414213">
        <ele>19.799999237060547</ele>
        <time>2024-09-14T11:44:37Z</time>
        <extensions>
          <ns3:TrackPointExtension>
            <ns3:atemp>21.0</ns3:atemp>
          </ns3:TrackPointExtension>
        </extensions>
      </trkpt>
      <trkpt lat="51.753030912950635" lon="0.605252617970109">
        <ele>17.399999618530273</ele>
        <time>2024-09-14T11:45:05Z</time>
        <extensions>
          <ns3:TrackPointExtension>
            <ns3:atemp>21.0</ns3:atemp>
          </ns3:TrackPointExtension>
        </extensions>
      </trkpt>
      <trkpt lat="51.75308455713093" lon="0.6049434095621109">
        <ele>17.200000762939453</ele>
        <time>2024-09-14T11:45:08Z</time>
        <extensions>
          <ns3:TrackPointExtension>
            <ns3:atemp>21.0</ns3:atemp>
          </ns3:TrackPointExtension>
        </extensions>
      </trkpt>
      <trkpt lat="51.75308388657868" lon="0.6044565886259079">
        <ele>16.200000762939453</ele>
        <time>2024-09-14T11:45:12Z</time>
        <extensions>
          <ns3:TrackPointExtension>
            <ns3:atemp>21.0</ns3:atemp>
          </ns3:TrackPointExtension>
        </extensions>
      </trkpt>
      <trkpt lat="51.75300618633628" lon="0.6038302928209305">
        <ele>14.600000381469727</ele>
        <time>2024-09-14T11:45:17Z</time>
        <extensions>
          <ns3:TrackPointExtension>
            <ns3:atemp>21.0</ns3:atemp>
          </ns3:TrackPointExtension>
        </extensions>
      </trkpt>
      <trkpt lat="51.75294726155698" lon="0.6035787519067526">
        <ele>14.199999809265137</ele>
        <time>2024-09-14T11:45:19Z</time>
        <extensions>
          <ns3:TrackPointExtension>
            <ns3:atemp>21.0</ns3:atemp>
          </ns3:TrackPointExtension>
        </extensions>
      </trkpt>
      <trkpt lat="51.752731930464506" lon="0.603059409186244">
        <ele>13.600000381469727</ele>
        <time>2024-09-14T11:45:24Z</time>
        <extensions>
          <ns3:TrackPointExtension>
            <ns3:atemp>21.0</ns3:atemp>
          </ns3:TrackPointExtension>
        </extensions>
      </trkpt>
      <trkpt lat="51.75264811143279" lon="0.6027042679488659">
        <ele>13.199999809265137</ele>
        <time>2024-09-14T11:45:27Z</time>
        <extensions>
          <ns3:TrackPointExtension>
            <ns3:atemp>21.0</ns3:atemp>
          </ns3:TrackPointExtension>
        </extensions>
      </trkpt>
      <trkpt lat="51.752611650153995" lon="0.6018368247896433">
        <ele>12.600000381469727</ele>
        <time>2024-09-14T11:45:33Z</time>
        <extensions>
          <ns3:TrackPointExtension>
            <ns3:atemp>21.0</ns3:atemp>
          </ns3:TrackPointExtension>
        </extensions>
      </trkpt>
      <trkpt lat="51.75248919054866" lon="0.6007219478487968">
        <ele>11.399999618530273</ele>
        <time>2024-09-14T11:45:41Z</time>
        <extensions>
          <ns3:TrackPointExtension>
            <ns3:atemp>21.0</ns3:atemp>
          </ns3:TrackPointExtension>
        </extensions>
      </trkpt>
      <trkpt lat="51.75256437622011" lon="0.6002115737646818">
        <ele>11.0</ele>
        <time>2024-09-14T11:45:45Z</time>
        <extensions>
          <ns3:TrackPointExtension>
            <ns3:atemp>21.0</ns3:atemp>
          </ns3:TrackPointExtension>
        </extensions>
      </trkpt>
      <trkpt lat="51.75274332985282" lon="0.5998083204030991">
        <ele>10.800000190734863</ele>
        <time>2024-09-14T11:45:49Z</time>
        <extensions>
          <ns3:TrackPointExtension>
            <ns3:atemp>21.0</ns3:atemp>
          </ns3:TrackPointExtension>
        </extensions>
      </trkpt>
      <trkpt lat="51.753411535173655" lon="0.598763432353735">
        <ele>11.800000190734863</ele>
        <time>2024-09-14T11:46:01Z</time>
        <extensions>
          <ns3:TrackPointExtension>
            <ns3:atemp>21.0</ns3:atemp>
          </ns3:TrackPointExtension>
        </extensions>
      </trkpt>
      <trkpt lat="51.753884106874466" lon="0.5979366414248943">
        <ele>12.0</ele>
        <time>2024-09-14T11:46:10Z</time>
        <extensions>
          <ns3:TrackPointExtension>
            <ns3:atemp>21.0</ns3:atemp>
          </ns3:TrackPointExtension>
        </extensions>
      </trkpt>
      <trkpt lat="51.75434016622603" lon="0.5967673659324646">
        <ele>11.399999618530273</ele>
        <time>2024-09-14T11:46:22Z</time>
        <extensions>
          <ns3:TrackPointExtension>
            <ns3:atemp>21.0</ns3:atemp>
          </ns3:TrackPointExtension>
        </extensions>
      </trkpt>
      <trkpt lat="51.75514851696789" lon="0.5954451207071543">
        <ele>10.800000190734863</ele>
        <time>2024-09-14T11:46:38Z</time>
        <extensions>
          <ns3:TrackPointExtension>
            <ns3:atemp>21.0</ns3:atemp>
          </ns3:TrackPointExtension>
        </extensions>
      </trkpt>
      <trkpt lat="51.75577472895384" lon="0.5939864180982113">
        <ele>12.0</ele>
        <time>2024-09-14T11:46:55Z</time>
        <extensions>
          <ns3:TrackPointExtension>
            <ns3:atemp>21.0</ns3:atemp>
          </ns3:TrackPointExtension>
        </extensions>
      </trkpt>
      <trkpt lat="51.75587514415383" lon="0.5939290020614862">
        <ele>12.600000381469727</ele>
        <time>2024-09-14T11:46:57Z</time>
        <extensions>
          <ns3:TrackPointExtension>
            <ns3:atemp>21.0</ns3:atemp>
          </ns3:TrackPointExtension>
        </extensions>
      </trkpt>
      <trkpt lat="51.75664904527366" lon="0.594253046438098">
        <ele>18.0</ele>
        <time>2024-09-14T11:47:16Z</time>
        <extensions>
          <ns3:TrackPointExtension>
            <ns3:atemp>21.0</ns3:atemp>
          </ns3:TrackPointExtension>
        </extensions>
      </trkpt>
      <trkpt lat="51.7582996096462" lon="0.5947712156921625">
        <ele>25.799999237060547</ele>
        <time>2024-09-14T11:47:54Z</time>
        <extensions>
          <ns3:TrackPointExtension>
            <ns3:atemp>21.0</ns3:atemp>
          </ns3:TrackPointExtension>
        </extensions>
      </trkpt>
      <trkpt lat="51.75902212969959" lon="0.594952767714858">
        <ele>26.0</ele>
        <time>2024-09-14T11:48:09Z</time>
        <extensions>
          <ns3:TrackPointExtension>
            <ns3:atemp>21.0</ns3:atemp>
          </ns3:TrackPointExtension>
        </extensions>
      </trkpt>
      <trkpt lat="51.75917820073664" lon="0.5949329026043415">
        <ele>25.600000381469727</ele>
        <time>2024-09-14T11:48:12Z</time>
        <extensions>
          <ns3:TrackPointExtension>
            <ns3:atemp>21.0</ns3:atemp>
          </ns3:TrackPointExtension>
        </extensions>
      </trkpt>
      <trkpt lat="51.75925053656101" lon="0.5948033183813095">
        <ele>25.600000381469727</ele>
        <time>2024-09-14T11:48:14Z</time>
        <extensions>
          <ns3:TrackPointExtension>
            <ns3:atemp>21.0</ns3:atemp>
          </ns3:TrackPointExtension>
        </extensions>
      </trkpt>
      <trkpt lat="51.7599040735513" lon="0.5915439315140247">
        <ele>29.0</ele>
        <time>2024-09-14T11:48:51Z</time>
        <extensions>
          <ns3:TrackPointExtension>
            <ns3:atemp>21.0</ns3:atemp>
          </ns3:TrackPointExtension>
        </extensions>
      </trkpt>
      <trkpt lat="51.76040447317064" lon="0.5897624418139458">
        <ele>29.799999237060547</ele>
        <time>2024-09-14T11:49:11Z</time>
        <extensions>
          <ns3:TrackPointExtension>
            <ns3:atemp>21.0</ns3:atemp>
          </ns3:TrackPointExtension>
        </extensions>
      </trkpt>
      <trkpt lat="51.760799679905176" lon="0.5884913261979818">
        <ele>30.600000381469727</ele>
        <time>2024-09-14T11:49:25Z</time>
        <extensions>
          <ns3:TrackPointExtension>
            <ns3:atemp>21.0</ns3:atemp>
          </ns3:TrackPointExtension>
        </extensions>
      </trkpt>
      <trkpt lat="51.76153535954654" lon="0.585251972079277">
        <ele>32.20000076293945</ele>
        <time>2024-09-14T11:49:56Z</time>
        <extensions>
          <ns3:TrackPointExtension>
            <ns3:atemp>21.0</ns3:atemp>
          </ns3:TrackPointExtension>
        </extensions>
      </trkpt>
      <trkpt lat="51.76179796457291" lon="0.584505395963788">
        <ele>32.20000076293945</ele>
        <time>2024-09-14T11:50:03Z</time>
        <extensions>
          <ns3:TrackPointExtension>
            <ns3:atemp>21.0</ns3:atemp>
          </ns3:TrackPointExtension>
        </extensions>
      </trkpt>
      <trkpt lat="51.76189972087741" lon="0.5839642602950335">
        <ele>32.0</ele>
        <time>2024-09-14T11:50:08Z</time>
        <extensions>
          <ns3:TrackPointExtension>
            <ns3:atemp>21.0</ns3:atemp>
          </ns3:TrackPointExtension>
        </extensions>
      </trkpt>
      <trkpt lat="51.76189326681197" lon="0.5837589036673307">
        <ele>32.0</ele>
        <time>2024-09-14T11:50:10Z</time>
        <extensions>
          <ns3:TrackPointExtension>
            <ns3:atemp>21.0</ns3:atemp>
          </ns3:TrackPointExtension>
        </extensions>
      </trkpt>
      <trkpt lat="51.76176049746573" lon="0.5833314266055822">
        <ele>32.20000076293945</ele>
        <time>2024-09-14T11:50:15Z</time>
        <extensions>
          <ns3:TrackPointExtension>
            <ns3:atemp>21.0</ns3:atemp>
          </ns3:TrackPointExtension>
        </extensions>
      </trkpt>
      <trkpt lat="51.761706015095115" lon="0.5829479545354843">
        <ele>32.599998474121094</ele>
        <time>2024-09-14T11:50:19Z</time>
        <extensions>
          <ns3:TrackPointExtension>
            <ns3:atemp>21.0</ns3:atemp>
          </ns3:TrackPointExtension>
        </extensions>
      </trkpt>
      <trkpt lat="51.761696795001626" lon="0.5823368299752474">
        <ele>32.599998474121094</ele>
        <time>2024-09-14T11:50:25Z</time>
        <extensions>
          <ns3:TrackPointExtension>
            <ns3:atemp>21.0</ns3:atemp>
          </ns3:TrackPointExtension>
        </extensions>
      </trkpt>
      <trkpt lat="51.7617501039058" lon="0.5818308144807816">
        <ele>33.0</ele>
        <time>2024-09-14T11:50:30Z</time>
        <extensions>
          <ns3:TrackPointExtension>
            <ns3:atemp>21.0</ns3:atemp>
          </ns3:TrackPointExtension>
        </extensions>
      </trkpt>
      <trkpt lat="51.761738788336515" lon="0.58162453584373">
        <ele>33.20000076293945</ele>
        <time>2024-09-14T11:50:32Z</time>
        <extensions>
          <ns3:TrackPointExtension>
            <ns3:atemp>21.0</ns3:atemp>
          </ns3:TrackPointExtension>
        </extensions>
      </trkpt>
      <trkpt lat="51.76166293211281" lon="0.5814479291439056">
        <ele>33.20000076293945</ele>
        <time>2024-09-14T11:50:34Z</time>
        <extensions>
          <ns3:TrackPointExtension>
            <ns3:atemp>21.0</ns3:atemp>
          </ns3:TrackPointExtension>
        </extensions>
      </trkpt>
      <trkpt lat="51.76135456189513" lon="0.5812385492026806">
        <ele>33.0</ele>
        <time>2024-09-14T11:50:39Z</time>
        <extensions>
          <ns3:TrackPointExtension>
            <ns3:atemp>21.0</ns3:atemp>
          </ns3:TrackPointExtension>
        </extensions>
      </trkpt>
      <trkpt lat="51.76130653358996" lon="0.5811561550945044">
        <ele>33.0</ele>
        <time>2024-09-14T11:50:40Z</time>
        <extensions>
          <ns3:TrackPointExtension>
            <ns3:atemp>21.0</ns3:atemp>
          </ns3:TrackPointExtension>
        </extensions>
      </trkpt>
      <trkpt lat="51.761261858046055" lon="0.5809485353529453">
        <ele>33.0</ele>
        <time>2024-09-14T11:50:42Z</time>
        <extensions>
          <ns3:TrackPointExtension>
            <ns3:atemp>21.0</ns3:atemp>
          </ns3:TrackPointExtension>
        </extensions>
      </trkpt>
      <trkpt lat="51.7613182682544" lon="0.5786939710378647">
        <ele>33.79999923706055</ele>
        <time>2024-09-14T11:51:02Z</time>
        <extensions>
          <ns3:TrackPointExtension>
            <ns3:atemp>21.0</ns3:atemp>
          </ns3:TrackPointExtension>
        </extensions>
      </trkpt>
      <trkpt lat="51.76132380031049" lon="0.5769144091755152">
        <ele>33.79999923706055</ele>
        <time>2024-09-14T11:51:17Z</time>
        <extensions>
          <ns3:TrackPointExtension>
            <ns3:atemp>21.0</ns3:atemp>
          </ns3:TrackPointExtension>
        </extensions>
      </trkpt>
      <trkpt lat="51.76129966042936" lon="0.5762490537017584">
        <ele>34.20000076293945</ele>
        <time>2024-09-14T11:51:23Z</time>
        <extensions>
          <ns3:TrackPointExtension>
            <ns3:atemp>21.0</ns3:atemp>
          </ns3:TrackPointExtension>
        </extensions>
      </trkpt>
      <trkpt lat="51.76116487942636" lon="0.5746275745332241">
        <ele>33.79999923706055</ele>
        <time>2024-09-14T11:51:37Z</time>
        <extensions>
          <ns3:TrackPointExtension>
            <ns3:atemp>21.0</ns3:atemp>
          </ns3:TrackPointExtension>
        </extensions>
      </trkpt>
      <trkpt lat="51.761253979057074" lon="0.5734571255743504">
        <ele>34.0</ele>
        <time>2024-09-14T11:51:51Z</time>
        <extensions>
          <ns3:TrackPointExtension>
            <ns3:atemp>21.0</ns3:atemp>
          </ns3:TrackPointExtension>
        </extensions>
      </trkpt>
      <trkpt lat="51.761593697592616" lon="0.5721278395503759">
        <ele>34.0</ele>
        <time>2024-09-14T11:52:06Z</time>
        <extensions>
          <ns3:TrackPointExtension>
            <ns3:atemp>21.0</ns3:atemp>
          </ns3:TrackPointExtension>
        </extensions>
      </trkpt>
      <trkpt lat="51.7616964597255" lon="0.5718572717159986">
        <ele>34.0</ele>
        <time>2024-09-14T11:52:09Z</time>
        <extensions>
          <ns3:TrackPointExtension>
            <ns3:atemp>21.0</ns3:atemp>
          </ns3:TrackPointExtension>
        </extensions>
      </trkpt>
      <trkpt lat="51.761793019250035" lon="0.5717188026756048">
        <ele>34.20000076293945</ele>
        <time>2024-09-14T11:52:11Z</time>
        <extensions>
          <ns3:TrackPointExtension>
            <ns3:atemp>21.0</ns3:atemp>
          </ns3:TrackPointExtension>
        </extensions>
      </trkpt>
      <trkpt lat="51.76245502196252" lon="0.5711475759744644">
        <ele>36.79999923706055</ele>
        <time>2024-09-14T11:52:23Z</time>
        <extensions>
          <ns3:TrackPointExtension>
            <ns3:atemp>22.0</ns3:atemp>
          </ns3:TrackPointExtension>
        </extensions>
      </trkpt>
      <trkpt lat="51.762823071330786" lon="0.5709069315344095">
        <ele>37.79999923706055</ele>
        <time>2024-09-14T11:52:29Z</time>
        <extensions>
          <ns3:TrackPointExtension>
            <ns3:atemp>22.0</ns3:atemp>
          </ns3:TrackPointExtension>
        </extensions>
      </trkpt>
      <trkpt lat="51.7636804562062" lon="0.5705124791711569">
        <ele>39.20000076293945</ele>
        <time>2024-09-14T11:52:43Z</time>
        <extensions>
          <ns3:TrackPointExtension>
            <ns3:atemp>21.0</ns3:atemp>
          </ns3:TrackPointExtension>
        </extensions>
      </trkpt>
      <trkpt lat="51.76388120278716" lon="0.5704704020172358">
        <ele>39.400001525878906</ele>
        <time>2024-09-14T11:52:46Z</time>
        <extensions>
          <ns3:TrackPointExtension>
            <ns3:atemp>21.0</ns3:atemp>
          </ns3:TrackPointExtension>
        </extensions>
      </trkpt>
      <trkpt lat="51.76408211700618" lon="0.5704955477267504">
        <ele>39.599998474121094</ele>
        <time>2024-09-14T11:52:49Z</time>
        <extensions>
          <ns3:TrackPointExtension>
            <ns3:atemp>21.0</ns3:atemp>
          </ns3:TrackPointExtension>
        </extensions>
      </trkpt>
      <trkpt lat="51.76634858362377" lon="0.5714049842208624">
        <ele>40.400001525878906</ele>
        <time>2024-09-14T11:53:27Z</time>
        <extensions>
          <ns3:TrackPointExtension>
            <ns3:atemp>21.0</ns3:atemp>
          </ns3:TrackPointExtension>
        </extensions>
      </trkpt>
      <trkpt lat="51.768124708905816" lon="0.5725239682942629">
        <ele>36.79999923706055</ele>
        <time>2024-09-14T11:53:53Z</time>
        <extensions>
          <ns3:TrackPointExtension>
            <ns3:atemp>21.0</ns3:atemp>
          </ns3:TrackPointExtension>
        </extensions>
      </trkpt>
      <trkpt lat="51.76863558590412" lon="0.573007520288229">
        <ele>36.599998474121094</ele>
        <time>2024-09-14T11:54:00Z</time>
        <extensions>
          <ns3:TrackPointExtension>
            <ns3:atemp>21.0</ns3:atemp>
          </ns3:TrackPointExtension>
        </extensions>
      </trkpt>
      <trkpt lat="51.76965272985399" lon="0.5734861269593239">
        <ele>35.20000076293945</ele>
        <time>2024-09-14T11:54:11Z</time>
        <extensions>
          <ns3:TrackPointExtension>
            <ns3:atemp>21.0</ns3:atemp>
          </ns3:TrackPointExtension>
        </extensions>
      </trkpt>
      <trkpt lat="51.770302494987845" lon="0.5735712870955467">
        <ele>34.0</ele>
        <time>2024-09-14T11:54:18Z</time>
        <extensions>
          <ns3:TrackPointExtension>
            <ns3:atemp>21.0</ns3:atemp>
          </ns3:TrackPointExtension>
        </extensions>
      </trkpt>
      <trkpt lat="51.771581154316664" lon="0.5739990994334221">
        <ele>35.400001525878906</ele>
        <time>2024-09-14T11:54:38Z</time>
        <extensions>
          <ns3:TrackPointExtension>
            <ns3:atemp>21.0</ns3:atemp>
          </ns3:TrackPointExtension>
        </extensions>
      </trkpt>
      <trkpt lat="51.77183504216373" lon="0.5739752110093832">
        <ele>35.20000076293945</ele>
        <time>2024-09-14T11:55:15Z</time>
        <extensions>
          <ns3:TrackPointExtension>
            <ns3:atemp>21.0</ns3:atemp>
          </ns3:TrackPointExtension>
        </extensions>
      </trkpt>
      <trkpt lat="51.77219278179109" lon="0.5754707101732492">
        <ele>33.400001525878906</ele>
        <time>2024-09-14T11:55:33Z</time>
        <extensions>
          <ns3:TrackPointExtension>
            <ns3:atemp>21.0</ns3:atemp>
          </ns3:TrackPointExtension>
        </extensions>
      </trkpt>
      <trkpt lat="51.772293196991086" lon="0.5756164714694023">
        <ele>33.20000076293945</ele>
        <time>2024-09-14T11:55:35Z</time>
        <extensions>
          <ns3:TrackPointExtension>
            <ns3:atemp>21.0</ns3:atemp>
          </ns3:TrackPointExtension>
        </extensions>
      </trkpt>
      <trkpt lat="51.772600980475545" lon="0.5755200795829296">
        <ele>33.400001525878906</ele>
        <time>2024-09-14T11:55:40Z</time>
        <extensions>
          <ns3:TrackPointExtension>
            <ns3:atemp>21.0</ns3:atemp>
          </ns3:TrackPointExtension>
        </extensions>
      </trkpt>
      <trkpt lat="51.77358727902174" lon="0.5749253835529089">
        <ele>32.20000076293945</ele>
        <time>2024-09-14T11:55:54Z</time>
        <extensions>
          <ns3:TrackPointExtension>
            <ns3:atemp>21.0</ns3:atemp>
          </ns3:TrackPointExtension>
        </extensions>
      </trkpt>
      <trkpt lat="51.77425481379032" lon="0.574661185964942">
        <ele>33.0</ele>
        <time>2024-09-14T11:56:03Z</time>
        <extensions>
          <ns3:TrackPointExtension>
            <ns3:atemp>21.0</ns3:atemp>
          </ns3:TrackPointExtension>
        </extensions>
      </trkpt>
      <trkpt lat="51.77449964918196" lon="0.5745868384838104">
        <ele>33.0</ele>
        <time>2024-09-14T11:56:06Z</time>
        <extensions>
          <ns3:TrackPointExtension>
            <ns3:atemp>21.0</ns3:atemp>
          </ns3:TrackPointExtension>
        </extensions>
      </trkpt>
      <trkpt lat="51.774929724633694" lon="0.5745927896350622">
        <ele>32.0</ele>
        <time>2024-09-14T11:56:11Z</time>
        <extensions>
          <ns3:TrackPointExtension>
            <ns3:atemp>21.0</ns3:atemp>
          </ns3:TrackPointExtension>
        </extensions>
      </trkpt>
      <trkpt lat="51.77546231076121" lon="0.5745129939168692">
        <ele>29.399999618530273</ele>
        <time>2024-09-14T11:56:16Z</time>
        <extensions>
          <ns3:TrackPointExtension>
            <ns3:atemp>21.0</ns3:atemp>
          </ns3:TrackPointExtension>
        </extensions>
      </trkpt>
      <trkpt lat="51.775649478659034" lon="0.5746118165552616">
        <ele>27.600000381469727</ele>
        <time>2024-09-14T11:56:18Z</time>
        <extensions>
          <ns3:TrackPointExtension>
            <ns3:atemp>21.0</ns3:atemp>
          </ns3:TrackPointExtension>
        </extensions>
      </trkpt>
      <trkpt lat="51.7759860958904" lon="0.5749750882387161">
        <ele>25.799999237060547</ele>
        <time>2024-09-14T11:56:22Z</time>
        <extensions>
          <ns3:TrackPointExtension>
            <ns3:atemp>21.0</ns3:atemp>
          </ns3:TrackPointExtension>
        </extensions>
      </trkpt>
      <trkpt lat="51.777587374672294" lon="0.5763752851635218">
        <ele>29.0</ele>
        <time>2024-09-14T11:56:45Z</time>
        <extensions>
          <ns3:TrackPointExtension>
            <ns3:atemp>21.0</ns3:atemp>
          </ns3:TrackPointExtension>
        </extensions>
      </trkpt>
      <trkpt lat="51.77814602851868" lon="0.5766549054533243">
        <ele>28.0</ele>
        <time>2024-09-14T11:56:52Z</time>
        <extensions>
          <ns3:TrackPointExtension>
            <ns3:atemp>21.0</ns3:atemp>
          </ns3:TrackPointExtension>
        </extensions>
      </trkpt>
      <trkpt lat="51.779200388118625" lon="0.5769305024296045">
        <ele>24.799999237060547</ele>
        <time>2024-09-14T11:57:04Z</time>
        <extensions>
          <ns3:TrackPointExtension>
            <ns3:atemp>21.0</ns3:atemp>
          </ns3:TrackPointExtension>
        </extensions>
      </trkpt>
      <trkpt lat="51.779720820486546" lon="0.5771646928042173">
        <ele>24.399999618530273</ele>
        <time>2024-09-14T11:57:11Z</time>
        <extensions>
          <ns3:TrackPointExtension>
            <ns3:atemp>21.0</ns3:atemp>
          </ns3:TrackPointExtension>
        </extensions>
      </trkpt>
      <trkpt lat="51.77988175302744" lon="0.5771668720990419">
        <ele>24.399999618530273</ele>
        <time>2024-09-14T11:57:13Z</time>
        <extensions>
          <ns3:TrackPointExtension>
            <ns3:atemp>21.0</ns3:atemp>
          </ns3:TrackPointExtension>
        </extensions>
      </trkpt>
      <trkpt lat="51.78003782406449" lon="0.5771039240062237">
        <ele>24.600000381469727</ele>
        <time>2024-09-14T11:57:15Z</time>
        <extensions>
          <ns3:TrackPointExtension>
            <ns3:atemp>21.0</ns3:atemp>
          </ns3:TrackPointExtension>
        </extensions>
      </trkpt>
      <trkpt lat="51.78049061447382" lon="0.5767725873738527">
        <ele>25.399999618530273</ele>
        <time>2024-09-14T11:57:21Z</time>
        <extensions>
          <ns3:TrackPointExtension>
            <ns3:atemp>21.0</ns3:atemp>
          </ns3:TrackPointExtension>
        </extensions>
      </trkpt>
      <trkpt lat="51.78105781786144" lon="0.5764705874025822">
        <ele>26.799999237060547</ele>
        <time>2024-09-14T11:57:31Z</time>
        <extensions>
          <ns3:TrackPointExtension>
            <ns3:atemp>21.0</ns3:atemp>
          </ns3:TrackPointExtension>
        </extensions>
      </trkpt>
      <trkpt lat="51.78152217529714" lon="0.576055096462369">
        <ele>28.600000381469727</ele>
        <time>2024-09-14T11:57:40Z</time>
        <extensions>
          <ns3:TrackPointExtension>
            <ns3:atemp>21.0</ns3:atemp>
          </ns3:TrackPointExtension>
        </extensions>
      </trkpt>
      <trkpt lat="51.78174429573119" lon="0.5759939085692167">
        <ele>29.399999618530273</ele>
        <time>2024-09-14T11:57:44Z</time>
        <extensions>
          <ns3:TrackPointExtension>
            <ns3:atemp>21.0</ns3:atemp>
          </ns3:TrackPointExtension>
        </extensions>
      </trkpt>
      <trkpt lat="51.78322336636484" lon="0.5760203115642071">
        <ele>33.599998474121094</ele>
        <time>2024-09-14T11:58:09Z</time>
        <extensions>
          <ns3:TrackPointExtension>
            <ns3:atemp>20.0</ns3:atemp>
          </ns3:TrackPointExtension>
        </extensions>
      </trkpt>
      <trkpt lat="51.78340567275882" lon="0.5760863609611988">
        <ele>34.20000076293945</ele>
        <time>2024-09-14T11:58:12Z</time>
        <extensions>
          <ns3:TrackPointExtension>
            <ns3:atemp>20.0</ns3:atemp>
          </ns3:TrackPointExtension>
        </extensions>
      </trkpt>
      <trkpt lat="51.78387380205095" lon="0.5763984192162752">
        <ele>35.599998474121094</ele>
        <time>2024-09-14T11:58:20Z</time>
        <extensions>
          <ns3:TrackPointExtension>
            <ns3:atemp>20.0</ns3:atemp>
          </ns3:TrackPointExtension>
        </extensions>
      </trkpt>
      <trkpt lat="51.78431896492839" lon="0.5765147600322962">
        <ele>36.599998474121094</ele>
        <time>2024-09-14T11:58:28Z</time>
        <extensions>
          <ns3:TrackPointExtension>
            <ns3:atemp>20.0</ns3:atemp>
          </ns3:TrackPointExtension>
        </extensions>
      </trkpt>
      <trkpt lat="51.78561975248158" lon="0.576703604310751">
        <ele>38.0</ele>
        <time>2024-09-14T11:58:49Z</time>
        <extensions>
          <ns3:TrackPointExtension>
            <ns3:atemp>20.0</ns3:atemp>
          </ns3:TrackPointExtension>
        </extensions>
      </trkpt>
      <trkpt lat="51.78653153590858" lon="0.57673629373312">
        <ele>37.0</ele>
        <time>2024-09-14T11:59:02Z</time>
        <extensions>
          <ns3:TrackPointExtension>
            <ns3:atemp>20.0</ns3:atemp>
          </ns3:TrackPointExtension>
        </extensions>
      </trkpt>
      <trkpt lat="51.7868188675493" lon="0.5765870120376348">
        <ele>36.0</ele>
        <time>2024-09-14T11:59:06Z</time>
        <extensions>
          <ns3:TrackPointExtension>
            <ns3:atemp>20.0</ns3:atemp>
          </ns3:TrackPointExtension>
        </extensions>
      </trkpt>
      <trkpt lat="51.78742529824376" lon="0.5760117620229721">
        <ele>35.79999923706055</ele>
        <time>2024-09-14T11:59:15Z</time>
        <extensions>
          <ns3:TrackPointExtension>
            <ns3:atemp>20.0</ns3:atemp>
          </ns3:TrackPointExtension>
        </extensions>
      </trkpt>
      <trkpt lat="51.78880797699094" lon="0.5749496910721064">
        <ele>33.79999923706055</ele>
        <time>2024-09-14T11:59:35Z</time>
        <extensions>
          <ns3:TrackPointExtension>
            <ns3:atemp>20.0</ns3:atemp>
          </ns3:TrackPointExtension>
        </extensions>
      </trkpt>
      <trkpt lat="51.78907276131213" lon="0.5746106430888176">
        <ele>34.0</ele>
        <time>2024-09-14T11:59:39Z</time>
        <extensions>
          <ns3:TrackPointExtension>
            <ns3:atemp>20.0</ns3:atemp>
          </ns3:TrackPointExtension>
        </extensions>
      </trkpt>
      <trkpt lat="51.78930846042931" lon="0.5740343872457743">
        <ele>33.79999923706055</ele>
        <time>2024-09-14T11:59:44Z</time>
        <extensions>
          <ns3:TrackPointExtension>
            <ns3:atemp>20.0</ns3:atemp>
          </ns3:TrackPointExtension>
        </extensions>
      </trkpt>
      <trkpt lat="51.78942622616887" lon="0.5738284438848495">
        <ele>33.400001525878906</ele>
        <time>2024-09-14T11:59:46Z</time>
        <extensions>
          <ns3:TrackPointExtension>
            <ns3:atemp>20.0</ns3:atemp>
          </ns3:TrackPointExtension>
        </extensions>
      </trkpt>
      <trkpt lat="51.78978245705366" lon="0.5735141225159168">
        <ele>34.0</ele>
        <time>2024-09-14T11:59:52Z</time>
        <extensions>
          <ns3:TrackPointExtension>
            <ns3:atemp>20.0</ns3:atemp>
          </ns3:TrackPointExtension>
        </extensions>
      </trkpt>
      <trkpt lat="51.78995763882995" lon="0.573216313496232">
        <ele>35.0</ele>
        <time>2024-09-14T11:59:56Z</time>
        <extensions>
          <ns3:TrackPointExtension>
            <ns3:atemp>20.0</ns3:atemp>
          </ns3:TrackPointExtension>
        </extensions>
      </trkpt>
      <trkpt lat="51.790282940492034" lon="0.5722928792238235">
        <ele>36.400001525878906</ele>
        <time>2024-09-14T12:00:07Z</time>
        <extensions>
          <ns3:TrackPointExtension>
            <ns3:atemp>20.0</ns3:atemp>
          </ns3:TrackPointExtension>
        </extensions>
      </trkpt>
      <trkpt lat="51.79048351943493" lon="0.5713922437280416">
        <ele>38.0</ele>
        <time>2024-09-14T12:00:17Z</time>
        <extensions>
          <ns3:TrackPointExtension>
            <ns3:atemp>20.0</ns3:atemp>
          </ns3:TrackPointExtension>
        </extensions>
      </trkpt>
      <trkpt lat="51.79060338065028" lon="0.5696526635438204">
        <ele>40.20000076293945</ele>
        <time>2024-09-14T12:00:35Z</time>
        <extensions>
          <ns3:TrackPointExtension>
            <ns3:atemp>20.0</ns3:atemp>
          </ns3:TrackPointExtension>
        </extensions>
      </trkpt>
      <trkpt lat="51.79077043198049" lon="0.5682776123285294">
        <ele>41.599998474121094</ele>
        <time>2024-09-14T12:00:50Z</time>
        <extensions>
          <ns3:TrackPointExtension>
            <ns3:atemp>20.0</ns3:atemp>
          </ns3:TrackPointExtension>
        </extensions>
      </trkpt>
      <trkpt lat="51.79104988463223" lon="0.5674457084387541">
        <ele>43.0</ele>
        <time>2024-09-14T12:01:00Z</time>
        <extensions>
          <ns3:TrackPointExtension>
            <ns3:atemp>20.0</ns3:atemp>
          </ns3:TrackPointExtension>
        </extensions>
      </trkpt>
      <trkpt lat="51.79144534282386" lon="0.5656223930418491">
        <ele>43.20000076293945</ele>
        <time>2024-09-14T12:01:20Z</time>
        <extensions>
          <ns3:TrackPointExtension>
            <ns3:atemp>20.0</ns3:atemp>
          </ns3:TrackPointExtension>
        </extensions>
      </trkpt>
      <trkpt lat="51.791531927883625" lon="0.5653342232108116">
        <ele>43.20000076293945</ele>
        <time>2024-09-14T12:01:22Z</time>
        <extensions>
          <ns3:TrackPointExtension>
            <ns3:atemp>20.0</ns3:atemp>
          </ns3:TrackPointExtension>
        </extensions>
      </trkpt>
      <trkpt lat="51.79166570305824" lon="0.5650840234011412">
        <ele>42.400001525878906</ele>
        <time>2024-09-14T12:01:27Z</time>
        <extensions>
          <ns3:TrackPointExtension>
            <ns3:atemp>20.0</ns3:atemp>
          </ns3:TrackPointExtension>
        </extensions>
      </trkpt>
      <trkpt lat="51.7918217740953" lon="0.5648898985236883">
        <ele>42.20000076293945</ele>
        <time>2024-09-14T12:01:30Z</time>
        <extensions>
          <ns3:TrackPointExtension>
            <ns3:atemp>20.0</ns3:atemp>
          </ns3:TrackPointExtension>
        </extensions>
      </trkpt>
      <trkpt lat="51.79253515787423" lon="0.5643115472048521">
        <ele>44.79999923706055</ele>
        <time>2024-09-14T12:01:43Z</time>
        <extensions>
          <ns3:TrackPointExtension>
            <ns3:atemp>21.0</ns3:atemp>
          </ns3:TrackPointExtension>
        </extensions>
      </trkpt>
      <trkpt lat="51.792959701269865" lon="0.5637878458946943">
        <ele>45.20000076293945</ele>
        <time>2024-09-14T12:01:51Z</time>
        <extensions>
          <ns3:TrackPointExtension>
            <ns3:atemp>21.0</ns3:atemp>
          </ns3:TrackPointExtension>
        </extensions>
      </trkpt>
      <trkpt lat="51.793170254677534" lon="0.5633920524269342">
        <ele>45.79999923706055</ele>
        <time>2024-09-14T12:01:56Z</time>
        <extensions>
          <ns3:TrackPointExtension>
            <ns3:atemp>20.0</ns3:atemp>
          </ns3:TrackPointExtension>
        </extensions>
      </trkpt>
      <trkpt lat="51.79359957575798" lon="0.5624354258179665">
        <ele>46.79999923706055</ele>
        <time>2024-09-14T12:02:08Z</time>
        <extensions>
          <ns3:TrackPointExtension>
            <ns3:atemp>20.0</ns3:atemp>
          </ns3:TrackPointExtension>
        </extensions>
      </trkpt>
      <trkpt lat="51.79395672865212" lon="0.5615209601819515">
        <ele>47.400001525878906</ele>
        <time>2024-09-14T12:02:20Z</time>
        <extensions>
          <ns3:TrackPointExtension>
            <ns3:atemp>20.0</ns3:atemp>
          </ns3:TrackPointExtension>
        </extensions>
      </trkpt>
      <trkpt lat="51.79409947246313" lon="0.5614668969064951">
        <ele>47.400001525878906</ele>
        <time>2024-09-14T12:02:23Z</time>
        <extensions>
          <ns3:TrackPointExtension>
            <ns3:atemp>20.0</ns3:atemp>
          </ns3:TrackPointExtension>
        </extensions>
      </trkpt>
      <trkpt lat="51.79457539692521" lon="0.5616241414099932">
        <ele>47.20000076293945</ele>
        <time>2024-09-14T12:02:31Z</time>
        <extensions>
          <ns3:TrackPointExtension>
            <ns3:atemp>20.0</ns3:atemp>
          </ns3:TrackPointExtension>
        </extensions>
      </trkpt>
      <trkpt lat="51.79475091397762" lon="0.5616281647235155">
        <ele>47.400001525878906</ele>
        <time>2024-09-14T12:02:34Z</time>
        <extensions>
          <ns3:TrackPointExtension>
            <ns3:atemp>21.0</ns3:atemp>
          </ns3:TrackPointExtension>
        </extensions>
      </trkpt>
      <trkpt lat="51.79528886452317" lon="0.5612962413579226">
        <ele>47.400001525878906</ele>
        <time>2024-09-14T12:02:43Z</time>
        <extensions>
          <ns3:TrackPointExtension>
            <ns3:atemp>20.0</ns3:atemp>
          </ns3:TrackPointExtension>
        </extensions>
      </trkpt>
      <trkpt lat="51.79561550728977" lon="0.5612508952617645">
        <ele>47.400001525878906</ele>
        <time>2024-09-14T12:02:48Z</time>
        <extensions>
          <ns3:TrackPointExtension>
            <ns3:atemp>20.0</ns3:atemp>
          </ns3:TrackPointExtension>
        </extensions>
      </trkpt>
      <trkpt lat="51.79624205455184" lon="0.5610296968370676">
        <ele>47.20000076293945</ele>
        <time>2024-09-14T12:02:58Z</time>
        <extensions>
          <ns3:TrackPointExtension>
            <ns3:atemp>20.0</ns3:atemp>
          </ns3:TrackPointExtension>
        </extensions>
      </trkpt>
      <trkpt lat="51.79698787629604" lon="0.560835488140583">
        <ele>47.599998474121094</ele>
        <time>2024-09-14T12:03:09Z</time>
        <extensions>
          <ns3:TrackPointExtension>
            <ns3:atemp>20.0</ns3:atemp>
          </ns3:TrackPointExtension>
        </extensions>
      </trkpt>
      <trkpt lat="51.797515684738755" lon="0.5609258450567722">
        <ele>47.400001525878906</ele>
        <time>2024-09-14T12:03:16Z</time>
        <extensions>
          <ns3:TrackPointExtension>
            <ns3:atemp>20.0</ns3:atemp>
          </ns3:TrackPointExtension>
        </extensions>
      </trkpt>
      <trkpt lat="51.79772992618382" lon="0.5610494781285524">
        <ele>47.0</ele>
        <time>2024-09-14T12:03:19Z</time>
        <extensions>
          <ns3:TrackPointExtension>
            <ns3:atemp>20.0</ns3:atemp>
          </ns3:TrackPointExtension>
        </extensions>
      </trkpt>
      <trkpt lat="51.79800460115075" lon="0.5612953193485737">
        <ele>46.20000076293945</ele>
        <time>2024-09-14T12:03:23Z</time>
        <extensions>
          <ns3:TrackPointExtension>
            <ns3:atemp>20.0</ns3:atemp>
          </ns3:TrackPointExtension>
        </extensions>
      </trkpt>
      <trkpt lat="51.798150865361094" lon="0.5613576807081699">
        <ele>46.0</ele>
        <time>2024-09-14T12:03:25Z</time>
        <extensions>
          <ns3:TrackPointExtension>
            <ns3:atemp>20.0</ns3:atemp>
          </ns3:TrackPointExtension>
        </extensions>
      </trkpt>
      <trkpt lat="51.79830936715007" lon="0.5613464489579201">
        <ele>45.79999923706055</ele>
        <time>2024-09-14T12:03:27Z</time>
        <extensions>
          <ns3:TrackPointExtension>
            <ns3:atemp>20.0</ns3:atemp>
          </ns3:TrackPointExtension>
        </extensions>
      </trkpt>
      <trkpt lat="51.79852478206158" lon="0.5612303595989943">
        <ele>45.0</ele>
        <time>2024-09-14T12:03:30Z</time>
        <extensions>
          <ns3:TrackPointExtension>
            <ns3:atemp>20.0</ns3:atemp>
          </ns3:TrackPointExtension>
        </extensions>
      </trkpt>
      <trkpt lat="51.79866844788194" lon="0.5612311139702797">
        <ele>44.79999923706055</ele>
        <time>2024-09-14T12:03:32Z</time>
        <extensions>
          <ns3:TrackPointExtension>
            <ns3:atemp>20.0</ns3:atemp>
          </ns3:TrackPointExtension>
        </extensions>
      </trkpt>
      <trkpt lat="51.7991123534739" lon="0.5615533981472254">
        <ele>44.20000076293945</ele>
        <time>2024-09-14T12:03:38Z</time>
        <extensions>
          <ns3:TrackPointExtension>
            <ns3:atemp>20.0</ns3:atemp>
          </ns3:TrackPointExtension>
        </extensions>
      </trkpt>
      <trkpt lat="51.7993576079607" lon="0.5616535618901253">
        <ele>43.79999923706055</ele>
        <time>2024-09-14T12:03:41Z</time>
        <extensions>
          <ns3:TrackPointExtension>
            <ns3:atemp>20.0</ns3:atemp>
          </ns3:TrackPointExtension>
        </extensions>
      </trkpt>
      <trkpt lat="51.79962591268122" lon="0.5615922063589096">
        <ele>43.599998474121094</ele>
        <time>2024-09-14T12:03:44Z</time>
        <extensions>
          <ns3:TrackPointExtension>
            <ns3:atemp>20.0</ns3:atemp>
          </ns3:TrackPointExtension>
        </extensions>
      </trkpt>
      <trkpt lat="51.800057496875525" lon="0.5611586105078459">
        <ele>41.400001525878906</ele>
        <time>2024-09-14T12:03:50Z</time>
        <extensions>
          <ns3:TrackPointExtension>
            <ns3:atemp>20.0</ns3:atemp>
          </ns3:TrackPointExtension>
        </extensions>
      </trkpt>
      <trkpt lat="51.80014089681208" lon="0.5611079838126898">
        <ele>40.79999923706055</ele>
        <time>2024-09-14T12:03:51Z</time>
        <extensions>
          <ns3:TrackPointExtension>
            <ns3:atemp>20.0</ns3:atemp>
          </ns3:TrackPointExtension>
        </extensions>
      </trkpt>
      <trkpt lat="51.800304763019085" lon="0.5610988475382328">
        <ele>40.0</ele>
        <time>2024-09-14T12:03:53Z</time>
        <extensions>
          <ns3:TrackPointExtension>
            <ns3:atemp>20.0</ns3:atemp>
          </ns3:TrackPointExtension>
        </extensions>
      </trkpt>
      <trkpt lat="51.800475250929594" lon="0.5611934792250395">
        <ele>39.20000076293945</ele>
        <time>2024-09-14T12:03:55Z</time>
        <extensions>
          <ns3:TrackPointExtension>
            <ns3:atemp>20.0</ns3:atemp>
          </ns3:TrackPointExtension>
        </extensions>
      </trkpt>
      <trkpt lat="51.80089476518333" lon="0.561607712879777">
        <ele>37.20000076293945</ele>
        <time>2024-09-14T12:04:00Z</time>
        <extensions>
          <ns3:TrackPointExtension>
            <ns3:atemp>20.0</ns3:atemp>
          </ns3:TrackPointExtension>
        </extensions>
      </trkpt>
      <trkpt lat="51.80118452757597" lon="0.562021778896451">
        <ele>37.0</ele>
        <time>2024-09-14T12:04:04Z</time>
        <extensions>
          <ns3:TrackPointExtension>
            <ns3:atemp>20.0</ns3:atemp>
          </ns3:TrackPointExtension>
        </extensions>
      </trkpt>
      <trkpt lat="51.80138007737696" lon="0.5623821169137955">
        <ele>36.20000076293945</ele>
        <time>2024-09-14T12:04:07Z</time>
        <extensions>
          <ns3:TrackPointExtension>
            <ns3:atemp>20.0</ns3:atemp>
          </ns3:TrackPointExtension>
        </extensions>
      </trkpt>
      <trkpt lat="51.80177662521601" lon="0.5634540785104036">
        <ele>33.79999923706055</ele>
        <time>2024-09-14T12:04:15Z</time>
        <extensions>
          <ns3:TrackPointExtension>
            <ns3:atemp>20.0</ns3:atemp>
          </ns3:TrackPointExtension>
        </extensions>
      </trkpt>
      <trkpt lat="51.80211491882801" lon="0.5640587490051985">
        <ele>33.0</ele>
        <time>2024-09-14T12:04:20Z</time>
        <extensions>
          <ns3:TrackPointExtension>
            <ns3:atemp>20.0</ns3:atemp>
          </ns3:TrackPointExtension>
        </extensions>
      </trkpt>
      <trkpt lat="51.80231021717191" lon="0.5644791014492512">
        <ele>31.399999618530273</ele>
        <time>2024-09-14T12:04:23Z</time>
        <extensions>
          <ns3:TrackPointExtension>
            <ns3:atemp>20.0</ns3:atemp>
          </ns3:TrackPointExtension>
        </extensions>
      </trkpt>
      <trkpt lat="51.80255262181163" lon="0.5652234144508839">
        <ele>30.200000762939453</ele>
        <time>2024-09-14T12:04:28Z</time>
        <extensions>
          <ns3:TrackPointExtension>
            <ns3:atemp>20.0</ns3:atemp>
          </ns3:TrackPointExtension>
        </extensions>
      </trkpt>
      <trkpt lat="51.802702909335494" lon="0.5658229719847441">
        <ele>29.200000762939453</ele>
        <time>2024-09-14T12:04:32Z</time>
        <extensions>
          <ns3:TrackPointExtension>
            <ns3:atemp>20.0</ns3:atemp>
          </ns3:TrackPointExtension>
        </extensions>
      </trkpt>
      <trkpt lat="51.80278044193983" lon="0.5662748403847218">
        <ele>27.799999237060547</ele>
        <time>2024-09-14T12:04:35Z</time>
        <extensions>
          <ns3:TrackPointExtension>
            <ns3:atemp>20.0</ns3:atemp>
          </ns3:TrackPointExtension>
        </extensions>
      </trkpt>
      <trkpt lat="51.80286987684667" lon="0.567224845290184">
        <ele>27.799999237060547</ele>
        <time>2024-09-14T12:04:42Z</time>
        <extensions>
          <ns3:TrackPointExtension>
            <ns3:atemp>20.0</ns3:atemp>
          </ns3:TrackPointExtension>
        </extensions>
      </trkpt>
      <trkpt lat="51.802955539897084" lon="0.5674512404948473">
        <ele>28.0</ele>
        <time>2024-09-14T12:04:44Z</time>
        <extensions>
          <ns3:TrackPointExtension>
            <ns3:atemp>20.0</ns3:atemp>
          </ns3:TrackPointExtension>
        </extensions>
      </trkpt>
      <trkpt lat="51.80316165089607" lon="0.567807387560606">
        <ele>28.200000762939453</ele>
        <time>2024-09-14T12:04:48Z</time>
        <extensions>
          <ns3:TrackPointExtension>
            <ns3:atemp>20.0</ns3:atemp>
          </ns3:TrackPointExtension>
        </extensions>
      </trkpt>
      <trkpt lat="51.80330431088805" lon="0.568170826882124">
        <ele>29.399999618530273</ele>
        <time>2024-09-14T12:04:52Z</time>
        <extensions>
          <ns3:TrackPointExtension>
            <ns3:atemp>20.0</ns3:atemp>
          </ns3:TrackPointExtension>
        </extensions>
      </trkpt>
      <trkpt lat="51.80341897532344" lon="0.5683605093508959">
        <ele>31.600000381469727</ele>
        <time>2024-09-14T12:04:55Z</time>
        <extensions>
          <ns3:TrackPointExtension>
            <ns3:atemp>20.0</ns3:atemp>
          </ns3:TrackPointExtension>
        </extensions>
      </trkpt>
      <trkpt lat="51.80389347486198" lon="0.5688531138002872">
        <ele>35.79999923706055</ele>
        <time>2024-09-14T12:05:09Z</time>
        <extensions>
          <ns3:TrackPointExtension>
            <ns3:atemp>20.0</ns3:atemp>
          </ns3:TrackPointExtension>
        </extensions>
      </trkpt>
      <trkpt lat="51.804738538339734" lon="0.5707023292779922">
        <ele>41.400001525878906</ele>
        <time>2024-09-14T12:05:44Z</time>
        <extensions>
          <ns3:TrackPointExtension>
            <ns3:atemp>21.0</ns3:atemp>
          </ns3:TrackPointExtension>
        </extensions>
      </trkpt>
      <trkpt lat="51.80482344701886" lon="0.570750692859292">
        <ele>42.20000076293945</ele>
        <time>2024-09-14T12:05:46Z</time>
        <extensions>
          <ns3:TrackPointExtension>
            <ns3:atemp>21.0</ns3:atemp>
          </ns3:TrackPointExtension>
        </extensions>
      </trkpt>
      <trkpt lat="51.80495319887996" lon="0.5706766806542873">
        <ele>42.599998474121094</ele>
        <time>2024-09-14T12:05:49Z</time>
        <extensions>
          <ns3:TrackPointExtension>
            <ns3:atemp>21.0</ns3:atemp>
          </ns3:TrackPointExtension>
        </extensions>
      </trkpt>
      <trkpt lat="51.805062079802155" lon="0.5707019940018654">
        <ele>42.79999923706055</ele>
        <time>2024-09-14T12:05:51Z</time>
        <extensions>
          <ns3:TrackPointExtension>
            <ns3:atemp>21.0</ns3:atemp>
          </ns3:TrackPointExtension>
        </extensions>
      </trkpt>
      <trkpt lat="51.805444713681936" lon="0.5710267927497625">
        <ele>43.20000076293945</ele>
        <time>2024-09-14T12:05:58Z</time>
        <extensions>
          <ns3:TrackPointExtension>
            <ns3:atemp>21.0</ns3:atemp>
          </ns3:TrackPointExtension>
        </extensions>
      </trkpt>
      <trkpt lat="51.80569809861481" lon="0.5713246017694473">
        <ele>43.400001525878906</ele>
        <time>2024-09-14T12:06:03Z</time>
        <extensions>
          <ns3:TrackPointExtension>
            <ns3:atemp>21.0</ns3:atemp>
          </ns3:TrackPointExtension>
        </extensions>
      </trkpt>
      <trkpt lat="51.80642900057137" lon="0.572372255846858">
        <ele>45.20000076293945</ele>
        <time>2024-09-14T12:06:20Z</time>
        <extensions>
          <ns3:TrackPointExtension>
            <ns3:atemp>21.0</ns3:atemp>
          </ns3:TrackPointExtension>
        </extensions>
      </trkpt>
      <trkpt lat="51.80671440437436" lon="0.5726250540465117">
        <ele>46.20000076293945</ele>
        <time>2024-09-14T12:06:28Z</time>
        <extensions>
          <ns3:TrackPointExtension>
            <ns3:atemp>21.0</ns3:atemp>
          </ns3:TrackPointExtension>
        </extensions>
      </trkpt>
      <trkpt lat="51.80694582872093" lon="0.5726196896284819">
        <ele>47.400001525878906</ele>
        <time>2024-09-14T12:06:37Z</time>
        <extensions>
          <ns3:TrackPointExtension>
            <ns3:atemp>21.0</ns3:atemp>
          </ns3:TrackPointExtension>
        </extensions>
      </trkpt>
      <trkpt lat="51.8070802744478" lon="0.5725437495857477">
        <ele>47.599998474121094</ele>
        <time>2024-09-14T12:06:45Z</time>
        <extensions>
          <ns3:TrackPointExtension>
            <ns3:atemp>21.0</ns3:atemp>
          </ns3:TrackPointExtension>
        </extensions>
      </trkpt>
      <trkpt lat="51.807144647464156" lon="0.5725756846368313">
        <ele>47.400001525878906</ele>
        <time>2024-09-14T12:07:51Z</time>
        <extensions>
          <ns3:TrackPointExtension>
            <ns3:atemp>22.0</ns3:atemp>
          </ns3:TrackPointExtension>
        </extensions>
      </trkpt>
      <trkpt lat="51.80778410285711" lon="0.5724598467350006">
        <ele>48.79999923706055</ele>
        <time>2024-09-14T12:08:04Z</time>
        <extensions>
          <ns3:TrackPointExtension>
            <ns3:atemp>22.0</ns3:atemp>
          </ns3:TrackPointExtension>
        </extensions>
      </trkpt>
      <trkpt lat="51.807999266311526" lon="0.5725135747343302">
        <ele>49.20000076293945</ele>
        <time>2024-09-14T12:08:08Z</time>
        <extensions>
          <ns3:TrackPointExtension>
            <ns3:atemp>22.0</ns3:atemp>
          </ns3:TrackPointExtension>
        </extensions>
      </trkpt>
      <trkpt lat="51.8084823153913" lon="0.5728164967149496">
        <ele>49.599998474121094</ele>
        <time>2024-09-14T12:08:17Z</time>
        <extensions>
          <ns3:TrackPointExtension>
            <ns3:atemp>22.0</ns3:atemp>
          </ns3:TrackPointExtension>
        </extensions>
      </trkpt>
      <trkpt lat="51.80859027430415" lon="0.5728250462561846">
        <ele>49.79999923706055</ele>
        <time>2024-09-14T12:08:19Z</time>
        <extensions>
          <ns3:TrackPointExtension>
            <ns3:atemp>22.0</ns3:atemp>
          </ns3:TrackPointExtension>
        </extensions>
      </trkpt>
      <trkpt lat="51.80901280604303" lon="0.5725256446748972">
        <ele>50.0</ele>
        <time>2024-09-14T12:08:27Z</time>
        <extensions>
          <ns3:TrackPointExtension>
            <ns3:atemp>21.0</ns3:atemp>
          </ns3:TrackPointExtension>
        </extensions>
      </trkpt>
      <trkpt lat="51.80986340157688" lon="0.5717864446341991">
        <ele>47.400001525878906</ele>
        <time>2024-09-14T12:08:41Z</time>
        <extensions>
          <ns3:TrackPointExtension>
            <ns3:atemp>21.0</ns3:atemp>
          </ns3:TrackPointExtension>
        </extensions>
      </trkpt>
      <trkpt lat="51.81044661439955" lon="0.571347065269947">
        <ele>49.20000076293945</ele>
        <time>2024-09-14T12:08:52Z</time>
        <extensions>
          <ns3:TrackPointExtension>
            <ns3:atemp>21.0</ns3:atemp>
          </ns3:TrackPointExtension>
        </extensions>
      </trkpt>
      <trkpt lat="51.810719864442945" lon="0.5711900722235441">
        <ele>49.79999923706055</ele>
        <time>2024-09-14T12:08:57Z</time>
        <extensions>
          <ns3:TrackPointExtension>
            <ns3:atemp>21.0</ns3:atemp>
          </ns3:TrackPointExtension>
        </extensions>
      </trkpt>
      <trkpt lat="51.81082807481289" lon="0.5712137091904879">
        <ele>50.20000076293945</ele>
        <time>2024-09-14T12:08:59Z</time>
        <extensions>
          <ns3:TrackPointExtension>
            <ns3:atemp>21.0</ns3:atemp>
          </ns3:TrackPointExtension>
        </extensions>
      </trkpt>
      <trkpt lat="51.81092421524227" lon="0.571322925388813">
        <ele>50.400001525878906</ele>
        <time>2024-09-14T12:09:01Z</time>
        <extensions>
          <ns3:TrackPointExtension>
            <ns3:atemp>21.0</ns3:atemp>
          </ns3:TrackPointExtension>
        </extensions>
      </trkpt>
      <trkpt lat="51.81145193986595" lon="0.5723882652819157">
        <ele>52.0</ele>
        <time>2024-09-14T12:09:15Z</time>
        <extensions>
          <ns3:TrackPointExtension>
            <ns3:atemp>22.0</ns3:atemp>
          </ns3:TrackPointExtension>
        </extensions>
      </trkpt>
      <trkpt lat="51.81160859763622" lon="0.572553975507617">
        <ele>52.400001525878906</ele>
        <time>2024-09-14T12:09:18Z</time>
        <extensions>
          <ns3:TrackPointExtension>
            <ns3:atemp>22.0</ns3:atemp>
          </ns3:TrackPointExtension>
        </extensions>
      </trkpt>
      <trkpt lat="51.81179752573371" lon="0.5725465156137943">
        <ele>52.400001525878906</ele>
        <time>2024-09-14T12:09:21Z</time>
        <extensions>
          <ns3:TrackPointExtension>
            <ns3:atemp>22.0</ns3:atemp>
          </ns3:TrackPointExtension>
        </extensions>
      </trkpt>
      <trkpt lat="51.81283973157406" lon="0.5721616186201572">
        <ele>54.400001525878906</ele>
        <time>2024-09-14T12:09:38Z</time>
        <extensions>
          <ns3:TrackPointExtension>
            <ns3:atemp>22.0</ns3:atemp>
          </ns3:TrackPointExtension>
        </extensions>
      </trkpt>
      <trkpt lat="51.81334742344916" lon="0.5718478839844465">
        <ele>54.79999923706055</ele>
        <time>2024-09-14T12:09:46Z</time>
        <extensions>
          <ns3:TrackPointExtension>
            <ns3:atemp>22.0</ns3:atemp>
          </ns3:TrackPointExtension>
        </extensions>
      </trkpt>
      <trkpt lat="51.81359292939305" lon="0.5716020427644253">
        <ele>54.79999923706055</ele>
        <time>2024-09-14T12:09:50Z</time>
        <extensions>
          <ns3:TrackPointExtension>
            <ns3:atemp>21.0</ns3:atemp>
          </ns3:TrackPointExtension>
        </extensions>
      </trkpt>
      <trkpt lat="51.81472188793123" lon="0.5697800684720278">
        <ele>52.400001525878906</ele>
        <time>2024-09-14T12:10:12Z</time>
        <extensions>
          <ns3:TrackPointExtension>
            <ns3:atemp>22.0</ns3:atemp>
          </ns3:TrackPointExtension>
        </extensions>
      </trkpt>
      <trkpt lat="51.815227065235376" lon="0.5691075883805752">
        <ele>51.400001525878906</ele>
        <time>2024-09-14T12:10:20Z</time>
        <extensions>
          <ns3:TrackPointExtension>
            <ns3:atemp>22.0</ns3:atemp>
          </ns3:TrackPointExtension>
        </extensions>
      </trkpt>
      <trkpt lat="51.81574112735689" lon="0.568609619513154">
        <ele>49.400001525878906</ele>
        <time>2024-09-14T12:10:27Z</time>
        <extensions>
          <ns3:TrackPointExtension>
            <ns3:atemp>22.0</ns3:atemp>
          </ns3:TrackPointExtension>
        </extensions>
      </trkpt>
      <trkpt lat="51.816094843670726" lon="0.5684378743171692">
        <ele>49.79999923706055</ele>
        <time>2024-09-14T12:10:32Z</time>
        <extensions>
          <ns3:TrackPointExtension>
            <ns3:atemp>21.0</ns3:atemp>
          </ns3:TrackPointExtension>
        </extensions>
      </trkpt>
      <trkpt lat="51.816699681803584" lon="0.568348690867424">
        <ele>52.400001525878906</ele>
        <time>2024-09-14T12:10:41Z</time>
        <extensions>
          <ns3:TrackPointExtension>
            <ns3:atemp>22.0</ns3:atemp>
          </ns3:TrackPointExtension>
        </extensions>
      </trkpt>
      <trkpt lat="51.816888274624944" lon="0.568377273157239">
        <ele>52.79999923706055</ele>
        <time>2024-09-14T12:10:44Z</time>
        <extensions>
          <ns3:TrackPointExtension>
            <ns3:atemp>21.0</ns3:atemp>
          </ns3:TrackPointExtension>
        </extensions>
      </trkpt>
      <trkpt lat="51.81706010363996" lon="0.568534517660737">
        <ele>53.400001525878906</ele>
        <time>2024-09-14T12:10:47Z</time>
        <extensions>
          <ns3:TrackPointExtension>
            <ns3:atemp>21.0</ns3:atemp>
          </ns3:TrackPointExtension>
        </extensions>
      </trkpt>
      <trkpt lat="51.817696960642934" lon="0.569370947778225">
        <ele>53.20000076293945</ele>
        <time>2024-09-14T12:10:59Z</time>
        <extensions>
          <ns3:TrackPointExtension>
            <ns3:atemp>22.0</ns3:atemp>
          </ns3:TrackPointExtension>
        </extensions>
      </trkpt>
      <trkpt lat="51.818049838766456" lon="0.5696479696780443">
        <ele>53.79999923706055</ele>
        <time>2024-09-14T12:11:05Z</time>
        <extensions>
          <ns3:TrackPointExtension>
            <ns3:atemp>22.0</ns3:atemp>
          </ns3:TrackPointExtension>
        </extensions>
      </trkpt>
      <trkpt lat="51.818407913669944" lon="0.5698288511484861">
        <ele>55.0</ele>
        <time>2024-09-14T12:11:11Z</time>
        <extensions>
          <ns3:TrackPointExtension>
            <ns3:atemp>22.0</ns3:atemp>
          </ns3:TrackPointExtension>
        </extensions>
      </trkpt>
      <trkpt lat="51.819041753187776" lon="0.5698695871978998">
        <ele>55.79999923706055</ele>
        <time>2024-09-14T12:11:21Z</time>
        <extensions>
          <ns3:TrackPointExtension>
            <ns3:atemp>21.0</ns3:atemp>
          </ns3:TrackPointExtension>
        </extensions>
      </trkpt>
      <trkpt lat="51.81951407343149" lon="0.5697944015264511">
        <ele>55.599998474121094</ele>
        <time>2024-09-14T12:11:28Z</time>
        <extensions>
          <ns3:TrackPointExtension>
            <ns3:atemp>21.0</ns3:atemp>
          </ns3:TrackPointExtension>
        </extensions>
      </trkpt>
      <trkpt lat="51.81985546834767" lon="0.569688118994236">
        <ele>55.599998474121094</ele>
        <time>2024-09-14T12:11:33Z</time>
        <extensions>
          <ns3:TrackPointExtension>
            <ns3:atemp>21.0</ns3:atemp>
          </ns3:TrackPointExtension>
        </extensions>
      </trkpt>
      <trkpt lat="51.820181272923946" lon="0.5694918986409903">
        <ele>55.599998474121094</ele>
        <time>2024-09-14T12:11:38Z</time>
        <extensions>
          <ns3:TrackPointExtension>
            <ns3:atemp>21.0</ns3:atemp>
          </ns3:TrackPointExtension>
        </extensions>
      </trkpt>
      <trkpt lat="51.82053457014263" lon="0.5691522639244795">
        <ele>55.0</ele>
        <time>2024-09-14T12:11:44Z</time>
        <extensions>
          <ns3:TrackPointExtension>
            <ns3:atemp>21.0</ns3:atemp>
          </ns3:TrackPointExtension>
        </extensions>
      </trkpt>
      <trkpt lat="51.82083950378001" lon="0.5687572248280048">
        <ele>53.79999923706055</ele>
        <time>2024-09-14T12:11:49Z</time>
        <extensions>
          <ns3:TrackPointExtension>
            <ns3:atemp>22.0</ns3:atemp>
          </ns3:TrackPointExtension>
        </extensions>
      </trkpt>
      <trkpt lat="51.82141617871821" lon="0.5676702596247196">
        <ele>51.599998474121094</ele>
        <time>2024-09-14T12:12:00Z</time>
        <extensions>
          <ns3:TrackPointExtension>
            <ns3:atemp>22.0</ns3:atemp>
          </ns3:TrackPointExtension>
        </extensions>
      </trkpt>
      <trkpt lat="51.8220123834908" lon="0.5670645833015442">
        <ele>53.400001525878906</ele>
        <time>2024-09-14T12:12:10Z</time>
        <extensions>
          <ns3:TrackPointExtension>
            <ns3:atemp>21.0</ns3:atemp>
          </ns3:TrackPointExtension>
        </extensions>
      </trkpt>
      <trkpt lat="51.822916120290756" lon="0.5659228004515171">
        <ele>56.400001525878906</ele>
        <time>2024-09-14T12:12:30Z</time>
        <extensions>
          <ns3:TrackPointExtension>
            <ns3:atemp>21.0</ns3:atemp>
          </ns3:TrackPointExtension>
        </extensions>
      </trkpt>
      <trkpt lat="51.823280565440655" lon="0.565742589533329">
        <ele>57.0</ele>
        <time>2024-09-14T12:12:36Z</time>
        <extensions>
          <ns3:TrackPointExtension>
            <ns3:atemp>21.0</ns3:atemp>
          </ns3:TrackPointExtension>
        </extensions>
      </trkpt>
      <trkpt lat="51.8238118942827" lon="0.5656767915934324">
        <ele>57.20000076293945</ele>
        <time>2024-09-14T12:12:44Z</time>
        <extensions>
          <ns3:TrackPointExtension>
            <ns3:atemp>21.0</ns3:atemp>
          </ns3:TrackPointExtension>
        </extensions>
      </trkpt>
      <trkpt lat="51.82445260696113" lon="0.5655055493116379">
        <ele>57.79999923706055</ele>
        <time>2024-09-14T12:12:55Z</time>
        <extensions>
          <ns3:TrackPointExtension>
            <ns3:atemp>21.0</ns3:atemp>
          </ns3:TrackPointExtension>
        </extensions>
      </trkpt>
      <trkpt lat="51.824946803972125" lon="0.5654812417924404">
        <ele>58.20000076293945</ele>
        <time>2024-09-14T12:13:03Z</time>
        <extensions>
          <ns3:TrackPointExtension>
            <ns3:atemp>21.0</ns3:atemp>
          </ns3:TrackPointExtension>
        </extensions>
      </trkpt>
      <trkpt lat="51.825102623552084" lon="0.5653765518218279">
        <ele>58.0</ele>
        <time>2024-09-14T12:13:06Z</time>
        <extensions>
          <ns3:TrackPointExtension>
            <ns3:atemp>21.0</ns3:atemp>
          </ns3:TrackPointExtension>
        </extensions>
      </trkpt>
      <trkpt lat="51.82513522915542" lon="0.5652870330959558">
        <ele>57.79999923706055</ele>
        <time>2024-09-14T12:13:07Z</time>
        <extensions>
          <ns3:TrackPointExtension>
            <ns3:atemp>21.0</ns3:atemp>
          </ns3:TrackPointExtension>
        </extensions>
      </trkpt>
      <trkpt lat="51.82513874955475" lon="0.5650744680315256">
        <ele>57.20000076293945</ele>
        <time>2024-09-14T12:13:09Z</time>
        <extensions>
          <ns3:TrackPointExtension>
            <ns3:atemp>21.0</ns3:atemp>
          </ns3:TrackPointExtension>
        </extensions>
      </trkpt>
      <trkpt lat="51.82468352839351" lon="0.5623404588550329">
        <ele>49.20000076293945</ele>
        <time>2024-09-14T12:13:32Z</time>
        <extensions>
          <ns3:TrackPointExtension>
            <ns3:atemp>21.0</ns3:atemp>
          </ns3:TrackPointExtension>
        </extensions>
      </trkpt>
      <trkpt lat="51.824727868661284" lon="0.5621268041431904">
        <ele>48.400001525878906</ele>
        <time>2024-09-14T12:13:34Z</time>
        <extensions>
          <ns3:TrackPointExtension>
            <ns3:atemp>21.0</ns3:atemp>
          </ns3:TrackPointExtension>
        </extensions>
      </trkpt>
      <trkpt lat="51.82478344067931" lon="0.562050947919488">
        <ele>48.0</ele>
        <time>2024-09-14T12:13:35Z</time>
        <extensions>
          <ns3:TrackPointExtension>
            <ns3:atemp>21.0</ns3:atemp>
          </ns3:TrackPointExtension>
        </extensions>
      </trkpt>
      <trkpt lat="51.82538199238479" lon="0.5620140675455332">
        <ele>47.0</ele>
        <time>2024-09-14T12:13:43Z</time>
        <extensions>
          <ns3:TrackPointExtension>
            <ns3:atemp>21.0</ns3:atemp>
          </ns3:TrackPointExtension>
        </extensions>
      </trkpt>
      <trkpt lat="51.82658085599542" lon="0.5623283050954342">
        <ele>47.400001525878906</ele>
        <time>2024-09-14T12:13:59Z</time>
        <extensions>
          <ns3:TrackPointExtension>
            <ns3:atemp>21.0</ns3:atemp>
          </ns3:TrackPointExtension>
        </extensions>
      </trkpt>
      <trkpt lat="51.8269288726151" lon="0.5623833741992712">
        <ele>47.599998474121094</ele>
        <time>2024-09-14T12:14:04Z</time>
        <extensions>
          <ns3:TrackPointExtension>
            <ns3:atemp>21.0</ns3:atemp>
          </ns3:TrackPointExtension>
        </extensions>
      </trkpt>
      <trkpt lat="51.827072286978364" lon="0.5623466614633799">
        <ele>47.79999923706055</ele>
        <time>2024-09-14T12:14:06Z</time>
        <extensions>
          <ns3:TrackPointExtension>
            <ns3:atemp>21.0</ns3:atemp>
          </ns3:TrackPointExtension>
        </extensions>
      </trkpt>
      <trkpt lat="51.82744779624045" lon="0.5620566476136446">
        <ele>48.0</ele>
        <time>2024-09-14T12:14:12Z</time>
        <extensions>
          <ns3:TrackPointExtension>
            <ns3:atemp>21.0</ns3:atemp>
          </ns3:TrackPointExtension>
        </extensions>
      </trkpt>
      <trkpt lat="51.82797837071121" lon="0.5612526554614305">
        <ele>48.400001525878906</ele>
        <time>2024-09-14T12:14:22Z</time>
        <extensions>
          <ns3:TrackPointExtension>
            <ns3:atemp>21.0</ns3:atemp>
          </ns3:TrackPointExtension>
        </extensions>
      </trkpt>
      <trkpt lat="51.82857465930283" lon="0.5606349091976881">
        <ele>48.400001525878906</ele>
        <time>2024-09-14T12:14:32Z</time>
        <extensions>
          <ns3:TrackPointExtension>
            <ns3:atemp>21.0</ns3:atemp>
          </ns3:TrackPointExtension>
        </extensions>
      </trkpt>
      <trkpt lat="51.82869820855558" lon="0.5605917423963547">
        <ele>48.599998474121094</ele>
        <time>2024-09-14T12:14:34Z</time>
        <extensions>
          <ns3:TrackPointExtension>
            <ns3:atemp>21.0</ns3:atemp>
          </ns3:TrackPointExtension>
        </extensions>
      </trkpt>
      <trkpt lat="51.829331293702126" lon="0.5605976097285748">
        <ele>51.599998474121094</ele>
        <time>2024-09-14T12:14:45Z</time>
        <extensions>
          <ns3:TrackPointExtension>
            <ns3:atemp>21.0</ns3:atemp>
          </ns3:TrackPointExtension>
        </extensions>
      </trkpt>
      <trkpt lat="51.830039313063025" lon="0.5604206677526236">
        <ele>50.20000076293945</ele>
        <time>2024-09-14T12:14:55Z</time>
        <extensions>
          <ns3:TrackPointExtension>
            <ns3:atemp>21.0</ns3:atemp>
          </ns3:TrackPointExtension>
        </extensions>
      </trkpt>
      <trkpt lat="51.83021835051477" lon="0.560322180390358">
        <ele>50.20000076293945</ele>
        <time>2024-09-14T12:14:58Z</time>
        <extensions>
          <ns3:TrackPointExtension>
            <ns3:atemp>21.0</ns3:atemp>
          </ns3:TrackPointExtension>
        </extensions>
      </trkpt>
      <trkpt lat="51.830833749845624" lon="0.5597615148872137">
        <ele>50.599998474121094</ele>
        <time>2024-09-14T12:15:08Z</time>
        <extensions>
          <ns3:TrackPointExtension>
            <ns3:atemp>21.0</ns3:atemp>
          </ns3:TrackPointExtension>
        </extensions>
      </trkpt>
      <trkpt lat="51.83146440424025" lon="0.55967484600842">
        <ele>51.20000076293945</ele>
        <time>2024-09-14T12:15:17Z</time>
        <extensions>
          <ns3:TrackPointExtension>
            <ns3:atemp>21.0</ns3:atemp>
          </ns3:TrackPointExtension>
        </extensions>
      </trkpt>
      <trkpt lat="51.831944435834885" lon="0.5594920367002487">
        <ele>51.400001525878906</ele>
        <time>2024-09-14T12:15:24Z</time>
        <extensions>
          <ns3:TrackPointExtension>
            <ns3:atemp>21.0</ns3:atemp>
          </ns3:TrackPointExtension>
        </extensions>
      </trkpt>
      <trkpt lat="51.8324341904372" lon="0.5589721072465181">
        <ele>51.79999923706055</ele>
        <time>2024-09-14T12:15:33Z</time>
        <extensions>
          <ns3:TrackPointExtension>
            <ns3:atemp>21.0</ns3:atemp>
          </ns3:TrackPointExtension>
        </extensions>
      </trkpt>
      <trkpt lat="51.833085464313626" lon="0.5580915883183479">
        <ele>52.400001525878906</ele>
        <time>2024-09-14T12:15:48Z</time>
        <extensions>
          <ns3:TrackPointExtension>
            <ns3:atemp>21.0</ns3:atemp>
          </ns3:TrackPointExtension>
        </extensions>
      </trkpt>
      <trkpt lat="51.833211528137326" lon="0.5578719824552536">
        <ele>52.599998474121094</ele>
        <time>2024-09-14T12:15:52Z</time>
        <extensions>
          <ns3:TrackPointExtension>
            <ns3:atemp>21.0</ns3:atemp>
          </ns3:TrackPointExtension>
        </extensions>
      </trkpt>
      <trkpt lat="51.83321379125118" lon="0.5575926136225462">
        <ele>52.79999923706055</ele>
        <time>2024-09-14T12:15:57Z</time>
        <extensions>
          <ns3:TrackPointExtension>
            <ns3:atemp>21.0</ns3:atemp>
          </ns3:TrackPointExtension>
        </extensions>
      </trkpt>
      <trkpt lat="51.833088314160705" lon="0.5570161063224077">
        <ele>54.0</ele>
        <time>2024-09-14T12:16:05Z</time>
        <extensions>
          <ns3:TrackPointExtension>
            <ns3:atemp>21.0</ns3:atemp>
          </ns3:TrackPointExtension>
        </extensions>
      </trkpt>
      <trkpt lat="51.83270014822483" lon="0.5559648480266333">
        <ele>58.0</ele>
        <time>2024-09-14T12:16:21Z</time>
        <extensions>
          <ns3:TrackPointExtension>
            <ns3:atemp>21.0</ns3:atemp>
          </ns3:TrackPointExtension>
        </extensions>
      </trkpt>
      <trkpt lat="51.832313826307654" lon="0.554626677185297">
        <ele>59.599998474121094</ele>
        <time>2024-09-14T12:16:39Z</time>
        <extensions>
          <ns3:TrackPointExtension>
            <ns3:atemp>22.0</ns3:atemp>
          </ns3:TrackPointExtension>
        </extensions>
      </trkpt>
      <trkpt lat="51.83210352435708" lon="0.5533849820494652">
        <ele>61.400001525878906</ele>
        <time>2024-09-14T12:16:54Z</time>
        <extensions>
          <ns3:TrackPointExtension>
            <ns3:atemp>22.0</ns3:atemp>
          </ns3:TrackPointExtension>
        </extensions>
      </trkpt>
      <trkpt lat="51.83168912306428" lon="0.5519082583487034">
        <ele>63.599998474121094</ele>
        <time>2024-09-14T12:17:14Z</time>
        <extensions>
          <ns3:TrackPointExtension>
            <ns3:atemp>22.0</ns3:atemp>
          </ns3:TrackPointExtension>
        </extensions>
      </trkpt>
      <trkpt lat="51.83152458630502" lon="0.5507570877671242">
        <ele>65.4000015258789</ele>
        <time>2024-09-14T12:17:28Z</time>
        <extensions>
          <ns3:TrackPointExtension>
            <ns3:atemp>22.0</ns3:atemp>
          </ns3:TrackPointExtension>
        </extensions>
      </trkpt>
      <trkpt lat="51.831515952944756" lon="0.5505126714706421">
        <ele>66.0</ele>
        <time>2024-09-14T12:17:31Z</time>
        <extensions>
          <ns3:TrackPointExtension>
            <ns3:atemp>22.0</ns3:atemp>
          </ns3:TrackPointExtension>
        </extensions>
      </trkpt>
      <trkpt lat="51.83166238479316" lon="0.5492361076176167">
        <ele>67.5999984741211</ele>
        <time>2024-09-14T12:17:47Z</time>
        <extensions>
          <ns3:TrackPointExtension>
            <ns3:atemp>22.0</ns3:atemp>
          </ns3:TrackPointExtension>
        </extensions>
      </trkpt>
      <trkpt lat="51.83167219161987" lon="0.5479311291128397">
        <ele>69.0</ele>
        <time>2024-09-14T12:18:01Z</time>
        <extensions>
          <ns3:TrackPointExtension>
            <ns3:atemp>22.0</ns3:atemp>
          </ns3:TrackPointExtension>
        </extensions>
      </trkpt>
      <trkpt lat="51.83170672506094" lon="0.5473474971950054">
        <ele>69.5999984741211</ele>
        <time>2024-09-14T12:18:07Z</time>
        <extensions>
          <ns3:TrackPointExtension>
            <ns3:atemp>22.0</ns3:atemp>
          </ns3:TrackPointExtension>
        </extensions>
      </trkpt>
      <trkpt lat="51.83193395845592" lon="0.5461697559803724">
        <ele>70.4000015258789</ele>
        <time>2024-09-14T12:18:20Z</time>
        <extensions>
          <ns3:TrackPointExtension>
            <ns3:atemp>22.0</ns3:atemp>
          </ns3:TrackPointExtension>
        </extensions>
      </trkpt>
      <trkpt lat="51.83214568533003" lon="0.5448548868298531">
        <ele>71.0</ele>
        <time>2024-09-14T12:18:34Z</time>
        <extensions>
          <ns3:TrackPointExtension>
            <ns3:atemp>22.0</ns3:atemp>
          </ns3:TrackPointExtension>
        </extensions>
      </trkpt>
      <trkpt lat="51.83215138502419" lon="0.5436570290476084">
        <ele>71.4000015258789</ele>
        <time>2024-09-14T12:18:46Z</time>
        <extensions>
          <ns3:TrackPointExtension>
            <ns3:atemp>22.0</ns3:atemp>
          </ns3:TrackPointExtension>
        </extensions>
      </trkpt>
      <trkpt lat="51.83202104642987" lon="0.5429121293127537">
        <ele>71.80000305175781</ele>
        <time>2024-09-14T12:18:54Z</time>
        <extensions>
          <ns3:TrackPointExtension>
            <ns3:atemp>22.0</ns3:atemp>
          </ns3:TrackPointExtension>
        </extensions>
      </trkpt>
      <trkpt lat="51.83199900202453" lon="0.5426247976720333">
        <ele>72.0</ele>
        <time>2024-09-14T12:18:57Z</time>
        <extensions>
          <ns3:TrackPointExtension>
            <ns3:atemp>22.0</ns3:atemp>
          </ns3:TrackPointExtension>
        </extensions>
      </trkpt>
      <trkpt lat="51.83209128677845" lon="0.5415239185094833">
        <ele>72.4000015258789</ele>
        <time>2024-09-14T12:19:08Z</time>
        <extensions>
          <ns3:TrackPointExtension>
            <ns3:atemp>22.0</ns3:atemp>
          </ns3:TrackPointExtension>
        </extensions>
      </trkpt>
      <trkpt lat="51.832003025338054" lon="0.540333604440093">
        <ele>72.4000015258789</ele>
        <time>2024-09-14T12:19:20Z</time>
        <extensions>
          <ns3:TrackPointExtension>
            <ns3:atemp>22.0</ns3:atemp>
          </ns3:TrackPointExtension>
        </extensions>
      </trkpt>
      <trkpt lat="51.8320163525641" lon="0.5397060513496399">
        <ele>72.5999984741211</ele>
        <time>2024-09-14T12:19:27Z</time>
        <extensions>
          <ns3:TrackPointExtension>
            <ns3:atemp>22.0</ns3:atemp>
          </ns3:TrackPointExtension>
        </extensions>
      </trkpt>
      <trkpt lat="51.83207184076309" lon="0.5393584538251162">
        <ele>72.4000015258789</ele>
        <time>2024-09-14T12:19:31Z</time>
        <extensions>
          <ns3:TrackPointExtension>
            <ns3:atemp>22.0</ns3:atemp>
          </ns3:TrackPointExtension>
        </extensions>
      </trkpt>
      <trkpt lat="51.83227493427694" lon="0.538665521889925">
        <ele>72.0</ele>
        <time>2024-09-14T12:19:40Z</time>
        <extensions>
          <ns3:TrackPointExtension>
            <ns3:atemp>22.0</ns3:atemp>
          </ns3:TrackPointExtension>
        </extensions>
      </trkpt>
      <trkpt lat="51.83241541497409" lon="0.5383803695440292">
        <ele>71.80000305175781</ele>
        <time>2024-09-14T12:19:44Z</time>
        <extensions>
          <ns3:TrackPointExtension>
            <ns3:atemp>22.0</ns3:atemp>
          </ns3:TrackPointExtension>
        </extensions>
      </trkpt>
      <trkpt lat="51.83270844630897" lon="0.5379778705537319">
        <ele>72.4000015258789</ele>
        <time>2024-09-14T12:19:50Z</time>
        <extensions>
          <ns3:TrackPointExtension>
            <ns3:atemp>22.0</ns3:atemp>
          </ns3:TrackPointExtension>
        </extensions>
      </trkpt>
      <trkpt lat="51.832840042188764" lon="0.5377264972776175">
        <ele>72.19999694824219</ele>
        <time>2024-09-14T12:19:53Z</time>
        <extensions>
          <ns3:TrackPointExtension>
            <ns3:atemp>22.0</ns3:atemp>
          </ns3:TrackPointExtension>
        </extensions>
      </trkpt>
      <trkpt lat="51.8329453188926" lon="0.5373349785804749">
        <ele>72.4000015258789</ele>
        <time>2024-09-14T12:19:57Z</time>
        <extensions>
          <ns3:TrackPointExtension>
            <ns3:atemp>22.0</ns3:atemp>
          </ns3:TrackPointExtension>
        </extensions>
      </trkpt>
      <trkpt lat="51.83301044628024" lon="0.5367886461317539">
        <ele>73.0</ele>
        <time>2024-09-14T12:20:02Z</time>
        <extensions>
          <ns3:TrackPointExtension>
            <ns3:atemp>22.0</ns3:atemp>
          </ns3:TrackPointExtension>
        </extensions>
      </trkpt>
      <trkpt lat="51.833023773506284" lon="0.535851800814271">
        <ele>72.5999984741211</ele>
        <time>2024-09-14T12:20:10Z</time>
        <extensions>
          <ns3:TrackPointExtension>
            <ns3:atemp>22.0</ns3:atemp>
          </ns3:TrackPointExtension>
        </extensions>
      </trkpt>
      <trkpt lat="51.83295914903283" lon="0.5348191503435373">
        <ele>72.0</ele>
        <time>2024-09-14T12:20:19Z</time>
        <extensions>
          <ns3:TrackPointExtension>
            <ns3:atemp>22.0</ns3:atemp>
          </ns3:TrackPointExtension>
        </extensions>
      </trkpt>
      <trkpt lat="51.83282663114369" lon="0.5339673813432455">
        <ele>69.19999694824219</ele>
        <time>2024-09-14T12:20:25Z</time>
        <extensions>
          <ns3:TrackPointExtension>
            <ns3:atemp>22.0</ns3:atemp>
          </ns3:TrackPointExtension>
        </extensions>
      </trkpt>
      <trkpt lat="51.832589507102966" lon="0.5330408457666636">
        <ele>66.5999984741211</ele>
        <time>2024-09-14T12:20:32Z</time>
        <extensions>
          <ns3:TrackPointExtension>
            <ns3:atemp>22.0</ns3:atemp>
          </ns3:TrackPointExtension>
        </extensions>
      </trkpt>
      <trkpt lat="51.83260543271899" lon="0.5324319843202829">
        <ele>65.80000305175781</ele>
        <time>2024-09-14T12:20:37Z</time>
        <extensions>
          <ns3:TrackPointExtension>
            <ns3:atemp>22.0</ns3:atemp>
          </ns3:TrackPointExtension>
        </extensions>
      </trkpt>
      <trkpt lat="51.83255354873836" lon="0.5314325261861086">
        <ele>68.19999694824219</ele>
        <time>2024-09-14T12:20:47Z</time>
        <extensions>
          <ns3:TrackPointExtension>
            <ns3:atemp>22.0</ns3:atemp>
          </ns3:TrackPointExtension>
        </extensions>
      </trkpt>
      <trkpt lat="51.832566456869245" lon="0.5309342220425606">
        <ele>69.19999694824219</ele>
        <time>2024-09-14T12:20:52Z</time>
        <extensions>
          <ns3:TrackPointExtension>
            <ns3:atemp>22.0</ns3:atemp>
          </ns3:TrackPointExtension>
        </extensions>
      </trkpt>
      <trkpt lat="51.83264474384487" lon="0.5302466545253992">
        <ele>70.19999694824219</ele>
        <time>2024-09-14T12:20:59Z</time>
        <extensions>
          <ns3:TrackPointExtension>
            <ns3:atemp>22.0</ns3:atemp>
          </ns3:TrackPointExtension>
        </extensions>
      </trkpt>
      <trkpt lat="51.83292235247791" lon="0.5292914528399706">
        <ele>71.0</ele>
        <time>2024-09-14T12:21:09Z</time>
        <extensions>
          <ns3:TrackPointExtension>
            <ns3:atemp>22.0</ns3:atemp>
          </ns3:TrackPointExtension>
        </extensions>
      </trkpt>
      <trkpt lat="51.83299812488258" lon="0.5289004370570183">
        <ele>71.4000015258789</ele>
        <time>2024-09-14T12:21:13Z</time>
        <extensions>
          <ns3:TrackPointExtension>
            <ns3:atemp>22.0</ns3:atemp>
          </ns3:TrackPointExtension>
        </extensions>
      </trkpt>
      <trkpt lat="51.83308303356171" lon="0.5273125693202019">
        <ele>71.5999984741211</ele>
        <time>2024-09-14T12:21:28Z</time>
        <extensions>
          <ns3:TrackPointExtension>
            <ns3:atemp>22.0</ns3:atemp>
          </ns3:TrackPointExtension>
        </extensions>
      </trkpt>
      <trkpt lat="51.8332629930228" lon="0.5259650107473135">
        <ele>71.4000015258789</ele>
        <time>2024-09-14T12:21:40Z</time>
        <extensions>
          <ns3:TrackPointExtension>
            <ns3:atemp>22.0</ns3:atemp>
          </ns3:TrackPointExtension>
        </extensions>
      </trkpt>
      <trkpt lat="51.833354607224464" lon="0.5256904195994139">
        <ele>71.80000305175781</ele>
        <time>2024-09-14T12:21:43Z</time>
        <extensions>
          <ns3:TrackPointExtension>
            <ns3:atemp>22.0</ns3:atemp>
          </ns3:TrackPointExtension>
        </extensions>
      </trkpt>
      <trkpt lat="51.833898928016424" lon="0.5244511552155018">
        <ele>73.4000015258789</ele>
        <time>2024-09-14T12:22:04Z</time>
        <extensions>
          <ns3:TrackPointExtension>
            <ns3:atemp>22.0</ns3:atemp>
          </ns3:TrackPointExtension>
        </extensions>
      </trkpt>
      <trkpt lat="51.83397637680173" lon="0.5244556814432144">
        <ele>73.5999984741211</ele>
        <time>2024-09-14T12:22:07Z</time>
        <extensions>
          <ns3:TrackPointExtension>
            <ns3:atemp>22.0</ns3:atemp>
          </ns3:TrackPointExtension>
        </extensions>
      </trkpt>
      <trkpt lat="51.83443704620004" lon="0.5249593500047922">
        <ele>73.5999984741211</ele>
        <time>2024-09-14T12:22:17Z</time>
        <extensions>
          <ns3:TrackPointExtension>
            <ns3:atemp>22.0</ns3:atemp>
          </ns3:TrackPointExtension>
        </extensions>
      </trkpt>
      <trkpt lat="51.83482336811721" lon="0.5255652777850628">
        <ele>73.5999984741211</ele>
        <time>2024-09-14T12:22:25Z</time>
        <extensions>
          <ns3:TrackPointExtension>
            <ns3:atemp>22.0</ns3:atemp>
          </ns3:TrackPointExtension>
        </extensions>
      </trkpt>
      <trkpt lat="51.83512142859399" lon="0.5264295358210802">
        <ele>73.5999984741211</ele>
        <time>2024-09-14T12:22:34Z</time>
        <extensions>
          <ns3:TrackPointExtension>
            <ns3:atemp>22.0</ns3:atemp>
          </ns3:TrackPointExtension>
        </extensions>
      </trkpt>
      <trkpt lat="51.836336301639676" lon="0.5295097175985575">
        <ele>72.4000015258789</ele>
        <time>2024-09-14T12:23:05Z</time>
        <extensions>
          <ns3:TrackPointExtension>
            <ns3:atemp>22.0</ns3:atemp>
          </ns3:TrackPointExtension>
        </extensions>
      </trkpt>
      <trkpt lat="51.83644317090511" lon="0.5296719074249268">
        <ele>72.4000015258789</ele>
        <time>2024-09-14T12:23:07Z</time>
        <extensions>
          <ns3:TrackPointExtension>
            <ns3:atemp>22.0</ns3:atemp>
          </ns3:TrackPointExtension>
        </extensions>
      </trkpt>
      <trkpt lat="51.83650896884501" lon="0.5296965502202511">
        <ele>72.4000015258789</ele>
        <time>2024-09-14T12:23:08Z</time>
        <extensions>
          <ns3:TrackPointExtension>
            <ns3:atemp>22.0</ns3:atemp>
          </ns3:TrackPointExtension>
        </extensions>
      </trkpt>
      <trkpt lat="51.83657292276621" lon="0.5296921078115702">
        <ele>72.5999984741211</ele>
        <time>2024-09-14T12:23:09Z</time>
        <extensions>
          <ns3:TrackPointExtension>
            <ns3:atemp>22.0</ns3:atemp>
          </ns3:TrackPointExtension>
        </extensions>
      </trkpt>
      <trkpt lat="51.83669253252447" lon="0.529590267688036">
        <ele>72.5999984741211</ele>
        <time>2024-09-14T12:23:11Z</time>
        <extensions>
          <ns3:TrackPointExtension>
            <ns3:atemp>22.0</ns3:atemp>
          </ns3:TrackPointExtension>
        </extensions>
      </trkpt>
      <trkpt lat="51.83737196959555" lon="0.5284091737121344">
        <ele>72.80000305175781</ele>
        <time>2024-09-14T12:23:26Z</time>
        <extensions>
          <ns3:TrackPointExtension>
            <ns3:atemp>22.0</ns3:atemp>
          </ns3:TrackPointExtension>
        </extensions>
      </trkpt>
      <trkpt lat="51.83843580074608" lon="0.5268948990851641">
        <ele>74.0</ele>
        <time>2024-09-14T12:23:45Z</time>
        <extensions>
          <ns3:TrackPointExtension>
            <ns3:atemp>22.0</ns3:atemp>
          </ns3:TrackPointExtension>
        </extensions>
      </trkpt>
      <trkpt lat="51.839030077680945" lon="0.5255888309329748">
        <ele>75.80000305175781</ele>
        <time>2024-09-14T12:23:59Z</time>
        <extensions>
          <ns3:TrackPointExtension>
            <ns3:atemp>22.0</ns3:atemp>
          </ns3:TrackPointExtension>
        </extensions>
      </trkpt>
      <trkpt lat="51.83974329382181" lon="0.5242907255887985">
        <ele>76.5999984741211</ele>
        <time>2024-09-14T12:24:14Z</time>
        <extensions>
          <ns3:TrackPointExtension>
            <ns3:atemp>22.0</ns3:atemp>
          </ns3:TrackPointExtension>
        </extensions>
      </trkpt>
      <trkpt lat="51.840076223015785" lon="0.5237724725157022">
        <ele>76.19999694824219</ele>
        <time>2024-09-14T12:24:20Z</time>
        <extensions>
          <ns3:TrackPointExtension>
            <ns3:atemp>22.0</ns3:atemp>
          </ns3:TrackPointExtension>
        </extensions>
      </trkpt>
      <trkpt lat="51.840282920747995" lon="0.5236063431948423">
        <ele>76.0</ele>
        <time>2024-09-14T12:24:23Z</time>
        <extensions>
          <ns3:TrackPointExtension>
            <ns3:atemp>21.0</ns3:atemp>
          </ns3:TrackPointExtension>
        </extensions>
      </trkpt>
      <trkpt lat="51.84103595092893" lon="0.5233566462993622">
        <ele>76.0</ele>
        <time>2024-09-14T12:24:33Z</time>
        <extensions>
          <ns3:TrackPointExtension>
            <ns3:atemp>21.0</ns3:atemp>
          </ns3:TrackPointExtension>
        </extensions>
      </trkpt>
      <trkpt lat="51.84132797643542" lon="0.5231516249477863">
        <ele>75.80000305175781</ele>
        <time>2024-09-14T12:24:37Z</time>
        <extensions>
          <ns3:TrackPointExtension>
            <ns3:atemp>21.0</ns3:atemp>
          </ns3:TrackPointExtension>
        </extensions>
      </trkpt>
      <trkpt lat="51.84201437048614" lon="0.5224533285945654">
        <ele>76.0</ele>
        <time>2024-09-14T12:24:47Z</time>
        <extensions>
          <ns3:TrackPointExtension>
            <ns3:atemp>21.0</ns3:atemp>
          </ns3:TrackPointExtension>
        </extensions>
      </trkpt>
      <trkpt lat="51.84248434379697" lon="0.5220344848930836">
        <ele>76.19999694824219</ele>
        <time>2024-09-14T12:24:54Z</time>
        <extensions>
          <ns3:TrackPointExtension>
            <ns3:atemp>21.0</ns3:atemp>
          </ns3:TrackPointExtension>
        </extensions>
      </trkpt>
      <trkpt lat="51.843102341517806" lon="0.5210944544523954">
        <ele>76.4000015258789</ele>
        <time>2024-09-14T12:25:06Z</time>
        <extensions>
          <ns3:TrackPointExtension>
            <ns3:atemp>21.0</ns3:atemp>
          </ns3:TrackPointExtension>
        </extensions>
      </trkpt>
      <trkpt lat="51.8435724824667" lon="0.5207010917365551">
        <ele>76.5999984741211</ele>
        <time>2024-09-14T12:25:15Z</time>
        <extensions>
          <ns3:TrackPointExtension>
            <ns3:atemp>21.0</ns3:atemp>
          </ns3:TrackPointExtension>
        </extensions>
      </trkpt>
      <trkpt lat="51.84380575083196" lon="0.5203722696751356">
        <ele>76.5999984741211</ele>
        <time>2024-09-14T12:25:22Z</time>
        <extensions>
          <ns3:TrackPointExtension>
            <ns3:atemp>21.0</ns3:atemp>
          </ns3:TrackPointExtension>
        </extensions>
      </trkpt>
      <trkpt lat="51.84383098036051" lon="0.5202459543943405">
        <ele>76.4000015258789</ele>
        <time>2024-09-14T12:25:27Z</time>
        <extensions>
          <ns3:TrackPointExtension>
            <ns3:atemp>21.0</ns3:atemp>
          </ns3:TrackPointExtension>
        </extensions>
      </trkpt>
      <trkpt lat="51.84387741610408" lon="0.520221060141921">
        <ele>76.5999984741211</ele>
        <time>2024-09-14T12:25:39Z</time>
        <extensions>
          <ns3:TrackPointExtension>
            <ns3:atemp>21.0</ns3:atemp>
          </ns3:TrackPointExtension>
        </extensions>
      </trkpt>
      <trkpt lat="51.844194335862994" lon="0.5204122513532639">
        <ele>76.5999984741211</ele>
        <time>2024-09-14T12:25:47Z</time>
        <extensions>
          <ns3:TrackPointExtension>
            <ns3:atemp>21.0</ns3:atemp>
          </ns3:TrackPointExtension>
        </extensions>
      </trkpt>
      <trkpt lat="51.84886540286243" lon="0.524542685598135">
        <ele>77.0</ele>
        <time>2024-09-14T12:27:08Z</time>
        <extensions>
          <ns3:TrackPointExtension>
            <ns3:atemp>20.0</ns3:atemp>
          </ns3:TrackPointExtension>
        </extensions>
      </trkpt>
      <trkpt lat="51.84896263293922" lon="0.524568585678935">
        <ele>77.0</ele>
        <time>2024-09-14T12:27:10Z</time>
        <extensions>
          <ns3:TrackPointExtension>
            <ns3:atemp>20.0</ns3:atemp>
          </ns3:TrackPointExtension>
        </extensions>
      </trkpt>
      <trkpt lat="51.84903832152486" lon="0.5244430247694254">
        <ele>77.0</ele>
        <time>2024-09-14T12:27:12Z</time>
        <extensions>
          <ns3:TrackPointExtension>
            <ns3:atemp>20.0</ns3:atemp>
          </ns3:TrackPointExtension>
        </extensions>
      </trkpt>
      <trkpt lat="51.84908400289714" lon="0.5241445451974869">
        <ele>76.5999984741211</ele>
        <time>2024-09-14T12:27:15Z</time>
        <extensions>
          <ns3:TrackPointExtension>
            <ns3:atemp>20.0</ns3:atemp>
          </ns3:TrackPointExtension>
        </extensions>
      </trkpt>
      <trkpt lat="51.84900378808379" lon="0.5238377675414085">
        <ele>76.4000015258789</ele>
        <time>2024-09-14T12:27:18Z</time>
        <extensions>
          <ns3:TrackPointExtension>
            <ns3:atemp>20.0</ns3:atemp>
          </ns3:TrackPointExtension>
        </extensions>
      </trkpt>
      <trkpt lat="51.84888694435358" lon="0.5237063392996788">
        <ele>76.0</ele>
        <time>2024-09-14T12:27:20Z</time>
        <extensions>
          <ns3:TrackPointExtension>
            <ns3:atemp>20.0</ns3:atemp>
          </ns3:TrackPointExtension>
        </extensions>
      </trkpt>
      <trkpt lat="51.84813240543008" lon="0.523225637152791">
        <ele>73.4000015258789</ele>
        <time>2024-09-14T12:27:30Z</time>
        <extensions>
          <ns3:TrackPointExtension>
            <ns3:atemp>20.0</ns3:atemp>
          </ns3:TrackPointExtension>
        </extensions>
      </trkpt>
      <trkpt lat="51.848008604720235" lon="0.5230039358139038">
        <ele>72.5999984741211</ele>
        <time>2024-09-14T12:27:32Z</time>
        <extensions>
          <ns3:TrackPointExtension>
            <ns3:atemp>20.0</ns3:atemp>
          </ns3:TrackPointExtension>
        </extensions>
      </trkpt>
      <trkpt lat="51.84795521199703" lon="0.522695817053318">
        <ele>72.19999694824219</ele>
        <time>2024-09-14T12:27:34Z</time>
        <extensions>
          <ns3:TrackPointExtension>
            <ns3:atemp>20.0</ns3:atemp>
          </ns3:TrackPointExtension>
        </extensions>
      </trkpt>
      <trkpt lat="51.84799896553159" lon="0.5223664920777082">
        <ele>71.5999984741211</ele>
        <time>2024-09-14T12:27:36Z</time>
        <extensions>
          <ns3:TrackPointExtension>
            <ns3:atemp>20.0</ns3:atemp>
          </ns3:TrackPointExtension>
        </extensions>
      </trkpt>
      <trkpt lat="51.84809577651322" lon="0.522100031375885">
        <ele>70.80000305175781</ele>
        <time>2024-09-14T12:27:38Z</time>
        <extensions>
          <ns3:TrackPointExtension>
            <ns3:atemp>20.0</ns3:atemp>
          </ns3:TrackPointExtension>
        </extensions>
      </trkpt>
      <trkpt lat="51.84814900159836" lon="0.521789900958538">
        <ele>70.19999694824219</ele>
        <time>2024-09-14T12:27:40Z</time>
        <extensions>
          <ns3:TrackPointExtension>
            <ns3:atemp>20.0</ns3:atemp>
          </ns3:TrackPointExtension>
        </extensions>
      </trkpt>
      <trkpt lat="51.84824254363775" lon="0.5214844644069672">
        <ele>70.0</ele>
        <time>2024-09-14T12:27:42Z</time>
        <extensions>
          <ns3:TrackPointExtension>
            <ns3:atemp>20.0</ns3:atemp>
          </ns3:TrackPointExtension>
        </extensions>
      </trkpt>
      <trkpt lat="51.84849299490452" lon="0.5207666382193565">
        <ele>71.0</ele>
        <time>2024-09-14T12:27:48Z</time>
        <extensions>
          <ns3:TrackPointExtension>
            <ns3:atemp>20.0</ns3:atemp>
          </ns3:TrackPointExtension>
        </extensions>
      </trkpt>
      <trkpt lat="51.84873724356294" lon="0.5202120915055275">
        <ele>73.80000305175781</ele>
        <time>2024-09-14T12:27:55Z</time>
        <extensions>
          <ns3:TrackPointExtension>
            <ns3:atemp>20.0</ns3:atemp>
          </ns3:TrackPointExtension>
        </extensions>
      </trkpt>
      <trkpt lat="51.848958525806665" lon="0.5195400305092335">
        <ele>76.4000015258789</ele>
        <time>2024-09-14T12:28:05Z</time>
        <extensions>
          <ns3:TrackPointExtension>
            <ns3:atemp>20.0</ns3:atemp>
          </ns3:TrackPointExtension>
        </extensions>
      </trkpt>
      <trkpt lat="51.84906522743404" lon="0.5188692267984152">
        <ele>76.80000305175781</ele>
        <time>2024-09-14T12:28:13Z</time>
        <extensions>
          <ns3:TrackPointExtension>
            <ns3:atemp>20.0</ns3:atemp>
          </ns3:TrackPointExtension>
        </extensions>
      </trkpt>
      <trkpt lat="51.84917829930782" lon="0.5174738075584173">
        <ele>77.0</ele>
        <time>2024-09-14T12:28:29Z</time>
        <extensions>
          <ns3:TrackPointExtension>
            <ns3:atemp>20.0</ns3:atemp>
          </ns3:TrackPointExtension>
        </extensions>
      </trkpt>
      <trkpt lat="51.84909230098128" lon="0.5167155805975199">
        <ele>77.4000015258789</ele>
        <time>2024-09-14T12:28:38Z</time>
        <extensions>
          <ns3:TrackPointExtension>
            <ns3:atemp>20.0</ns3:atemp>
          </ns3:TrackPointExtension>
        </extensions>
      </trkpt>
      <trkpt lat="51.84881703928113" lon="0.5155556090176105">
        <ele>78.0</ele>
        <time>2024-09-14T12:28:51Z</time>
        <extensions>
          <ns3:TrackPointExtension>
            <ns3:atemp>20.0</ns3:atemp>
          </ns3:TrackPointExtension>
        </extensions>
      </trkpt>
      <trkpt lat="51.84872433543205" lon="0.5147177539765835">
        <ele>78.80000305175781</ele>
        <time>2024-09-14T12:29:00Z</time>
        <extensions>
          <ns3:TrackPointExtension>
            <ns3:atemp>20.0</ns3:atemp>
          </ns3:TrackPointExtension>
        </extensions>
      </trkpt>
      <trkpt lat="51.84854353778064" lon="0.5141532327979803">
        <ele>78.5999984741211</ele>
        <time>2024-09-14T12:29:06Z</time>
        <extensions>
          <ns3:TrackPointExtension>
            <ns3:atemp>21.0</ns3:atemp>
          </ns3:TrackPointExtension>
        </extensions>
      </trkpt>
      <trkpt lat="51.84844823554158" lon="0.5136078223586082">
        <ele>78.4000015258789</ele>
        <time>2024-09-14T12:29:11Z</time>
        <extensions>
          <ns3:TrackPointExtension>
            <ns3:atemp>21.0</ns3:atemp>
          </ns3:TrackPointExtension>
        </extensions>
      </trkpt>
      <trkpt lat="51.8482281267643" lon="0.5127457436174154">
        <ele>78.19999694824219</ele>
        <time>2024-09-14T12:29:20Z</time>
        <extensions>
          <ns3:TrackPointExtension>
            <ns3:atemp>21.0</ns3:atemp>
          </ns3:TrackPointExtension>
        </extensions>
      </trkpt>
      <trkpt lat="51.84816903434694" lon="0.5120497103780508">
        <ele>78.5999984741211</ele>
        <time>2024-09-14T12:29:27Z</time>
        <extensions>
          <ns3:TrackPointExtension>
            <ns3:atemp>21.0</ns3:atemp>
          </ns3:TrackPointExtension>
        </extensions>
      </trkpt>
      <trkpt lat="51.848133662715554" lon="0.5119482055306435">
        <ele>78.5999984741211</ele>
        <time>2024-09-14T12:29:28Z</time>
        <extensions>
          <ns3:TrackPointExtension>
            <ns3:atemp>21.0</ns3:atemp>
          </ns3:TrackPointExtension>
        </extensions>
      </trkpt>
      <trkpt lat="51.84801874682307" lon="0.5118254106491804">
        <ele>78.4000015258789</ele>
        <time>2024-09-14T12:29:30Z</time>
        <extensions>
          <ns3:TrackPointExtension>
            <ns3:atemp>21.0</ns3:atemp>
          </ns3:TrackPointExtension>
        </extensions>
      </trkpt>
      <trkpt lat="51.84765757061541" lon="0.5116954073309898">
        <ele>78.0</ele>
        <time>2024-09-14T12:29:35Z</time>
        <extensions>
          <ns3:TrackPointExtension>
            <ns3:atemp>21.0</ns3:atemp>
          </ns3:TrackPointExtension>
        </extensions>
      </trkpt>
      <trkpt lat="51.847379710525274" lon="0.5113331414759159">
        <ele>78.0</ele>
        <time>2024-09-14T12:29:40Z</time>
        <extensions>
          <ns3:TrackPointExtension>
            <ns3:atemp>21.0</ns3:atemp>
          </ns3:TrackPointExtension>
        </extensions>
      </trkpt>
      <trkpt lat="51.84456758201122" lon="0.5063271336257458">
        <ele>75.5999984741211</ele>
        <time>2024-09-14T12:30:40Z</time>
        <extensions>
          <ns3:TrackPointExtension>
            <ns3:atemp>20.0</ns3:atemp>
          </ns3:TrackPointExtension>
        </extensions>
      </trkpt>
      <trkpt lat="51.84327065013349" lon="0.5040757544338703">
        <ele>72.80000305175781</ele>
        <time>2024-09-14T12:31:09Z</time>
        <extensions>
          <ns3:TrackPointExtension>
            <ns3:atemp>20.0</ns3:atemp>
          </ns3:TrackPointExtension>
        </extensions>
      </trkpt>
      <trkpt lat="51.84324039146304" lon="0.5039825476706028">
        <ele>71.4000015258789</ele>
        <time>2024-09-14T12:31:24Z</time>
        <extensions>
          <ns3:TrackPointExtension>
            <ns3:atemp>20.0</ns3:atemp>
          </ns3:TrackPointExtension>
        </extensions>
      </trkpt>
      <trkpt lat="51.84325698763132" lon="0.5039050150662661">
        <ele>71.4000015258789</ele>
        <time>2024-09-14T12:31:26Z</time>
        <extensions>
          <ns3:TrackPointExtension>
            <ns3:atemp>20.0</ns3:atemp>
          </ns3:TrackPointExtension>
        </extensions>
      </trkpt>
      <trkpt lat="51.844313275069" lon="0.5023054126650095">
        <ele>72.4000015258789</ele>
        <time>2024-09-14T12:31:52Z</time>
        <extensions>
          <ns3:TrackPointExtension>
            <ns3:atemp>20.0</ns3:atemp>
          </ns3:TrackPointExtension>
        </extensions>
      </trkpt>
      <trkpt lat="51.8451455142349" lon="0.5005527567118406">
        <ele>72.80000305175781</ele>
        <time>2024-09-14T12:32:12Z</time>
        <extensions>
          <ns3:TrackPointExtension>
            <ns3:atemp>20.0</ns3:atemp>
          </ns3:TrackPointExtension>
        </extensions>
      </trkpt>
      <trkpt lat="51.845600651577115" lon="0.49978354945778847">
        <ele>71.19999694824219</ele>
        <time>2024-09-14T12:32:21Z</time>
        <extensions>
          <ns3:TrackPointExtension>
            <ns3:atemp>20.0</ns3:atemp>
          </ns3:TrackPointExtension>
        </extensions>
      </trkpt>
      <trkpt lat="51.84616877697408" lon="0.4987157788127661">
        <ele>70.4000015258789</ele>
        <time>2024-09-14T12:32:33Z</time>
        <extensions>
          <ns3:TrackPointExtension>
            <ns3:atemp>21.0</ns3:atemp>
          </ns3:TrackPointExtension>
        </extensions>
      </trkpt>
      <trkpt lat="51.84661293402314" lon="0.49808118492364883">
        <ele>71.0</ele>
        <time>2024-09-14T12:32:41Z</time>
        <extensions>
          <ns3:TrackPointExtension>
            <ns3:atemp>21.0</ns3:atemp>
          </ns3:TrackPointExtension>
        </extensions>
      </trkpt>
      <trkpt lat="51.84688241221011" lon="0.4978245310485363">
        <ele>70.5999984741211</ele>
        <time>2024-09-14T12:32:45Z</time>
        <extensions>
          <ns3:TrackPointExtension>
            <ns3:atemp>21.0</ns3:atemp>
          </ns3:TrackPointExtension>
        </extensions>
      </trkpt>
      <trkpt lat="51.84755304828286" lon="0.4974493570625782">
        <ele>69.4000015258789</ele>
        <time>2024-09-14T12:32:54Z</time>
        <extensions>
          <ns3:TrackPointExtension>
            <ns3:atemp>21.0</ns3:atemp>
          </ns3:TrackPointExtension>
        </extensions>
      </trkpt>
      <trkpt lat="51.85001330450177" lon="0.49674175679683685">
        <ele>66.4000015258789</ele>
        <time>2024-09-14T12:33:25Z</time>
        <extensions>
          <ns3:TrackPointExtension>
            <ns3:atemp>21.0</ns3:atemp>
          </ns3:TrackPointExtension>
        </extensions>
      </trkpt>
      <trkpt lat="51.85127126052976" lon="0.4966392461210489">
        <ele>64.4000015258789</ele>
        <time>2024-09-14T12:33:40Z</time>
        <extensions>
          <ns3:TrackPointExtension>
            <ns3:atemp>21.0</ns3:atemp>
          </ns3:TrackPointExtension>
        </extensions>
      </trkpt>
      <trkpt lat="51.85225739143789" lon="0.4966587759554386">
        <ele>62.0</ele>
        <time>2024-09-14T12:33:51Z</time>
        <extensions>
          <ns3:TrackPointExtension>
            <ns3:atemp>21.0</ns3:atemp>
          </ns3:TrackPointExtension>
        </extensions>
      </trkpt>
      <trkpt lat="51.85259811580181" lon="0.4965662397444248">
        <ele>61.400001525878906</ele>
        <time>2024-09-14T12:33:55Z</time>
        <extensions>
          <ns3:TrackPointExtension>
            <ns3:atemp>21.0</ns3:atemp>
          </ns3:TrackPointExtension>
        </extensions>
      </trkpt>
      <trkpt lat="51.85436979867518" lon="0.4957492556422949">
        <ele>64.80000305175781</ele>
        <time>2024-09-14T12:34:21Z</time>
        <extensions>
          <ns3:TrackPointExtension>
            <ns3:atemp>20.0</ns3:atemp>
          </ns3:TrackPointExtension>
        </extensions>
      </trkpt>
      <trkpt lat="51.85574887320399" lon="0.49453044310212135">
        <ele>65.5999984741211</ele>
        <time>2024-09-14T12:34:45Z</time>
        <extensions>
          <ns3:TrackPointExtension>
            <ns3:atemp>21.0</ns3:atemp>
          </ns3:TrackPointExtension>
        </extensions>
      </trkpt>
      <trkpt lat="51.85600980184972" lon="0.494395662099123">
        <ele>65.5999984741211</ele>
        <time>2024-09-14T12:34:49Z</time>
        <extensions>
          <ns3:TrackPointExtension>
            <ns3:atemp>21.0</ns3:atemp>
          </ns3:TrackPointExtension>
        </extensions>
      </trkpt>
      <trkpt lat="51.85621197335422" lon="0.49445525743067265">
        <ele>66.0</ele>
        <time>2024-09-14T12:34:52Z</time>
        <extensions>
          <ns3:TrackPointExtension>
            <ns3:atemp>21.0</ns3:atemp>
          </ns3:TrackPointExtension>
        </extensions>
      </trkpt>
      <trkpt lat="51.85635790228844" lon="0.49467955715954304">
        <ele>66.0</ele>
        <time>2024-09-14T12:34:55Z</time>
        <extensions>
          <ns3:TrackPointExtension>
            <ns3:atemp>21.0</ns3:atemp>
          </ns3:TrackPointExtension>
        </extensions>
      </trkpt>
      <trkpt lat="51.856575245037675" lon="0.4957640916109085">
        <ele>66.0</ele>
        <time>2024-09-14T12:35:05Z</time>
        <extensions>
          <ns3:TrackPointExtension>
            <ns3:atemp>21.0</ns3:atemp>
          </ns3:TrackPointExtension>
        </extensions>
      </trkpt>
      <trkpt lat="51.85699584893882" lon="0.4973382130265236">
        <ele>66.5999984741211</ele>
        <time>2024-09-14T12:35:20Z</time>
        <extensions>
          <ns3:TrackPointExtension>
            <ns3:atemp>21.0</ns3:atemp>
          </ns3:TrackPointExtension>
        </extensions>
      </trkpt>
      <trkpt lat="51.85730354860425" lon="0.4983907286077738">
        <ele>67.4000015258789</ele>
        <time>2024-09-14T12:35:31Z</time>
        <extensions>
          <ns3:TrackPointExtension>
            <ns3:atemp>21.0</ns3:atemp>
          </ns3:TrackPointExtension>
        </extensions>
      </trkpt>
      <trkpt lat="51.85746825300157" lon="0.49859038554131985">
        <ele>67.4000015258789</ele>
        <time>2024-09-14T12:35:34Z</time>
        <extensions>
          <ns3:TrackPointExtension>
            <ns3:atemp>21.0</ns3:atemp>
          </ns3:TrackPointExtension>
        </extensions>
      </trkpt>
      <trkpt lat="51.85806663706899" lon="0.49879138357937336">
        <ele>68.0</ele>
        <time>2024-09-14T12:35:43Z</time>
        <extensions>
          <ns3:TrackPointExtension>
            <ns3:atemp>21.0</ns3:atemp>
          </ns3:TrackPointExtension>
        </extensions>
      </trkpt>
      <trkpt lat="51.85888345353305" lon="0.4988007713109255">
        <ele>68.19999694824219</ele>
        <time>2024-09-14T12:35:55Z</time>
        <extensions>
          <ns3:TrackPointExtension>
            <ns3:atemp>21.0</ns3:atemp>
          </ns3:TrackPointExtension>
        </extensions>
      </trkpt>
      <trkpt lat="51.85960547067225" lon="0.49891501665115356">
        <ele>67.19999694824219</ele>
        <time>2024-09-14T12:36:04Z</time>
        <extensions>
          <ns3:TrackPointExtension>
            <ns3:atemp>21.0</ns3:atemp>
          </ns3:TrackPointExtension>
        </extensions>
      </trkpt>
      <trkpt lat="51.86014702543616" lon="0.49885718151926994">
        <ele>66.80000305175781</ele>
        <time>2024-09-14T12:36:11Z</time>
        <extensions>
          <ns3:TrackPointExtension>
            <ns3:atemp>21.0</ns3:atemp>
          </ns3:TrackPointExtension>
        </extensions>
      </trkpt>
      <trkpt lat="51.86171284876764" lon="0.498483432456851">
        <ele>72.0</ele>
        <time>2024-09-14T12:36:36Z</time>
        <extensions>
          <ns3:TrackPointExtension>
            <ns3:atemp>21.0</ns3:atemp>
          </ns3:TrackPointExtension>
        </extensions>
      </trkpt>
      <trkpt lat="51.862104116007686" lon="0.49851964227855206">
        <ele>72.4000015258789</ele>
        <time>2024-09-14T12:36:42Z</time>
        <extensions>
          <ns3:TrackPointExtension>
            <ns3:atemp>21.0</ns3:atemp>
          </ns3:TrackPointExtension>
        </extensions>
      </trkpt>
      <trkpt lat="51.862595211714506" lon="0.49864746630191803">
        <ele>72.80000305175781</ele>
        <time>2024-09-14T12:36:50Z</time>
        <extensions>
          <ns3:TrackPointExtension>
            <ns3:atemp>21.0</ns3:atemp>
          </ns3:TrackPointExtension>
        </extensions>
      </trkpt>
      <trkpt lat="51.86306887306273" lon="0.4989271704107523">
        <ele>73.19999694824219</ele>
        <time>2024-09-14T12:36:58Z</time>
        <extensions>
          <ns3:TrackPointExtension>
            <ns3:atemp>21.0</ns3:atemp>
          </ns3:TrackPointExtension>
        </extensions>
      </trkpt>
      <trkpt lat="51.86360380612314" lon="0.4993732552975416">
        <ele>73.5999984741211</ele>
        <time>2024-09-14T12:37:08Z</time>
        <extensions>
          <ns3:TrackPointExtension>
            <ns3:atemp>21.0</ns3:atemp>
          </ns3:TrackPointExtension>
        </extensions>
      </trkpt>
      <trkpt lat="51.86398115940392" lon="0.499630831182003">
        <ele>73.80000305175781</ele>
        <time>2024-09-14T12:37:14Z</time>
        <extensions>
          <ns3:TrackPointExtension>
            <ns3:atemp>20.0</ns3:atemp>
          </ns3:TrackPointExtension>
        </extensions>
      </trkpt>
      <trkpt lat="51.86500391922891" lon="0.49993216060101986">
        <ele>74.4000015258789</ele>
        <time>2024-09-14T12:37:29Z</time>
        <extensions>
          <ns3:TrackPointExtension>
            <ns3:atemp>20.0</ns3:atemp>
          </ns3:TrackPointExtension>
        </extensions>
      </trkpt>
      <trkpt lat="51.86613782308996" lon="0.5004669260233641">
        <ele>73.5999984741211</ele>
        <time>2024-09-14T12:37:45Z</time>
        <extensions>
          <ns3:TrackPointExtension>
            <ns3:atemp>20.0</ns3:atemp>
          </ns3:TrackPointExtension>
        </extensions>
      </trkpt>
      <trkpt lat="51.86688523739576" lon="0.5010943114757538">
        <ele>74.80000305175781</ele>
        <time>2024-09-14T12:37:57Z</time>
        <extensions>
          <ns3:TrackPointExtension>
            <ns3:atemp>20.0</ns3:atemp>
          </ns3:TrackPointExtension>
        </extensions>
      </trkpt>
      <trkpt lat="51.86758738942444" lon="0.5020997207611799">
        <ele>74.5999984741211</ele>
        <time>2024-09-14T12:38:10Z</time>
        <extensions>
          <ns3:TrackPointExtension>
            <ns3:atemp>20.0</ns3:atemp>
          </ns3:TrackPointExtension>
        </extensions>
      </trkpt>
      <trkpt lat="51.868340000510216" lon="0.5029744561761618">
        <ele>75.4000015258789</ele>
        <time>2024-09-14T12:38:23Z</time>
        <extensions>
          <ns3:TrackPointExtension>
            <ns3:atemp>20.0</ns3:atemp>
          </ns3:TrackPointExtension>
        </extensions>
      </trkpt>
      <trkpt lat="51.868509985506535" lon="0.5033326148986816">
        <ele>75.4000015258789</ele>
        <time>2024-09-14T12:38:27Z</time>
        <extensions>
          <ns3:TrackPointExtension>
            <ns3:atemp>21.0</ns3:atemp>
          </ns3:TrackPointExtension>
        </extensions>
      </trkpt>
      <trkpt lat="51.868847105652094" lon="0.5045653413981199">
        <ele>76.19999694824219</ele>
        <time>2024-09-14T12:38:40Z</time>
        <extensions>
          <ns3:TrackPointExtension>
            <ns3:atemp>21.0</ns3:atemp>
          </ns3:TrackPointExtension>
        </extensions>
      </trkpt>
      <trkpt lat="51.869002589955926" lon="0.5049221590161324">
        <ele>77.19999694824219</ele>
        <time>2024-09-14T12:38:45Z</time>
        <extensions>
          <ns3:TrackPointExtension>
            <ns3:atemp>21.0</ns3:atemp>
          </ns3:TrackPointExtension>
        </extensions>
      </trkpt>
      <trkpt lat="51.86935312114656" lon="0.5054792203009129">
        <ele>80.5999984741211</ele>
        <time>2024-09-14T12:38:55Z</time>
        <extensions>
          <ns3:TrackPointExtension>
            <ns3:atemp>21.0</ns3:atemp>
          </ns3:TrackPointExtension>
        </extensions>
      </trkpt>
      <trkpt lat="51.86977028846741" lon="0.5057981517165899">
        <ele>82.80000305175781</ele>
        <time>2024-09-14T12:39:05Z</time>
        <extensions>
          <ns3:TrackPointExtension>
            <ns3:atemp>21.0</ns3:atemp>
          </ns3:TrackPointExtension>
        </extensions>
      </trkpt>
      <trkpt lat="51.87008259817958" lon="0.5059258081018925">
        <ele>83.0</ele>
        <time>2024-09-14T12:39:11Z</time>
        <extensions>
          <ns3:TrackPointExtension>
            <ns3:atemp>21.0</ns3:atemp>
          </ns3:TrackPointExtension>
        </extensions>
      </trkpt>
      <trkpt lat="51.87047847546637" lon="0.5059508699923754">
        <ele>82.19999694824219</ele>
        <time>2024-09-14T12:39:17Z</time>
        <extensions>
          <ns3:TrackPointExtension>
            <ns3:atemp>21.0</ns3:atemp>
          </ns3:TrackPointExtension>
        </extensions>
      </trkpt>
      <trkpt lat="51.871483298018575" lon="0.5056260712444782">
        <ele>78.0</ele>
        <time>2024-09-14T12:39:30Z</time>
        <extensions>
          <ns3:TrackPointExtension>
            <ns3:atemp>21.0</ns3:atemp>
          </ns3:TrackPointExtension>
        </extensions>
      </trkpt>
      <trkpt lat="51.871891748160124" lon="0.5056177731603384">
        <ele>78.19999694824219</ele>
        <time>2024-09-14T12:39:36Z</time>
        <extensions>
          <ns3:TrackPointExtension>
            <ns3:atemp>21.0</ns3:atemp>
          </ns3:TrackPointExtension>
        </extensions>
      </trkpt>
      <trkpt lat="51.87287335284054" lon="0.5058001633733511">
        <ele>78.0</ele>
        <time>2024-09-14T12:39:53Z</time>
        <extensions>
          <ns3:TrackPointExtension>
            <ns3:atemp>21.0</ns3:atemp>
          </ns3:TrackPointExtension>
        </extensions>
      </trkpt>
      <trkpt lat="51.87298617325723" lon="0.5059248022735119">
        <ele>77.5999984741211</ele>
        <time>2024-09-14T12:39:56Z</time>
        <extensions>
          <ns3:TrackPointExtension>
            <ns3:atemp>21.0</ns3:atemp>
          </ns3:TrackPointExtension>
        </extensions>
      </trkpt>
      <trkpt lat="51.87322799116373" lon="0.5059223715215921">
        <ele>77.5999984741211</ele>
        <time>2024-09-14T12:40:05Z</time>
        <extensions>
          <ns3:TrackPointExtension>
            <ns3:atemp>21.0</ns3:atemp>
          </ns3:TrackPointExtension>
        </extensions>
      </trkpt>
      <trkpt lat="51.87341499142349" lon="0.5060076992958784">
        <ele>77.80000305175781</ele>
        <time>2024-09-14T12:40:12Z</time>
        <extensions>
          <ns3:TrackPointExtension>
            <ns3:atemp>21.0</ns3:atemp>
          </ns3:TrackPointExtension>
        </extensions>
      </trkpt>
      <trkpt lat="51.87354004941881" lon="0.506001329049468">
        <ele>77.19999694824219</ele>
        <time>2024-09-14T12:41:51Z</time>
        <extensions>
          <ns3:TrackPointExtension>
            <ns3:atemp>22.0</ns3:atemp>
          </ns3:TrackPointExtension>
        </extensions>
      </trkpt>
      <trkpt lat="51.87470748089254" lon="0.5065039079636335">
        <ele>77.80000305175781</ele>
        <time>2024-09-14T12:42:23Z</time>
        <extensions>
          <ns3:TrackPointExtension>
            <ns3:atemp>22.0</ns3:atemp>
          </ns3:TrackPointExtension>
        </extensions>
      </trkpt>
      <trkpt lat="51.874877884984016" lon="0.5065215937793255">
        <ele>77.5999984741211</ele>
        <time>2024-09-14T12:42:26Z</time>
        <extensions>
          <ns3:TrackPointExtension>
            <ns3:atemp>22.0</ns3:atemp>
          </ns3:TrackPointExtension>
        </extensions>
      </trkpt>
      <trkpt lat="51.875086510553956" lon="0.5064665246754885">
        <ele>77.19999694824219</ele>
        <time>2024-09-14T12:42:33Z</time>
        <extensions>
          <ns3:TrackPointExtension>
            <ns3:atemp>22.0</ns3:atemp>
          </ns3:TrackPointExtension>
        </extensions>
      </trkpt>
      <trkpt lat="51.87515465542674" lon="0.5065462365746498">
        <ele>77.19999694824219</ele>
        <time>2024-09-14T12:42:37Z</time>
        <extensions>
          <ns3:TrackPointExtension>
            <ns3:atemp>22.0</ns3:atemp>
          </ns3:TrackPointExtension>
        </extensions>
      </trkpt>
      <trkpt lat="51.87537744641304" lon="0.5089512560516596">
        <ele>76.0</ele>
        <time>2024-09-14T12:43:00Z</time>
        <extensions>
          <ns3:TrackPointExtension>
            <ns3:atemp>22.0</ns3:atemp>
          </ns3:TrackPointExtension>
        </extensions>
      </trkpt>
      <trkpt lat="51.87544399872422" lon="0.5091028846800327">
        <ele>76.19999694824219</ele>
        <time>2024-09-14T12:43:03Z</time>
        <extensions>
          <ns3:TrackPointExtension>
            <ns3:atemp>22.0</ns3:atemp>
          </ns3:TrackPointExtension>
        </extensions>
      </trkpt>
      <trkpt lat="51.87552220188081" lon="0.5090931616723537">
        <ele>76.19999694824219</ele>
        <time>2024-09-14T12:43:06Z</time>
        <extensions>
          <ns3:TrackPointExtension>
            <ns3:atemp>22.0</ns3:atemp>
          </ns3:TrackPointExtension>
        </extensions>
      </trkpt>
      <trkpt lat="51.87554340809584" lon="0.5090406909584999">
        <ele>76.19999694824219</ele>
        <time>2024-09-14T12:43:08Z</time>
        <extensions>
          <ns3:TrackPointExtension>
            <ns3:atemp>22.0</ns3:atemp>
          </ns3:TrackPointExtension>
        </extensions>
      </trkpt>
      <trkpt lat="51.87542974948883" lon="0.5091611389070749">
        <ele>76.19999694824219</ele>
        <time>2024-09-14T14:10:57Z</time>
        <extensions>
          <ns3:TrackPointExtension>
            <ns3:atemp>25.0</ns3:atemp>
          </ns3:TrackPointExtension>
        </extensions>
      </trkpt>
      <trkpt lat="51.875413320958614" lon="0.509354006499052">
        <ele>76.19999694824219</ele>
        <time>2024-09-14T14:11:01Z</time>
        <extensions>
          <ns3:TrackPointExtension>
            <ns3:atemp>25.0</ns3:atemp>
          </ns3:TrackPointExtension>
        </extensions>
      </trkpt>
      <trkpt lat="51.87558917328715" lon="0.510611878708005">
        <ele>75.80000305175781</ele>
        <time>2024-09-14T14:11:14Z</time>
        <extensions>
          <ns3:TrackPointExtension>
            <ns3:atemp>25.0</ns3:atemp>
          </ns3:TrackPointExtension>
        </extensions>
      </trkpt>
      <trkpt lat="51.875759325921535" lon="0.5124556459486485">
        <ele>74.0</ele>
        <time>2024-09-14T14:11:28Z</time>
        <extensions>
          <ns3:TrackPointExtension>
            <ns3:atemp>25.0</ns3:atemp>
          </ns3:TrackPointExtension>
        </extensions>
      </trkpt>
      <trkpt lat="51.87597616575658" lon="0.5139752849936485">
        <ele>71.19999694824219</ele>
        <time>2024-09-14T14:11:39Z</time>
        <extensions>
          <ns3:TrackPointExtension>
            <ns3:atemp>25.0</ns3:atemp>
          </ns3:TrackPointExtension>
        </extensions>
      </trkpt>
      <trkpt lat="51.8762946780771" lon="0.5152497533708811">
        <ele>68.4000015258789</ele>
        <time>2024-09-14T14:11:47Z</time>
        <extensions>
          <ns3:TrackPointExtension>
            <ns3:atemp>24.0</ns3:atemp>
          </ns3:TrackPointExtension>
        </extensions>
      </trkpt>
      <trkpt lat="51.87638746574521" lon="0.5158520769327879">
        <ele>67.80000305175781</ele>
        <time>2024-09-14T14:11:50Z</time>
        <extensions>
          <ns3:TrackPointExtension>
            <ns3:atemp>24.0</ns3:atemp>
          </ns3:TrackPointExtension>
        </extensions>
      </trkpt>
      <trkpt lat="51.87641219235957" lon="0.5162675678730011">
        <ele>67.19999694824219</ele>
        <time>2024-09-14T14:11:52Z</time>
        <extensions>
          <ns3:TrackPointExtension>
            <ns3:atemp>24.0</ns3:atemp>
          </ns3:TrackPointExtension>
        </extensions>
      </trkpt>
      <trkpt lat="51.87641378492117" lon="0.5175002943724394">
        <ele>64.80000305175781</ele>
        <time>2024-09-14T14:11:58Z</time>
        <extensions>
          <ns3:TrackPointExtension>
            <ns3:atemp>24.0</ns3:atemp>
          </ns3:TrackPointExtension>
        </extensions>
      </trkpt>
      <trkpt lat="51.87723428942263" lon="0.526112113147974">
        <ele>54.400001525878906</ele>
        <time>2024-09-14T14:12:49Z</time>
        <extensions>
          <ns3:TrackPointExtension>
            <ns3:atemp>24.0</ns3:atemp>
          </ns3:TrackPointExtension>
        </extensions>
      </trkpt>
      <trkpt lat="51.877296483144164" lon="0.5276483483612537">
        <ele>50.79999923706055</ele>
        <time>2024-09-14T14:12:58Z</time>
        <extensions>
          <ns3:TrackPointExtension>
            <ns3:atemp>24.0</ns3:atemp>
          </ns3:TrackPointExtension>
        </extensions>
      </trkpt>
      <trkpt lat="51.87755120918155" lon="0.5297845602035522">
        <ele>52.20000076293945</ele>
        <time>2024-09-14T14:13:11Z</time>
        <extensions>
          <ns3:TrackPointExtension>
            <ns3:atemp>24.0</ns3:atemp>
          </ns3:TrackPointExtension>
        </extensions>
      </trkpt>
      <trkpt lat="51.877985559403896" lon="0.5328626465052366">
        <ele>61.599998474121094</ele>
        <time>2024-09-14T14:13:43Z</time>
        <extensions>
          <ns3:TrackPointExtension>
            <ns3:atemp>24.0</ns3:atemp>
          </ns3:TrackPointExtension>
        </extensions>
      </trkpt>
      <trkpt lat="51.87808086164296" lon="0.5342155694961548">
        <ele>64.4000015258789</ele>
        <time>2024-09-14T14:14:06Z</time>
        <extensions>
          <ns3:TrackPointExtension>
            <ns3:atemp>24.0</ns3:atemp>
          </ns3:TrackPointExtension>
        </extensions>
      </trkpt>
      <trkpt lat="51.87815235927701" lon="0.5345614906400442">
        <ele>65.5999984741211</ele>
        <time>2024-09-14T14:14:12Z</time>
        <extensions>
          <ns3:TrackPointExtension>
            <ns3:atemp>24.0</ns3:atemp>
          </ns3:TrackPointExtension>
        </extensions>
      </trkpt>
      <trkpt lat="51.87830449081957" lon="0.5349297076463699">
        <ele>67.0</ele>
        <time>2024-09-14T14:14:17Z</time>
        <extensions>
          <ns3:TrackPointExtension>
            <ns3:atemp>24.0</ns3:atemp>
          </ns3:TrackPointExtension>
        </extensions>
      </trkpt>
      <trkpt lat="51.87827498652041" lon="0.5355005990713835">
        <ele>67.5999984741211</ele>
        <time>2024-09-14T14:14:23Z</time>
        <extensions>
          <ns3:TrackPointExtension>
            <ns3:atemp>24.0</ns3:atemp>
          </ns3:TrackPointExtension>
        </extensions>
      </trkpt>
      <trkpt lat="51.878292337059975" lon="0.535851800814271">
        <ele>68.4000015258789</ele>
        <time>2024-09-14T14:14:27Z</time>
        <extensions>
          <ns3:TrackPointExtension>
            <ns3:atemp>24.0</ns3:atemp>
          </ns3:TrackPointExtension>
        </extensions>
      </trkpt>
      <trkpt lat="51.87845880165696" lon="0.5367537774145603">
        <ele>70.4000015258789</ele>
        <time>2024-09-14T14:14:39Z</time>
        <extensions>
          <ns3:TrackPointExtension>
            <ns3:atemp>24.0</ns3:atemp>
          </ns3:TrackPointExtension>
        </extensions>
      </trkpt>
      <trkpt lat="51.87880623154342" lon="0.5403586663305759">
        <ele>71.19999694824219</ele>
        <time>2024-09-14T14:15:16Z</time>
        <extensions>
          <ns3:TrackPointExtension>
            <ns3:atemp>24.0</ns3:atemp>
          </ns3:TrackPointExtension>
        </extensions>
      </trkpt>
      <trkpt lat="51.87886440195143" lon="0.5431979522109032">
        <ele>70.80000305175781</ele>
        <time>2024-09-14T14:15:38Z</time>
        <extensions>
          <ns3:TrackPointExtension>
            <ns3:atemp>24.0</ns3:atemp>
          </ns3:TrackPointExtension>
        </extensions>
      </trkpt>
      <trkpt lat="51.878999937325716" lon="0.5444405693560839">
        <ele>71.0</ele>
        <time>2024-09-14T14:15:48Z</time>
        <extensions>
          <ns3:TrackPointExtension>
            <ns3:atemp>24.0</ns3:atemp>
          </ns3:TrackPointExtension>
        </extensions>
      </trkpt>
      <trkpt lat="51.87905735336244" lon="0.5452583078294992">
        <ele>70.80000305175781</ele>
        <time>2024-09-14T14:15:57Z</time>
        <extensions>
          <ns3:TrackPointExtension>
            <ns3:atemp>24.0</ns3:atemp>
          </ns3:TrackPointExtension>
        </extensions>
      </trkpt>
      <trkpt lat="51.8790337163955" lon="0.5454847868531942">
        <ele>70.5999984741211</ele>
        <time>2024-09-14T14:16:11Z</time>
        <extensions>
          <ns3:TrackPointExtension>
            <ns3:atemp>24.0</ns3:atemp>
          </ns3:TrackPointExtension>
        </extensions>
      </trkpt>
      <trkpt lat="51.87907277606428" lon="0.5458988528698683">
        <ele>70.4000015258789</ele>
        <time>2024-09-14T14:16:17Z</time>
        <extensions>
          <ns3:TrackPointExtension>
            <ns3:atemp>24.0</ns3:atemp>
          </ns3:TrackPointExtension>
        </extensions>
      </trkpt>
      <trkpt lat="51.87914536334574" lon="0.5478861182928085">
        <ele>70.4000015258789</ele>
        <time>2024-09-14T14:16:34Z</time>
        <extensions>
          <ns3:TrackPointExtension>
            <ns3:atemp>24.0</ns3:atemp>
          </ns3:TrackPointExtension>
        </extensions>
      </trkpt>
    </trkseg>
  </trk>
</gpx>