<?xml version="1.0" encoding="UTF-8"?>
<gpx xmlns="http://www.topografix.com/GPX/1/1" xmlns:ns2="http://www.garmin.com/xmlschemas/GpxExtensions/v3" xmlns:ns3="http://www.garmin.com/xmlschemas/TrackPointExtension/v1" xmlns:xsi="http://www.w3.org/2001/XMLSchema-instance" xsi:schemaLocation="http://www.topografix.com/GPX/1/1 http://www.topografix.com/GPX/11.xsd" version="1.1" creator="Garmin Connect">
  <metadata>
    <link href="connect.garmin.com">
      <text>Garmin Connect</text>
    </link>
    <time>2024-09-27T05:53:33Z</time>
  </metadata>
  <trk>
    <name>Arras Road Cycling</name>
    <type>road_biking</type>
    <trkseg>
      <trkpt lat="50.28642953373492" lon="2.779085459187627">
        <ele>71.4000015258789</ele>
        <time>2024-09-27T05:53:33Z</time>
        <extensions>
          <ns3:TrackPointExtension>
            <ns3:atemp>24.0</ns3:atemp>
          </ns3:TrackPointExtension>
        </extensions>
      </trkpt>
      <trkpt lat="50.28670479543507" lon="2.7795237489044666">
        <ele>71.4000015258789</ele>
        <time>2024-09-27T05:58:39Z</time>
        <extensions>
          <ns3:TrackPointExtension>
            <ns3:atemp>17.0</ns3:atemp>
          </ns3:TrackPointExtension>
        </extensions>
      </trkpt>
      <trkpt lat="50.286839827895164" lon="2.7796167880296707">
        <ele>71.4000015258789</ele>
        <time>2024-09-27T05:58:45Z</time>
        <extensions>
          <ns3:TrackPointExtension>
            <ns3:atemp>17.0</ns3:atemp>
          </ns3:TrackPointExtension>
        </extensions>
      </trkpt>
      <trkpt lat="50.2869123313576" lon="2.7797184605151415">
        <ele>71.4000015258789</ele>
        <time>2024-09-27T05:58:48Z</time>
        <extensions>
          <ns3:TrackPointExtension>
            <ns3:atemp>16.0</ns3:atemp>
          </ns3:TrackPointExtension>
        </extensions>
      </trkpt>
      <trkpt lat="50.28693932108581" lon="2.7798746153712273">
        <ele>71.19999694824219</ele>
        <time>2024-09-27T05:58:52Z</time>
        <extensions>
          <ns3:TrackPointExtension>
            <ns3:atemp>16.0</ns3:atemp>
          </ns3:TrackPointExtension>
        </extensions>
      </trkpt>
      <trkpt lat="50.286778723821044" lon="2.780069075524807">
        <ele>71.19999694824219</ele>
        <time>2024-09-27T05:59:13Z</time>
        <extensions>
          <ns3:TrackPointExtension>
            <ns3:atemp>16.0</ns3:atemp>
          </ns3:TrackPointExtension>
        </extensions>
      </trkpt>
      <trkpt lat="50.28524634428322" lon="2.7780966460704803">
        <ele>75.19999694824219</ele>
        <time>2024-09-27T06:01:34Z</time>
        <extensions>
          <ns3:TrackPointExtension>
            <ns3:atemp>14.0</ns3:atemp>
          </ns3:TrackPointExtension>
        </extensions>
      </trkpt>
      <trkpt lat="50.28502631932497" lon="2.778212148696184">
        <ele>75.80000305175781</ele>
        <time>2024-09-27T06:01:39Z</time>
        <extensions>
          <ns3:TrackPointExtension>
            <ns3:atemp>14.0</ns3:atemp>
          </ns3:TrackPointExtension>
        </extensions>
      </trkpt>
      <trkpt lat="50.284118726849556" lon="2.7789789251983166">
        <ele>74.4000015258789</ele>
        <time>2024-09-27T06:01:59Z</time>
        <extensions>
          <ns3:TrackPointExtension>
            <ns3:atemp>14.0</ns3:atemp>
          </ns3:TrackPointExtension>
        </extensions>
      </trkpt>
      <trkpt lat="50.28387514874339" lon="2.7789286337792873">
        <ele>73.5999984741211</ele>
        <time>2024-09-27T06:02:03Z</time>
        <extensions>
          <ns3:TrackPointExtension>
            <ns3:atemp>14.0</ns3:atemp>
          </ns3:TrackPointExtension>
        </extensions>
      </trkpt>
      <trkpt lat="50.2836743183434" lon="2.7788132149726152">
        <ele>72.4000015258789</ele>
        <time>2024-09-27T06:02:06Z</time>
        <extensions>
          <ns3:TrackPointExtension>
            <ns3:atemp>14.0</ns3:atemp>
          </ns3:TrackPointExtension>
        </extensions>
      </trkpt>
      <trkpt lat="50.28354071080685" lon="2.7786661125719547">
        <ele>71.80000305175781</ele>
        <time>2024-09-27T06:02:08Z</time>
        <extensions>
          <ns3:TrackPointExtension>
            <ns3:atemp>14.0</ns3:atemp>
          </ns3:TrackPointExtension>
        </extensions>
      </trkpt>
      <trkpt lat="50.28343761339784" lon="2.778484644368291">
        <ele>71.5999984741211</ele>
        <time>2024-09-27T06:02:10Z</time>
        <extensions>
          <ns3:TrackPointExtension>
            <ns3:atemp>14.0</ns3:atemp>
          </ns3:TrackPointExtension>
        </extensions>
      </trkpt>
      <trkpt lat="50.28185368515551" lon="2.775380155071616">
        <ele>70.80000305175781</ele>
        <time>2024-09-27T06:02:48Z</time>
        <extensions>
          <ns3:TrackPointExtension>
            <ns3:atemp>13.0</ns3:atemp>
          </ns3:TrackPointExtension>
        </extensions>
      </trkpt>
      <trkpt lat="50.28170423582196" lon="2.7749990299344063">
        <ele>71.0</ele>
        <time>2024-09-27T06:02:53Z</time>
        <extensions>
          <ns3:TrackPointExtension>
            <ns3:atemp>13.0</ns3:atemp>
          </ns3:TrackPointExtension>
        </extensions>
      </trkpt>
      <trkpt lat="50.28161748312414" lon="2.7749033086001873">
        <ele>71.0</ele>
        <time>2024-09-27T06:02:55Z</time>
        <extensions>
          <ns3:TrackPointExtension>
            <ns3:atemp>13.0</ns3:atemp>
          </ns3:TrackPointExtension>
        </extensions>
      </trkpt>
      <trkpt lat="50.28140986338258" lon="2.7749406918883324">
        <ele>71.4000015258789</ele>
        <time>2024-09-27T06:02:59Z</time>
        <extensions>
          <ns3:TrackPointExtension>
            <ns3:atemp>13.0</ns3:atemp>
          </ns3:TrackPointExtension>
        </extensions>
      </trkpt>
      <trkpt lat="50.28053688816726" lon="2.7748080901801586">
        <ele>74.19999694824219</ele>
        <time>2024-09-27T06:03:15Z</time>
        <extensions>
          <ns3:TrackPointExtension>
            <ns3:atemp>13.0</ns3:atemp>
          </ns3:TrackPointExtension>
        </extensions>
      </trkpt>
      <trkpt lat="50.27938378974795" lon="2.7747091837227345">
        <ele>76.19999694824219</ele>
        <time>2024-09-27T06:03:36Z</time>
        <extensions>
          <ns3:TrackPointExtension>
            <ns3:atemp>13.0</ns3:atemp>
          </ns3:TrackPointExtension>
        </extensions>
      </trkpt>
      <trkpt lat="50.27859706431627" lon="2.7745663560926914">
        <ele>77.5999984741211</ele>
        <time>2024-09-27T06:03:51Z</time>
        <extensions>
          <ns3:TrackPointExtension>
            <ns3:atemp>13.0</ns3:atemp>
          </ns3:TrackPointExtension>
        </extensions>
      </trkpt>
      <trkpt lat="50.27779064141214" lon="2.7745169028639793">
        <ele>79.5999984741211</ele>
        <time>2024-09-27T06:04:07Z</time>
        <extensions>
          <ns3:TrackPointExtension>
            <ns3:atemp>13.0</ns3:atemp>
          </ns3:TrackPointExtension>
        </extensions>
      </trkpt>
      <trkpt lat="50.274362191557884" lon="2.7746862173080444">
        <ele>78.80000305175781</ele>
        <time>2024-09-27T06:05:28Z</time>
        <extensions>
          <ns3:TrackPointExtension>
            <ns3:atemp>12.0</ns3:atemp>
          </ns3:TrackPointExtension>
        </extensions>
      </trkpt>
      <trkpt lat="50.27350589632988" lon="2.7746665198355913">
        <ele>78.0</ele>
        <time>2024-09-27T06:05:41Z</time>
        <extensions>
          <ns3:TrackPointExtension>
            <ns3:atemp>12.0</ns3:atemp>
          </ns3:TrackPointExtension>
        </extensions>
      </trkpt>
      <trkpt lat="50.26882787235081" lon="2.7741631865501404">
        <ele>78.0</ele>
        <time>2024-09-27T06:06:53Z</time>
        <extensions>
          <ns3:TrackPointExtension>
            <ns3:atemp>12.0</ns3:atemp>
          </ns3:TrackPointExtension>
        </extensions>
      </trkpt>
      <trkpt lat="50.268676495179534" lon="2.774176010861993">
        <ele>78.19999694824219</ele>
        <time>2024-09-27T06:06:58Z</time>
        <extensions>
          <ns3:TrackPointExtension>
            <ns3:atemp>12.0</ns3:atemp>
          </ns3:TrackPointExtension>
        </extensions>
      </trkpt>
      <trkpt lat="50.26857532560825" lon="2.774133011698723">
        <ele>78.19999694824219</ele>
        <time>2024-09-27T06:07:04Z</time>
        <extensions>
          <ns3:TrackPointExtension>
            <ns3:atemp>12.0</ns3:atemp>
          </ns3:TrackPointExtension>
        </extensions>
      </trkpt>
      <trkpt lat="50.26818389073014" lon="2.774120857939124">
        <ele>78.0</ele>
        <time>2024-09-27T06:07:12Z</time>
        <extensions>
          <ns3:TrackPointExtension>
            <ns3:atemp>12.0</ns3:atemp>
          </ns3:TrackPointExtension>
        </extensions>
      </trkpt>
      <trkpt lat="50.2661363594234" lon="2.773870825767517">
        <ele>78.4000015258789</ele>
        <time>2024-09-27T06:07:46Z</time>
        <extensions>
          <ns3:TrackPointExtension>
            <ns3:atemp>11.0</ns3:atemp>
          </ns3:TrackPointExtension>
        </extensions>
      </trkpt>
      <trkpt lat="50.26490153744817" lon="2.773667983710766">
        <ele>77.80000305175781</ele>
        <time>2024-09-27T06:08:05Z</time>
        <extensions>
          <ns3:TrackPointExtension>
            <ns3:atemp>11.0</ns3:atemp>
          </ns3:TrackPointExtension>
        </extensions>
      </trkpt>
      <trkpt lat="50.264349756762385" lon="2.7735363878309727">
        <ele>77.4000015258789</ele>
        <time>2024-09-27T06:08:13Z</time>
        <extensions>
          <ns3:TrackPointExtension>
            <ns3:atemp>11.0</ns3:atemp>
          </ns3:TrackPointExtension>
        </extensions>
      </trkpt>
      <trkpt lat="50.26149035431445" lon="2.7721884101629257">
        <ele>78.5999984741211</ele>
        <time>2024-09-27T06:09:02Z</time>
        <extensions>
          <ns3:TrackPointExtension>
            <ns3:atemp>11.0</ns3:atemp>
          </ns3:TrackPointExtension>
        </extensions>
      </trkpt>
      <trkpt lat="50.2610472869128" lon="2.7720853965729475">
        <ele>79.4000015258789</ele>
        <time>2024-09-27T06:09:10Z</time>
        <extensions>
          <ns3:TrackPointExtension>
            <ns3:atemp>11.0</ns3:atemp>
          </ns3:TrackPointExtension>
        </extensions>
      </trkpt>
      <trkpt lat="50.25905624963343" lon="2.772001912817359">
        <ele>82.19999694824219</ele>
        <time>2024-09-27T06:09:47Z</time>
        <extensions>
          <ns3:TrackPointExtension>
            <ns3:atemp>11.0</ns3:atemp>
          </ns3:TrackPointExtension>
        </extensions>
      </trkpt>
      <trkpt lat="50.25547072291374" lon="2.7721034176647663">
        <ele>85.5999984741211</ele>
        <time>2024-09-27T06:10:56Z</time>
        <extensions>
          <ns3:TrackPointExtension>
            <ns3:atemp>11.0</ns3:atemp>
          </ns3:TrackPointExtension>
        </extensions>
      </trkpt>
      <trkpt lat="50.2538045682013" lon="2.7720816247165203">
        <ele>87.0</ele>
        <time>2024-09-27T06:11:27Z</time>
        <extensions>
          <ns3:TrackPointExtension>
            <ns3:atemp>11.0</ns3:atemp>
          </ns3:TrackPointExtension>
        </extensions>
      </trkpt>
      <trkpt lat="50.2535561285913" lon="2.77210995554924">
        <ele>87.4000015258789</ele>
        <time>2024-09-27T06:11:32Z</time>
        <extensions>
          <ns3:TrackPointExtension>
            <ns3:atemp>11.0</ns3:atemp>
          </ns3:TrackPointExtension>
        </extensions>
      </trkpt>
      <trkpt lat="50.25313074700534" lon="2.7722447365522385">
        <ele>88.19999694824219</ele>
        <time>2024-09-27T06:11:41Z</time>
        <extensions>
          <ns3:TrackPointExtension>
            <ns3:atemp>11.0</ns3:atemp>
          </ns3:TrackPointExtension>
        </extensions>
      </trkpt>
      <trkpt lat="50.25287493132055" lon="2.7721029985696077">
        <ele>88.5999984741211</ele>
        <time>2024-09-27T06:11:47Z</time>
        <extensions>
          <ns3:TrackPointExtension>
            <ns3:atemp>11.0</ns3:atemp>
          </ns3:TrackPointExtension>
        </extensions>
      </trkpt>
      <trkpt lat="50.25278692133725" lon="2.772097298875451">
        <ele>88.5999984741211</ele>
        <time>2024-09-27T06:11:49Z</time>
        <extensions>
          <ns3:TrackPointExtension>
            <ns3:atemp>11.0</ns3:atemp>
          </ns3:TrackPointExtension>
        </extensions>
      </trkpt>
      <trkpt lat="50.25251635350287" lon="2.7722205128520727">
        <ele>89.0</ele>
        <time>2024-09-27T06:11:55Z</time>
        <extensions>
          <ns3:TrackPointExtension>
            <ns3:atemp>11.0</ns3:atemp>
          </ns3:TrackPointExtension>
        </extensions>
      </trkpt>
      <trkpt lat="50.25217043235898" lon="2.7721013221889734">
        <ele>89.5999984741211</ele>
        <time>2024-09-27T06:12:02Z</time>
        <extensions>
          <ns3:TrackPointExtension>
            <ns3:atemp>11.0</ns3:atemp>
          </ns3:TrackPointExtension>
        </extensions>
      </trkpt>
      <trkpt lat="50.2510729059577" lon="2.771891439333558">
        <ele>91.5999984741211</ele>
        <time>2024-09-27T06:12:26Z</time>
        <extensions>
          <ns3:TrackPointExtension>
            <ns3:atemp>11.0</ns3:atemp>
          </ns3:TrackPointExtension>
        </extensions>
      </trkpt>
      <trkpt lat="50.25074559263885" lon="2.771783983334899">
        <ele>91.80000305175781</ele>
        <time>2024-09-27T06:12:33Z</time>
        <extensions>
          <ns3:TrackPointExtension>
            <ns3:atemp>11.0</ns3:atemp>
          </ns3:TrackPointExtension>
        </extensions>
      </trkpt>
      <trkpt lat="50.2501368150115" lon="2.7714966516941786">
        <ele>91.5999984741211</ele>
        <time>2024-09-27T06:12:45Z</time>
        <extensions>
          <ns3:TrackPointExtension>
            <ns3:atemp>11.0</ns3:atemp>
          </ns3:TrackPointExtension>
        </extensions>
      </trkpt>
      <trkpt lat="50.249584782868624" lon="2.771142181009054">
        <ele>91.0</ele>
        <time>2024-09-27T06:12:55Z</time>
        <extensions>
          <ns3:TrackPointExtension>
            <ns3:atemp>11.0</ns3:atemp>
          </ns3:TrackPointExtension>
        </extensions>
      </trkpt>
      <trkpt lat="50.24769734591246" lon="2.769657578319311">
        <ele>87.0</ele>
        <time>2024-09-27T06:13:25Z</time>
        <extensions>
          <ns3:TrackPointExtension>
            <ns3:atemp>11.0</ns3:atemp>
          </ns3:TrackPointExtension>
        </extensions>
      </trkpt>
      <trkpt lat="50.24509023874998" lon="2.7675072848796844">
        <ele>81.19999694824219</ele>
        <time>2024-09-27T06:14:05Z</time>
        <extensions>
          <ns3:TrackPointExtension>
            <ns3:atemp>11.0</ns3:atemp>
          </ns3:TrackPointExtension>
        </extensions>
      </trkpt>
      <trkpt lat="50.24446612223983" lon="2.76707268320024">
        <ele>81.0</ele>
        <time>2024-09-27T06:14:15Z</time>
        <extensions>
          <ns3:TrackPointExtension>
            <ns3:atemp>11.0</ns3:atemp>
          </ns3:TrackPointExtension>
        </extensions>
      </trkpt>
      <trkpt lat="50.24390143342316" lon="2.766849221661687">
        <ele>80.5999984741211</ele>
        <time>2024-09-27T06:14:23Z</time>
        <extensions>
          <ns3:TrackPointExtension>
            <ns3:atemp>11.0</ns3:atemp>
          </ns3:TrackPointExtension>
        </extensions>
      </trkpt>
      <trkpt lat="50.24332232773304" lon="2.7668172866106033">
        <ele>80.0</ele>
        <time>2024-09-27T06:14:30Z</time>
        <extensions>
          <ns3:TrackPointExtension>
            <ns3:atemp>11.0</ns3:atemp>
          </ns3:TrackPointExtension>
        </extensions>
      </trkpt>
      <trkpt lat="50.24265403859317" lon="2.766862716525793">
        <ele>79.0</ele>
        <time>2024-09-27T06:14:38Z</time>
        <extensions>
          <ns3:TrackPointExtension>
            <ns3:atemp>11.0</ns3:atemp>
          </ns3:TrackPointExtension>
        </extensions>
      </trkpt>
      <trkpt lat="50.24249117821455" lon="2.7668408397585154">
        <ele>78.5999984741211</ele>
        <time>2024-09-27T06:14:40Z</time>
        <extensions>
          <ns3:TrackPointExtension>
            <ns3:atemp>11.0</ns3:atemp>
          </ns3:TrackPointExtension>
        </extensions>
      </trkpt>
      <trkpt lat="50.24234206415713" lon="2.766761463135481">
        <ele>78.4000015258789</ele>
        <time>2024-09-27T06:14:42Z</time>
        <extensions>
          <ns3:TrackPointExtension>
            <ns3:atemp>11.0</ns3:atemp>
          </ns3:TrackPointExtension>
        </extensions>
      </trkpt>
      <trkpt lat="50.242231003940105" lon="2.76659332215786">
        <ele>78.4000015258789</ele>
        <time>2024-09-27T06:14:44Z</time>
        <extensions>
          <ns3:TrackPointExtension>
            <ns3:atemp>11.0</ns3:atemp>
          </ns3:TrackPointExtension>
        </extensions>
      </trkpt>
      <trkpt lat="50.24217828176916" lon="2.7663492411375046">
        <ele>78.19999694824219</ele>
        <time>2024-09-27T06:14:46Z</time>
        <extensions>
          <ns3:TrackPointExtension>
            <ns3:atemp>11.0</ns3:atemp>
          </ns3:TrackPointExtension>
        </extensions>
      </trkpt>
      <trkpt lat="50.24212145246565" lon="2.7648832462728024">
        <ele>78.5999984741211</ele>
        <time>2024-09-27T06:14:59Z</time>
        <extensions>
          <ns3:TrackPointExtension>
            <ns3:atemp>11.0</ns3:atemp>
          </ns3:TrackPointExtension>
        </extensions>
      </trkpt>
      <trkpt lat="50.24200117215514" lon="2.76428603567183">
        <ele>79.0</ele>
        <time>2024-09-27T06:15:07Z</time>
        <extensions>
          <ns3:TrackPointExtension>
            <ns3:atemp>11.0</ns3:atemp>
          </ns3:TrackPointExtension>
        </extensions>
      </trkpt>
      <trkpt lat="50.24186630733311" lon="2.763957129791379">
        <ele>79.19999694824219</ele>
        <time>2024-09-27T06:15:12Z</time>
        <extensions>
          <ns3:TrackPointExtension>
            <ns3:atemp>11.0</ns3:atemp>
          </ns3:TrackPointExtension>
        </extensions>
      </trkpt>
      <trkpt lat="50.24169313721359" lon="2.7637075167149305">
        <ele>79.4000015258789</ele>
        <time>2024-09-27T06:15:16Z</time>
        <extensions>
          <ns3:TrackPointExtension>
            <ns3:atemp>11.0</ns3:atemp>
          </ns3:TrackPointExtension>
        </extensions>
      </trkpt>
      <trkpt lat="50.24142784997821" lon="2.7634896710515022">
        <ele>79.4000015258789</ele>
        <time>2024-09-27T06:15:21Z</time>
        <extensions>
          <ns3:TrackPointExtension>
            <ns3:atemp>11.0</ns3:atemp>
          </ns3:TrackPointExtension>
        </extensions>
      </trkpt>
      <trkpt lat="50.241245375946164" lon="2.7633985597640276">
        <ele>79.4000015258789</ele>
        <time>2024-09-27T06:15:24Z</time>
        <extensions>
          <ns3:TrackPointExtension>
            <ns3:atemp>11.0</ns3:atemp>
          </ns3:TrackPointExtension>
        </extensions>
      </trkpt>
      <trkpt lat="50.240979166701436" lon="2.7633579075336456">
        <ele>79.4000015258789</ele>
        <time>2024-09-27T06:15:28Z</time>
        <extensions>
          <ns3:TrackPointExtension>
            <ns3:atemp>11.0</ns3:atemp>
          </ns3:TrackPointExtension>
        </extensions>
      </trkpt>
      <trkpt lat="50.24078504182398" lon="2.7633935306221247">
        <ele>79.19999694824219</ele>
        <time>2024-09-27T06:15:31Z</time>
        <extensions>
          <ns3:TrackPointExtension>
            <ns3:atemp>11.0</ns3:atemp>
          </ns3:TrackPointExtension>
        </extensions>
      </trkpt>
      <trkpt lat="50.2388000395149" lon="2.7643930725753307">
        <ele>82.0</ele>
        <time>2024-09-27T06:16:10Z</time>
        <extensions>
          <ns3:TrackPointExtension>
            <ns3:atemp>11.0</ns3:atemp>
          </ns3:TrackPointExtension>
        </extensions>
      </trkpt>
      <trkpt lat="50.23840005509555" lon="2.7644741255789995">
        <ele>82.80000305175781</ele>
        <time>2024-09-27T06:16:18Z</time>
        <extensions>
          <ns3:TrackPointExtension>
            <ns3:atemp>11.0</ns3:atemp>
          </ns3:TrackPointExtension>
        </extensions>
      </trkpt>
      <trkpt lat="50.23806620389223" lon="2.7644747961312532">
        <ele>83.5999984741211</ele>
        <time>2024-09-27T06:16:25Z</time>
        <extensions>
          <ns3:TrackPointExtension>
            <ns3:atemp>11.0</ns3:atemp>
          </ns3:TrackPointExtension>
        </extensions>
      </trkpt>
      <trkpt lat="50.23731350898743" lon="2.7643975988030434">
        <ele>87.0</ele>
        <time>2024-09-27T06:16:43Z</time>
        <extensions>
          <ns3:TrackPointExtension>
            <ns3:atemp>11.0</ns3:atemp>
          </ns3:TrackPointExtension>
        </extensions>
      </trkpt>
      <trkpt lat="50.236986028030515" lon="2.7643044758588076">
        <ele>87.19999694824219</ele>
        <time>2024-09-27T06:16:50Z</time>
        <extensions>
          <ns3:TrackPointExtension>
            <ns3:atemp>11.0</ns3:atemp>
          </ns3:TrackPointExtension>
        </extensions>
      </trkpt>
      <trkpt lat="50.23316748440266" lon="2.7628847490996122">
        <ele>78.4000015258789</ele>
        <time>2024-09-27T06:17:54Z</time>
        <extensions>
          <ns3:TrackPointExtension>
            <ns3:atemp>11.0</ns3:atemp>
          </ns3:TrackPointExtension>
        </extensions>
      </trkpt>
      <trkpt lat="50.2294300775975" lon="2.7623254247009754">
        <ele>79.19999694824219</ele>
        <time>2024-09-27T06:19:08Z</time>
        <extensions>
          <ns3:TrackPointExtension>
            <ns3:atemp>11.0</ns3:atemp>
          </ns3:TrackPointExtension>
        </extensions>
      </trkpt>
      <trkpt lat="50.228679813444614" lon="2.7622826769948006">
        <ele>79.5999984741211</ele>
        <time>2024-09-27T06:19:24Z</time>
        <extensions>
          <ns3:TrackPointExtension>
            <ns3:atemp>11.0</ns3:atemp>
          </ns3:TrackPointExtension>
        </extensions>
      </trkpt>
      <trkpt lat="50.22749427706003" lon="2.762502282857895">
        <ele>80.0</ele>
        <time>2024-09-27T06:19:47Z</time>
        <extensions>
          <ns3:TrackPointExtension>
            <ns3:atemp>11.0</ns3:atemp>
          </ns3:TrackPointExtension>
        </extensions>
      </trkpt>
      <trkpt lat="50.22678265348077" lon="2.762565901502967">
        <ele>81.19999694824219</ele>
        <time>2024-09-27T06:20:02Z</time>
        <extensions>
          <ns3:TrackPointExtension>
            <ns3:atemp>11.0</ns3:atemp>
          </ns3:TrackPointExtension>
        </extensions>
      </trkpt>
      <trkpt lat="50.22426917217672" lon="2.7625529933720827">
        <ele>85.19999694824219</ele>
        <time>2024-09-27T06:20:54Z</time>
        <extensions>
          <ns3:TrackPointExtension>
            <ns3:atemp>11.0</ns3:atemp>
          </ns3:TrackPointExtension>
        </extensions>
      </trkpt>
      <trkpt lat="50.2229886688292" lon="2.7625958248972893">
        <ele>87.19999694824219</ele>
        <time>2024-09-27T06:21:20Z</time>
        <extensions>
          <ns3:TrackPointExtension>
            <ns3:atemp>11.0</ns3:atemp>
          </ns3:TrackPointExtension>
        </extensions>
      </trkpt>
      <trkpt lat="50.222557839006186" lon="2.7625403366982937">
        <ele>87.80000305175781</ele>
        <time>2024-09-27T06:21:29Z</time>
        <extensions>
          <ns3:TrackPointExtension>
            <ns3:atemp>11.0</ns3:atemp>
          </ns3:TrackPointExtension>
        </extensions>
      </trkpt>
      <trkpt lat="50.22208551876247" lon="2.762405388057232">
        <ele>89.5999984741211</ele>
        <time>2024-09-27T06:21:39Z</time>
        <extensions>
          <ns3:TrackPointExtension>
            <ns3:atemp>11.0</ns3:atemp>
          </ns3:TrackPointExtension>
        </extensions>
      </trkpt>
      <trkpt lat="50.22105010226369" lon="2.7620131988078356">
        <ele>92.0</ele>
        <time>2024-09-27T06:22:03Z</time>
        <extensions>
          <ns3:TrackPointExtension>
            <ns3:atemp>11.0</ns3:atemp>
          </ns3:TrackPointExtension>
        </extensions>
      </trkpt>
      <trkpt lat="50.21992684341967" lon="2.761218510568142">
        <ele>95.4000015258789</ele>
        <time>2024-09-27T06:22:31Z</time>
        <extensions>
          <ns3:TrackPointExtension>
            <ns3:atemp>11.0</ns3:atemp>
          </ns3:TrackPointExtension>
        </extensions>
      </trkpt>
      <trkpt lat="50.21873753517866" lon="2.7601097524166107">
        <ele>96.0</ele>
        <time>2024-09-27T06:23:01Z</time>
        <extensions>
          <ns3:TrackPointExtension>
            <ns3:atemp>11.0</ns3:atemp>
          </ns3:TrackPointExtension>
        </extensions>
      </trkpt>
      <trkpt lat="50.218184161931276" lon="2.759697614237666">
        <ele>95.80000305175781</ele>
        <time>2024-09-27T06:23:12Z</time>
        <extensions>
          <ns3:TrackPointExtension>
            <ns3:atemp>11.0</ns3:atemp>
          </ns3:TrackPointExtension>
        </extensions>
      </trkpt>
      <trkpt lat="50.215356862172484" lon="2.758197421208024">
        <ele>89.80000305175781</ele>
        <time>2024-09-27T06:24:00Z</time>
        <extensions>
          <ns3:TrackPointExtension>
            <ns3:atemp>11.0</ns3:atemp>
          </ns3:TrackPointExtension>
        </extensions>
      </trkpt>
      <trkpt lat="50.213574869558215" lon="2.757301228120923">
        <ele>89.5999984741211</ele>
        <time>2024-09-27T06:24:33Z</time>
        <extensions>
          <ns3:TrackPointExtension>
            <ns3:atemp>11.0</ns3:atemp>
          </ns3:TrackPointExtension>
        </extensions>
      </trkpt>
      <trkpt lat="50.21336507052183" lon="2.7572329994291067">
        <ele>89.5999984741211</ele>
        <time>2024-09-27T06:24:37Z</time>
        <extensions>
          <ns3:TrackPointExtension>
            <ns3:atemp>11.0</ns3:atemp>
          </ns3:TrackPointExtension>
        </extensions>
      </trkpt>
      <trkpt lat="50.21293826401234" lon="2.757180193439126">
        <ele>89.19999694824219</ele>
        <time>2024-09-27T06:24:45Z</time>
        <extensions>
          <ns3:TrackPointExtension>
            <ns3:atemp>11.0</ns3:atemp>
          </ns3:TrackPointExtension>
        </extensions>
      </trkpt>
      <trkpt lat="50.21076827310026" lon="2.757192514836788">
        <ele>90.80000305175781</ele>
        <time>2024-09-27T06:25:28Z</time>
        <extensions>
          <ns3:TrackPointExtension>
            <ns3:atemp>11.0</ns3:atemp>
          </ns3:TrackPointExtension>
        </extensions>
      </trkpt>
      <trkpt lat="50.21008581854403" lon="2.757133338600397">
        <ele>91.0</ele>
        <time>2024-09-27T06:25:41Z</time>
        <extensions>
          <ns3:TrackPointExtension>
            <ns3:atemp>11.0</ns3:atemp>
          </ns3:TrackPointExtension>
        </extensions>
      </trkpt>
      <trkpt lat="50.20962489768863" lon="2.7569853980094194">
        <ele>92.0</ele>
        <time>2024-09-27T06:25:51Z</time>
        <extensions>
          <ns3:TrackPointExtension>
            <ns3:atemp>11.0</ns3:atemp>
          </ns3:TrackPointExtension>
        </extensions>
      </trkpt>
      <trkpt lat="50.208285469561815" lon="2.7562037017196417">
        <ele>98.4000015258789</ele>
        <time>2024-09-27T06:26:32Z</time>
        <extensions>
          <ns3:TrackPointExtension>
            <ns3:atemp>11.0</ns3:atemp>
          </ns3:TrackPointExtension>
        </extensions>
      </trkpt>
      <trkpt lat="50.20740503445268" lon="2.755627864971757">
        <ele>101.19999694824219</ele>
        <time>2024-09-27T06:26:58Z</time>
        <extensions>
          <ns3:TrackPointExtension>
            <ns3:atemp>11.0</ns3:atemp>
          </ns3:TrackPointExtension>
        </extensions>
      </trkpt>
      <trkpt lat="50.20711921155453" lon="2.755497023463249">
        <ele>101.80000305175781</ele>
        <time>2024-09-27T06:27:05Z</time>
        <extensions>
          <ns3:TrackPointExtension>
            <ns3:atemp>11.0</ns3:atemp>
          </ns3:TrackPointExtension>
        </extensions>
      </trkpt>
      <trkpt lat="50.206824000924826" lon="2.755449414253235">
        <ele>102.5999984741211</ele>
        <time>2024-09-27T06:27:12Z</time>
        <extensions>
          <ns3:TrackPointExtension>
            <ns3:atemp>11.0</ns3:atemp>
          </ns3:TrackPointExtension>
        </extensions>
      </trkpt>
      <trkpt lat="50.2063210029155" lon="2.755504148080945">
        <ele>103.0</ele>
        <time>2024-09-27T06:27:22Z</time>
        <extensions>
          <ns3:TrackPointExtension>
            <ns3:atemp>11.0</ns3:atemp>
          </ns3:TrackPointExtension>
        </extensions>
      </trkpt>
      <trkpt lat="50.205497397109866" lon="2.7554695308208466">
        <ele>100.5999984741211</ele>
        <time>2024-09-27T06:27:34Z</time>
        <extensions>
          <ns3:TrackPointExtension>
            <ns3:atemp>11.0</ns3:atemp>
          </ns3:TrackPointExtension>
        </extensions>
      </trkpt>
      <trkpt lat="50.2046668343246" lon="2.7552857995033264">
        <ele>97.19999694824219</ele>
        <time>2024-09-27T06:27:45Z</time>
        <extensions>
          <ns3:TrackPointExtension>
            <ns3:atemp>11.0</ns3:atemp>
          </ns3:TrackPointExtension>
        </extensions>
      </trkpt>
      <trkpt lat="50.204271795228124" lon="2.7551221009343863">
        <ele>95.5999984741211</ele>
        <time>2024-09-27T06:27:50Z</time>
        <extensions>
          <ns3:TrackPointExtension>
            <ns3:atemp>11.0</ns3:atemp>
          </ns3:TrackPointExtension>
        </extensions>
      </trkpt>
      <trkpt lat="50.203211484476924" lon="2.7545638661831617">
        <ele>93.0</ele>
        <time>2024-09-27T06:28:04Z</time>
        <extensions>
          <ns3:TrackPointExtension>
            <ns3:atemp>11.0</ns3:atemp>
          </ns3:TrackPointExtension>
        </extensions>
      </trkpt>
      <trkpt lat="50.20283211953938" lon="2.754219453781843">
        <ele>92.19999694824219</ele>
        <time>2024-09-27T06:28:10Z</time>
        <extensions>
          <ns3:TrackPointExtension>
            <ns3:atemp>11.0</ns3:atemp>
          </ns3:TrackPointExtension>
        </extensions>
      </trkpt>
      <trkpt lat="50.20225125364959" lon="2.753436081111431">
        <ele>90.19999694824219</ele>
        <time>2024-09-27T06:28:20Z</time>
        <extensions>
          <ns3:TrackPointExtension>
            <ns3:atemp>11.0</ns3:atemp>
          </ns3:TrackPointExtension>
        </extensions>
      </trkpt>
      <trkpt lat="50.20065575838089" lon="2.751041119918227">
        <ele>89.80000305175781</ele>
        <time>2024-09-27T06:28:52Z</time>
        <extensions>
          <ns3:TrackPointExtension>
            <ns3:atemp>11.0</ns3:atemp>
          </ns3:TrackPointExtension>
        </extensions>
      </trkpt>
      <trkpt lat="50.20002543926239" lon="2.7501934580504894">
        <ele>92.19999694824219</ele>
        <time>2024-09-27T06:29:10Z</time>
        <extensions>
          <ns3:TrackPointExtension>
            <ns3:atemp>11.0</ns3:atemp>
          </ns3:TrackPointExtension>
        </extensions>
      </trkpt>
      <trkpt lat="50.19872079603374" lon="2.748280204832554">
        <ele>91.4000015258789</ele>
        <time>2024-09-27T06:29:47Z</time>
        <extensions>
          <ns3:TrackPointExtension>
            <ns3:atemp>11.0</ns3:atemp>
          </ns3:TrackPointExtension>
        </extensions>
      </trkpt>
      <trkpt lat="50.19769962877035" lon="2.746682781726122">
        <ele>90.80000305175781</ele>
        <time>2024-09-27T06:30:11Z</time>
        <extensions>
          <ns3:TrackPointExtension>
            <ns3:atemp>11.0</ns3:atemp>
          </ns3:TrackPointExtension>
        </extensions>
      </trkpt>
      <trkpt lat="50.19733174704015" lon="2.746301656588912">
        <ele>90.80000305175781</ele>
        <time>2024-09-27T06:30:18Z</time>
        <extensions>
          <ns3:TrackPointExtension>
            <ns3:atemp>11.0</ns3:atemp>
          </ns3:TrackPointExtension>
        </extensions>
      </trkpt>
      <trkpt lat="50.19251072779298" lon="2.743934942409396">
        <ele>84.19999694824219</ele>
        <time>2024-09-27T06:31:34Z</time>
        <extensions>
          <ns3:TrackPointExtension>
            <ns3:atemp>11.0</ns3:atemp>
          </ns3:TrackPointExtension>
        </extensions>
      </trkpt>
      <trkpt lat="50.189374554902315" lon="2.7421599067747593">
        <ele>91.19999694824219</ele>
        <time>2024-09-27T06:33:01Z</time>
        <extensions>
          <ns3:TrackPointExtension>
            <ns3:atemp>11.0</ns3:atemp>
          </ns3:TrackPointExtension>
        </extensions>
      </trkpt>
      <trkpt lat="50.18440802581608" lon="2.738306075334549">
        <ele>104.4000015258789</ele>
        <time>2024-09-27T06:35:25Z</time>
        <extensions>
          <ns3:TrackPointExtension>
            <ns3:atemp>11.0</ns3:atemp>
          </ns3:TrackPointExtension>
        </extensions>
      </trkpt>
      <trkpt lat="50.18210199661553" lon="2.7365426905453205">
        <ele>114.4000015258789</ele>
        <time>2024-09-27T06:36:35Z</time>
        <extensions>
          <ns3:TrackPointExtension>
            <ns3:atemp>11.0</ns3:atemp>
          </ns3:TrackPointExtension>
        </extensions>
      </trkpt>
      <trkpt lat="50.1815939694643" lon="2.7361922431737185">
        <ele>117.19999694824219</ele>
        <time>2024-09-27T06:36:51Z</time>
        <extensions>
          <ns3:TrackPointExtension>
            <ns3:atemp>11.0</ns3:atemp>
          </ns3:TrackPointExtension>
        </extensions>
      </trkpt>
      <trkpt lat="50.18097806721926" lon="2.7359145507216454">
        <ele>118.5999984741211</ele>
        <time>2024-09-27T06:37:11Z</time>
        <extensions>
          <ns3:TrackPointExtension>
            <ns3:atemp>11.0</ns3:atemp>
          </ns3:TrackPointExtension>
        </extensions>
      </trkpt>
      <trkpt lat="50.17789796926081" lon="2.734707808122039">
        <ele>111.19999694824219</ele>
        <time>2024-09-27T06:38:22Z</time>
        <extensions>
          <ns3:TrackPointExtension>
            <ns3:atemp>11.0</ns3:atemp>
          </ns3:TrackPointExtension>
        </extensions>
      </trkpt>
      <trkpt lat="50.176433147862554" lon="2.7343731187283993">
        <ele>104.4000015258789</ele>
        <time>2024-09-27T06:38:39Z</time>
        <extensions>
          <ns3:TrackPointExtension>
            <ns3:atemp>11.0</ns3:atemp>
          </ns3:TrackPointExtension>
        </extensions>
      </trkpt>
      <trkpt lat="50.17486187629402" lon="2.7343058958649635">
        <ele>99.19999694824219</ele>
        <time>2024-09-27T06:38:59Z</time>
        <extensions>
          <ns3:TrackPointExtension>
            <ns3:atemp>11.0</ns3:atemp>
          </ns3:TrackPointExtension>
        </extensions>
      </trkpt>
      <trkpt lat="50.174614107236266" lon="2.7342219930142164">
        <ele>99.19999694824219</ele>
        <time>2024-09-27T06:39:03Z</time>
        <extensions>
          <ns3:TrackPointExtension>
            <ns3:atemp>11.0</ns3:atemp>
          </ns3:TrackPointExtension>
        </extensions>
      </trkpt>
      <trkpt lat="50.174046820029616" lon="2.7338060829788446">
        <ele>100.19999694824219</ele>
        <time>2024-09-27T06:39:13Z</time>
        <extensions>
          <ns3:TrackPointExtension>
            <ns3:atemp>11.0</ns3:atemp>
          </ns3:TrackPointExtension>
        </extensions>
      </trkpt>
      <trkpt lat="50.17378547228873" lon="2.733446666970849">
        <ele>100.4000015258789</ele>
        <time>2024-09-27T06:39:19Z</time>
        <extensions>
          <ns3:TrackPointExtension>
            <ns3:atemp>11.0</ns3:atemp>
          </ns3:TrackPointExtension>
        </extensions>
      </trkpt>
      <trkpt lat="50.173586485907435" lon="2.7329505421221256">
        <ele>100.4000015258789</ele>
        <time>2024-09-27T06:39:25Z</time>
        <extensions>
          <ns3:TrackPointExtension>
            <ns3:atemp>11.0</ns3:atemp>
          </ns3:TrackPointExtension>
        </extensions>
      </trkpt>
      <trkpt lat="50.173049457371235" lon="2.7312572300434113">
        <ele>100.4000015258789</ele>
        <time>2024-09-27T06:39:45Z</time>
        <extensions>
          <ns3:TrackPointExtension>
            <ns3:atemp>11.0</ns3:atemp>
          </ns3:TrackPointExtension>
        </extensions>
      </trkpt>
      <trkpt lat="50.17294627614319" lon="2.731029661372304">
        <ele>100.80000305175781</ele>
        <time>2024-09-27T06:39:48Z</time>
        <extensions>
          <ns3:TrackPointExtension>
            <ns3:atemp>11.0</ns3:atemp>
          </ns3:TrackPointExtension>
        </extensions>
      </trkpt>
      <trkpt lat="50.172819374129176" lon="2.7308524679392576">
        <ele>100.80000305175781</ele>
        <time>2024-09-27T06:39:51Z</time>
        <extensions>
          <ns3:TrackPointExtension>
            <ns3:atemp>11.0</ns3:atemp>
          </ns3:TrackPointExtension>
        </extensions>
      </trkpt>
      <trkpt lat="50.172624830156565" lon="2.7306982409209013">
        <ele>101.19999694824219</ele>
        <time>2024-09-27T06:39:55Z</time>
        <extensions>
          <ns3:TrackPointExtension>
            <ns3:atemp>11.0</ns3:atemp>
          </ns3:TrackPointExtension>
        </extensions>
      </trkpt>
      <trkpt lat="50.1724623888731" lon="2.7306307666003704">
        <ele>101.5999984741211</ele>
        <time>2024-09-27T06:39:58Z</time>
        <extensions>
          <ns3:TrackPointExtension>
            <ns3:atemp>11.0</ns3:atemp>
          </ns3:TrackPointExtension>
        </extensions>
      </trkpt>
      <trkpt lat="50.1711880043149" lon="2.7305046189576387">
        <ele>105.5999984741211</ele>
        <time>2024-09-27T06:40:25Z</time>
        <extensions>
          <ns3:TrackPointExtension>
            <ns3:atemp>11.0</ns3:atemp>
          </ns3:TrackPointExtension>
        </extensions>
      </trkpt>
      <trkpt lat="50.17093646340072" lon="2.7303474582731724">
        <ele>106.4000015258789</ele>
        <time>2024-09-27T06:40:32Z</time>
        <extensions>
          <ns3:TrackPointExtension>
            <ns3:atemp>11.0</ns3:atemp>
          </ns3:TrackPointExtension>
        </extensions>
      </trkpt>
      <trkpt lat="50.17074921168387" lon="2.7301088254898787">
        <ele>107.19999694824219</ele>
        <time>2024-09-27T06:40:38Z</time>
        <extensions>
          <ns3:TrackPointExtension>
            <ns3:atemp>11.0</ns3:atemp>
          </ns3:TrackPointExtension>
        </extensions>
      </trkpt>
      <trkpt lat="50.16980716958642" lon="2.728334041312337">
        <ele>112.4000015258789</ele>
        <time>2024-09-27T06:41:14Z</time>
        <extensions>
          <ns3:TrackPointExtension>
            <ns3:atemp>11.0</ns3:atemp>
          </ns3:TrackPointExtension>
        </extensions>
      </trkpt>
      <trkpt lat="50.168395824730396" lon="2.726571075618267">
        <ele>118.80000305175781</ele>
        <time>2024-09-27T06:42:06Z</time>
        <extensions>
          <ns3:TrackPointExtension>
            <ns3:atemp>11.0</ns3:atemp>
          </ns3:TrackPointExtension>
        </extensions>
      </trkpt>
      <trkpt lat="50.16788980923593" lon="2.72621794603765">
        <ele>119.4000015258789</ele>
        <time>2024-09-27T06:42:21Z</time>
        <extensions>
          <ns3:TrackPointExtension>
            <ns3:atemp>11.0</ns3:atemp>
          </ns3:TrackPointExtension>
        </extensions>
      </trkpt>
      <trkpt lat="50.1672247890383" lon="2.7259154431521893">
        <ele>121.0</ele>
        <time>2024-09-27T06:42:39Z</time>
        <extensions>
          <ns3:TrackPointExtension>
            <ns3:atemp>11.0</ns3:atemp>
          </ns3:TrackPointExtension>
        </extensions>
      </trkpt>
      <trkpt lat="50.16614595428109" lon="2.7256697695702314">
        <ele>123.80000305175781</ele>
        <time>2024-09-27T06:43:06Z</time>
        <extensions>
          <ns3:TrackPointExtension>
            <ns3:atemp>11.0</ns3:atemp>
          </ns3:TrackPointExtension>
        </extensions>
      </trkpt>
      <trkpt lat="50.16511774621904" lon="2.7251949347555637">
        <ele>126.0</ele>
        <time>2024-09-27T06:43:33Z</time>
        <extensions>
          <ns3:TrackPointExtension>
            <ns3:atemp>11.0</ns3:atemp>
          </ns3:TrackPointExtension>
        </extensions>
      </trkpt>
      <trkpt lat="50.163296861574054" lon="2.724606106057763">
        <ele>129.1999969482422</ele>
        <time>2024-09-27T06:44:16Z</time>
        <extensions>
          <ns3:TrackPointExtension>
            <ns3:atemp>11.0</ns3:atemp>
          </ns3:TrackPointExtension>
        </extensions>
      </trkpt>
      <trkpt lat="50.16291716136038" lon="2.724554892629385">
        <ele>129.8000030517578</ele>
        <time>2024-09-27T06:44:26Z</time>
        <extensions>
          <ns3:TrackPointExtension>
            <ns3:atemp>11.0</ns3:atemp>
          </ns3:TrackPointExtension>
        </extensions>
      </trkpt>
      <trkpt lat="50.16168627887964" lon="2.7245296631008387">
        <ele>131.8000030517578</ele>
        <time>2024-09-27T06:44:58Z</time>
        <extensions>
          <ns3:TrackPointExtension>
            <ns3:atemp>11.0</ns3:atemp>
          </ns3:TrackPointExtension>
        </extensions>
      </trkpt>
      <trkpt lat="50.16125075519085" lon="2.7244434133172035">
        <ele>133.0</ele>
        <time>2024-09-27T06:45:10Z</time>
        <extensions>
          <ns3:TrackPointExtension>
            <ns3:atemp>11.0</ns3:atemp>
          </ns3:TrackPointExtension>
        </extensions>
      </trkpt>
      <trkpt lat="50.15969146974385" lon="2.7239153534173965">
        <ele>134.0</ele>
        <time>2024-09-27T06:45:50Z</time>
        <extensions>
          <ns3:TrackPointExtension>
            <ns3:atemp>11.0</ns3:atemp>
          </ns3:TrackPointExtension>
        </extensions>
      </trkpt>
      <trkpt lat="50.157694732770324" lon="2.7231289632618427">
        <ele>132.60000610351562</ele>
        <time>2024-09-27T06:46:36Z</time>
        <extensions>
          <ns3:TrackPointExtension>
            <ns3:atemp>12.0</ns3:atemp>
          </ns3:TrackPointExtension>
        </extensions>
      </trkpt>
      <trkpt lat="50.157141191884875" lon="2.7229493390768766">
        <ele>131.60000610351562</ele>
        <time>2024-09-27T06:46:48Z</time>
        <extensions>
          <ns3:TrackPointExtension>
            <ns3:atemp>12.0</ns3:atemp>
          </ns3:TrackPointExtension>
        </extensions>
      </trkpt>
      <trkpt lat="50.15667138621211" lon="2.722873231396079">
        <ele>132.1999969482422</ele>
        <time>2024-09-27T06:46:58Z</time>
        <extensions>
          <ns3:TrackPointExtension>
            <ns3:atemp>12.0</ns3:atemp>
          </ns3:TrackPointExtension>
        </extensions>
      </trkpt>
      <trkpt lat="50.15564175322652" lon="2.7228359319269657">
        <ele>132.8000030517578</ele>
        <time>2024-09-27T06:47:23Z</time>
        <extensions>
          <ns3:TrackPointExtension>
            <ns3:atemp>12.0</ns3:atemp>
          </ns3:TrackPointExtension>
        </extensions>
      </trkpt>
      <trkpt lat="50.15533438883722" lon="2.7227877359837294">
        <ele>133.1999969482422</ele>
        <time>2024-09-27T06:47:31Z</time>
        <extensions>
          <ns3:TrackPointExtension>
            <ns3:atemp>12.0</ns3:atemp>
          </ns3:TrackPointExtension>
        </extensions>
      </trkpt>
      <trkpt lat="50.15406494960189" lon="2.722391774877906">
        <ele>136.8000030517578</ele>
        <time>2024-09-27T06:48:06Z</time>
        <extensions>
          <ns3:TrackPointExtension>
            <ns3:atemp>12.0</ns3:atemp>
          </ns3:TrackPointExtension>
        </extensions>
      </trkpt>
      <trkpt lat="50.15364903956652" lon="2.722181808203459">
        <ele>138.39999389648438</ele>
        <time>2024-09-27T06:48:19Z</time>
        <extensions>
          <ns3:TrackPointExtension>
            <ns3:atemp>12.0</ns3:atemp>
          </ns3:TrackPointExtension>
        </extensions>
      </trkpt>
      <trkpt lat="50.153400264680386" lon="2.721992041915655">
        <ele>139.39999389648438</ele>
        <time>2024-09-27T06:48:28Z</time>
        <extensions>
          <ns3:TrackPointExtension>
            <ns3:atemp>12.0</ns3:atemp>
          </ns3:TrackPointExtension>
        </extensions>
      </trkpt>
      <trkpt lat="50.153149059042335" lon="2.7217125054448843">
        <ele>140.60000610351562</ele>
        <time>2024-09-27T06:48:38Z</time>
        <extensions>
          <ns3:TrackPointExtension>
            <ns3:atemp>12.0</ns3:atemp>
          </ns3:TrackPointExtension>
        </extensions>
      </trkpt>
      <trkpt lat="50.15212872996926" lon="2.72025179117918">
        <ele>144.60000610351562</ele>
        <time>2024-09-27T06:49:20Z</time>
        <extensions>
          <ns3:TrackPointExtension>
            <ns3:atemp>12.0</ns3:atemp>
          </ns3:TrackPointExtension>
        </extensions>
      </trkpt>
      <trkpt lat="50.151855228468776" lon="2.719939900562167">
        <ele>144.60000610351562</ele>
        <time>2024-09-27T06:49:28Z</time>
        <extensions>
          <ns3:TrackPointExtension>
            <ns3:atemp>12.0</ns3:atemp>
          </ns3:TrackPointExtension>
        </extensions>
      </trkpt>
      <trkpt lat="50.151636796072125" lon="2.719759354367852">
        <ele>144.60000610351562</ele>
        <time>2024-09-27T06:49:33Z</time>
        <extensions>
          <ns3:TrackPointExtension>
            <ns3:atemp>12.0</ns3:atemp>
          </ns3:TrackPointExtension>
        </extensions>
      </trkpt>
      <trkpt lat="50.15133161097765" lon="2.71958040073514">
        <ele>144.39999389648438</ele>
        <time>2024-09-27T06:49:39Z</time>
        <extensions>
          <ns3:TrackPointExtension>
            <ns3:atemp>12.0</ns3:atemp>
          </ns3:TrackPointExtension>
        </extensions>
      </trkpt>
      <trkpt lat="50.150980073958635" lon="2.7194580249488354">
        <ele>143.8000030517578</ele>
        <time>2024-09-27T06:49:45Z</time>
        <extensions>
          <ns3:TrackPointExtension>
            <ns3:atemp>12.0</ns3:atemp>
          </ns3:TrackPointExtension>
        </extensions>
      </trkpt>
      <trkpt lat="50.150323351845145" lon="2.7194235753268003">
        <ele>142.8000030517578</ele>
        <time>2024-09-27T06:49:55Z</time>
        <extensions>
          <ns3:TrackPointExtension>
            <ns3:atemp>12.0</ns3:atemp>
          </ns3:TrackPointExtension>
        </extensions>
      </trkpt>
      <trkpt lat="50.149799482896924" lon="2.7192773949354887">
        <ele>142.1999969482422</ele>
        <time>2024-09-27T06:50:02Z</time>
        <extensions>
          <ns3:TrackPointExtension>
            <ns3:atemp>12.0</ns3:atemp>
          </ns3:TrackPointExtension>
        </extensions>
      </trkpt>
      <trkpt lat="50.149300592020154" lon="2.719014370813966">
        <ele>141.39999389648438</ele>
        <time>2024-09-27T06:50:10Z</time>
        <extensions>
          <ns3:TrackPointExtension>
            <ns3:atemp>12.0</ns3:atemp>
          </ns3:TrackPointExtension>
        </extensions>
      </trkpt>
      <trkpt lat="50.14889784157276" lon="2.7186636719852686">
        <ele>139.8000030517578</ele>
        <time>2024-09-27T06:50:17Z</time>
        <extensions>
          <ns3:TrackPointExtension>
            <ns3:atemp>12.0</ns3:atemp>
          </ns3:TrackPointExtension>
        </extensions>
      </trkpt>
      <trkpt lat="50.14810868538916" lon="2.717775274068117">
        <ele>137.0</ele>
        <time>2024-09-27T06:50:31Z</time>
        <extensions>
          <ns3:TrackPointExtension>
            <ns3:atemp>12.0</ns3:atemp>
          </ns3:TrackPointExtension>
        </extensions>
      </trkpt>
      <trkpt lat="50.14734442345798" lon="2.716781347990036">
        <ele>135.39999389648438</ele>
        <time>2024-09-27T06:50:46Z</time>
        <extensions>
          <ns3:TrackPointExtension>
            <ns3:atemp>12.0</ns3:atemp>
          </ns3:TrackPointExtension>
        </extensions>
      </trkpt>
      <trkpt lat="50.14612343162298" lon="2.714647063985467">
        <ele>133.0</ele>
        <time>2024-09-27T06:51:14Z</time>
        <extensions>
          <ns3:TrackPointExtension>
            <ns3:atemp>12.0</ns3:atemp>
          </ns3:TrackPointExtension>
        </extensions>
      </trkpt>
      <trkpt lat="50.1453919429332" lon="2.7135496214032173">
        <ele>130.8000030517578</ele>
        <time>2024-09-27T06:51:28Z</time>
        <extensions>
          <ns3:TrackPointExtension>
            <ns3:atemp>12.0</ns3:atemp>
          </ns3:TrackPointExtension>
        </extensions>
      </trkpt>
      <trkpt lat="50.14485550113022" lon="2.7128556836396456">
        <ele>129.60000610351562</ele>
        <time>2024-09-27T06:51:38Z</time>
        <extensions>
          <ns3:TrackPointExtension>
            <ns3:atemp>12.0</ns3:atemp>
          </ns3:TrackPointExtension>
        </extensions>
      </trkpt>
      <trkpt lat="50.144692389294505" lon="2.7127026300877333">
        <ele>129.1999969482422</ele>
        <time>2024-09-27T06:51:41Z</time>
        <extensions>
          <ns3:TrackPointExtension>
            <ns3:atemp>12.0</ns3:atemp>
          </ns3:TrackPointExtension>
        </extensions>
      </trkpt>
      <trkpt lat="50.14381991699338" lon="2.712203487753868">
        <ele>126.4000015258789</ele>
        <time>2024-09-27T06:51:54Z</time>
        <extensions>
          <ns3:TrackPointExtension>
            <ns3:atemp>12.0</ns3:atemp>
          </ns3:TrackPointExtension>
        </extensions>
      </trkpt>
      <trkpt lat="50.14340568333864" lon="2.711922023445368">
        <ele>125.0</ele>
        <time>2024-09-27T06:52:00Z</time>
        <extensions>
          <ns3:TrackPointExtension>
            <ns3:atemp>12.0</ns3:atemp>
          </ns3:TrackPointExtension>
        </extensions>
      </trkpt>
      <trkpt lat="50.14225342310965" lon="2.7108136005699635">
        <ele>123.5999984741211</ele>
        <time>2024-09-27T06:52:21Z</time>
        <extensions>
          <ns3:TrackPointExtension>
            <ns3:atemp>12.0</ns3:atemp>
          </ns3:TrackPointExtension>
        </extensions>
      </trkpt>
      <trkpt lat="50.141643388196826" lon="2.7110114973038435">
        <ele>124.19999694824219</ele>
        <time>2024-09-27T06:52:37Z</time>
        <extensions>
          <ns3:TrackPointExtension>
            <ns3:atemp>12.0</ns3:atemp>
          </ns3:TrackPointExtension>
        </extensions>
      </trkpt>
      <trkpt lat="50.14115740545094" lon="2.711247783154249">
        <ele>125.19999694824219</ele>
        <time>2024-09-27T06:52:49Z</time>
        <extensions>
          <ns3:TrackPointExtension>
            <ns3:atemp>12.0</ns3:atemp>
          </ns3:TrackPointExtension>
        </extensions>
      </trkpt>
      <trkpt lat="50.14096227474511" lon="2.711426066234708">
        <ele>125.80000305175781</ele>
        <time>2024-09-27T06:52:55Z</time>
        <extensions>
          <ns3:TrackPointExtension>
            <ns3:atemp>12.0</ns3:atemp>
          </ns3:TrackPointExtension>
        </extensions>
      </trkpt>
      <trkpt lat="50.14062884263694" lon="2.712121680378914">
        <ele>129.60000610351562</ele>
        <time>2024-09-27T06:53:12Z</time>
        <extensions>
          <ns3:TrackPointExtension>
            <ns3:atemp>12.0</ns3:atemp>
          </ns3:TrackPointExtension>
        </extensions>
      </trkpt>
      <trkpt lat="50.140486685559154" lon="2.712508589029312">
        <ele>130.1999969482422</ele>
        <time>2024-09-27T06:53:20Z</time>
        <extensions>
          <ns3:TrackPointExtension>
            <ns3:atemp>12.0</ns3:atemp>
          </ns3:TrackPointExtension>
        </extensions>
      </trkpt>
      <trkpt lat="50.14043329283595" lon="2.7128310408443213">
        <ele>131.1999969482422</ele>
        <time>2024-09-27T06:53:26Z</time>
        <extensions>
          <ns3:TrackPointExtension>
            <ns3:atemp>12.0</ns3:atemp>
          </ns3:TrackPointExtension>
        </extensions>
      </trkpt>
      <trkpt lat="50.14040403999388" lon="2.7136735897511244">
        <ele>133.39999389648438</ele>
        <time>2024-09-27T06:53:40Z</time>
        <extensions>
          <ns3:TrackPointExtension>
            <ns3:atemp>12.0</ns3:atemp>
          </ns3:TrackPointExtension>
        </extensions>
      </trkpt>
      <trkpt lat="50.140296164900064" lon="2.713969638571143">
        <ele>134.0</ele>
        <time>2024-09-27T06:53:46Z</time>
        <extensions>
          <ns3:TrackPointExtension>
            <ns3:atemp>12.0</ns3:atemp>
          </ns3:TrackPointExtension>
        </extensions>
      </trkpt>
      <trkpt lat="50.14020354487002" lon="2.7140806149691343">
        <ele>134.39999389648438</ele>
        <time>2024-09-27T06:53:50Z</time>
        <extensions>
          <ns3:TrackPointExtension>
            <ns3:atemp>12.0</ns3:atemp>
          </ns3:TrackPointExtension>
        </extensions>
      </trkpt>
      <trkpt lat="50.139953596517444" lon="2.714258311316371">
        <ele>135.60000610351562</ele>
        <time>2024-09-27T06:53:59Z</time>
        <extensions>
          <ns3:TrackPointExtension>
            <ns3:atemp>12.0</ns3:atemp>
          </ns3:TrackPointExtension>
        </extensions>
      </trkpt>
      <trkpt lat="50.13944724574685" lon="2.7144513465464115">
        <ele>136.0</ele>
        <time>2024-09-27T06:54:12Z</time>
        <extensions>
          <ns3:TrackPointExtension>
            <ns3:atemp>12.0</ns3:atemp>
          </ns3:TrackPointExtension>
        </extensions>
      </trkpt>
      <trkpt lat="50.13919126242399" lon="2.714647650718689">
        <ele>136.1999969482422</ele>
        <time>2024-09-27T06:54:18Z</time>
        <extensions>
          <ns3:TrackPointExtension>
            <ns3:atemp>12.0</ns3:atemp>
          </ns3:TrackPointExtension>
        </extensions>
      </trkpt>
      <trkpt lat="50.139056062325835" lon="2.7147921547293663">
        <ele>136.39999389648438</ele>
        <time>2024-09-27T06:54:21Z</time>
        <extensions>
          <ns3:TrackPointExtension>
            <ns3:atemp>12.0</ns3:atemp>
          </ns3:TrackPointExtension>
        </extensions>
      </trkpt>
      <trkpt lat="50.13837620615959" lon="2.7158155012875795">
        <ele>137.1999969482422</ele>
        <time>2024-09-27T06:54:41Z</time>
        <extensions>
          <ns3:TrackPointExtension>
            <ns3:atemp>12.0</ns3:atemp>
          </ns3:TrackPointExtension>
        </extensions>
      </trkpt>
      <trkpt lat="50.138259027153254" lon="2.7161533758044243">
        <ele>137.1999969482422</ele>
        <time>2024-09-27T06:54:48Z</time>
        <extensions>
          <ns3:TrackPointExtension>
            <ns3:atemp>12.0</ns3:atemp>
          </ns3:TrackPointExtension>
        </extensions>
      </trkpt>
      <trkpt lat="50.13798628002405" lon="2.717377720400691">
        <ele>137.1999969482422</ele>
        <time>2024-09-27T06:55:03Z</time>
        <extensions>
          <ns3:TrackPointExtension>
            <ns3:atemp>12.0</ns3:atemp>
          </ns3:TrackPointExtension>
        </extensions>
      </trkpt>
      <trkpt lat="50.13785677962005" lon="2.718611704185605">
        <ele>135.1999969482422</ele>
        <time>2024-09-27T06:55:14Z</time>
        <extensions>
          <ns3:TrackPointExtension>
            <ns3:atemp>12.0</ns3:atemp>
          </ns3:TrackPointExtension>
        </extensions>
      </trkpt>
      <trkpt lat="50.137738678604364" lon="2.7190943341702223">
        <ele>133.8000030517578</ele>
        <time>2024-09-27T06:55:18Z</time>
        <extensions>
          <ns3:TrackPointExtension>
            <ns3:atemp>12.0</ns3:atemp>
          </ns3:TrackPointExtension>
        </extensions>
      </trkpt>
      <trkpt lat="50.13531496748328" lon="2.7240773756057024">
        <ele>127.0</ele>
        <time>2024-09-27T06:56:10Z</time>
        <extensions>
          <ns3:TrackPointExtension>
            <ns3:atemp>13.0</ns3:atemp>
          </ns3:TrackPointExtension>
        </extensions>
      </trkpt>
      <trkpt lat="50.135043477639556" lon="2.7248182520270348">
        <ele>127.0</ele>
        <time>2024-09-27T06:56:19Z</time>
        <extensions>
          <ns3:TrackPointExtension>
            <ns3:atemp>13.0</ns3:atemp>
          </ns3:TrackPointExtension>
        </extensions>
      </trkpt>
      <trkpt lat="50.13480509631336" lon="2.7256373316049576">
        <ele>126.80000305175781</ele>
        <time>2024-09-27T06:56:28Z</time>
        <extensions>
          <ns3:TrackPointExtension>
            <ns3:atemp>13.0</ns3:atemp>
          </ns3:TrackPointExtension>
        </extensions>
      </trkpt>
      <trkpt lat="50.13440293259919" lon="2.7271602395921946">
        <ele>126.19999694824219</ele>
        <time>2024-09-27T06:56:44Z</time>
        <extensions>
          <ns3:TrackPointExtension>
            <ns3:atemp>13.0</ns3:atemp>
          </ns3:TrackPointExtension>
        </extensions>
      </trkpt>
      <trkpt lat="50.1342763658613" lon="2.7278249245136976">
        <ele>126.19999694824219</ele>
        <time>2024-09-27T06:56:51Z</time>
        <extensions>
          <ns3:TrackPointExtension>
            <ns3:atemp>13.0</ns3:atemp>
          </ns3:TrackPointExtension>
        </extensions>
      </trkpt>
      <trkpt lat="50.13424074277282" lon="2.7282560896128416">
        <ele>126.19999694824219</ele>
        <time>2024-09-27T06:56:55Z</time>
        <extensions>
          <ns3:TrackPointExtension>
            <ns3:atemp>13.0</ns3:atemp>
          </ns3:TrackPointExtension>
        </extensions>
      </trkpt>
      <trkpt lat="50.13420218601823" lon="2.7305803075432777">
        <ele>125.0</ele>
        <time>2024-09-27T06:57:15Z</time>
        <extensions>
          <ns3:TrackPointExtension>
            <ns3:atemp>13.0</ns3:atemp>
          </ns3:TrackPointExtension>
        </extensions>
      </trkpt>
      <trkpt lat="50.13416798785329" lon="2.7309402264654636">
        <ele>125.0</ele>
        <time>2024-09-27T06:57:18Z</time>
        <extensions>
          <ns3:TrackPointExtension>
            <ns3:atemp>13.0</ns3:atemp>
          </ns3:TrackPointExtension>
        </extensions>
      </trkpt>
      <trkpt lat="50.13411669060588" lon="2.7311628498136997">
        <ele>125.19999694824219</ele>
        <time>2024-09-27T06:57:20Z</time>
        <extensions>
          <ns3:TrackPointExtension>
            <ns3:atemp>13.0</ns3:atemp>
          </ns3:TrackPointExtension>
        </extensions>
      </trkpt>
      <trkpt lat="50.133972857147455" lon="2.7315746527165174">
        <ele>125.19999694824219</ele>
        <time>2024-09-27T06:57:24Z</time>
        <extensions>
          <ns3:TrackPointExtension>
            <ns3:atemp>13.0</ns3:atemp>
          </ns3:TrackPointExtension>
        </extensions>
      </trkpt>
      <trkpt lat="50.13257995247841" lon="2.734949542209506">
        <ele>121.80000305175781</ele>
        <time>2024-09-27T06:57:59Z</time>
        <extensions>
          <ns3:TrackPointExtension>
            <ns3:atemp>13.0</ns3:atemp>
          </ns3:TrackPointExtension>
        </extensions>
      </trkpt>
      <trkpt lat="50.132049126550555" lon="2.736328449100256">
        <ele>120.5999984741211</ele>
        <time>2024-09-27T06:58:13Z</time>
        <extensions>
          <ns3:TrackPointExtension>
            <ns3:atemp>13.0</ns3:atemp>
          </ns3:TrackPointExtension>
        </extensions>
      </trkpt>
      <trkpt lat="50.13042756356299" lon="2.7412978280335665">
        <ele>125.4000015258789</ele>
        <time>2024-09-27T06:59:24Z</time>
        <extensions>
          <ns3:TrackPointExtension>
            <ns3:atemp>13.0</ns3:atemp>
          </ns3:TrackPointExtension>
        </extensions>
      </trkpt>
      <trkpt lat="50.130071081221104" lon="2.742048427462578">
        <ele>123.19999694824219</ele>
        <time>2024-09-27T06:59:32Z</time>
        <extensions>
          <ns3:TrackPointExtension>
            <ns3:atemp>13.0</ns3:atemp>
          </ns3:TrackPointExtension>
        </extensions>
      </trkpt>
      <trkpt lat="50.128361424431205" lon="2.745267078280449">
        <ele>123.0</ele>
        <time>2024-09-27T07:00:16Z</time>
        <extensions>
          <ns3:TrackPointExtension>
            <ns3:atemp>13.0</ns3:atemp>
          </ns3:TrackPointExtension>
        </extensions>
      </trkpt>
      <trkpt lat="50.12687279842794" lon="2.7486531157046556">
        <ele>119.19999694824219</ele>
        <time>2024-09-27T07:00:56Z</time>
        <extensions>
          <ns3:TrackPointExtension>
            <ns3:atemp>13.0</ns3:atemp>
          </ns3:TrackPointExtension>
        </extensions>
      </trkpt>
      <trkpt lat="50.12666014954448" lon="2.7489932533353567">
        <ele>118.80000305175781</ele>
        <time>2024-09-27T07:01:01Z</time>
        <extensions>
          <ns3:TrackPointExtension>
            <ns3:atemp>13.0</ns3:atemp>
          </ns3:TrackPointExtension>
        </extensions>
      </trkpt>
      <trkpt lat="50.126250525936484" lon="2.7494466304779053">
        <ele>120.19999694824219</ele>
        <time>2024-09-27T07:01:11Z</time>
        <extensions>
          <ns3:TrackPointExtension>
            <ns3:atemp>13.0</ns3:atemp>
          </ns3:TrackPointExtension>
        </extensions>
      </trkpt>
      <trkpt lat="50.126084480434656" lon="2.7497078105807304">
        <ele>120.5999984741211</ele>
        <time>2024-09-27T07:01:16Z</time>
        <extensions>
          <ns3:TrackPointExtension>
            <ns3:atemp>13.0</ns3:atemp>
          </ns3:TrackPointExtension>
        </extensions>
      </trkpt>
      <trkpt lat="50.125723388046026" lon="2.750854454934597">
        <ele>120.19999694824219</ele>
        <time>2024-09-27T07:01:30Z</time>
        <extensions>
          <ns3:TrackPointExtension>
            <ns3:atemp>13.0</ns3:atemp>
          </ns3:TrackPointExtension>
        </extensions>
      </trkpt>
      <trkpt lat="50.125563545152545" lon="2.751049669459462">
        <ele>119.5999984741211</ele>
        <time>2024-09-27T07:01:33Z</time>
        <extensions>
          <ns3:TrackPointExtension>
            <ns3:atemp>13.0</ns3:atemp>
          </ns3:TrackPointExtension>
        </extensions>
      </trkpt>
      <trkpt lat="50.125194657593966" lon="2.751176403835416">
        <ele>118.5999984741211</ele>
        <time>2024-09-27T07:01:39Z</time>
        <extensions>
          <ns3:TrackPointExtension>
            <ns3:atemp>13.0</ns3:atemp>
          </ns3:TrackPointExtension>
        </extensions>
      </trkpt>
      <trkpt lat="50.124970776960254" lon="2.7513110172003508">
        <ele>118.5999984741211</ele>
        <time>2024-09-27T07:01:43Z</time>
        <extensions>
          <ns3:TrackPointExtension>
            <ns3:atemp>13.0</ns3:atemp>
          </ns3:TrackPointExtension>
        </extensions>
      </trkpt>
      <trkpt lat="50.12423182837665" lon="2.7522017620503902">
        <ele>121.4000015258789</ele>
        <time>2024-09-27T07:02:05Z</time>
        <extensions>
          <ns3:TrackPointExtension>
            <ns3:atemp>13.0</ns3:atemp>
          </ns3:TrackPointExtension>
        </extensions>
      </trkpt>
      <trkpt lat="50.12416619807482" lon="2.752208299934864">
        <ele>121.4000015258789</ele>
        <time>2024-09-27T07:02:07Z</time>
        <extensions>
          <ns3:TrackPointExtension>
            <ns3:atemp>13.0</ns3:atemp>
          </ns3:TrackPointExtension>
        </extensions>
      </trkpt>
      <trkpt lat="50.12406385503709" lon="2.7521044481545687">
        <ele>121.80000305175781</ele>
        <time>2024-09-27T07:02:11Z</time>
        <extensions>
          <ns3:TrackPointExtension>
            <ns3:atemp>13.0</ns3:atemp>
          </ns3:TrackPointExtension>
        </extensions>
      </trkpt>
      <trkpt lat="50.123682813718915" lon="2.7514463011175394">
        <ele>122.80000305175781</ele>
        <time>2024-09-27T07:02:25Z</time>
        <extensions>
          <ns3:TrackPointExtension>
            <ns3:atemp>13.0</ns3:atemp>
          </ns3:TrackPointExtension>
        </extensions>
      </trkpt>
      <trkpt lat="50.12350369244814" lon="2.7512088418006897">
        <ele>123.19999694824219</ele>
        <time>2024-09-27T07:02:31Z</time>
        <extensions>
          <ns3:TrackPointExtension>
            <ns3:atemp>13.0</ns3:atemp>
          </ns3:TrackPointExtension>
        </extensions>
      </trkpt>
      <trkpt lat="50.1232622936368" lon="2.7510378509759903">
        <ele>124.19999694824219</ele>
        <time>2024-09-27T07:02:38Z</time>
        <extensions>
          <ns3:TrackPointExtension>
            <ns3:atemp>13.0</ns3:atemp>
          </ns3:TrackPointExtension>
        </extensions>
      </trkpt>
      <trkpt lat="50.122510604560375" lon="2.7509479131549597">
        <ele>125.5999984741211</ele>
        <time>2024-09-27T07:02:55Z</time>
        <extensions>
          <ns3:TrackPointExtension>
            <ns3:atemp>13.0</ns3:atemp>
          </ns3:TrackPointExtension>
        </extensions>
      </trkpt>
      <trkpt lat="50.12134208343923" lon="2.7512403577566147">
        <ele>126.5999984741211</ele>
        <time>2024-09-27T07:03:22Z</time>
        <extensions>
          <ns3:TrackPointExtension>
            <ns3:atemp>13.0</ns3:atemp>
          </ns3:TrackPointExtension>
        </extensions>
      </trkpt>
      <trkpt lat="50.121148796752095" lon="2.751225270330906">
        <ele>126.0</ele>
        <time>2024-09-27T07:03:26Z</time>
        <extensions>
          <ns3:TrackPointExtension>
            <ns3:atemp>13.0</ns3:atemp>
          </ns3:TrackPointExtension>
        </extensions>
      </trkpt>
      <trkpt lat="50.12090723030269" lon="2.75113457813859">
        <ele>126.0</ele>
        <time>2024-09-27T07:03:31Z</time>
        <extensions>
          <ns3:TrackPointExtension>
            <ns3:atemp>12.0</ns3:atemp>
          </ns3:TrackPointExtension>
        </extensions>
      </trkpt>
      <trkpt lat="50.1192073803395" lon="2.7502170111984015">
        <ele>121.0</ele>
        <time>2024-09-27T07:04:01Z</time>
        <extensions>
          <ns3:TrackPointExtension>
            <ns3:atemp>12.0</ns3:atemp>
          </ns3:TrackPointExtension>
        </extensions>
      </trkpt>
      <trkpt lat="50.11680512689054" lon="2.7484724018722773">
        <ele>112.19999694824219</ele>
        <time>2024-09-27T07:04:48Z</time>
        <extensions>
          <ns3:TrackPointExtension>
            <ns3:atemp>12.0</ns3:atemp>
          </ns3:TrackPointExtension>
        </extensions>
      </trkpt>
      <trkpt lat="50.11641561985016" lon="2.7482272312045097">
        <ele>112.0</ele>
        <time>2024-09-27T07:04:58Z</time>
        <extensions>
          <ns3:TrackPointExtension>
            <ns3:atemp>13.0</ns3:atemp>
          </ns3:TrackPointExtension>
        </extensions>
      </trkpt>
      <trkpt lat="50.11592502705753" lon="2.748069064691663">
        <ele>112.19999694824219</ele>
        <time>2024-09-27T07:05:11Z</time>
        <extensions>
          <ns3:TrackPointExtension>
            <ns3:atemp>13.0</ns3:atemp>
          </ns3:TrackPointExtension>
        </extensions>
      </trkpt>
      <trkpt lat="50.11452122591436" lon="2.747853482142091">
        <ele>113.4000015258789</ele>
        <time>2024-09-27T07:05:50Z</time>
        <extensions>
          <ns3:TrackPointExtension>
            <ns3:atemp>13.0</ns3:atemp>
          </ns3:TrackPointExtension>
        </extensions>
      </trkpt>
      <trkpt lat="50.11404789984226" lon="2.7477419190108776">
        <ele>112.80000305175781</ele>
        <time>2024-09-27T07:06:01Z</time>
        <extensions>
          <ns3:TrackPointExtension>
            <ns3:atemp>13.0</ns3:atemp>
          </ns3:TrackPointExtension>
        </extensions>
      </trkpt>
      <trkpt lat="50.11054778471589" lon="2.746027149260044">
        <ele>93.0</ele>
        <time>2024-09-27T07:06:53Z</time>
        <extensions>
          <ns3:TrackPointExtension>
            <ns3:atemp>13.0</ns3:atemp>
          </ns3:TrackPointExtension>
        </extensions>
      </trkpt>
      <trkpt lat="50.11022374033928" lon="2.745772171765566">
        <ele>90.4000015258789</ele>
        <time>2024-09-27T07:06:57Z</time>
        <extensions>
          <ns3:TrackPointExtension>
            <ns3:atemp>13.0</ns3:atemp>
          </ns3:TrackPointExtension>
        </extensions>
      </trkpt>
      <trkpt lat="50.10927683673799" lon="2.74486742913723">
        <ele>88.19999694824219</ele>
        <time>2024-09-27T07:07:12Z</time>
        <extensions>
          <ns3:TrackPointExtension>
            <ns3:atemp>13.0</ns3:atemp>
          </ns3:TrackPointExtension>
        </extensions>
      </trkpt>
      <trkpt lat="50.109001910313964" lon="2.7446740586310625">
        <ele>88.19999694824219</ele>
        <time>2024-09-27T07:07:18Z</time>
        <extensions>
          <ns3:TrackPointExtension>
            <ns3:atemp>13.0</ns3:atemp>
          </ns3:TrackPointExtension>
        </extensions>
      </trkpt>
      <trkpt lat="50.10817017406225" lon="2.7442546281963587">
        <ele>88.0</ele>
        <time>2024-09-27T07:07:38Z</time>
        <extensions>
          <ns3:TrackPointExtension>
            <ns3:atemp>13.0</ns3:atemp>
          </ns3:TrackPointExtension>
        </extensions>
      </trkpt>
      <trkpt lat="50.107794497162104" lon="2.744003003463149">
        <ele>88.19999694824219</ele>
        <time>2024-09-27T07:07:47Z</time>
        <extensions>
          <ns3:TrackPointExtension>
            <ns3:atemp>13.0</ns3:atemp>
          </ns3:TrackPointExtension>
        </extensions>
      </trkpt>
      <trkpt lat="50.106376614421606" lon="2.7422717213630676">
        <ele>92.80000305175781</ele>
        <time>2024-09-27T07:08:34Z</time>
        <extensions>
          <ns3:TrackPointExtension>
            <ns3:atemp>13.0</ns3:atemp>
          </ns3:TrackPointExtension>
        </extensions>
      </trkpt>
      <trkpt lat="50.10602189227939" lon="2.741999812424183">
        <ele>92.0</ele>
        <time>2024-09-27T07:08:42Z</time>
        <extensions>
          <ns3:TrackPointExtension>
            <ns3:atemp>13.0</ns3:atemp>
          </ns3:TrackPointExtension>
        </extensions>
      </trkpt>
      <trkpt lat="50.105545464903116" lon="2.7417575754225254">
        <ele>91.5999984741211</ele>
        <time>2024-09-27T07:08:53Z</time>
        <extensions>
          <ns3:TrackPointExtension>
            <ns3:atemp>13.0</ns3:atemp>
          </ns3:TrackPointExtension>
        </extensions>
      </trkpt>
      <trkpt lat="50.10531362146139" lon="2.741591362282634">
        <ele>92.4000015258789</ele>
        <time>2024-09-27T07:09:00Z</time>
        <extensions>
          <ns3:TrackPointExtension>
            <ns3:atemp>13.0</ns3:atemp>
          </ns3:TrackPointExtension>
        </extensions>
      </trkpt>
      <trkpt lat="50.10417594574392" lon="2.740391409024596">
        <ele>94.4000015258789</ele>
        <time>2024-09-27T07:09:34Z</time>
        <extensions>
          <ns3:TrackPointExtension>
            <ns3:atemp>13.0</ns3:atemp>
          </ns3:TrackPointExtension>
        </extensions>
      </trkpt>
      <trkpt lat="50.10299736633897" lon="2.7392522245645523">
        <ele>92.80000305175781</ele>
        <time>2024-09-27T07:09:59Z</time>
        <extensions>
          <ns3:TrackPointExtension>
            <ns3:atemp>13.0</ns3:atemp>
          </ns3:TrackPointExtension>
        </extensions>
      </trkpt>
      <trkpt lat="50.10279402136803" lon="2.738953158259392">
        <ele>91.4000015258789</ele>
        <time>2024-09-27T07:10:03Z</time>
        <extensions>
          <ns3:TrackPointExtension>
            <ns3:atemp>13.0</ns3:atemp>
          </ns3:TrackPointExtension>
        </extensions>
      </trkpt>
      <trkpt lat="50.102433767169714" lon="2.7381382696330547">
        <ele>88.4000015258789</ele>
        <time>2024-09-27T07:10:12Z</time>
        <extensions>
          <ns3:TrackPointExtension>
            <ns3:atemp>13.0</ns3:atemp>
          </ns3:TrackPointExtension>
        </extensions>
      </trkpt>
      <trkpt lat="50.10210083797574" lon="2.7375166676938534">
        <ele>87.5999984741211</ele>
        <time>2024-09-27T07:10:20Z</time>
        <extensions>
          <ns3:TrackPointExtension>
            <ns3:atemp>13.0</ns3:atemp>
          </ns3:TrackPointExtension>
        </extensions>
      </trkpt>
      <trkpt lat="50.10132450610399" lon="2.736316379159689">
        <ele>88.19999694824219</ele>
        <time>2024-09-27T07:10:44Z</time>
        <extensions>
          <ns3:TrackPointExtension>
            <ns3:atemp>13.0</ns3:atemp>
          </ns3:TrackPointExtension>
        </extensions>
      </trkpt>
      <trkpt lat="50.10038439184427" lon="2.7351859118789434">
        <ele>86.19999694824219</ele>
        <time>2024-09-27T07:11:05Z</time>
        <extensions>
          <ns3:TrackPointExtension>
            <ns3:atemp>13.0</ns3:atemp>
          </ns3:TrackPointExtension>
        </extensions>
      </trkpt>
      <trkpt lat="50.098900962620974" lon="2.73323024623096">
        <ele>88.4000015258789</ele>
        <time>2024-09-27T07:11:45Z</time>
        <extensions>
          <ns3:TrackPointExtension>
            <ns3:atemp>13.0</ns3:atemp>
          </ns3:TrackPointExtension>
        </extensions>
      </trkpt>
      <trkpt lat="50.09842671453953" lon="2.7327854186296463">
        <ele>89.5999984741211</ele>
        <time>2024-09-27T07:11:58Z</time>
        <extensions>
          <ns3:TrackPointExtension>
            <ns3:atemp>13.0</ns3:atemp>
          </ns3:TrackPointExtension>
        </extensions>
      </trkpt>
      <trkpt lat="50.09773604571819" lon="2.732322486117482">
        <ele>87.19999694824219</ele>
        <time>2024-09-27T07:12:11Z</time>
        <extensions>
          <ns3:TrackPointExtension>
            <ns3:atemp>13.0</ns3:atemp>
          </ns3:TrackPointExtension>
        </extensions>
      </trkpt>
      <trkpt lat="50.097473189234734" lon="2.7320411894470453">
        <ele>85.80000305175781</ele>
        <time>2024-09-27T07:12:16Z</time>
        <extensions>
          <ns3:TrackPointExtension>
            <ns3:atemp>13.0</ns3:atemp>
          </ns3:TrackPointExtension>
        </extensions>
      </trkpt>
      <trkpt lat="50.097228018566966" lon="2.7316388580948114">
        <ele>84.5999984741211</ele>
        <time>2024-09-27T07:12:21Z</time>
        <extensions>
          <ns3:TrackPointExtension>
            <ns3:atemp>13.0</ns3:atemp>
          </ns3:TrackPointExtension>
        </extensions>
      </trkpt>
      <trkpt lat="50.09686407633126" lon="2.730853222310543">
        <ele>84.0</ele>
        <time>2024-09-27T07:12:31Z</time>
        <extensions>
          <ns3:TrackPointExtension>
            <ns3:atemp>13.0</ns3:atemp>
          </ns3:TrackPointExtension>
        </extensions>
      </trkpt>
      <trkpt lat="50.096071399748325" lon="2.7285382244735956">
        <ele>82.80000305175781</ele>
        <time>2024-09-27T07:13:00Z</time>
        <extensions>
          <ns3:TrackPointExtension>
            <ns3:atemp>13.0</ns3:atemp>
          </ns3:TrackPointExtension>
        </extensions>
      </trkpt>
      <trkpt lat="50.095989760011435" lon="2.728448873385787">
        <ele>82.5999984741211</ele>
        <time>2024-09-27T07:13:02Z</time>
        <extensions>
          <ns3:TrackPointExtension>
            <ns3:atemp>13.0</ns3:atemp>
          </ns3:TrackPointExtension>
        </extensions>
      </trkpt>
      <trkpt lat="50.095888590440154" lon="2.728443257510662">
        <ele>82.5999984741211</ele>
        <time>2024-09-27T07:13:04Z</time>
        <extensions>
          <ns3:TrackPointExtension>
            <ns3:atemp>13.0</ns3:atemp>
          </ns3:TrackPointExtension>
        </extensions>
      </trkpt>
      <trkpt lat="50.09575892239809" lon="2.7285756077617407">
        <ele>82.5999984741211</ele>
        <time>2024-09-27T07:13:07Z</time>
        <extensions>
          <ns3:TrackPointExtension>
            <ns3:atemp>13.0</ns3:atemp>
          </ns3:TrackPointExtension>
        </extensions>
      </trkpt>
      <trkpt lat="50.09517839178443" lon="2.729369793087244">
        <ele>82.19999694824219</ele>
        <time>2024-09-27T07:13:20Z</time>
        <extensions>
          <ns3:TrackPointExtension>
            <ns3:atemp>13.0</ns3:atemp>
          </ns3:TrackPointExtension>
        </extensions>
      </trkpt>
      <trkpt lat="50.09466332383454" lon="2.730440916493535">
        <ele>81.19999694824219</ele>
        <time>2024-09-27T07:13:36Z</time>
        <extensions>
          <ns3:TrackPointExtension>
            <ns3:atemp>13.0</ns3:atemp>
          </ns3:TrackPointExtension>
        </extensions>
      </trkpt>
      <trkpt lat="50.09453793056309" lon="2.7305518090724945">
        <ele>81.4000015258789</ele>
        <time>2024-09-27T07:13:39Z</time>
        <extensions>
          <ns3:TrackPointExtension>
            <ns3:atemp>14.0</ns3:atemp>
          </ns3:TrackPointExtension>
        </extensions>
      </trkpt>
      <trkpt lat="50.09381205774844" lon="2.730362545698881">
        <ele>83.4000015258789</ele>
        <time>2024-09-27T07:13:55Z</time>
        <extensions>
          <ns3:TrackPointExtension>
            <ns3:atemp>14.0</ns3:atemp>
          </ns3:TrackPointExtension>
        </extensions>
      </trkpt>
      <trkpt lat="50.09341835975647" lon="2.7301718574017286">
        <ele>85.0</ele>
        <time>2024-09-27T07:14:06Z</time>
        <extensions>
          <ns3:TrackPointExtension>
            <ns3:atemp>14.0</ns3:atemp>
          </ns3:TrackPointExtension>
        </extensions>
      </trkpt>
      <trkpt lat="50.092703215777874" lon="2.729749660938978">
        <ele>89.5999984741211</ele>
        <time>2024-09-27T07:14:30Z</time>
        <extensions>
          <ns3:TrackPointExtension>
            <ns3:atemp>13.0</ns3:atemp>
          </ns3:TrackPointExtension>
        </extensions>
      </trkpt>
      <trkpt lat="50.09260933846235" lon="2.7296479046344757">
        <ele>89.5999984741211</ele>
        <time>2024-09-27T07:14:33Z</time>
        <extensions>
          <ns3:TrackPointExtension>
            <ns3:atemp>13.0</ns3:atemp>
          </ns3:TrackPointExtension>
        </extensions>
      </trkpt>
      <trkpt lat="50.092385206371546" lon="2.729256972670555">
        <ele>89.4000015258789</ele>
        <time>2024-09-27T07:14:42Z</time>
        <extensions>
          <ns3:TrackPointExtension>
            <ns3:atemp>13.0</ns3:atemp>
          </ns3:TrackPointExtension>
        </extensions>
      </trkpt>
      <trkpt lat="50.09228370152414" lon="2.729237275198102">
        <ele>90.0</ele>
        <time>2024-09-27T07:14:45Z</time>
        <extensions>
          <ns3:TrackPointExtension>
            <ns3:atemp>13.0</ns3:atemp>
          </ns3:TrackPointExtension>
        </extensions>
      </trkpt>
      <trkpt lat="50.09221354499459" lon="2.729280525818467">
        <ele>90.0</ele>
        <time>2024-09-27T07:14:47Z</time>
        <extensions>
          <ns3:TrackPointExtension>
            <ns3:atemp>13.0</ns3:atemp>
          </ns3:TrackPointExtension>
        </extensions>
      </trkpt>
      <trkpt lat="50.09166427887976" lon="2.7303271740674973">
        <ele>87.0</ele>
        <time>2024-09-27T07:15:01Z</time>
        <extensions>
          <ns3:TrackPointExtension>
            <ns3:atemp>13.0</ns3:atemp>
          </ns3:TrackPointExtension>
        </extensions>
      </trkpt>
      <trkpt lat="50.09116915985942" lon="2.7313823718577623">
        <ele>81.5999984741211</ele>
        <time>2024-09-27T07:15:12Z</time>
        <extensions>
          <ns3:TrackPointExtension>
            <ns3:atemp>13.0</ns3:atemp>
          </ns3:TrackPointExtension>
        </extensions>
      </trkpt>
      <trkpt lat="50.09089364670217" lon="2.73204630240798">
        <ele>80.80000305175781</ele>
        <time>2024-09-27T07:15:19Z</time>
        <extensions>
          <ns3:TrackPointExtension>
            <ns3:atemp>14.0</ns3:atemp>
          </ns3:TrackPointExtension>
        </extensions>
      </trkpt>
      <trkpt lat="50.09071854874492" lon="2.7323507331311703">
        <ele>80.19999694824219</ele>
        <time>2024-09-27T07:15:23Z</time>
        <extensions>
          <ns3:TrackPointExtension>
            <ns3:atemp>14.0</ns3:atemp>
          </ns3:TrackPointExtension>
        </extensions>
      </trkpt>
      <trkpt lat="50.090281600132585" lon="2.7328793797641993">
        <ele>83.4000015258789</ele>
        <time>2024-09-27T07:15:36Z</time>
        <extensions>
          <ns3:TrackPointExtension>
            <ns3:atemp>14.0</ns3:atemp>
          </ns3:TrackPointExtension>
        </extensions>
      </trkpt>
      <trkpt lat="50.08927887305617" lon="2.733759731054306">
        <ele>96.0</ele>
        <time>2024-09-27T07:16:16Z</time>
        <extensions>
          <ns3:TrackPointExtension>
            <ns3:atemp>13.0</ns3:atemp>
          </ns3:TrackPointExtension>
        </extensions>
      </trkpt>
      <trkpt lat="50.088979387655854" lon="2.734269769862294">
        <ele>100.5999984741211</ele>
        <time>2024-09-27T07:16:38Z</time>
        <extensions>
          <ns3:TrackPointExtension>
            <ns3:atemp>13.0</ns3:atemp>
          </ns3:TrackPointExtension>
        </extensions>
      </trkpt>
      <trkpt lat="50.08841134607792" lon="2.734837392345071">
        <ele>106.0</ele>
        <time>2024-09-27T07:17:09Z</time>
        <extensions>
          <ns3:TrackPointExtension>
            <ns3:atemp>13.0</ns3:atemp>
          </ns3:TrackPointExtension>
        </extensions>
      </trkpt>
      <trkpt lat="50.08805067278445" lon="2.7353499457240105">
        <ele>110.0</ele>
        <time>2024-09-27T07:17:34Z</time>
        <extensions>
          <ns3:TrackPointExtension>
            <ns3:atemp>14.0</ns3:atemp>
          </ns3:TrackPointExtension>
        </extensions>
      </trkpt>
      <trkpt lat="50.08779829367995" lon="2.735828971490264">
        <ele>111.80000305175781</ele>
        <time>2024-09-27T07:17:51Z</time>
        <extensions>
          <ns3:TrackPointExtension>
            <ns3:atemp>14.0</ns3:atemp>
          </ns3:TrackPointExtension>
        </extensions>
      </trkpt>
      <trkpt lat="50.08687385357916" lon="2.7380469907075167">
        <ele>118.0</ele>
        <time>2024-09-27T07:18:43Z</time>
        <extensions>
          <ns3:TrackPointExtension>
            <ns3:atemp>14.0</ns3:atemp>
          </ns3:TrackPointExtension>
        </extensions>
      </trkpt>
      <trkpt lat="50.08647772483528" lon="2.7387636434286833">
        <ele>120.5999984741211</ele>
        <time>2024-09-27T07:19:06Z</time>
        <extensions>
          <ns3:TrackPointExtension>
            <ns3:atemp>14.0</ns3:atemp>
          </ns3:TrackPointExtension>
        </extensions>
      </trkpt>
      <trkpt lat="50.086165415123105" lon="2.739140661433339">
        <ele>122.0</ele>
        <time>2024-09-27T07:19:18Z</time>
        <extensions>
          <ns3:TrackPointExtension>
            <ns3:atemp>14.0</ns3:atemp>
          </ns3:TrackPointExtension>
        </extensions>
      </trkpt>
      <trkpt lat="50.085181379690766" lon="2.7401262056082487">
        <ele>126.80000305175781</ele>
        <time>2024-09-27T07:19:55Z</time>
        <extensions>
          <ns3:TrackPointExtension>
            <ns3:atemp>14.0</ns3:atemp>
          </ns3:TrackPointExtension>
        </extensions>
      </trkpt>
      <trkpt lat="50.08444779552519" lon="2.7408027090132236">
        <ele>131.1999969482422</ele>
        <time>2024-09-27T07:20:25Z</time>
        <extensions>
          <ns3:TrackPointExtension>
            <ns3:atemp>14.0</ns3:atemp>
          </ns3:TrackPointExtension>
        </extensions>
      </trkpt>
      <trkpt lat="50.08378981612623" lon="2.7415010891854763">
        <ele>131.1999969482422</ele>
        <time>2024-09-27T07:20:44Z</time>
        <extensions>
          <ns3:TrackPointExtension>
            <ns3:atemp>14.0</ns3:atemp>
          </ns3:TrackPointExtension>
        </extensions>
      </trkpt>
      <trkpt lat="50.08329989388585" lon="2.7418646961450577">
        <ele>129.60000610351562</ele>
        <time>2024-09-27T07:20:54Z</time>
        <extensions>
          <ns3:TrackPointExtension>
            <ns3:atemp>14.0</ns3:atemp>
          </ns3:TrackPointExtension>
        </extensions>
      </trkpt>
      <trkpt lat="50.08281173184514" lon="2.742090253159404">
        <ele>127.80000305175781</ele>
        <time>2024-09-27T07:21:03Z</time>
        <extensions>
          <ns3:TrackPointExtension>
            <ns3:atemp>14.0</ns3:atemp>
          </ns3:TrackPointExtension>
        </extensions>
      </trkpt>
      <trkpt lat="50.08149082772434" lon="2.7421905007213354">
        <ele>125.19999694824219</ele>
        <time>2024-09-27T07:21:31Z</time>
        <extensions>
          <ns3:TrackPointExtension>
            <ns3:atemp>14.0</ns3:atemp>
          </ns3:TrackPointExtension>
        </extensions>
      </trkpt>
      <trkpt lat="50.08101213723421" lon="2.7422844618558884">
        <ele>124.4000015258789</ele>
        <time>2024-09-27T07:21:42Z</time>
        <extensions>
          <ns3:TrackPointExtension>
            <ns3:atemp>14.0</ns3:atemp>
          </ns3:TrackPointExtension>
        </extensions>
      </trkpt>
      <trkpt lat="50.07987295277417" lon="2.7428618911653757">
        <ele>126.4000015258789</ele>
        <time>2024-09-27T07:22:16Z</time>
        <extensions>
          <ns3:TrackPointExtension>
            <ns3:atemp>14.0</ns3:atemp>
          </ns3:TrackPointExtension>
        </extensions>
      </trkpt>
      <trkpt lat="50.07952820509672" lon="2.743116281926632">
        <ele>127.4000015258789</ele>
        <time>2024-09-27T07:22:27Z</time>
        <extensions>
          <ns3:TrackPointExtension>
            <ns3:atemp>14.0</ns3:atemp>
          </ns3:TrackPointExtension>
        </extensions>
      </trkpt>
      <trkpt lat="50.0790146458894" lon="2.7436508797109127">
        <ele>126.4000015258789</ele>
        <time>2024-09-27T07:22:41Z</time>
        <extensions>
          <ns3:TrackPointExtension>
            <ns3:atemp>14.0</ns3:atemp>
          </ns3:TrackPointExtension>
        </extensions>
      </trkpt>
      <trkpt lat="50.07880099117756" lon="2.7437387220561504">
        <ele>126.0</ele>
        <time>2024-09-27T07:22:45Z</time>
        <extensions>
          <ns3:TrackPointExtension>
            <ns3:atemp>14.0</ns3:atemp>
          </ns3:TrackPointExtension>
        </extensions>
      </trkpt>
      <trkpt lat="50.07819866761565" lon="2.7437642868608236">
        <ele>124.4000015258789</ele>
        <time>2024-09-27T07:22:57Z</time>
        <extensions>
          <ns3:TrackPointExtension>
            <ns3:atemp>14.0</ns3:atemp>
          </ns3:TrackPointExtension>
        </extensions>
      </trkpt>
      <trkpt lat="50.07667735219002" lon="2.743505872786045">
        <ele>126.0</ele>
        <time>2024-09-27T07:23:47Z</time>
        <extensions>
          <ns3:TrackPointExtension>
            <ns3:atemp>14.0</ns3:atemp>
          </ns3:TrackPointExtension>
        </extensions>
      </trkpt>
      <trkpt lat="50.07582122460008" lon="2.7434604428708553">
        <ele>128.8000030517578</ele>
        <time>2024-09-27T07:24:18Z</time>
        <extensions>
          <ns3:TrackPointExtension>
            <ns3:atemp>14.0</ns3:atemp>
          </ns3:TrackPointExtension>
        </extensions>
      </trkpt>
      <trkpt lat="50.07464968599379" lon="2.743331780657172">
        <ele>130.60000610351562</ele>
        <time>2024-09-27T07:24:55Z</time>
        <extensions>
          <ns3:TrackPointExtension>
            <ns3:atemp>13.0</ns3:atemp>
          </ns3:TrackPointExtension>
        </extensions>
      </trkpt>
      <trkpt lat="50.07436134852469" lon="2.743375450372696">
        <ele>130.1999969482422</ele>
        <time>2024-09-27T07:25:02Z</time>
        <extensions>
          <ns3:TrackPointExtension>
            <ns3:atemp>14.0</ns3:atemp>
          </ns3:TrackPointExtension>
        </extensions>
      </trkpt>
      <trkpt lat="50.0728686992079" lon="2.743834275752306">
        <ele>126.80000305175781</ele>
        <time>2024-09-27T07:25:29Z</time>
        <extensions>
          <ns3:TrackPointExtension>
            <ns3:atemp>14.0</ns3:atemp>
          </ns3:TrackPointExtension>
        </extensions>
      </trkpt>
      <trkpt lat="50.07197787053883" lon="2.743862522765994">
        <ele>125.19999694824219</ele>
        <time>2024-09-27T07:25:47Z</time>
        <extensions>
          <ns3:TrackPointExtension>
            <ns3:atemp>14.0</ns3:atemp>
          </ns3:TrackPointExtension>
        </extensions>
      </trkpt>
      <trkpt lat="50.0717409979552" lon="2.743982970714569">
        <ele>126.0</ele>
        <time>2024-09-27T07:25:54Z</time>
        <extensions>
          <ns3:TrackPointExtension>
            <ns3:atemp>14.0</ns3:atemp>
          </ns3:TrackPointExtension>
        </extensions>
      </trkpt>
      <trkpt lat="50.07003008387983" lon="2.745178146287799">
        <ele>128.60000610351562</ele>
        <time>2024-09-27T07:26:52Z</time>
        <extensions>
          <ns3:TrackPointExtension>
            <ns3:atemp>14.0</ns3:atemp>
          </ns3:TrackPointExtension>
        </extensions>
      </trkpt>
      <trkpt lat="50.06860692054033" lon="2.746056569740176">
        <ele>127.5999984741211</ele>
        <time>2024-09-27T07:27:25Z</time>
        <extensions>
          <ns3:TrackPointExtension>
            <ns3:atemp>14.0</ns3:atemp>
          </ns3:TrackPointExtension>
        </extensions>
      </trkpt>
      <trkpt lat="50.06839234381914" lon="2.7462199330329895">
        <ele>127.4000015258789</ele>
        <time>2024-09-27T07:27:31Z</time>
        <extensions>
          <ns3:TrackPointExtension>
            <ns3:atemp>14.0</ns3:atemp>
          </ns3:TrackPointExtension>
        </extensions>
      </trkpt>
      <trkpt lat="50.067719193175435" lon="2.7469155471771955">
        <ele>128.1999969482422</ele>
        <time>2024-09-27T07:27:49Z</time>
        <extensions>
          <ns3:TrackPointExtension>
            <ns3:atemp>14.0</ns3:atemp>
          </ns3:TrackPointExtension>
        </extensions>
      </trkpt>
      <trkpt lat="50.0673601962626" lon="2.747139846906066">
        <ele>129.60000610351562</ele>
        <time>2024-09-27T07:27:58Z</time>
        <extensions>
          <ns3:TrackPointExtension>
            <ns3:atemp>14.0</ns3:atemp>
          </ns3:TrackPointExtension>
        </extensions>
      </trkpt>
      <trkpt lat="50.066417902708054" lon="2.747487025335431">
        <ele>129.60000610351562</ele>
        <time>2024-09-27T07:28:20Z</time>
        <extensions>
          <ns3:TrackPointExtension>
            <ns3:atemp>13.0</ns3:atemp>
          </ns3:TrackPointExtension>
        </extensions>
      </trkpt>
      <trkpt lat="50.06603258661926" lon="2.7475757896900177">
        <ele>130.0</ele>
        <time>2024-09-27T07:28:30Z</time>
        <extensions>
          <ns3:TrackPointExtension>
            <ns3:atemp>13.0</ns3:atemp>
          </ns3:TrackPointExtension>
        </extensions>
      </trkpt>
      <trkpt lat="50.06538047455251" lon="2.747608060017228">
        <ele>130.0</ele>
        <time>2024-09-27T07:28:47Z</time>
        <extensions>
          <ns3:TrackPointExtension>
            <ns3:atemp>13.0</ns3:atemp>
          </ns3:TrackPointExtension>
        </extensions>
      </trkpt>
      <trkpt lat="50.06450238637626" lon="2.7475405856966972">
        <ele>129.1999969482422</ele>
        <time>2024-09-27T07:29:06Z</time>
        <extensions>
          <ns3:TrackPointExtension>
            <ns3:atemp>13.0</ns3:atemp>
          </ns3:TrackPointExtension>
        </extensions>
      </trkpt>
      <trkpt lat="50.06409561261535" lon="2.747550392523408">
        <ele>129.0</ele>
        <time>2024-09-27T07:29:14Z</time>
        <extensions>
          <ns3:TrackPointExtension>
            <ns3:atemp>13.0</ns3:atemp>
          </ns3:TrackPointExtension>
        </extensions>
      </trkpt>
      <trkpt lat="50.063629914075136" lon="2.7476211357861757">
        <ele>128.0</ele>
        <time>2024-09-27T07:29:22Z</time>
        <extensions>
          <ns3:TrackPointExtension>
            <ns3:atemp>13.0</ns3:atemp>
          </ns3:TrackPointExtension>
        </extensions>
      </trkpt>
      <trkpt lat="50.062876883894205" lon="2.7478336170315742">
        <ele>126.4000015258789</ele>
        <time>2024-09-27T07:29:34Z</time>
        <extensions>
          <ns3:TrackPointExtension>
            <ns3:atemp>13.0</ns3:atemp>
          </ns3:TrackPointExtension>
        </extensions>
      </trkpt>
      <trkpt lat="50.06259164772928" lon="2.7480939589440823">
        <ele>125.4000015258789</ele>
        <time>2024-09-27T07:29:38Z</time>
        <extensions>
          <ns3:TrackPointExtension>
            <ns3:atemp>13.0</ns3:atemp>
          </ns3:TrackPointExtension>
        </extensions>
      </trkpt>
      <trkpt lat="50.06177382543683" lon="2.749054776504636">
        <ele>119.19999694824219</ele>
        <time>2024-09-27T07:29:49Z</time>
        <extensions>
          <ns3:TrackPointExtension>
            <ns3:atemp>13.0</ns3:atemp>
          </ns3:TrackPointExtension>
        </extensions>
      </trkpt>
      <trkpt lat="50.06108391098678" lon="2.7496677450835705">
        <ele>117.80000305175781</ele>
        <time>2024-09-27T07:30:00Z</time>
        <extensions>
          <ns3:TrackPointExtension>
            <ns3:atemp>13.0</ns3:atemp>
          </ns3:TrackPointExtension>
        </extensions>
      </trkpt>
      <trkpt lat="50.06061284802854" lon="2.7501686476171017">
        <ele>119.5999984741211</ele>
        <time>2024-09-27T07:30:13Z</time>
        <extensions>
          <ns3:TrackPointExtension>
            <ns3:atemp>14.0</ns3:atemp>
          </ns3:TrackPointExtension>
        </extensions>
      </trkpt>
      <trkpt lat="50.06044286303222" lon="2.750419434159994">
        <ele>121.0</ele>
        <time>2024-09-27T07:30:21Z</time>
        <extensions>
          <ns3:TrackPointExtension>
            <ns3:atemp>14.0</ns3:atemp>
          </ns3:TrackPointExtension>
        </extensions>
      </trkpt>
      <trkpt lat="50.060142539441586" lon="2.751080598682165">
        <ele>125.5999984741211</ele>
        <time>2024-09-27T07:30:40Z</time>
        <extensions>
          <ns3:TrackPointExtension>
            <ns3:atemp>14.0</ns3:atemp>
          </ns3:TrackPointExtension>
        </extensions>
      </trkpt>
      <trkpt lat="50.059690587222576" lon="2.7517857681959867">
        <ele>127.80000305175781</ele>
        <time>2024-09-27T07:31:01Z</time>
        <extensions>
          <ns3:TrackPointExtension>
            <ns3:atemp>14.0</ns3:atemp>
          </ns3:TrackPointExtension>
        </extensions>
      </trkpt>
      <trkpt lat="50.059271324425936" lon="2.7522285003215075">
        <ele>129.60000610351562</ele>
        <time>2024-09-27T07:31:15Z</time>
        <extensions>
          <ns3:TrackPointExtension>
            <ns3:atemp>14.0</ns3:atemp>
          </ns3:TrackPointExtension>
        </extensions>
      </trkpt>
      <trkpt lat="50.05893814377487" lon="2.7523777820169926">
        <ele>130.8000030517578</ele>
        <time>2024-09-27T07:31:25Z</time>
        <extensions>
          <ns3:TrackPointExtension>
            <ns3:atemp>14.0</ns3:atemp>
          </ns3:TrackPointExtension>
        </extensions>
      </trkpt>
      <trkpt lat="50.05840664729476" lon="2.7525382954627275">
        <ele>132.60000610351562</ele>
        <time>2024-09-27T07:31:42Z</time>
        <extensions>
          <ns3:TrackPointExtension>
            <ns3:atemp>14.0</ns3:atemp>
          </ns3:TrackPointExtension>
        </extensions>
      </trkpt>
      <trkpt lat="50.05699697881937" lon="2.7528572268784046">
        <ele>138.1999969482422</ele>
        <time>2024-09-27T07:32:23Z</time>
        <extensions>
          <ns3:TrackPointExtension>
            <ns3:atemp>14.0</ns3:atemp>
          </ns3:TrackPointExtension>
        </extensions>
      </trkpt>
      <trkpt lat="50.055818567052484" lon="2.752990499138832">
        <ele>139.8000030517578</ele>
        <time>2024-09-27T07:32:44Z</time>
        <extensions>
          <ns3:TrackPointExtension>
            <ns3:atemp>14.0</ns3:atemp>
          </ns3:TrackPointExtension>
        </extensions>
      </trkpt>
      <trkpt lat="50.05539134144783" lon="2.7532619051635265">
        <ele>140.39999389648438</ele>
        <time>2024-09-27T07:32:55Z</time>
        <extensions>
          <ns3:TrackPointExtension>
            <ns3:atemp>14.0</ns3:atemp>
          </ns3:TrackPointExtension>
        </extensions>
      </trkpt>
      <trkpt lat="50.05508305504918" lon="2.7536164596676826">
        <ele>142.60000610351562</ele>
        <time>2024-09-27T07:33:06Z</time>
        <extensions>
          <ns3:TrackPointExtension>
            <ns3:atemp>14.0</ns3:atemp>
          </ns3:TrackPointExtension>
        </extensions>
      </trkpt>
      <trkpt lat="50.05485632456839" lon="2.7538130152970552">
        <ele>143.60000610351562</ele>
        <time>2024-09-27T07:33:14Z</time>
        <extensions>
          <ns3:TrackPointExtension>
            <ns3:atemp>14.0</ns3:atemp>
          </ns3:TrackPointExtension>
        </extensions>
      </trkpt>
      <trkpt lat="50.05462766624987" lon="2.754116104915738">
        <ele>143.8000030517578</ele>
        <time>2024-09-27T07:33:26Z</time>
        <extensions>
          <ns3:TrackPointExtension>
            <ns3:atemp>14.0</ns3:atemp>
          </ns3:TrackPointExtension>
        </extensions>
      </trkpt>
      <trkpt lat="50.054237907752395" lon="2.754405867308378">
        <ele>143.39999389648438</ele>
        <time>2024-09-27T07:33:36Z</time>
        <extensions>
          <ns3:TrackPointExtension>
            <ns3:atemp>14.0</ns3:atemp>
          </ns3:TrackPointExtension>
        </extensions>
      </trkpt>
      <trkpt lat="50.05398460663855" lon="2.754481974989176">
        <ele>144.1999969482422</ele>
        <time>2024-09-27T07:33:43Z</time>
        <extensions>
          <ns3:TrackPointExtension>
            <ns3:atemp>14.0</ns3:atemp>
          </ns3:TrackPointExtension>
        </extensions>
      </trkpt>
      <trkpt lat="50.05332360975444" lon="2.7544157579541206">
        <ele>145.8000030517578</ele>
        <time>2024-09-27T07:34:03Z</time>
        <extensions>
          <ns3:TrackPointExtension>
            <ns3:atemp>14.0</ns3:atemp>
          </ns3:TrackPointExtension>
        </extensions>
      </trkpt>
      <trkpt lat="50.05274676717818" lon="2.7546092122793198">
        <ele>146.39999389648438</ele>
        <time>2024-09-27T07:34:21Z</time>
        <extensions>
          <ns3:TrackPointExtension>
            <ns3:atemp>14.0</ns3:atemp>
          </ns3:TrackPointExtension>
        </extensions>
      </trkpt>
      <trkpt lat="50.05249857902527" lon="2.7547801192849874">
        <ele>146.60000610351562</ele>
        <time>2024-09-27T07:34:29Z</time>
        <extensions>
          <ns3:TrackPointExtension>
            <ns3:atemp>14.0</ns3:atemp>
          </ns3:TrackPointExtension>
        </extensions>
      </trkpt>
      <trkpt lat="50.05220948718488" lon="2.7551651000976562">
        <ele>145.8000030517578</ele>
        <time>2024-09-27T07:34:37Z</time>
        <extensions>
          <ns3:TrackPointExtension>
            <ns3:atemp>14.0</ns3:atemp>
          </ns3:TrackPointExtension>
        </extensions>
      </trkpt>
      <trkpt lat="50.05134254693985" lon="2.7567138243466616">
        <ele>142.60000610351562</ele>
        <time>2024-09-27T07:34:59Z</time>
        <extensions>
          <ns3:TrackPointExtension>
            <ns3:atemp>14.0</ns3:atemp>
          </ns3:TrackPointExtension>
        </extensions>
      </trkpt>
      <trkpt lat="50.05110718309879" lon="2.757441708818078">
        <ele>141.60000610351562</ele>
        <time>2024-09-27T07:35:07Z</time>
        <extensions>
          <ns3:TrackPointExtension>
            <ns3:atemp>13.0</ns3:atemp>
          </ns3:TrackPointExtension>
        </extensions>
      </trkpt>
      <trkpt lat="50.05073133856058" lon="2.7590057719498873">
        <ele>138.60000610351562</ele>
        <time>2024-09-27T07:35:21Z</time>
        <extensions>
          <ns3:TrackPointExtension>
            <ns3:atemp>13.0</ns3:atemp>
          </ns3:TrackPointExtension>
        </extensions>
      </trkpt>
      <trkpt lat="50.05048700608313" lon="2.759639611467719">
        <ele>136.39999389648438</ele>
        <time>2024-09-27T07:35:27Z</time>
        <extensions>
          <ns3:TrackPointExtension>
            <ns3:atemp>13.0</ns3:atemp>
          </ns3:TrackPointExtension>
        </extensions>
      </trkpt>
      <trkpt lat="50.05033009685576" lon="2.7599492389708757">
        <ele>134.60000610351562</ele>
        <time>2024-09-27T07:35:30Z</time>
        <extensions>
          <ns3:TrackPointExtension>
            <ns3:atemp>13.0</ns3:atemp>
          </ns3:TrackPointExtension>
        </extensions>
      </trkpt>
      <trkpt lat="50.050102109089494" lon="2.7602700982242823">
        <ele>133.1999969482422</ele>
        <time>2024-09-27T07:35:34Z</time>
        <extensions>
          <ns3:TrackPointExtension>
            <ns3:atemp>13.0</ns3:atemp>
          </ns3:TrackPointExtension>
        </extensions>
      </trkpt>
      <trkpt lat="50.04991862922907" lon="2.760448968037963">
        <ele>132.39999389648438</ele>
        <time>2024-09-27T07:35:37Z</time>
        <extensions>
          <ns3:TrackPointExtension>
            <ns3:atemp>13.0</ns3:atemp>
          </ns3:TrackPointExtension>
        </extensions>
      </trkpt>
      <trkpt lat="50.04974629729986" lon="2.7605358883738518">
        <ele>132.39999389648438</ele>
        <time>2024-09-27T07:35:40Z</time>
        <extensions>
          <ns3:TrackPointExtension>
            <ns3:atemp>13.0</ns3:atemp>
          </ns3:TrackPointExtension>
        </extensions>
      </trkpt>
      <trkpt lat="50.048971977084875" lon="2.760639823973179">
        <ele>138.39999389648438</ele>
        <time>2024-09-27T07:36:03Z</time>
        <extensions>
          <ns3:TrackPointExtension>
            <ns3:atemp>13.0</ns3:atemp>
          </ns3:TrackPointExtension>
        </extensions>
      </trkpt>
      <trkpt lat="50.048712557181716" lon="2.760093742981553">
        <ele>140.60000610351562</ele>
        <time>2024-09-27T07:36:18Z</time>
        <extensions>
          <ns3:TrackPointExtension>
            <ns3:atemp>13.0</ns3:atemp>
          </ns3:TrackPointExtension>
        </extensions>
      </trkpt>
      <trkpt lat="50.048494124785066" lon="2.759525366127491">
        <ele>142.39999389648438</ele>
        <time>2024-09-27T07:36:33Z</time>
        <extensions>
          <ns3:TrackPointExtension>
            <ns3:atemp>13.0</ns3:atemp>
          </ns3:TrackPointExtension>
        </extensions>
      </trkpt>
      <trkpt lat="50.04822858609259" lon="2.7590813767164946">
        <ele>144.0</ele>
        <time>2024-09-27T07:36:46Z</time>
        <extensions>
          <ns3:TrackPointExtension>
            <ns3:atemp>13.0</ns3:atemp>
          </ns3:TrackPointExtension>
        </extensions>
      </trkpt>
      <trkpt lat="50.04808341152966" lon="2.7587494533509016">
        <ele>144.60000610351562</ele>
        <time>2024-09-27T07:36:54Z</time>
        <extensions>
          <ns3:TrackPointExtension>
            <ns3:atemp>13.0</ns3:atemp>
          </ns3:TrackPointExtension>
        </extensions>
      </trkpt>
      <trkpt lat="50.04788224585354" lon="2.7585002593696117">
        <ele>144.8000030517578</ele>
        <time>2024-09-27T07:37:02Z</time>
        <extensions>
          <ns3:TrackPointExtension>
            <ns3:atemp>13.0</ns3:atemp>
          </ns3:TrackPointExtension>
        </extensions>
      </trkpt>
      <trkpt lat="50.04765450954437" lon="2.7585280872881413">
        <ele>145.1999969482422</ele>
        <time>2024-09-27T07:37:09Z</time>
        <extensions>
          <ns3:TrackPointExtension>
            <ns3:atemp>13.0</ns3:atemp>
          </ns3:TrackPointExtension>
        </extensions>
      </trkpt>
      <trkpt lat="50.04710013046861" lon="2.758859759196639">
        <ele>145.60000610351562</ele>
        <time>2024-09-27T07:37:26Z</time>
        <extensions>
          <ns3:TrackPointExtension>
            <ns3:atemp>13.0</ns3:atemp>
          </ns3:TrackPointExtension>
        </extensions>
      </trkpt>
      <trkpt lat="50.04647157154977" lon="2.758844755589962">
        <ele>146.39999389648438</ele>
        <time>2024-09-27T07:37:46Z</time>
        <extensions>
          <ns3:TrackPointExtension>
            <ns3:atemp>13.0</ns3:atemp>
          </ns3:TrackPointExtension>
        </extensions>
      </trkpt>
      <trkpt lat="50.044597294181585" lon="2.7583422604948282">
        <ele>146.8000030517578</ele>
        <time>2024-09-27T07:38:41Z</time>
        <extensions>
          <ns3:TrackPointExtension>
            <ns3:atemp>13.0</ns3:atemp>
          </ns3:TrackPointExtension>
        </extensions>
      </trkpt>
      <trkpt lat="50.043536899611354" lon="2.757609346881509">
        <ele>146.39999389648438</ele>
        <time>2024-09-27T07:39:13Z</time>
        <extensions>
          <ns3:TrackPointExtension>
            <ns3:atemp>13.0</ns3:atemp>
          </ns3:TrackPointExtension>
        </extensions>
      </trkpt>
      <trkpt lat="50.043375715613365" lon="2.757538016885519">
        <ele>146.8000030517578</ele>
        <time>2024-09-27T07:39:19Z</time>
        <extensions>
          <ns3:TrackPointExtension>
            <ns3:atemp>13.0</ns3:atemp>
          </ns3:TrackPointExtension>
        </extensions>
      </trkpt>
      <trkpt lat="50.04313959740102" lon="2.757504405453801">
        <ele>147.0</ele>
        <time>2024-09-27T07:39:27Z</time>
        <extensions>
          <ns3:TrackPointExtension>
            <ns3:atemp>13.0</ns3:atemp>
          </ns3:TrackPointExtension>
        </extensions>
      </trkpt>
      <trkpt lat="50.04276568070054" lon="2.7575918287038803">
        <ele>147.0</ele>
        <time>2024-09-27T07:39:39Z</time>
        <extensions>
          <ns3:TrackPointExtension>
            <ns3:atemp>13.0</ns3:atemp>
          </ns3:TrackPointExtension>
        </extensions>
      </trkpt>
      <trkpt lat="50.042573316022754" lon="2.7577137015759945">
        <ele>147.1999969482422</ele>
        <time>2024-09-27T07:39:46Z</time>
        <extensions>
          <ns3:TrackPointExtension>
            <ns3:atemp>13.0</ns3:atemp>
          </ns3:TrackPointExtension>
        </extensions>
      </trkpt>
      <trkpt lat="50.04236158914864" lon="2.7579475566744804">
        <ele>148.1999969482422</ele>
        <time>2024-09-27T07:39:56Z</time>
        <extensions>
          <ns3:TrackPointExtension>
            <ns3:atemp>13.0</ns3:atemp>
          </ns3:TrackPointExtension>
        </extensions>
      </trkpt>
      <trkpt lat="50.04183327779174" lon="2.7588489465415478">
        <ele>150.8000030517578</ele>
        <time>2024-09-27T07:40:20Z</time>
        <extensions>
          <ns3:TrackPointExtension>
            <ns3:atemp>13.0</ns3:atemp>
          </ns3:TrackPointExtension>
        </extensions>
      </trkpt>
      <trkpt lat="50.041516944766045" lon="2.7591829653829336">
        <ele>150.39999389648438</ele>
        <time>2024-09-27T07:40:29Z</time>
        <extensions>
          <ns3:TrackPointExtension>
            <ns3:atemp>13.0</ns3:atemp>
          </ns3:TrackPointExtension>
        </extensions>
      </trkpt>
      <trkpt lat="50.03985146060586" lon="2.7605430129915476">
        <ele>151.60000610351562</ele>
        <time>2024-09-27T07:41:18Z</time>
        <extensions>
          <ns3:TrackPointExtension>
            <ns3:atemp>14.0</ns3:atemp>
          </ns3:TrackPointExtension>
        </extensions>
      </trkpt>
      <trkpt lat="50.03947729244828" lon="2.7607311867177486">
        <ele>151.39999389648438</ele>
        <time>2024-09-27T07:41:29Z</time>
        <extensions>
          <ns3:TrackPointExtension>
            <ns3:atemp>14.0</ns3:atemp>
          </ns3:TrackPointExtension>
        </extensions>
      </trkpt>
      <trkpt lat="50.03787358291447" lon="2.7610955480486155">
        <ele>153.60000610351562</ele>
        <time>2024-09-27T07:42:19Z</time>
        <extensions>
          <ns3:TrackPointExtension>
            <ns3:atemp>13.0</ns3:atemp>
          </ns3:TrackPointExtension>
        </extensions>
      </trkpt>
      <trkpt lat="50.03640842624009" lon="2.761247344315052">
        <ele>152.1999969482422</ele>
        <time>2024-09-27T07:42:51Z</time>
        <extensions>
          <ns3:TrackPointExtension>
            <ns3:atemp>14.0</ns3:atemp>
          </ns3:TrackPointExtension>
        </extensions>
      </trkpt>
      <trkpt lat="50.034627774730325" lon="2.7613485977053642">
        <ele>149.0</ele>
        <time>2024-09-27T07:43:18Z</time>
        <extensions>
          <ns3:TrackPointExtension>
            <ns3:atemp>14.0</ns3:atemp>
          </ns3:TrackPointExtension>
        </extensions>
      </trkpt>
      <trkpt lat="50.03164742141962" lon="2.761594271287322">
        <ele>145.1999969482422</ele>
        <time>2024-09-27T07:44:13Z</time>
        <extensions>
          <ns3:TrackPointExtension>
            <ns3:atemp>14.0</ns3:atemp>
          </ns3:TrackPointExtension>
        </extensions>
      </trkpt>
      <trkpt lat="50.03122195601463" lon="2.7616852149367332">
        <ele>144.60000610351562</ele>
        <time>2024-09-27T07:44:20Z</time>
        <extensions>
          <ns3:TrackPointExtension>
            <ns3:atemp>14.0</ns3:atemp>
          </ns3:TrackPointExtension>
        </extensions>
      </trkpt>
      <trkpt lat="50.031037302687764" lon="2.76177448220551">
        <ele>144.1999969482422</ele>
        <time>2024-09-27T07:44:24Z</time>
        <extensions>
          <ns3:TrackPointExtension>
            <ns3:atemp>13.0</ns3:atemp>
          </ns3:TrackPointExtension>
        </extensions>
      </trkpt>
      <trkpt lat="50.030876034870744" lon="2.7616579737514257">
        <ele>143.1999969482422</ele>
        <time>2024-09-27T07:44:30Z</time>
        <extensions>
          <ns3:TrackPointExtension>
            <ns3:atemp>13.0</ns3:atemp>
          </ns3:TrackPointExtension>
        </extensions>
      </trkpt>
      <trkpt lat="50.03094535320997" lon="2.7618844527751207">
        <ele>143.39999389648438</ele>
        <time>2024-09-27T07:57:54Z</time>
        <extensions>
          <ns3:TrackPointExtension>
            <ns3:atemp>14.0</ns3:atemp>
          </ns3:TrackPointExtension>
        </extensions>
      </trkpt>
      <trkpt lat="50.03068492747843" lon="2.762772012501955">
        <ele>141.39999389648438</ele>
        <time>2024-09-27T07:58:05Z</time>
        <extensions>
          <ns3:TrackPointExtension>
            <ns3:atemp>14.0</ns3:atemp>
          </ns3:TrackPointExtension>
        </extensions>
      </trkpt>
      <trkpt lat="50.03017254173756" lon="2.7640759013593197">
        <ele>137.60000610351562</ele>
        <time>2024-09-27T07:58:17Z</time>
        <extensions>
          <ns3:TrackPointExtension>
            <ns3:atemp>14.0</ns3:atemp>
          </ns3:TrackPointExtension>
        </extensions>
      </trkpt>
      <trkpt lat="50.029809856787324" lon="2.764905793592334">
        <ele>134.39999389648438</ele>
        <time>2024-09-27T07:58:24Z</time>
        <extensions>
          <ns3:TrackPointExtension>
            <ns3:atemp>14.0</ns3:atemp>
          </ns3:TrackPointExtension>
        </extensions>
      </trkpt>
      <trkpt lat="50.02786626107991" lon="2.7683563716709614">
        <ele>117.0</ele>
        <time>2024-09-27T07:58:53Z</time>
        <extensions>
          <ns3:TrackPointExtension>
            <ns3:atemp>14.0</ns3:atemp>
          </ns3:TrackPointExtension>
        </extensions>
      </trkpt>
      <trkpt lat="50.027686301618814" lon="2.7685816772282124">
        <ele>116.4000015258789</ele>
        <time>2024-09-27T07:58:57Z</time>
        <extensions>
          <ns3:TrackPointExtension>
            <ns3:atemp>14.0</ns3:atemp>
          </ns3:TrackPointExtension>
        </extensions>
      </trkpt>
      <trkpt lat="50.02765176817775" lon="2.7685624826699495">
        <ele>116.19999694824219</ele>
        <time>2024-09-27T07:58:58Z</time>
        <extensions>
          <ns3:TrackPointExtension>
            <ns3:atemp>14.0</ns3:atemp>
          </ns3:TrackPointExtension>
        </extensions>
      </trkpt>
      <trkpt lat="50.027600806206465" lon="2.768318736925721">
        <ele>115.5999984741211</ele>
        <time>2024-09-27T07:59:02Z</time>
        <extensions>
          <ns3:TrackPointExtension>
            <ns3:atemp>14.0</ns3:atemp>
          </ns3:TrackPointExtension>
        </extensions>
      </trkpt>
      <trkpt lat="50.027366783469915" lon="2.766585862264037">
        <ele>116.19999694824219</ele>
        <time>2024-09-27T07:59:24Z</time>
        <extensions>
          <ns3:TrackPointExtension>
            <ns3:atemp>14.0</ns3:atemp>
          </ns3:TrackPointExtension>
        </extensions>
      </trkpt>
      <trkpt lat="50.02687929198146" lon="2.7625736966729164">
        <ele>116.5999984741211</ele>
        <time>2024-09-27T08:00:12Z</time>
        <extensions>
          <ns3:TrackPointExtension>
            <ns3:atemp>14.0</ns3:atemp>
          </ns3:TrackPointExtension>
        </extensions>
      </trkpt>
      <trkpt lat="50.026406636461616" lon="2.759061846882105">
        <ele>122.19999694824219</ele>
        <time>2024-09-27T08:01:14Z</time>
        <extensions>
          <ns3:TrackPointExtension>
            <ns3:atemp>13.0</ns3:atemp>
          </ns3:TrackPointExtension>
        </extensions>
      </trkpt>
      <trkpt lat="50.02619876526296" lon="2.7573153097182512">
        <ele>125.4000015258789</ele>
        <time>2024-09-27T08:01:44Z</time>
        <extensions>
          <ns3:TrackPointExtension>
            <ns3:atemp>13.0</ns3:atemp>
          </ns3:TrackPointExtension>
        </extensions>
      </trkpt>
      <trkpt lat="50.024993028491735" lon="2.748281294479966">
        <ele>136.39999389648438</ele>
        <time>2024-09-27T08:03:50Z</time>
        <extensions>
          <ns3:TrackPointExtension>
            <ns3:atemp>13.0</ns3:atemp>
          </ns3:TrackPointExtension>
        </extensions>
      </trkpt>
      <trkpt lat="50.024890853092074" lon="2.7472509909421206">
        <ele>136.8000030517578</ele>
        <time>2024-09-27T08:04:01Z</time>
        <extensions>
          <ns3:TrackPointExtension>
            <ns3:atemp>13.0</ns3:atemp>
          </ns3:TrackPointExtension>
        </extensions>
      </trkpt>
      <trkpt lat="50.024913400411606" lon="2.7458070404827595">
        <ele>131.39999389648438</ele>
        <time>2024-09-27T08:04:13Z</time>
        <extensions>
          <ns3:TrackPointExtension>
            <ns3:atemp>13.0</ns3:atemp>
          </ns3:TrackPointExtension>
        </extensions>
      </trkpt>
      <trkpt lat="50.024878196418285" lon="2.7451105881482363">
        <ele>128.39999389648438</ele>
        <time>2024-09-27T08:04:18Z</time>
        <extensions>
          <ns3:TrackPointExtension>
            <ns3:atemp>13.0</ns3:atemp>
          </ns3:TrackPointExtension>
        </extensions>
      </trkpt>
      <trkpt lat="50.02434376627207" lon="2.741916496306658">
        <ele>119.4000015258789</ele>
        <time>2024-09-27T08:04:41Z</time>
        <extensions>
          <ns3:TrackPointExtension>
            <ns3:atemp>13.0</ns3:atemp>
          </ns3:TrackPointExtension>
        </extensions>
      </trkpt>
      <trkpt lat="50.02433714456856" lon="2.741201017051935">
        <ele>123.19999694824219</ele>
        <time>2024-09-27T08:04:50Z</time>
        <extensions>
          <ns3:TrackPointExtension>
            <ns3:atemp>13.0</ns3:atemp>
          </ns3:TrackPointExtension>
        </extensions>
      </trkpt>
      <trkpt lat="50.02464341931045" lon="2.7382178977131844">
        <ele>133.1999969482422</ele>
        <time>2024-09-27T08:05:58Z</time>
        <extensions>
          <ns3:TrackPointExtension>
            <ns3:atemp>13.0</ns3:atemp>
          </ns3:TrackPointExtension>
        </extensions>
      </trkpt>
      <trkpt lat="50.02477451227605" lon="2.73591429926455">
        <ele>134.8000030517578</ele>
        <time>2024-09-27T08:06:30Z</time>
        <extensions>
          <ns3:TrackPointExtension>
            <ns3:atemp>13.0</ns3:atemp>
          </ns3:TrackPointExtension>
        </extensions>
      </trkpt>
      <trkpt lat="50.024986658245325" lon="2.734478395432234">
        <ele>131.60000610351562</ele>
        <time>2024-09-27T08:06:46Z</time>
        <extensions>
          <ns3:TrackPointExtension>
            <ns3:atemp>13.0</ns3:atemp>
          </ns3:TrackPointExtension>
        </extensions>
      </trkpt>
      <trkpt lat="50.02496821805835" lon="2.734173545613885">
        <ele>130.60000610351562</ele>
        <time>2024-09-27T08:06:49Z</time>
        <extensions>
          <ns3:TrackPointExtension>
            <ns3:atemp>13.0</ns3:atemp>
          </ns3:TrackPointExtension>
        </extensions>
      </trkpt>
      <trkpt lat="50.02489454112947" lon="2.733990401029587">
        <ele>130.1999969482422</ele>
        <time>2024-09-27T08:06:51Z</time>
        <extensions>
          <ns3:TrackPointExtension>
            <ns3:atemp>13.0</ns3:atemp>
          </ns3:TrackPointExtension>
        </extensions>
      </trkpt>
      <trkpt lat="50.02472899854183" lon="2.7337289694696665">
        <ele>129.1999969482422</ele>
        <time>2024-09-27T08:06:54Z</time>
        <extensions>
          <ns3:TrackPointExtension>
            <ns3:atemp>13.0</ns3:atemp>
          </ns3:TrackPointExtension>
        </extensions>
      </trkpt>
      <trkpt lat="50.02412483096123" lon="2.73292095400393">
        <ele>125.80000305175781</ele>
        <time>2024-09-27T08:07:04Z</time>
        <extensions>
          <ns3:TrackPointExtension>
            <ns3:atemp>13.0</ns3:atemp>
          </ns3:TrackPointExtension>
        </extensions>
      </trkpt>
      <trkpt lat="50.0232267100364" lon="2.731257565319538">
        <ele>122.80000305175781</ele>
        <time>2024-09-27T08:07:24Z</time>
        <extensions>
          <ns3:TrackPointExtension>
            <ns3:atemp>13.0</ns3:atemp>
          </ns3:TrackPointExtension>
        </extensions>
      </trkpt>
      <trkpt lat="50.023027304559946" lon="2.7306687366217375">
        <ele>121.80000305175781</ele>
        <time>2024-09-27T08:07:33Z</time>
        <extensions>
          <ns3:TrackPointExtension>
            <ns3:atemp>13.0</ns3:atemp>
          </ns3:TrackPointExtension>
        </extensions>
      </trkpt>
      <trkpt lat="50.02256378531456" lon="2.7299378346651793">
        <ele>122.0</ele>
        <time>2024-09-27T08:07:45Z</time>
        <extensions>
          <ns3:TrackPointExtension>
            <ns3:atemp>13.0</ns3:atemp>
          </ns3:TrackPointExtension>
        </extensions>
      </trkpt>
      <trkpt lat="50.022464878857136" lon="2.7298706118017435">
        <ele>121.80000305175781</ele>
        <time>2024-09-27T08:07:47Z</time>
        <extensions>
          <ns3:TrackPointExtension>
            <ns3:atemp>13.0</ns3:atemp>
          </ns3:TrackPointExtension>
        </extensions>
      </trkpt>
      <trkpt lat="50.021861884742975" lon="2.729904307052493">
        <ele>120.4000015258789</ele>
        <time>2024-09-27T08:07:58Z</time>
        <extensions>
          <ns3:TrackPointExtension>
            <ns3:atemp>13.0</ns3:atemp>
          </ns3:TrackPointExtension>
        </extensions>
      </trkpt>
      <trkpt lat="50.0213460624218" lon="2.729802383109927">
        <ele>119.80000305175781</ele>
        <time>2024-09-27T08:08:07Z</time>
        <extensions>
          <ns3:TrackPointExtension>
            <ns3:atemp>13.0</ns3:atemp>
          </ns3:TrackPointExtension>
        </extensions>
      </trkpt>
      <trkpt lat="50.02107582986355" lon="2.7296726312488317">
        <ele>119.5999984741211</ele>
        <time>2024-09-27T08:08:12Z</time>
        <extensions>
          <ns3:TrackPointExtension>
            <ns3:atemp>13.0</ns3:atemp>
          </ns3:TrackPointExtension>
        </extensions>
      </trkpt>
      <trkpt lat="50.02086183987558" lon="2.7294600661844015">
        <ele>119.5999984741211</ele>
        <time>2024-09-27T08:08:16Z</time>
        <extensions>
          <ns3:TrackPointExtension>
            <ns3:atemp>13.0</ns3:atemp>
          </ns3:TrackPointExtension>
        </extensions>
      </trkpt>
      <trkpt lat="50.02014082856476" lon="2.728534284979105">
        <ele>116.0</ele>
        <time>2024-09-27T08:08:29Z</time>
        <extensions>
          <ns3:TrackPointExtension>
            <ns3:atemp>13.0</ns3:atemp>
          </ns3:TrackPointExtension>
        </extensions>
      </trkpt>
      <trkpt lat="50.01941814087331" lon="2.7274942584335804">
        <ele>111.0</ele>
        <time>2024-09-27T08:08:42Z</time>
        <extensions>
          <ns3:TrackPointExtension>
            <ns3:atemp>13.0</ns3:atemp>
          </ns3:TrackPointExtension>
        </extensions>
      </trkpt>
      <trkpt lat="50.01910725608468" lon="2.726977514103055">
        <ele>109.19999694824219</ele>
        <time>2024-09-27T08:08:48Z</time>
        <extensions>
          <ns3:TrackPointExtension>
            <ns3:atemp>13.0</ns3:atemp>
          </ns3:TrackPointExtension>
        </extensions>
      </trkpt>
      <trkpt lat="50.01823369413614" lon="2.7253118623048067">
        <ele>106.5999984741211</ele>
        <time>2024-09-27T08:09:09Z</time>
        <extensions>
          <ns3:TrackPointExtension>
            <ns3:atemp>13.0</ns3:atemp>
          </ns3:TrackPointExtension>
        </extensions>
      </trkpt>
      <trkpt lat="50.018045185133815" lon="2.724843481555581">
        <ele>106.19999694824219</ele>
        <time>2024-09-27T08:09:15Z</time>
        <extensions>
          <ns3:TrackPointExtension>
            <ns3:atemp>13.0</ns3:atemp>
          </ns3:TrackPointExtension>
        </extensions>
      </trkpt>
      <trkpt lat="50.017949463799596" lon="2.7245100494474173">
        <ele>106.4000015258789</ele>
        <time>2024-09-27T08:09:19Z</time>
        <extensions>
          <ns3:TrackPointExtension>
            <ns3:atemp>13.0</ns3:atemp>
          </ns3:TrackPointExtension>
        </extensions>
      </trkpt>
      <trkpt lat="50.01789481379092" lon="2.7241783775389194">
        <ele>106.80000305175781</ele>
        <time>2024-09-27T08:09:23Z</time>
        <extensions>
          <ns3:TrackPointExtension>
            <ns3:atemp>13.0</ns3:atemp>
          </ns3:TrackPointExtension>
        </extensions>
      </trkpt>
      <trkpt lat="50.01785290427506" lon="2.72288890555501">
        <ele>111.80000305175781</ele>
        <time>2024-09-27T08:09:45Z</time>
        <extensions>
          <ns3:TrackPointExtension>
            <ns3:atemp>13.0</ns3:atemp>
          </ns3:TrackPointExtension>
        </extensions>
      </trkpt>
      <trkpt lat="50.01774779520929" lon="2.722395295277238">
        <ele>113.80000305175781</ele>
        <time>2024-09-27T08:09:57Z</time>
        <extensions>
          <ns3:TrackPointExtension>
            <ns3:atemp>13.0</ns3:atemp>
          </ns3:TrackPointExtension>
        </extensions>
      </trkpt>
      <trkpt lat="50.01767545938492" lon="2.722176695242524">
        <ele>115.4000015258789</ele>
        <time>2024-09-27T08:10:02Z</time>
        <extensions>
          <ns3:TrackPointExtension>
            <ns3:atemp>13.0</ns3:atemp>
          </ns3:TrackPointExtension>
        </extensions>
      </trkpt>
      <trkpt lat="50.01695537008345" lon="2.720817569643259">
        <ele>121.0</ele>
        <time>2024-09-27T08:10:43Z</time>
        <extensions>
          <ns3:TrackPointExtension>
            <ns3:atemp>13.0</ns3:atemp>
          </ns3:TrackPointExtension>
        </extensions>
      </trkpt>
      <trkpt lat="50.01671841368079" lon="2.720275679603219">
        <ele>122.80000305175781</ele>
        <time>2024-09-27T08:10:58Z</time>
        <extensions>
          <ns3:TrackPointExtension>
            <ns3:atemp>13.0</ns3:atemp>
          </ns3:TrackPointExtension>
        </extensions>
      </trkpt>
      <trkpt lat="50.01651691272855" lon="2.7197310235351324">
        <ele>124.19999694824219</ele>
        <time>2024-09-27T08:11:11Z</time>
        <extensions>
          <ns3:TrackPointExtension>
            <ns3:atemp>13.0</ns3:atemp>
          </ns3:TrackPointExtension>
        </extensions>
      </trkpt>
      <trkpt lat="50.01628305763006" lon="2.7186589781194925">
        <ele>127.5999984741211</ele>
        <time>2024-09-27T08:11:36Z</time>
        <extensions>
          <ns3:TrackPointExtension>
            <ns3:atemp>13.0</ns3:atemp>
          </ns3:TrackPointExtension>
        </extensions>
      </trkpt>
      <trkpt lat="50.01617115922272" lon="2.7184413839131594">
        <ele>128.39999389648438</ele>
        <time>2024-09-27T08:11:42Z</time>
        <extensions>
          <ns3:TrackPointExtension>
            <ns3:atemp>13.0</ns3:atemp>
          </ns3:TrackPointExtension>
        </extensions>
      </trkpt>
      <trkpt lat="50.015113865956664" lon="2.717312006279826">
        <ele>130.1999969482422</ele>
        <time>2024-09-27T08:12:19Z</time>
        <extensions>
          <ns3:TrackPointExtension>
            <ns3:atemp>14.0</ns3:atemp>
          </ns3:TrackPointExtension>
        </extensions>
      </trkpt>
      <trkpt lat="50.01469703391194" lon="2.717106146737933">
        <ele>129.60000610351562</ele>
        <time>2024-09-27T08:12:29Z</time>
        <extensions>
          <ns3:TrackPointExtension>
            <ns3:atemp>14.0</ns3:atemp>
          </ns3:TrackPointExtension>
        </extensions>
      </trkpt>
      <trkpt lat="50.01350395381451" lon="2.716112220659852">
        <ele>128.60000610351562</ele>
        <time>2024-09-27T08:12:55Z</time>
        <extensions>
          <ns3:TrackPointExtension>
            <ns3:atemp>14.0</ns3:atemp>
          </ns3:TrackPointExtension>
        </extensions>
      </trkpt>
      <trkpt lat="50.013054767623544" lon="2.715856656432152">
        <ele>127.19999694824219</ele>
        <time>2024-09-27T08:13:02Z</time>
        <extensions>
          <ns3:TrackPointExtension>
            <ns3:atemp>14.0</ns3:atemp>
          </ns3:TrackPointExtension>
        </extensions>
      </trkpt>
      <trkpt lat="50.01215798780322" lon="2.7151964139193296">
        <ele>123.5999984741211</ele>
        <time>2024-09-27T08:13:14Z</time>
        <extensions>
          <ns3:TrackPointExtension>
            <ns3:atemp>14.0</ns3:atemp>
          </ns3:TrackPointExtension>
        </extensions>
      </trkpt>
      <trkpt lat="50.0104062538594" lon="2.7140507753938437">
        <ele>117.19999694824219</ele>
        <time>2024-09-27T08:13:35Z</time>
        <extensions>
          <ns3:TrackPointExtension>
            <ns3:atemp>14.0</ns3:atemp>
          </ns3:TrackPointExtension>
        </extensions>
      </trkpt>
      <trkpt lat="50.01021263189614" lon="2.7140105422586203">
        <ele>116.19999694824219</ele>
        <time>2024-09-27T08:13:37Z</time>
        <extensions>
          <ns3:TrackPointExtension>
            <ns3:atemp>14.0</ns3:atemp>
          </ns3:TrackPointExtension>
        </extensions>
      </trkpt>
      <trkpt lat="50.009034387767315" lon="2.714071311056614">
        <ele>109.5999984741211</ele>
        <time>2024-09-27T08:13:49Z</time>
        <extensions>
          <ns3:TrackPointExtension>
            <ns3:atemp>14.0</ns3:atemp>
          </ns3:TrackPointExtension>
        </extensions>
      </trkpt>
      <trkpt lat="50.00802646391094" lon="2.713992688804865">
        <ele>105.19999694824219</ele>
        <time>2024-09-27T08:14:01Z</time>
        <extensions>
          <ns3:TrackPointExtension>
            <ns3:atemp>14.0</ns3:atemp>
          </ns3:TrackPointExtension>
        </extensions>
      </trkpt>
      <trkpt lat="50.00757115893066" lon="2.7140157390385866">
        <ele>104.19999694824219</ele>
        <time>2024-09-27T08:14:07Z</time>
        <extensions>
          <ns3:TrackPointExtension>
            <ns3:atemp>14.0</ns3:atemp>
          </ns3:TrackPointExtension>
        </extensions>
      </trkpt>
      <trkpt lat="50.005626641213894" lon="2.714174911379814">
        <ele>98.0</ele>
        <time>2024-09-27T08:14:33Z</time>
        <extensions>
          <ns3:TrackPointExtension>
            <ns3:atemp>14.0</ns3:atemp>
          </ns3:TrackPointExtension>
        </extensions>
      </trkpt>
      <trkpt lat="50.00412502326071" lon="2.7143754065036774">
        <ele>90.80000305175781</ele>
        <time>2024-09-27T08:14:51Z</time>
        <extensions>
          <ns3:TrackPointExtension>
            <ns3:atemp>14.0</ns3:atemp>
          </ns3:TrackPointExtension>
        </extensions>
      </trkpt>
      <trkpt lat="50.002426179125905" lon="2.7145391888916492">
        <ele>86.4000015258789</ele>
        <time>2024-09-27T08:15:14Z</time>
        <extensions>
          <ns3:TrackPointExtension>
            <ns3:atemp>14.0</ns3:atemp>
          </ns3:TrackPointExtension>
        </extensions>
      </trkpt>
      <trkpt lat="50.001502241939306" lon="2.7144015580415726">
        <ele>85.80000305175781</ele>
        <time>2024-09-27T08:15:28Z</time>
        <extensions>
          <ns3:TrackPointExtension>
            <ns3:atemp>14.0</ns3:atemp>
          </ns3:TrackPointExtension>
        </extensions>
      </trkpt>
      <trkpt lat="50.00070587731898" lon="2.714449167251587">
        <ele>84.0</ele>
        <time>2024-09-27T08:15:39Z</time>
        <extensions>
          <ns3:TrackPointExtension>
            <ns3:atemp>14.0</ns3:atemp>
          </ns3:TrackPointExtension>
        </extensions>
      </trkpt>
      <trkpt lat="50.00038116239011" lon="2.714398456737399">
        <ele>82.80000305175781</ele>
        <time>2024-09-27T08:15:43Z</time>
        <extensions>
          <ns3:TrackPointExtension>
            <ns3:atemp>14.0</ns3:atemp>
          </ns3:TrackPointExtension>
        </extensions>
      </trkpt>
      <trkpt lat="49.99991378746927" lon="2.7142031583935022">
        <ele>80.19999694824219</ele>
        <time>2024-09-27T08:15:49Z</time>
        <extensions>
          <ns3:TrackPointExtension>
            <ns3:atemp>14.0</ns3:atemp>
          </ns3:TrackPointExtension>
        </extensions>
      </trkpt>
      <trkpt lat="49.99937198124826" lon="2.713767299428582">
        <ele>77.5999984741211</ele>
        <time>2024-09-27T08:15:56Z</time>
        <extensions>
          <ns3:TrackPointExtension>
            <ns3:atemp>14.0</ns3:atemp>
          </ns3:TrackPointExtension>
        </extensions>
      </trkpt>
      <trkpt lat="49.998942241072655" lon="2.713599829003215">
        <ele>76.0</ele>
        <time>2024-09-27T08:16:01Z</time>
        <extensions>
          <ns3:TrackPointExtension>
            <ns3:atemp>14.0</ns3:atemp>
          </ns3:TrackPointExtension>
        </extensions>
      </trkpt>
      <trkpt lat="49.998449217528105" lon="2.7135170996189117">
        <ele>75.19999694824219</ele>
        <time>2024-09-27T08:16:07Z</time>
        <extensions>
          <ns3:TrackPointExtension>
            <ns3:atemp>14.0</ns3:atemp>
          </ns3:TrackPointExtension>
        </extensions>
      </trkpt>
      <trkpt lat="49.99711657874286" lon="2.7134930435568094">
        <ele>70.5999984741211</ele>
        <time>2024-09-27T08:16:25Z</time>
        <extensions>
          <ns3:TrackPointExtension>
            <ns3:atemp>14.0</ns3:atemp>
          </ns3:TrackPointExtension>
        </extensions>
      </trkpt>
      <trkpt lat="49.996489360928535" lon="2.713233707472682">
        <ele>68.5999984741211</ele>
        <time>2024-09-27T08:16:36Z</time>
        <extensions>
          <ns3:TrackPointExtension>
            <ns3:atemp>14.0</ns3:atemp>
          </ns3:TrackPointExtension>
        </extensions>
      </trkpt>
      <trkpt lat="49.996219547465444" lon="2.7129892911762">
        <ele>67.4000015258789</ele>
        <time>2024-09-27T08:16:41Z</time>
        <extensions>
          <ns3:TrackPointExtension>
            <ns3:atemp>14.0</ns3:atemp>
          </ns3:TrackPointExtension>
        </extensions>
      </trkpt>
      <trkpt lat="49.99567220918834" lon="2.7121541183441877">
        <ele>63.20000076293945</ele>
        <time>2024-09-27T08:16:53Z</time>
        <extensions>
          <ns3:TrackPointExtension>
            <ns3:atemp>14.0</ns3:atemp>
          </ns3:TrackPointExtension>
        </extensions>
      </trkpt>
      <trkpt lat="49.9951562192291" lon="2.711516423150897">
        <ele>62.400001525878906</ele>
        <time>2024-09-27T08:17:05Z</time>
        <extensions>
          <ns3:TrackPointExtension>
            <ns3:atemp>14.0</ns3:atemp>
          </ns3:TrackPointExtension>
        </extensions>
      </trkpt>
      <trkpt lat="49.99436396174133" lon="2.7103892248123884">
        <ele>64.5999984741211</ele>
        <time>2024-09-27T08:17:31Z</time>
        <extensions>
          <ns3:TrackPointExtension>
            <ns3:atemp>14.0</ns3:atemp>
          </ns3:TrackPointExtension>
        </extensions>
      </trkpt>
      <trkpt lat="49.994090124964714" lon="2.7101497538387775">
        <ele>66.4000015258789</ele>
        <time>2024-09-27T08:17:41Z</time>
        <extensions>
          <ns3:TrackPointExtension>
            <ns3:atemp>14.0</ns3:atemp>
          </ns3:TrackPointExtension>
        </extensions>
      </trkpt>
      <trkpt lat="49.993683602660894" lon="2.7101241052150726">
        <ele>68.5999984741211</ele>
        <time>2024-09-27T08:17:55Z</time>
        <extensions>
          <ns3:TrackPointExtension>
            <ns3:atemp>14.0</ns3:atemp>
          </ns3:TrackPointExtension>
        </extensions>
      </trkpt>
      <trkpt lat="49.99319368042052" lon="2.7102807629853487">
        <ele>70.0</ele>
        <time>2024-09-27T08:18:13Z</time>
        <extensions>
          <ns3:TrackPointExtension>
            <ns3:atemp>15.0</ns3:atemp>
          </ns3:TrackPointExtension>
        </extensions>
      </trkpt>
      <trkpt lat="49.9924346152693" lon="2.7102393563836813">
        <ele>68.80000305175781</ele>
        <time>2024-09-27T08:18:28Z</time>
        <extensions>
          <ns3:TrackPointExtension>
            <ns3:atemp>15.0</ns3:atemp>
          </ns3:TrackPointExtension>
        </extensions>
      </trkpt>
      <trkpt lat="49.9917390011251" lon="2.710289563983679">
        <ele>66.80000305175781</ele>
        <time>2024-09-27T08:18:39Z</time>
        <extensions>
          <ns3:TrackPointExtension>
            <ns3:atemp>15.0</ns3:atemp>
          </ns3:TrackPointExtension>
        </extensions>
      </trkpt>
      <trkpt lat="49.99155535362661" lon="2.71035167388618">
        <ele>66.19999694824219</ele>
        <time>2024-09-27T08:18:42Z</time>
        <extensions>
          <ns3:TrackPointExtension>
            <ns3:atemp>15.0</ns3:atemp>
          </ns3:TrackPointExtension>
        </extensions>
      </trkpt>
      <trkpt lat="49.99125503003597" lon="2.710635820403695">
        <ele>66.4000015258789</ele>
        <time>2024-09-27T08:18:49Z</time>
        <extensions>
          <ns3:TrackPointExtension>
            <ns3:atemp>15.0</ns3:atemp>
          </ns3:TrackPointExtension>
        </extensions>
      </trkpt>
      <trkpt lat="49.991002064198256" lon="2.7105994429439306">
        <ele>67.19999694824219</ele>
        <time>2024-09-27T08:18:55Z</time>
        <extensions>
          <ns3:TrackPointExtension>
            <ns3:atemp>15.0</ns3:atemp>
          </ns3:TrackPointExtension>
        </extensions>
      </trkpt>
      <trkpt lat="49.99071598984301" lon="2.7106833457946777">
        <ele>67.4000015258789</ele>
        <time>2024-09-27T08:19:01Z</time>
        <extensions>
          <ns3:TrackPointExtension>
            <ns3:atemp>15.0</ns3:atemp>
          </ns3:TrackPointExtension>
        </extensions>
      </trkpt>
      <trkpt lat="49.99027552083135" lon="2.710507493466139">
        <ele>67.0</ele>
        <time>2024-09-27T08:19:10Z</time>
        <extensions>
          <ns3:TrackPointExtension>
            <ns3:atemp>15.0</ns3:atemp>
          </ns3:TrackPointExtension>
        </extensions>
      </trkpt>
      <trkpt lat="49.989281091839075" lon="2.709857141599059">
        <ele>66.19999694824219</ele>
        <time>2024-09-27T08:19:31Z</time>
        <extensions>
          <ns3:TrackPointExtension>
            <ns3:atemp>15.0</ns3:atemp>
          </ns3:TrackPointExtension>
        </extensions>
      </trkpt>
      <trkpt lat="49.987779557704926" lon="2.7091275807470083">
        <ele>67.80000305175781</ele>
        <time>2024-09-27T08:20:10Z</time>
        <extensions>
          <ns3:TrackPointExtension>
            <ns3:atemp>15.0</ns3:atemp>
          </ns3:TrackPointExtension>
        </extensions>
      </trkpt>
      <trkpt lat="49.987229369580746" lon="2.7089731860905886">
        <ele>67.5999984741211</ele>
        <time>2024-09-27T08:20:29Z</time>
        <extensions>
          <ns3:TrackPointExtension>
            <ns3:atemp>15.0</ns3:atemp>
          </ns3:TrackPointExtension>
        </extensions>
      </trkpt>
      <trkpt lat="49.986664932221174" lon="2.708954242989421">
        <ele>67.4000015258789</ele>
        <time>2024-09-27T08:20:46Z</time>
        <extensions>
          <ns3:TrackPointExtension>
            <ns3:atemp>15.0</ns3:atemp>
          </ns3:TrackPointExtension>
        </extensions>
      </trkpt>
      <trkpt lat="49.986277939751744" lon="2.7089926321059465">
        <ele>67.4000015258789</ele>
        <time>2024-09-27T08:20:58Z</time>
        <extensions>
          <ns3:TrackPointExtension>
            <ns3:atemp>15.0</ns3:atemp>
          </ns3:TrackPointExtension>
        </extensions>
      </trkpt>
      <trkpt lat="49.985649045556784" lon="2.7091660536825657">
        <ele>67.80000305175781</ele>
        <time>2024-09-27T08:21:17Z</time>
        <extensions>
          <ns3:TrackPointExtension>
            <ns3:atemp>15.0</ns3:atemp>
          </ns3:TrackPointExtension>
        </extensions>
      </trkpt>
      <trkpt lat="49.98533673584461" lon="2.709317011758685">
        <ele>68.19999694824219</ele>
        <time>2024-09-27T08:21:26Z</time>
        <extensions>
          <ns3:TrackPointExtension>
            <ns3:atemp>15.0</ns3:atemp>
          </ns3:TrackPointExtension>
        </extensions>
      </trkpt>
      <trkpt lat="49.98484899289906" lon="2.709686402231455">
        <ele>68.5999984741211</ele>
        <time>2024-09-27T08:21:40Z</time>
        <extensions>
          <ns3:TrackPointExtension>
            <ns3:atemp>15.0</ns3:atemp>
          </ns3:TrackPointExtension>
        </extensions>
      </trkpt>
      <trkpt lat="49.98405287973583" lon="2.7104804199188948">
        <ele>69.4000015258789</ele>
        <time>2024-09-27T08:22:01Z</time>
        <extensions>
          <ns3:TrackPointExtension>
            <ns3:atemp>15.0</ns3:atemp>
          </ns3:TrackPointExtension>
        </extensions>
      </trkpt>
      <trkpt lat="49.98345139436424" lon="2.7112016826868057">
        <ele>70.5999984741211</ele>
        <time>2024-09-27T08:22:16Z</time>
        <extensions>
          <ns3:TrackPointExtension>
            <ns3:atemp>15.0</ns3:atemp>
          </ns3:TrackPointExtension>
        </extensions>
      </trkpt>
      <trkpt lat="49.98243073001504" lon="2.71256810054183">
        <ele>72.0</ele>
        <time>2024-09-27T08:22:44Z</time>
        <extensions>
          <ns3:TrackPointExtension>
            <ns3:atemp>15.0</ns3:atemp>
          </ns3:TrackPointExtension>
        </extensions>
      </trkpt>
      <trkpt lat="49.982102662324905" lon="2.712924163788557">
        <ele>73.0</ele>
        <time>2024-09-27T08:22:53Z</time>
        <extensions>
          <ns3:TrackPointExtension>
            <ns3:atemp>15.0</ns3:atemp>
          </ns3:TrackPointExtension>
        </extensions>
      </trkpt>
      <trkpt lat="49.98181994073093" lon="2.713163299486041">
        <ele>73.5999984741211</ele>
        <time>2024-09-27T08:23:01Z</time>
        <extensions>
          <ns3:TrackPointExtension>
            <ns3:atemp>15.0</ns3:atemp>
          </ns3:TrackPointExtension>
        </extensions>
      </trkpt>
      <trkpt lat="49.98057732358575" lon="2.7137521281838417">
        <ele>74.5999984741211</ele>
        <time>2024-09-27T08:23:35Z</time>
        <extensions>
          <ns3:TrackPointExtension>
            <ns3:atemp>16.0</ns3:atemp>
          </ns3:TrackPointExtension>
        </extensions>
      </trkpt>
      <trkpt lat="49.979475354775786" lon="2.714141048491001">
        <ele>76.80000305175781</ele>
        <time>2024-09-27T08:24:08Z</time>
        <extensions>
          <ns3:TrackPointExtension>
            <ns3:atemp>16.0</ns3:atemp>
          </ns3:TrackPointExtension>
        </extensions>
      </trkpt>
      <trkpt lat="49.97689900919795" lon="2.7151567675173283">
        <ele>82.0</ele>
        <time>2024-09-27T08:25:32Z</time>
        <extensions>
          <ns3:TrackPointExtension>
            <ns3:atemp>16.0</ns3:atemp>
          </ns3:TrackPointExtension>
        </extensions>
      </trkpt>
      <trkpt lat="49.97651067562401" lon="2.71532641723752">
        <ele>82.0</ele>
        <time>2024-09-27T08:25:40Z</time>
        <extensions>
          <ns3:TrackPointExtension>
            <ns3:atemp>16.0</ns3:atemp>
          </ns3:TrackPointExtension>
        </extensions>
      </trkpt>
      <trkpt lat="49.975987393409014" lon="2.7156296744942665">
        <ele>82.5999984741211</ele>
        <time>2024-09-27T08:25:51Z</time>
        <extensions>
          <ns3:TrackPointExtension>
            <ns3:atemp>16.0</ns3:atemp>
          </ns3:TrackPointExtension>
        </extensions>
      </trkpt>
      <trkpt lat="49.9756636004895" lon="2.715667560696602">
        <ele>82.0</ele>
        <time>2024-09-27T08:25:57Z</time>
        <extensions>
          <ns3:TrackPointExtension>
            <ns3:atemp>16.0</ns3:atemp>
          </ns3:TrackPointExtension>
        </extensions>
      </trkpt>
      <trkpt lat="49.97556419111788" lon="2.715748865157366">
        <ele>81.5999984741211</ele>
        <time>2024-09-27T08:25:59Z</time>
        <extensions>
          <ns3:TrackPointExtension>
            <ns3:atemp>16.0</ns3:atemp>
          </ns3:TrackPointExtension>
        </extensions>
      </trkpt>
      <trkpt lat="49.97541599906981" lon="2.716023875400424">
        <ele>81.4000015258789</ele>
        <time>2024-09-27T08:26:03Z</time>
        <extensions>
          <ns3:TrackPointExtension>
            <ns3:atemp>16.0</ns3:atemp>
          </ns3:TrackPointExtension>
        </extensions>
      </trkpt>
      <trkpt lat="49.97518675401807" lon="2.716285977512598">
        <ele>81.4000015258789</ele>
        <time>2024-09-27T08:26:08Z</time>
        <extensions>
          <ns3:TrackPointExtension>
            <ns3:atemp>16.0</ns3:atemp>
          </ns3:TrackPointExtension>
        </extensions>
      </trkpt>
      <trkpt lat="49.974495247006416" lon="2.716849073767662">
        <ele>81.19999694824219</ele>
        <time>2024-09-27T08:26:23Z</time>
        <extensions>
          <ns3:TrackPointExtension>
            <ns3:atemp>16.0</ns3:atemp>
          </ns3:TrackPointExtension>
        </extensions>
      </trkpt>
      <trkpt lat="49.97394514270127" lon="2.7171628922224045">
        <ele>82.19999694824219</ele>
        <time>2024-09-27T08:26:36Z</time>
        <extensions>
          <ns3:TrackPointExtension>
            <ns3:atemp>16.0</ns3:atemp>
          </ns3:TrackPointExtension>
        </extensions>
      </trkpt>
      <trkpt lat="49.973351284861565" lon="2.7173421811312437">
        <ele>84.19999694824219</ele>
        <time>2024-09-27T08:26:51Z</time>
        <extensions>
          <ns3:TrackPointExtension>
            <ns3:atemp>16.0</ns3:atemp>
          </ns3:TrackPointExtension>
        </extensions>
      </trkpt>
      <trkpt lat="49.972807969897985" lon="2.717384258285165">
        <ele>86.80000305175781</ele>
        <time>2024-09-27T08:27:09Z</time>
        <extensions>
          <ns3:TrackPointExtension>
            <ns3:atemp>16.0</ns3:atemp>
          </ns3:TrackPointExtension>
        </extensions>
      </trkpt>
      <trkpt lat="49.971337616443634" lon="2.7171358186751604">
        <ele>90.5999984741211</ele>
        <time>2024-09-27T08:27:57Z</time>
        <extensions>
          <ns3:TrackPointExtension>
            <ns3:atemp>16.0</ns3:atemp>
          </ns3:TrackPointExtension>
        </extensions>
      </trkpt>
      <trkpt lat="49.97040571644902" lon="2.7170865330845118">
        <ele>91.4000015258789</ele>
        <time>2024-09-27T08:28:26Z</time>
        <extensions>
          <ns3:TrackPointExtension>
            <ns3:atemp>16.0</ns3:atemp>
          </ns3:TrackPointExtension>
        </extensions>
      </trkpt>
      <trkpt lat="49.96969660744071" lon="2.717168005183339">
        <ele>93.5999984741211</ele>
        <time>2024-09-27T08:28:46Z</time>
        <extensions>
          <ns3:TrackPointExtension>
            <ns3:atemp>16.0</ns3:atemp>
          </ns3:TrackPointExtension>
        </extensions>
      </trkpt>
      <trkpt lat="49.968170849606395" lon="2.717453995719552">
        <ele>96.19999694824219</ele>
        <time>2024-09-27T08:29:34Z</time>
        <extensions>
          <ns3:TrackPointExtension>
            <ns3:atemp>16.0</ns3:atemp>
          </ns3:TrackPointExtension>
        </extensions>
      </trkpt>
      <trkpt lat="49.96659144759178" lon="2.7176114916801453">
        <ele>98.5999984741211</ele>
        <time>2024-09-27T08:30:25Z</time>
        <extensions>
          <ns3:TrackPointExtension>
            <ns3:atemp>15.0</ns3:atemp>
          </ns3:TrackPointExtension>
        </extensions>
      </trkpt>
      <trkpt lat="49.96581721119583" lon="2.7176517248153687">
        <ele>99.4000015258789</ele>
        <time>2024-09-27T08:30:50Z</time>
        <extensions>
          <ns3:TrackPointExtension>
            <ns3:atemp>15.0</ns3:atemp>
          </ns3:TrackPointExtension>
        </extensions>
      </trkpt>
      <trkpt lat="49.964631171897054" lon="2.7176316920667887">
        <ele>101.0</ele>
        <time>2024-09-27T08:31:26Z</time>
        <extensions>
          <ns3:TrackPointExtension>
            <ns3:atemp>15.0</ns3:atemp>
          </ns3:TrackPointExtension>
        </extensions>
      </trkpt>
      <trkpt lat="49.961131140589714" lon="2.717326423153281">
        <ele>98.80000305175781</ele>
        <time>2024-09-27T08:32:52Z</time>
        <extensions>
          <ns3:TrackPointExtension>
            <ns3:atemp>15.0</ns3:atemp>
          </ns3:TrackPointExtension>
        </extensions>
      </trkpt>
      <trkpt lat="49.95891395956278" lon="2.717185774818063">
        <ele>95.0</ele>
        <time>2024-09-27T08:33:39Z</time>
        <extensions>
          <ns3:TrackPointExtension>
            <ns3:atemp>15.0</ns3:atemp>
          </ns3:TrackPointExtension>
        </extensions>
      </trkpt>
      <trkpt lat="49.95777854695916" lon="2.717054011300206">
        <ele>91.5999984741211</ele>
        <time>2024-09-27T08:33:57Z</time>
        <extensions>
          <ns3:TrackPointExtension>
            <ns3:atemp>15.0</ns3:atemp>
          </ns3:TrackPointExtension>
        </extensions>
      </trkpt>
      <trkpt lat="49.95519222691655" lon="2.716528382152319">
        <ele>74.5999984741211</ele>
        <time>2024-09-27T08:34:29Z</time>
        <extensions>
          <ns3:TrackPointExtension>
            <ns3:atemp>15.0</ns3:atemp>
          </ns3:TrackPointExtension>
        </extensions>
      </trkpt>
      <trkpt lat="49.95412504300475" lon="2.716262759640813">
        <ele>66.4000015258789</ele>
        <time>2024-09-27T08:34:42Z</time>
        <extensions>
          <ns3:TrackPointExtension>
            <ns3:atemp>15.0</ns3:atemp>
          </ns3:TrackPointExtension>
        </extensions>
      </trkpt>
      <trkpt lat="49.9535942170769" lon="2.716083973646164">
        <ele>63.20000076293945</ele>
        <time>2024-09-27T08:34:50Z</time>
        <extensions>
          <ns3:TrackPointExtension>
            <ns3:atemp>15.0</ns3:atemp>
          </ns3:TrackPointExtension>
        </extensions>
      </trkpt>
      <trkpt lat="49.95286867953837" lon="2.7157512959092855">
        <ele>60.400001525878906</ele>
        <time>2024-09-27T08:35:03Z</time>
        <extensions>
          <ns3:TrackPointExtension>
            <ns3:atemp>15.0</ns3:atemp>
          </ns3:TrackPointExtension>
        </extensions>
      </trkpt>
      <trkpt lat="49.95234263129532" lon="2.715450134128332">
        <ele>59.20000076293945</ele>
        <time>2024-09-27T08:35:13Z</time>
        <extensions>
          <ns3:TrackPointExtension>
            <ns3:atemp>15.0</ns3:atemp>
          </ns3:TrackPointExtension>
        </extensions>
      </trkpt>
      <trkpt lat="49.95018630288541" lon="2.71395874209702">
        <ele>52.0</ele>
        <time>2024-09-27T08:36:01Z</time>
        <extensions>
          <ns3:TrackPointExtension>
            <ns3:atemp>15.0</ns3:atemp>
          </ns3:TrackPointExtension>
        </extensions>
      </trkpt>
      <trkpt lat="49.94958708062768" lon="2.7137150801718235">
        <ele>51.0</ele>
        <time>2024-09-27T08:36:13Z</time>
        <extensions>
          <ns3:TrackPointExtension>
            <ns3:atemp>15.0</ns3:atemp>
          </ns3:TrackPointExtension>
        </extensions>
      </trkpt>
      <trkpt lat="49.948938405141234" lon="2.7136363741010427">
        <ele>49.20000076293945</ele>
        <time>2024-09-27T08:36:24Z</time>
        <extensions>
          <ns3:TrackPointExtension>
            <ns3:atemp>15.0</ns3:atemp>
          </ns3:TrackPointExtension>
        </extensions>
      </trkpt>
      <trkpt lat="49.948479076847434" lon="2.7136891800910234">
        <ele>47.79999923706055</ele>
        <time>2024-09-27T08:36:31Z</time>
        <extensions>
          <ns3:TrackPointExtension>
            <ns3:atemp>15.0</ns3:atemp>
          </ns3:TrackPointExtension>
        </extensions>
      </trkpt>
      <trkpt lat="49.94803852401674" lon="2.713833684101701">
        <ele>46.20000076293945</ele>
        <time>2024-09-27T08:36:38Z</time>
        <extensions>
          <ns3:TrackPointExtension>
            <ns3:atemp>15.0</ns3:atemp>
          </ns3:TrackPointExtension>
        </extensions>
      </trkpt>
      <trkpt lat="49.94768346659839" lon="2.714014733210206">
        <ele>45.400001525878906</ele>
        <time>2024-09-27T08:36:44Z</time>
        <extensions>
          <ns3:TrackPointExtension>
            <ns3:atemp>15.0</ns3:atemp>
          </ns3:TrackPointExtension>
        </extensions>
      </trkpt>
      <trkpt lat="49.94717166759074" lon="2.714394349604845">
        <ele>43.79999923706055</ele>
        <time>2024-09-27T08:36:52Z</time>
        <extensions>
          <ns3:TrackPointExtension>
            <ns3:atemp>15.0</ns3:atemp>
          </ns3:TrackPointExtension>
        </extensions>
      </trkpt>
      <trkpt lat="49.94655668735504" lon="2.715066075325012">
        <ele>43.20000076293945</ele>
        <time>2024-09-27T08:37:04Z</time>
        <extensions>
          <ns3:TrackPointExtension>
            <ns3:atemp>15.0</ns3:atemp>
          </ns3:TrackPointExtension>
        </extensions>
      </trkpt>
      <trkpt lat="49.94443044997752" lon="2.7178202848881483">
        <ele>42.400001525878906</ele>
        <time>2024-09-27T08:37:54Z</time>
        <extensions>
          <ns3:TrackPointExtension>
            <ns3:atemp>15.0</ns3:atemp>
          </ns3:TrackPointExtension>
        </extensions>
      </trkpt>
      <trkpt lat="49.944168012589216" lon="2.7180670481175184">
        <ele>43.0</ele>
        <time>2024-09-27T08:38:01Z</time>
        <extensions>
          <ns3:TrackPointExtension>
            <ns3:atemp>15.0</ns3:atemp>
          </ns3:TrackPointExtension>
        </extensions>
      </trkpt>
      <trkpt lat="49.943906078115106" lon="2.7181783597916365">
        <ele>43.79999923706055</ele>
        <time>2024-09-27T08:38:09Z</time>
        <extensions>
          <ns3:TrackPointExtension>
            <ns3:atemp>15.0</ns3:atemp>
          </ns3:TrackPointExtension>
        </extensions>
      </trkpt>
      <trkpt lat="49.94357071816921" lon="2.718165870755911">
        <ele>46.0</ele>
        <time>2024-09-27T08:38:21Z</time>
        <extensions>
          <ns3:TrackPointExtension>
            <ns3:atemp>15.0</ns3:atemp>
          </ns3:TrackPointExtension>
        </extensions>
      </trkpt>
      <trkpt lat="49.94209441356361" lon="2.7175961527973413">
        <ele>51.599998474121094</ele>
        <time>2024-09-27T08:39:06Z</time>
        <extensions>
          <ns3:TrackPointExtension>
            <ns3:atemp>15.0</ns3:atemp>
          </ns3:TrackPointExtension>
        </extensions>
      </trkpt>
      <trkpt lat="49.941590409725904" lon="2.71745877340436">
        <ele>51.400001525878906</ele>
        <time>2024-09-27T08:39:16Z</time>
        <extensions>
          <ns3:TrackPointExtension>
            <ns3:atemp>15.0</ns3:atemp>
          </ns3:TrackPointExtension>
        </extensions>
      </trkpt>
      <trkpt lat="49.941325541585684" lon="2.7174612041562796">
        <ele>51.20000076293945</ele>
        <time>2024-09-27T08:39:21Z</time>
        <extensions>
          <ns3:TrackPointExtension>
            <ns3:atemp>15.0</ns3:atemp>
          </ns3:TrackPointExtension>
        </extensions>
      </trkpt>
      <trkpt lat="49.94122269563377" lon="2.717506131157279">
        <ele>51.0</ele>
        <time>2024-09-27T08:39:23Z</time>
        <extensions>
          <ns3:TrackPointExtension>
            <ns3:atemp>15.0</ns3:atemp>
          </ns3:TrackPointExtension>
        </extensions>
      </trkpt>
      <trkpt lat="49.941141810268164" lon="2.7176155988126993">
        <ele>50.599998474121094</ele>
        <time>2024-09-27T08:39:25Z</time>
        <extensions>
          <ns3:TrackPointExtension>
            <ns3:atemp>15.0</ns3:atemp>
          </ns3:TrackPointExtension>
        </extensions>
      </trkpt>
      <trkpt lat="49.94098733179271" lon="2.7180227916687727">
        <ele>48.79999923706055</ele>
        <time>2024-09-27T08:39:30Z</time>
        <extensions>
          <ns3:TrackPointExtension>
            <ns3:atemp>15.0</ns3:atemp>
          </ns3:TrackPointExtension>
        </extensions>
      </trkpt>
      <trkpt lat="49.94087057188153" lon="2.718099569901824">
        <ele>48.400001525878906</ele>
        <time>2024-09-27T08:39:32Z</time>
        <extensions>
          <ns3:TrackPointExtension>
            <ns3:atemp>15.0</ns3:atemp>
          </ns3:TrackPointExtension>
        </extensions>
      </trkpt>
      <trkpt lat="49.93870745413005" lon="2.7180228754878044">
        <ele>40.599998474121094</ele>
        <time>2024-09-27T08:40:02Z</time>
        <extensions>
          <ns3:TrackPointExtension>
            <ns3:atemp>15.0</ns3:atemp>
          </ns3:TrackPointExtension>
        </extensions>
      </trkpt>
      <trkpt lat="49.93746961466968" lon="2.718161176890135">
        <ele>36.400001525878906</ele>
        <time>2024-09-27T08:40:19Z</time>
        <extensions>
          <ns3:TrackPointExtension>
            <ns3:atemp>15.0</ns3:atemp>
          </ns3:TrackPointExtension>
        </extensions>
      </trkpt>
      <trkpt lat="49.93676695972681" lon="2.718300400301814">
        <ele>36.79999923706055</ele>
        <time>2024-09-27T08:40:30Z</time>
        <extensions>
          <ns3:TrackPointExtension>
            <ns3:atemp>15.0</ns3:atemp>
          </ns3:TrackPointExtension>
        </extensions>
      </trkpt>
      <trkpt lat="49.934120289981365" lon="2.717638062313199">
        <ele>36.79999923706055</ele>
        <time>2024-09-27T08:41:22Z</time>
        <extensions>
          <ns3:TrackPointExtension>
            <ns3:atemp>15.0</ns3:atemp>
          </ns3:TrackPointExtension>
        </extensions>
      </trkpt>
      <trkpt lat="49.93391669355333" lon="2.71764543838799">
        <ele>37.400001525878906</ele>
        <time>2024-09-27T08:41:27Z</time>
        <extensions>
          <ns3:TrackPointExtension>
            <ns3:atemp>15.0</ns3:atemp>
          </ns3:TrackPointExtension>
        </extensions>
      </trkpt>
      <trkpt lat="49.93367286399007" lon="2.7178028505295515">
        <ele>37.400001525878906</ele>
        <time>2024-09-27T08:41:34Z</time>
        <extensions>
          <ns3:TrackPointExtension>
            <ns3:atemp>15.0</ns3:atemp>
          </ns3:TrackPointExtension>
        </extensions>
      </trkpt>
      <trkpt lat="49.932943135499954" lon="2.71860558539629">
        <ele>38.20000076293945</ele>
        <time>2024-09-27T08:41:52Z</time>
        <extensions>
          <ns3:TrackPointExtension>
            <ns3:atemp>15.0</ns3:atemp>
          </ns3:TrackPointExtension>
        </extensions>
      </trkpt>
      <trkpt lat="49.932552203536034" lon="2.7190913166850805">
        <ele>38.599998474121094</ele>
        <time>2024-09-27T08:42:01Z</time>
        <extensions>
          <ns3:TrackPointExtension>
            <ns3:atemp>15.0</ns3:atemp>
          </ns3:TrackPointExtension>
        </extensions>
      </trkpt>
      <trkpt lat="49.93079720064998" lon="2.7218185365200043">
        <ele>39.400001525878906</ele>
        <time>2024-09-27T08:42:49Z</time>
        <extensions>
          <ns3:TrackPointExtension>
            <ns3:atemp>15.0</ns3:atemp>
          </ns3:TrackPointExtension>
        </extensions>
      </trkpt>
      <trkpt lat="49.92949515581131" lon="2.7235837653279305">
        <ele>42.400001525878906</ele>
        <time>2024-09-27T08:43:30Z</time>
        <extensions>
          <ns3:TrackPointExtension>
            <ns3:atemp>15.0</ns3:atemp>
          </ns3:TrackPointExtension>
        </extensions>
      </trkpt>
      <trkpt lat="49.92921553552151" lon="2.723876293748617">
        <ele>43.0</ele>
        <time>2024-09-27T08:43:38Z</time>
        <extensions>
          <ns3:TrackPointExtension>
            <ns3:atemp>15.0</ns3:atemp>
          </ns3:TrackPointExtension>
        </extensions>
      </trkpt>
      <trkpt lat="49.92868512868881" lon="2.7243193611502647">
        <ele>42.79999923706055</ele>
        <time>2024-09-27T08:43:51Z</time>
        <extensions>
          <ns3:TrackPointExtension>
            <ns3:atemp>15.0</ns3:atemp>
          </ns3:TrackPointExtension>
        </extensions>
      </trkpt>
      <trkpt lat="49.92799571715295" lon="2.724721021950245">
        <ele>43.400001525878906</ele>
        <time>2024-09-27T08:44:05Z</time>
        <extensions>
          <ns3:TrackPointExtension>
            <ns3:atemp>15.0</ns3:atemp>
          </ns3:TrackPointExtension>
        </extensions>
      </trkpt>
      <trkpt lat="49.927348885685205" lon="2.724999552592635">
        <ele>43.400001525878906</ele>
        <time>2024-09-27T08:44:19Z</time>
        <extensions>
          <ns3:TrackPointExtension>
            <ns3:atemp>15.0</ns3:atemp>
          </ns3:TrackPointExtension>
        </extensions>
      </trkpt>
      <trkpt lat="49.924999019131064" lon="2.725640768185258">
        <ele>42.400001525878906</ele>
        <time>2024-09-27T08:45:03Z</time>
        <extensions>
          <ns3:TrackPointExtension>
            <ns3:atemp>15.0</ns3:atemp>
          </ns3:TrackPointExtension>
        </extensions>
      </trkpt>
      <trkpt lat="49.921534191817045" lon="2.7259472105652094">
        <ele>45.400001525878906</ele>
        <time>2024-09-27T08:46:23Z</time>
        <extensions>
          <ns3:TrackPointExtension>
            <ns3:atemp>15.0</ns3:atemp>
          </ns3:TrackPointExtension>
        </extensions>
      </trkpt>
      <trkpt lat="49.92102758958936" lon="2.726062461733818">
        <ele>45.0</ele>
        <time>2024-09-27T08:46:33Z</time>
        <extensions>
          <ns3:TrackPointExtension>
            <ns3:atemp>15.0</ns3:atemp>
          </ns3:TrackPointExtension>
        </extensions>
      </trkpt>
      <trkpt lat="49.9202567897737" lon="2.7264284156262875">
        <ele>43.0</ele>
        <time>2024-09-27T08:46:48Z</time>
        <extensions>
          <ns3:TrackPointExtension>
            <ns3:atemp>15.0</ns3:atemp>
          </ns3:TrackPointExtension>
        </extensions>
      </trkpt>
      <trkpt lat="49.91867512464523" lon="2.7276393491774797">
        <ele>38.79999923706055</ele>
        <time>2024-09-27T08:47:17Z</time>
        <extensions>
          <ns3:TrackPointExtension>
            <ns3:atemp>15.0</ns3:atemp>
          </ns3:TrackPointExtension>
        </extensions>
      </trkpt>
      <trkpt lat="49.91805134341121" lon="2.728013601154089">
        <ele>38.20000076293945</ele>
        <time>2024-09-27T08:47:27Z</time>
        <extensions>
          <ns3:TrackPointExtension>
            <ns3:atemp>15.0</ns3:atemp>
          </ns3:TrackPointExtension>
        </extensions>
      </trkpt>
      <trkpt lat="49.91732186637819" lon="2.728254161775112">
        <ele>38.20000076293945</ele>
        <time>2024-09-27T08:47:40Z</time>
        <extensions>
          <ns3:TrackPointExtension>
            <ns3:atemp>15.0</ns3:atemp>
          </ns3:TrackPointExtension>
        </extensions>
      </trkpt>
      <trkpt lat="49.91686840541661" lon="2.7282835822552443">
        <ele>39.20000076293945</ele>
        <time>2024-09-27T08:47:50Z</time>
        <extensions>
          <ns3:TrackPointExtension>
            <ns3:atemp>15.0</ns3:atemp>
          </ns3:TrackPointExtension>
        </extensions>
      </trkpt>
      <trkpt lat="49.916327772662044" lon="2.728243935853243">
        <ele>40.20000076293945</ele>
        <time>2024-09-27T08:48:02Z</time>
        <extensions>
          <ns3:TrackPointExtension>
            <ns3:atemp>15.0</ns3:atemp>
          </ns3:TrackPointExtension>
        </extensions>
      </trkpt>
      <trkpt lat="49.9162248428911" lon="2.7283241506665945">
        <ele>40.400001525878906</ele>
        <time>2024-09-27T08:48:05Z</time>
        <extensions>
          <ns3:TrackPointExtension>
            <ns3:atemp>15.0</ns3:atemp>
          </ns3:TrackPointExtension>
        </extensions>
      </trkpt>
      <trkpt lat="49.91610975936055" lon="2.7286381367594004">
        <ele>40.400001525878906</ele>
        <time>2024-09-27T08:48:10Z</time>
        <extensions>
          <ns3:TrackPointExtension>
            <ns3:atemp>15.0</ns3:atemp>
          </ns3:TrackPointExtension>
        </extensions>
      </trkpt>
      <trkpt lat="49.915969613939524" lon="2.728768978267908">
        <ele>39.79999923706055</ele>
        <time>2024-09-27T08:48:13Z</time>
        <extensions>
          <ns3:TrackPointExtension>
            <ns3:atemp>15.0</ns3:atemp>
          </ns3:TrackPointExtension>
        </extensions>
      </trkpt>
      <trkpt lat="49.91515455767512" lon="2.7289381250739098">
        <ele>38.79999923706055</ele>
        <time>2024-09-27T08:48:29Z</time>
        <extensions>
          <ns3:TrackPointExtension>
            <ns3:atemp>15.0</ns3:atemp>
          </ns3:TrackPointExtension>
        </extensions>
      </trkpt>
      <trkpt lat="49.91287853568792" lon="2.7297533489763737">
        <ele>39.20000076293945</ele>
        <time>2024-09-27T08:49:22Z</time>
        <extensions>
          <ns3:TrackPointExtension>
            <ns3:atemp>15.0</ns3:atemp>
          </ns3:TrackPointExtension>
        </extensions>
      </trkpt>
      <trkpt lat="49.912449549883604" lon="2.729944037273526">
        <ele>39.20000076293945</ele>
        <time>2024-09-27T08:49:32Z</time>
        <extensions>
          <ns3:TrackPointExtension>
            <ns3:atemp>14.0</ns3:atemp>
          </ns3:TrackPointExtension>
        </extensions>
      </trkpt>
      <trkpt lat="49.911455707624555" lon="2.7305217180401087">
        <ele>40.20000076293945</ele>
        <time>2024-09-27T08:49:51Z</time>
        <extensions>
          <ns3:TrackPointExtension>
            <ns3:atemp>15.0</ns3:atemp>
          </ns3:TrackPointExtension>
        </extensions>
      </trkpt>
      <trkpt lat="49.909869683906436" lon="2.73115505464375">
        <ele>39.79999923706055</ele>
        <time>2024-09-27T08:50:22Z</time>
        <extensions>
          <ns3:TrackPointExtension>
            <ns3:atemp>14.0</ns3:atemp>
          </ns3:TrackPointExtension>
        </extensions>
      </trkpt>
      <trkpt lat="49.909536419436336" lon="2.731228731572628">
        <ele>40.20000076293945</ele>
        <time>2024-09-27T08:50:29Z</time>
        <extensions>
          <ns3:TrackPointExtension>
            <ns3:atemp>15.0</ns3:atemp>
          </ns3:TrackPointExtension>
        </extensions>
      </trkpt>
      <trkpt lat="49.90879453718662" lon="2.731233090162277">
        <ele>40.599998474121094</ele>
        <time>2024-09-27T08:50:49Z</time>
        <extensions>
          <ns3:TrackPointExtension>
            <ns3:atemp>14.0</ns3:atemp>
          </ns3:TrackPointExtension>
        </extensions>
      </trkpt>
      <trkpt lat="49.907924914732575" lon="2.731216913089156">
        <ele>40.79999923706055</ele>
        <time>2024-09-27T08:51:13Z</time>
        <extensions>
          <ns3:TrackPointExtension>
            <ns3:atemp>14.0</ns3:atemp>
          </ns3:TrackPointExtension>
        </extensions>
      </trkpt>
      <trkpt lat="49.90727481432259" lon="2.731138290837407">
        <ele>42.20000076293945</ele>
        <time>2024-09-27T08:51:33Z</time>
        <extensions>
          <ns3:TrackPointExtension>
            <ns3:atemp>14.0</ns3:atemp>
          </ns3:TrackPointExtension>
        </extensions>
      </trkpt>
      <trkpt lat="49.906985806301236" lon="2.7312215231359005">
        <ele>42.400001525878906</ele>
        <time>2024-09-27T08:51:41Z</time>
        <extensions>
          <ns3:TrackPointExtension>
            <ns3:atemp>14.0</ns3:atemp>
          </ns3:TrackPointExtension>
        </extensions>
      </trkpt>
      <trkpt lat="49.90678229369223" lon="2.731405673548579">
        <ele>41.599998474121094</ele>
        <time>2024-09-27T08:51:47Z</time>
        <extensions>
          <ns3:TrackPointExtension>
            <ns3:atemp>14.0</ns3:atemp>
          </ns3:TrackPointExtension>
        </extensions>
      </trkpt>
      <trkpt lat="49.90503927692771" lon="2.7336646802723408">
        <ele>42.599998474121094</ele>
        <time>2024-09-27T08:52:31Z</time>
        <extensions>
          <ns3:TrackPointExtension>
            <ns3:atemp>15.0</ns3:atemp>
          </ns3:TrackPointExtension>
        </extensions>
      </trkpt>
      <trkpt lat="49.90482394583523" lon="2.7339722122997046">
        <ele>43.79999923706055</ele>
        <time>2024-09-27T08:52:37Z</time>
        <extensions>
          <ns3:TrackPointExtension>
            <ns3:atemp>15.0</ns3:atemp>
          </ns3:TrackPointExtension>
        </extensions>
      </trkpt>
      <trkpt lat="49.90475529804826" lon="2.734148818999529">
        <ele>43.79999923706055</ele>
        <time>2024-09-27T08:52:40Z</time>
        <extensions>
          <ns3:TrackPointExtension>
            <ns3:atemp>15.0</ns3:atemp>
          </ns3:TrackPointExtension>
        </extensions>
      </trkpt>
      <trkpt lat="49.90470961667597" lon="2.7345155272632837">
        <ele>43.599998474121094</ele>
        <time>2024-09-27T08:52:45Z</time>
        <extensions>
          <ns3:TrackPointExtension>
            <ns3:atemp>15.0</ns3:atemp>
          </ns3:TrackPointExtension>
        </extensions>
      </trkpt>
      <trkpt lat="49.904763512313366" lon="2.734985500574112">
        <ele>43.400001525878906</ele>
        <time>2024-09-27T08:52:50Z</time>
        <extensions>
          <ns3:TrackPointExtension>
            <ns3:atemp>15.0</ns3:atemp>
          </ns3:TrackPointExtension>
        </extensions>
      </trkpt>
      <trkpt lat="49.90507875569165" lon="2.736272206529975">
        <ele>42.20000076293945</ele>
        <time>2024-09-27T08:53:03Z</time>
        <extensions>
          <ns3:TrackPointExtension>
            <ns3:atemp>15.0</ns3:atemp>
          </ns3:TrackPointExtension>
        </extensions>
      </trkpt>
      <trkpt lat="49.90518202073872" lon="2.7368599455803633">
        <ele>42.20000076293945</ele>
        <time>2024-09-27T08:53:08Z</time>
        <extensions>
          <ns3:TrackPointExtension>
            <ns3:atemp>15.0</ns3:atemp>
          </ns3:TrackPointExtension>
        </extensions>
      </trkpt>
      <trkpt lat="49.90519425831735" lon="2.737659076228738">
        <ele>42.0</ele>
        <time>2024-09-27T08:53:14Z</time>
        <extensions>
          <ns3:TrackPointExtension>
            <ns3:atemp>15.0</ns3:atemp>
          </ns3:TrackPointExtension>
        </extensions>
      </trkpt>
      <trkpt lat="49.90513248369098" lon="2.7381445560604334">
        <ele>41.79999923706055</ele>
        <time>2024-09-27T08:53:18Z</time>
        <extensions>
          <ns3:TrackPointExtension>
            <ns3:atemp>15.0</ns3:atemp>
          </ns3:TrackPointExtension>
        </extensions>
      </trkpt>
      <trkpt lat="49.90501991473138" lon="2.738405903801322">
        <ele>42.0</ele>
        <time>2024-09-27T08:53:21Z</time>
        <extensions>
          <ns3:TrackPointExtension>
            <ns3:atemp>15.0</ns3:atemp>
          </ns3:TrackPointExtension>
        </extensions>
      </trkpt>
      <trkpt lat="49.904072759673" lon="2.7394592575728893">
        <ele>42.599998474121094</ele>
        <time>2024-09-27T08:53:38Z</time>
        <extensions>
          <ns3:TrackPointExtension>
            <ns3:atemp>15.0</ns3:atemp>
          </ns3:TrackPointExtension>
        </extensions>
      </trkpt>
      <trkpt lat="49.90391903556883" lon="2.7397380396723747">
        <ele>42.599998474121094</ele>
        <time>2024-09-27T08:53:42Z</time>
        <extensions>
          <ns3:TrackPointExtension>
            <ns3:atemp>15.0</ns3:atemp>
          </ns3:TrackPointExtension>
        </extensions>
      </trkpt>
      <trkpt lat="49.90376774221659" lon="2.7401524409651756">
        <ele>43.400001525878906</ele>
        <time>2024-09-27T08:53:48Z</time>
        <extensions>
          <ns3:TrackPointExtension>
            <ns3:atemp>15.0</ns3:atemp>
          </ns3:TrackPointExtension>
        </extensions>
      </trkpt>
      <trkpt lat="49.90364628843963" lon="2.7406707778573036">
        <ele>44.599998474121094</ele>
        <time>2024-09-27T08:53:56Z</time>
        <extensions>
          <ns3:TrackPointExtension>
            <ns3:atemp>15.0</ns3:atemp>
          </ns3:TrackPointExtension>
        </extensions>
      </trkpt>
      <trkpt lat="49.90346599370241" lon="2.741798395290971">
        <ele>45.400001525878906</ele>
        <time>2024-09-27T08:54:11Z</time>
        <extensions>
          <ns3:TrackPointExtension>
            <ns3:atemp>15.0</ns3:atemp>
          </ns3:TrackPointExtension>
        </extensions>
      </trkpt>
      <trkpt lat="49.90307807922363" lon="2.7431028708815575">
        <ele>43.599998474121094</ele>
        <time>2024-09-27T08:54:26Z</time>
        <extensions>
          <ns3:TrackPointExtension>
            <ns3:atemp>15.0</ns3:atemp>
          </ns3:TrackPointExtension>
        </extensions>
      </trkpt>
      <trkpt lat="49.902982944622636" lon="2.7443583961576223">
        <ele>42.599998474121094</ele>
        <time>2024-09-27T08:54:39Z</time>
        <extensions>
          <ns3:TrackPointExtension>
            <ns3:atemp>15.0</ns3:atemp>
          </ns3:TrackPointExtension>
        </extensions>
      </trkpt>
      <trkpt lat="49.9028863850981" lon="2.7448686864227057">
        <ele>42.599998474121094</ele>
        <time>2024-09-27T08:54:45Z</time>
        <extensions>
          <ns3:TrackPointExtension>
            <ns3:atemp>15.0</ns3:atemp>
          </ns3:TrackPointExtension>
        </extensions>
      </trkpt>
      <trkpt lat="49.90267935208976" lon="2.745516858994961">
        <ele>43.20000076293945</ele>
        <time>2024-09-27T08:54:54Z</time>
        <extensions>
          <ns3:TrackPointExtension>
            <ns3:atemp>15.0</ns3:atemp>
          </ns3:TrackPointExtension>
        </extensions>
      </trkpt>
      <trkpt lat="49.90224726498127" lon="2.7466193307191133">
        <ele>45.0</ele>
        <time>2024-09-27T08:55:09Z</time>
        <extensions>
          <ns3:TrackPointExtension>
            <ns3:atemp>15.0</ns3:atemp>
          </ns3:TrackPointExtension>
        </extensions>
      </trkpt>
      <trkpt lat="49.90124445408583" lon="2.749727424234152">
        <ele>46.400001525878906</ele>
        <time>2024-09-27T08:55:47Z</time>
        <extensions>
          <ns3:TrackPointExtension>
            <ns3:atemp>15.0</ns3:atemp>
          </ns3:TrackPointExtension>
        </extensions>
      </trkpt>
      <trkpt lat="49.9007607344538" lon="2.7506278082728386">
        <ele>46.400001525878906</ele>
        <time>2024-09-27T08:56:00Z</time>
        <extensions>
          <ns3:TrackPointExtension>
            <ns3:atemp>15.0</ns3:atemp>
          </ns3:TrackPointExtension>
        </extensions>
      </trkpt>
      <trkpt lat="49.90051413886249" lon="2.7512839436531067">
        <ele>46.0</ele>
        <time>2024-09-27T08:56:08Z</time>
        <extensions>
          <ns3:TrackPointExtension>
            <ns3:atemp>15.0</ns3:atemp>
          </ns3:TrackPointExtension>
        </extensions>
      </trkpt>
      <trkpt lat="49.90037449635565" lon="2.7520363871008158">
        <ele>45.400001525878906</ele>
        <time>2024-09-27T08:56:16Z</time>
        <extensions>
          <ns3:TrackPointExtension>
            <ns3:atemp>15.0</ns3:atemp>
          </ns3:TrackPointExtension>
        </extensions>
      </trkpt>
      <trkpt lat="49.90035865455866" lon="2.752938950434327">
        <ele>45.599998474121094</ele>
        <time>2024-09-27T08:56:25Z</time>
        <extensions>
          <ns3:TrackPointExtension>
            <ns3:atemp>15.0</ns3:atemp>
          </ns3:TrackPointExtension>
        </extensions>
      </trkpt>
      <trkpt lat="49.90029570646584" lon="2.7531428821384907">
        <ele>45.79999923706055</ele>
        <time>2024-09-27T08:56:28Z</time>
        <extensions>
          <ns3:TrackPointExtension>
            <ns3:atemp>15.0</ns3:atemp>
          </ns3:TrackPointExtension>
        </extensions>
      </trkpt>
      <trkpt lat="49.899387611076236" lon="2.7534350752830505">
        <ele>47.0</ele>
        <time>2024-09-27T08:56:44Z</time>
        <extensions>
          <ns3:TrackPointExtension>
            <ns3:atemp>15.0</ns3:atemp>
          </ns3:TrackPointExtension>
        </extensions>
      </trkpt>
      <trkpt lat="49.89859200082719" lon="2.753818966448307">
        <ele>48.0</ele>
        <time>2024-09-27T08:57:03Z</time>
        <extensions>
          <ns3:TrackPointExtension>
            <ns3:atemp>15.0</ns3:atemp>
          </ns3:TrackPointExtension>
        </extensions>
      </trkpt>
      <trkpt lat="49.8976469412446" lon="2.7540291845798492">
        <ele>50.599998474121094</ele>
        <time>2024-09-27T08:57:29Z</time>
        <extensions>
          <ns3:TrackPointExtension>
            <ns3:atemp>15.0</ns3:atemp>
          </ns3:TrackPointExtension>
        </extensions>
      </trkpt>
      <trkpt lat="49.897451642900705" lon="2.754123480990529">
        <ele>51.20000076293945</ele>
        <time>2024-09-27T08:57:34Z</time>
        <extensions>
          <ns3:TrackPointExtension>
            <ns3:atemp>15.0</ns3:atemp>
          </ns3:TrackPointExtension>
        </extensions>
      </trkpt>
      <trkpt lat="49.897186774760485" lon="2.7543476969003677">
        <ele>52.400001525878906</ele>
        <time>2024-09-27T08:57:43Z</time>
        <extensions>
          <ns3:TrackPointExtension>
            <ns3:atemp>15.0</ns3:atemp>
          </ns3:TrackPointExtension>
        </extensions>
      </trkpt>
      <trkpt lat="49.896770026534796" lon="2.754861591383815">
        <ele>55.599998474121094</ele>
        <time>2024-09-27T08:58:02Z</time>
        <extensions>
          <ns3:TrackPointExtension>
            <ns3:atemp>15.0</ns3:atemp>
          </ns3:TrackPointExtension>
        </extensions>
      </trkpt>
      <trkpt lat="49.89605295471847" lon="2.7555529307574034">
        <ele>62.599998474121094</ele>
        <time>2024-09-27T08:58:34Z</time>
        <extensions>
          <ns3:TrackPointExtension>
            <ns3:atemp>15.0</ns3:atemp>
          </ns3:TrackPointExtension>
        </extensions>
      </trkpt>
      <trkpt lat="49.89520965144038" lon="2.7566170133650303">
        <ele>68.4000015258789</ele>
        <time>2024-09-27T08:59:22Z</time>
        <extensions>
          <ns3:TrackPointExtension>
            <ns3:atemp>15.0</ns3:atemp>
          </ns3:TrackPointExtension>
        </extensions>
      </trkpt>
      <trkpt lat="49.894664911553264" lon="2.757174326106906">
        <ele>69.80000305175781</ele>
        <time>2024-09-27T08:59:43Z</time>
        <extensions>
          <ns3:TrackPointExtension>
            <ns3:atemp>15.0</ns3:atemp>
          </ns3:TrackPointExtension>
        </extensions>
      </trkpt>
      <trkpt lat="49.89193928427994" lon="2.7607654687017202">
        <ele>79.5999984741211</ele>
        <time>2024-09-27T09:01:29Z</time>
        <extensions>
          <ns3:TrackPointExtension>
            <ns3:atemp>15.0</ns3:atemp>
          </ns3:TrackPointExtension>
        </extensions>
      </trkpt>
      <trkpt lat="49.89036172628403" lon="2.7624795679003">
        <ele>82.0</ele>
        <time>2024-09-27T09:02:20Z</time>
        <extensions>
          <ns3:TrackPointExtension>
            <ns3:atemp>14.0</ns3:atemp>
          </ns3:TrackPointExtension>
        </extensions>
      </trkpt>
      <trkpt lat="49.88886673003435" lon="2.7642054855823517">
        <ele>82.5999984741211</ele>
        <time>2024-09-27T09:02:59Z</time>
        <extensions>
          <ns3:TrackPointExtension>
            <ns3:atemp>14.0</ns3:atemp>
          </ns3:TrackPointExtension>
        </extensions>
      </trkpt>
      <trkpt lat="49.88790943287313" lon="2.76557601056993">
        <ele>82.80000305175781</ele>
        <time>2024-09-27T09:03:25Z</time>
        <extensions>
          <ns3:TrackPointExtension>
            <ns3:atemp>14.0</ns3:atemp>
          </ns3:TrackPointExtension>
        </extensions>
      </trkpt>
      <trkpt lat="49.88696403801441" lon="2.7672331128269434">
        <ele>82.80000305175781</ele>
        <time>2024-09-27T09:03:54Z</time>
        <extensions>
          <ns3:TrackPointExtension>
            <ns3:atemp>14.0</ns3:atemp>
          </ns3:TrackPointExtension>
        </extensions>
      </trkpt>
      <trkpt lat="49.886254174634814" lon="2.7683734707534313">
        <ele>83.0</ele>
        <time>2024-09-27T09:04:15Z</time>
        <extensions>
          <ns3:TrackPointExtension>
            <ns3:atemp>14.0</ns3:atemp>
          </ns3:TrackPointExtension>
        </extensions>
      </trkpt>
      <trkpt lat="49.88602174445987" lon="2.768611516803503">
        <ele>81.5999984741211</ele>
        <time>2024-09-27T09:04:20Z</time>
        <extensions>
          <ns3:TrackPointExtension>
            <ns3:atemp>14.0</ns3:atemp>
          </ns3:TrackPointExtension>
        </extensions>
      </trkpt>
      <trkpt lat="49.885808592662215" lon="2.7687448728829622">
        <ele>80.5999984741211</ele>
        <time>2024-09-27T09:04:24Z</time>
        <extensions>
          <ns3:TrackPointExtension>
            <ns3:atemp>14.0</ns3:atemp>
          </ns3:TrackPointExtension>
        </extensions>
      </trkpt>
      <trkpt lat="49.88493972457945" lon="2.7689459547400475">
        <ele>78.4000015258789</ele>
        <time>2024-09-27T09:04:39Z</time>
        <extensions>
          <ns3:TrackPointExtension>
            <ns3:atemp>14.0</ns3:atemp>
          </ns3:TrackPointExtension>
        </extensions>
      </trkpt>
      <trkpt lat="49.884445276111364" lon="2.7691465336829424">
        <ele>76.4000015258789</ele>
        <time>2024-09-27T09:04:47Z</time>
        <extensions>
          <ns3:TrackPointExtension>
            <ns3:atemp>14.0</ns3:atemp>
          </ns3:TrackPointExtension>
        </extensions>
      </trkpt>
      <trkpt lat="49.88387815654278" lon="2.769532101228833">
        <ele>75.4000015258789</ele>
        <time>2024-09-27T09:04:57Z</time>
        <extensions>
          <ns3:TrackPointExtension>
            <ns3:atemp>14.0</ns3:atemp>
          </ns3:TrackPointExtension>
        </extensions>
      </trkpt>
      <trkpt lat="49.88337557762861" lon="2.7699601650238037">
        <ele>74.5999984741211</ele>
        <time>2024-09-27T09:05:07Z</time>
        <extensions>
          <ns3:TrackPointExtension>
            <ns3:atemp>14.0</ns3:atemp>
          </ns3:TrackPointExtension>
        </extensions>
      </trkpt>
      <trkpt lat="49.882980454713106" lon="2.7704332396388054">
        <ele>74.80000305175781</ele>
        <time>2024-09-27T09:05:16Z</time>
        <extensions>
          <ns3:TrackPointExtension>
            <ns3:atemp>14.0</ns3:atemp>
          </ns3:TrackPointExtension>
        </extensions>
      </trkpt>
      <trkpt lat="49.880339819937944" lon="2.774102920666337">
        <ele>79.0</ele>
        <time>2024-09-27T09:06:37Z</time>
        <extensions>
          <ns3:TrackPointExtension>
            <ns3:atemp>14.0</ns3:atemp>
          </ns3:TrackPointExtension>
        </extensions>
      </trkpt>
      <trkpt lat="49.87978736869991" lon="2.774759726598859">
        <ele>79.80000305175781</ele>
        <time>2024-09-27T09:06:51Z</time>
        <extensions>
          <ns3:TrackPointExtension>
            <ns3:atemp>14.0</ns3:atemp>
          </ns3:TrackPointExtension>
        </extensions>
      </trkpt>
      <trkpt lat="49.879215555265546" lon="2.775290636345744">
        <ele>81.4000015258789</ele>
        <time>2024-09-27T09:07:07Z</time>
        <extensions>
          <ns3:TrackPointExtension>
            <ns3:atemp>14.0</ns3:atemp>
          </ns3:TrackPointExtension>
        </extensions>
      </trkpt>
      <trkpt lat="49.87818424589932" lon="2.775921793654561">
        <ele>81.4000015258789</ele>
        <time>2024-09-27T09:07:32Z</time>
        <extensions>
          <ns3:TrackPointExtension>
            <ns3:atemp>14.0</ns3:atemp>
          </ns3:TrackPointExtension>
        </extensions>
      </trkpt>
      <trkpt lat="49.877836648374796" lon="2.776055485010147">
        <ele>81.4000015258789</ele>
        <time>2024-09-27T09:07:39Z</time>
        <extensions>
          <ns3:TrackPointExtension>
            <ns3:atemp>14.0</ns3:atemp>
          </ns3:TrackPointExtension>
        </extensions>
      </trkpt>
      <trkpt lat="49.877572702243924" lon="2.7761021722108126">
        <ele>81.19999694824219</ele>
        <time>2024-09-27T09:07:44Z</time>
        <extensions>
          <ns3:TrackPointExtension>
            <ns3:atemp>14.0</ns3:atemp>
          </ns3:TrackPointExtension>
        </extensions>
      </trkpt>
      <trkpt lat="49.876800226047635" lon="2.7761452551931143">
        <ele>81.4000015258789</ele>
        <time>2024-09-27T09:07:59Z</time>
        <extensions>
          <ns3:TrackPointExtension>
            <ns3:atemp>14.0</ns3:atemp>
          </ns3:TrackPointExtension>
        </extensions>
      </trkpt>
      <trkpt lat="49.875868828967214" lon="2.776113571599126">
        <ele>82.0</ele>
        <time>2024-09-27T09:08:15Z</time>
        <extensions>
          <ns3:TrackPointExtension>
            <ns3:atemp>14.0</ns3:atemp>
          </ns3:TrackPointExtension>
        </extensions>
      </trkpt>
      <trkpt lat="49.87480985932052" lon="2.7760218735784292">
        <ele>82.4000015258789</ele>
        <time>2024-09-27T09:08:35Z</time>
        <extensions>
          <ns3:TrackPointExtension>
            <ns3:atemp>14.0</ns3:atemp>
          </ns3:TrackPointExtension>
        </extensions>
      </trkpt>
      <trkpt lat="49.87444616854191" lon="2.7758843265473843">
        <ele>81.5999984741211</ele>
        <time>2024-09-27T09:09:03Z</time>
        <extensions>
          <ns3:TrackPointExtension>
            <ns3:atemp>15.0</ns3:atemp>
          </ns3:TrackPointExtension>
        </extensions>
      </trkpt>
      <trkpt lat="49.87343983724713" lon="2.7759361267089844">
        <ele>81.80000305175781</ele>
        <time>2024-09-27T09:09:27Z</time>
        <extensions>
          <ns3:TrackPointExtension>
            <ns3:atemp>15.0</ns3:atemp>
          </ns3:TrackPointExtension>
        </extensions>
      </trkpt>
      <trkpt lat="49.8728768248111" lon="2.776079624891281">
        <ele>82.4000015258789</ele>
        <time>2024-09-27T09:09:39Z</time>
        <extensions>
          <ns3:TrackPointExtension>
            <ns3:atemp>15.0</ns3:atemp>
          </ns3:TrackPointExtension>
        </extensions>
      </trkpt>
      <trkpt lat="49.872497878968716" lon="2.776097310706973">
        <ele>82.0</ele>
        <time>2024-09-27T09:09:47Z</time>
        <extensions>
          <ns3:TrackPointExtension>
            <ns3:atemp>15.0</ns3:atemp>
          </ns3:TrackPointExtension>
        </extensions>
      </trkpt>
      <trkpt lat="49.87199387513101" lon="2.77601458132267">
        <ele>82.19999694824219</ele>
        <time>2024-09-27T09:09:57Z</time>
        <extensions>
          <ns3:TrackPointExtension>
            <ns3:atemp>15.0</ns3:atemp>
          </ns3:TrackPointExtension>
        </extensions>
      </trkpt>
      <trkpt lat="49.8716748598963" lon="2.7758751064538956">
        <ele>81.5999984741211</ele>
        <time>2024-09-27T09:10:04Z</time>
        <extensions>
          <ns3:TrackPointExtension>
            <ns3:atemp>15.0</ns3:atemp>
          </ns3:TrackPointExtension>
        </extensions>
      </trkpt>
      <trkpt lat="49.87143664620817" lon="2.7757481206208467">
        <ele>81.5999984741211</ele>
        <time>2024-09-27T09:10:10Z</time>
        <extensions>
          <ns3:TrackPointExtension>
            <ns3:atemp>15.0</ns3:atemp>
          </ns3:TrackPointExtension>
        </extensions>
      </trkpt>
      <trkpt lat="49.87066341564059" lon="2.7751770615577698">
        <ele>81.80000305175781</ele>
        <time>2024-09-27T09:10:27Z</time>
        <extensions>
          <ns3:TrackPointExtension>
            <ns3:atemp>15.0</ns3:atemp>
          </ns3:TrackPointExtension>
        </extensions>
      </trkpt>
      <trkpt lat="49.870468536391854" lon="2.775087207555771">
        <ele>82.0</ele>
        <time>2024-09-27T09:10:31Z</time>
        <extensions>
          <ns3:TrackPointExtension>
            <ns3:atemp>15.0</ns3:atemp>
          </ns3:TrackPointExtension>
        </extensions>
      </trkpt>
      <trkpt lat="49.87019218504429" lon="2.77502266690135">
        <ele>82.19999694824219</ele>
        <time>2024-09-27T09:10:37Z</time>
        <extensions>
          <ns3:TrackPointExtension>
            <ns3:atemp>15.0</ns3:atemp>
          </ns3:TrackPointExtension>
        </extensions>
      </trkpt>
      <trkpt lat="49.869795218110085" lon="2.7750058192759752">
        <ele>82.80000305175781</ele>
        <time>2024-09-27T09:10:46Z</time>
        <extensions>
          <ns3:TrackPointExtension>
            <ns3:atemp>15.0</ns3:atemp>
          </ns3:TrackPointExtension>
        </extensions>
      </trkpt>
      <trkpt lat="49.86690077930689" lon="2.7758972346782684">
        <ele>82.5999984741211</ele>
        <time>2024-09-27T09:11:45Z</time>
        <extensions>
          <ns3:TrackPointExtension>
            <ns3:atemp>15.0</ns3:atemp>
          </ns3:TrackPointExtension>
        </extensions>
      </trkpt>
      <trkpt lat="49.866136936470866" lon="2.7761866617947817">
        <ele>83.19999694824219</ele>
        <time>2024-09-27T09:12:02Z</time>
        <extensions>
          <ns3:TrackPointExtension>
            <ns3:atemp>15.0</ns3:atemp>
          </ns3:TrackPointExtension>
        </extensions>
      </trkpt>
      <trkpt lat="49.865661431103945" lon="2.7764806151390076">
        <ele>83.80000305175781</ele>
        <time>2024-09-27T09:12:13Z</time>
        <extensions>
          <ns3:TrackPointExtension>
            <ns3:atemp>15.0</ns3:atemp>
          </ns3:TrackPointExtension>
        </extensions>
      </trkpt>
      <trkpt lat="49.86530142836273" lon="2.7767863869667053">
        <ele>84.19999694824219</ele>
        <time>2024-09-27T09:12:22Z</time>
        <extensions>
          <ns3:TrackPointExtension>
            <ns3:atemp>15.0</ns3:atemp>
          </ns3:TrackPointExtension>
        </extensions>
      </trkpt>
      <trkpt lat="49.86401656642556" lon="2.7781372144818306">
        <ele>81.4000015258789</ele>
        <time>2024-09-27T09:12:51Z</time>
        <extensions>
          <ns3:TrackPointExtension>
            <ns3:atemp>15.0</ns3:atemp>
          </ns3:TrackPointExtension>
        </extensions>
      </trkpt>
      <trkpt lat="49.863581294193864" lon="2.778535522520542">
        <ele>79.19999694824219</ele>
        <time>2024-09-27T09:12:58Z</time>
        <extensions>
          <ns3:TrackPointExtension>
            <ns3:atemp>15.0</ns3:atemp>
          </ns3:TrackPointExtension>
        </extensions>
      </trkpt>
      <trkpt lat="49.86262584105134" lon="2.7792484872043133">
        <ele>77.0</ele>
        <time>2024-09-27T09:13:12Z</time>
        <extensions>
          <ns3:TrackPointExtension>
            <ns3:atemp>15.0</ns3:atemp>
          </ns3:TrackPointExtension>
        </extensions>
      </trkpt>
      <trkpt lat="49.86185051500797" lon="2.779771015048027">
        <ele>78.19999694824219</ele>
        <time>2024-09-27T09:13:26Z</time>
        <extensions>
          <ns3:TrackPointExtension>
            <ns3:atemp>15.0</ns3:atemp>
          </ns3:TrackPointExtension>
        </extensions>
      </trkpt>
      <trkpt lat="49.8607109952718" lon="2.780443662777543">
        <ele>82.19999694824219</ele>
        <time>2024-09-27T09:13:59Z</time>
        <extensions>
          <ns3:TrackPointExtension>
            <ns3:atemp>15.0</ns3:atemp>
          </ns3:TrackPointExtension>
        </extensions>
      </trkpt>
      <trkpt lat="49.86027832143009" lon="2.7806311659514904">
        <ele>82.5999984741211</ele>
        <time>2024-09-27T09:14:11Z</time>
        <extensions>
          <ns3:TrackPointExtension>
            <ns3:atemp>15.0</ns3:atemp>
          </ns3:TrackPointExtension>
        </extensions>
      </trkpt>
      <trkpt lat="49.859521351754665" lon="2.7808293979614973">
        <ele>83.4000015258789</ele>
        <time>2024-09-27T09:14:32Z</time>
        <extensions>
          <ns3:TrackPointExtension>
            <ns3:atemp>15.0</ns3:atemp>
          </ns3:TrackPointExtension>
        </extensions>
      </trkpt>
      <trkpt lat="49.85709797590971" lon="2.781332228332758">
        <ele>86.80000305175781</ele>
        <time>2024-09-27T09:15:38Z</time>
        <extensions>
          <ns3:TrackPointExtension>
            <ns3:atemp>15.0</ns3:atemp>
          </ns3:TrackPointExtension>
        </extensions>
      </trkpt>
      <trkpt lat="49.85634930431843" lon="2.7813197392970324">
        <ele>84.5999984741211</ele>
        <time>2024-09-27T09:15:51Z</time>
        <extensions>
          <ns3:TrackPointExtension>
            <ns3:atemp>15.0</ns3:atemp>
          </ns3:TrackPointExtension>
        </extensions>
      </trkpt>
      <trkpt lat="49.85536778345704" lon="2.781115472316742">
        <ele>85.5999984741211</ele>
        <time>2024-09-27T09:16:16Z</time>
        <extensions>
          <ns3:TrackPointExtension>
            <ns3:atemp>15.0</ns3:atemp>
          </ns3:TrackPointExtension>
        </extensions>
      </trkpt>
      <trkpt lat="49.854760179296136" lon="2.7810664381831884">
        <ele>85.80000305175781</ele>
        <time>2024-09-27T09:16:33Z</time>
        <extensions>
          <ns3:TrackPointExtension>
            <ns3:atemp>15.0</ns3:atemp>
          </ns3:TrackPointExtension>
        </extensions>
      </trkpt>
      <trkpt lat="49.85425558872521" lon="2.781102145090699">
        <ele>86.0</ele>
        <time>2024-09-27T09:16:45Z</time>
        <extensions>
          <ns3:TrackPointExtension>
            <ns3:atemp>15.0</ns3:atemp>
          </ns3:TrackPointExtension>
        </extensions>
      </trkpt>
      <trkpt lat="49.85347934067249" lon="2.7812549471855164">
        <ele>87.0</ele>
        <time>2024-09-27T09:17:04Z</time>
        <extensions>
          <ns3:TrackPointExtension>
            <ns3:atemp>15.0</ns3:atemp>
          </ns3:TrackPointExtension>
        </extensions>
      </trkpt>
      <trkpt lat="49.85278230160475" lon="2.7814501617103815">
        <ele>87.0</ele>
        <time>2024-09-27T09:17:23Z</time>
        <extensions>
          <ns3:TrackPointExtension>
            <ns3:atemp>15.0</ns3:atemp>
          </ns3:TrackPointExtension>
        </extensions>
      </trkpt>
      <trkpt lat="49.851338770240545" lon="2.782050222158432">
        <ele>87.0</ele>
        <time>2024-09-27T09:17:55Z</time>
        <extensions>
          <ns3:TrackPointExtension>
            <ns3:atemp>15.0</ns3:atemp>
          </ns3:TrackPointExtension>
        </extensions>
      </trkpt>
      <trkpt lat="49.849263075739145" lon="2.782478202134371">
        <ele>87.4000015258789</ele>
        <time>2024-09-27T09:18:34Z</time>
        <extensions>
          <ns3:TrackPointExtension>
            <ns3:atemp>15.0</ns3:atemp>
          </ns3:TrackPointExtension>
        </extensions>
      </trkpt>
      <trkpt lat="49.84753933735192" lon="2.782974075525999">
        <ele>88.5999984741211</ele>
        <time>2024-09-27T09:19:09Z</time>
        <extensions>
          <ns3:TrackPointExtension>
            <ns3:atemp>15.0</ns3:atemp>
          </ns3:TrackPointExtension>
        </extensions>
      </trkpt>
      <trkpt lat="49.846136793494225" lon="2.7835629042237997">
        <ele>88.80000305175781</ele>
        <time>2024-09-27T09:19:34Z</time>
        <extensions>
          <ns3:TrackPointExtension>
            <ns3:atemp>15.0</ns3:atemp>
          </ns3:TrackPointExtension>
        </extensions>
      </trkpt>
      <trkpt lat="49.844923513010144" lon="2.7839373238384724">
        <ele>88.0</ele>
        <time>2024-09-27T09:19:55Z</time>
        <extensions>
          <ns3:TrackPointExtension>
            <ns3:atemp>15.0</ns3:atemp>
          </ns3:TrackPointExtension>
        </extensions>
      </trkpt>
      <trkpt lat="49.84468110837042" lon="2.7840830851346254">
        <ele>88.19999694824219</ele>
        <time>2024-09-27T09:20:00Z</time>
        <extensions>
          <ns3:TrackPointExtension>
            <ns3:atemp>15.0</ns3:atemp>
          </ns3:TrackPointExtension>
        </extensions>
      </trkpt>
      <trkpt lat="49.84446167014539" lon="2.784112337976694">
        <ele>88.0</ele>
        <time>2024-09-27T09:20:04Z</time>
        <extensions>
          <ns3:TrackPointExtension>
            <ns3:atemp>15.0</ns3:atemp>
          </ns3:TrackPointExtension>
        </extensions>
      </trkpt>
      <trkpt lat="49.844352286309004" lon="2.7842943090945482">
        <ele>87.80000305175781</ele>
        <time>2024-09-27T09:20:07Z</time>
        <extensions>
          <ns3:TrackPointExtension>
            <ns3:atemp>15.0</ns3:atemp>
          </ns3:TrackPointExtension>
        </extensions>
      </trkpt>
      <trkpt lat="49.84428757801652" lon="2.7848166693001986">
        <ele>87.19999694824219</ele>
        <time>2024-09-27T09:20:12Z</time>
        <extensions>
          <ns3:TrackPointExtension>
            <ns3:atemp>15.0</ns3:atemp>
          </ns3:TrackPointExtension>
        </extensions>
      </trkpt>
      <trkpt lat="49.8440829757601" lon="2.7855449728667736">
        <ele>87.19999694824219</ele>
        <time>2024-09-27T09:20:19Z</time>
        <extensions>
          <ns3:TrackPointExtension>
            <ns3:atemp>15.0</ns3:atemp>
          </ns3:TrackPointExtension>
        </extensions>
      </trkpt>
      <trkpt lat="49.84387703239918" lon="2.785838171839714">
        <ele>87.4000015258789</ele>
        <time>2024-09-27T09:20:23Z</time>
        <extensions>
          <ns3:TrackPointExtension>
            <ns3:atemp>15.0</ns3:atemp>
          </ns3:TrackPointExtension>
        </extensions>
      </trkpt>
      <trkpt lat="49.8434111662209" lon="2.7862344682216644">
        <ele>87.19999694824219</ele>
        <time>2024-09-27T09:20:31Z</time>
        <extensions>
          <ns3:TrackPointExtension>
            <ns3:atemp>15.0</ns3:atemp>
          </ns3:TrackPointExtension>
        </extensions>
      </trkpt>
      <trkpt lat="49.84067874960601" lon="2.787637682631612">
        <ele>87.80000305175781</ele>
        <time>2024-09-27T09:21:29Z</time>
        <extensions>
          <ns3:TrackPointExtension>
            <ns3:atemp>15.0</ns3:atemp>
          </ns3:TrackPointExtension>
        </extensions>
      </trkpt>
      <trkpt lat="49.83932272531092" lon="2.7878751419484615">
        <ele>87.4000015258789</ele>
        <time>2024-09-27T09:21:58Z</time>
        <extensions>
          <ns3:TrackPointExtension>
            <ns3:atemp>15.0</ns3:atemp>
          </ns3:TrackPointExtension>
        </extensions>
      </trkpt>
      <trkpt lat="49.83903841115534" lon="2.787978909909725">
        <ele>87.80000305175781</ele>
        <time>2024-09-27T09:22:05Z</time>
        <extensions>
          <ns3:TrackPointExtension>
            <ns3:atemp>15.0</ns3:atemp>
          </ns3:TrackPointExtension>
        </extensions>
      </trkpt>
      <trkpt lat="49.83551968820393" lon="2.790038511157036">
        <ele>87.4000015258789</ele>
        <time>2024-09-27T09:23:28Z</time>
        <extensions>
          <ns3:TrackPointExtension>
            <ns3:atemp>15.0</ns3:atemp>
          </ns3:TrackPointExtension>
        </extensions>
      </trkpt>
      <trkpt lat="49.83497679233551" lon="2.7902886271476746">
        <ele>87.0</ele>
        <time>2024-09-27T09:23:42Z</time>
        <extensions>
          <ns3:TrackPointExtension>
            <ns3:atemp>15.0</ns3:atemp>
          </ns3:TrackPointExtension>
        </extensions>
      </trkpt>
      <trkpt lat="49.83454378321767" lon="2.790328608825803">
        <ele>86.5999984741211</ele>
        <time>2024-09-27T09:23:52Z</time>
        <extensions>
          <ns3:TrackPointExtension>
            <ns3:atemp>15.0</ns3:atemp>
          </ns3:TrackPointExtension>
        </extensions>
      </trkpt>
      <trkpt lat="49.83413726091385" lon="2.790210759267211">
        <ele>86.80000305175781</ele>
        <time>2024-09-27T09:24:03Z</time>
        <extensions>
          <ns3:TrackPointExtension>
            <ns3:atemp>15.0</ns3:atemp>
          </ns3:TrackPointExtension>
        </extensions>
      </trkpt>
      <trkpt lat="49.831571727991104" lon="2.7887106500566006">
        <ele>87.0</ele>
        <time>2024-09-27T09:25:22Z</time>
        <extensions>
          <ns3:TrackPointExtension>
            <ns3:atemp>15.0</ns3:atemp>
          </ns3:TrackPointExtension>
        </extensions>
      </trkpt>
      <trkpt lat="49.83121734112501" lon="2.7885777130723">
        <ele>86.4000015258789</ele>
        <time>2024-09-27T09:25:31Z</time>
        <extensions>
          <ns3:TrackPointExtension>
            <ns3:atemp>15.0</ns3:atemp>
          </ns3:TrackPointExtension>
        </extensions>
      </trkpt>
      <trkpt lat="49.83089773915708" lon="2.788543850183487">
        <ele>85.80000305175781</ele>
        <time>2024-09-27T09:25:38Z</time>
        <extensions>
          <ns3:TrackPointExtension>
            <ns3:atemp>15.0</ns3:atemp>
          </ns3:TrackPointExtension>
        </extensions>
      </trkpt>
      <trkpt lat="49.82930081896484" lon="2.788728503510356">
        <ele>85.4000015258789</ele>
        <time>2024-09-27T09:26:11Z</time>
        <extensions>
          <ns3:TrackPointExtension>
            <ns3:atemp>15.0</ns3:atemp>
          </ns3:TrackPointExtension>
        </extensions>
      </trkpt>
      <trkpt lat="49.8285377305001" lon="2.788757001981139">
        <ele>86.19999694824219</ele>
        <time>2024-09-27T09:26:30Z</time>
        <extensions>
          <ns3:TrackPointExtension>
            <ns3:atemp>15.0</ns3:atemp>
          </ns3:TrackPointExtension>
        </extensions>
      </trkpt>
      <trkpt lat="49.827927611768246" lon="2.788855992257595">
        <ele>86.80000305175781</ele>
        <time>2024-09-27T09:26:48Z</time>
        <extensions>
          <ns3:TrackPointExtension>
            <ns3:atemp>15.0</ns3:atemp>
          </ns3:TrackPointExtension>
        </extensions>
      </trkpt>
      <trkpt lat="49.82761446386576" lon="2.788989767432213">
        <ele>86.5999984741211</ele>
        <time>2024-09-27T09:26:56Z</time>
        <extensions>
          <ns3:TrackPointExtension>
            <ns3:atemp>15.0</ns3:atemp>
          </ns3:TrackPointExtension>
        </extensions>
      </trkpt>
      <trkpt lat="49.82627151533961" lon="2.7897782530635595">
        <ele>88.19999694824219</ele>
        <time>2024-09-27T09:27:27Z</time>
        <extensions>
          <ns3:TrackPointExtension>
            <ns3:atemp>16.0</ns3:atemp>
          </ns3:TrackPointExtension>
        </extensions>
      </trkpt>
      <trkpt lat="49.82584294863045" lon="2.7899762336164713">
        <ele>87.80000305175781</ele>
        <time>2024-09-27T09:27:36Z</time>
        <extensions>
          <ns3:TrackPointExtension>
            <ns3:atemp>16.0</ns3:atemp>
          </ns3:TrackPointExtension>
        </extensions>
      </trkpt>
      <trkpt lat="49.82525881379843" lon="2.7901491522789">
        <ele>89.0</ele>
        <time>2024-09-27T09:27:49Z</time>
        <extensions>
          <ns3:TrackPointExtension>
            <ns3:atemp>16.0</ns3:atemp>
          </ns3:TrackPointExtension>
        </extensions>
      </trkpt>
      <trkpt lat="49.82406288385391" lon="2.7903878688812256">
        <ele>92.80000305175781</ele>
        <time>2024-09-27T09:28:26Z</time>
        <extensions>
          <ns3:TrackPointExtension>
            <ns3:atemp>16.0</ns3:atemp>
          </ns3:TrackPointExtension>
        </extensions>
      </trkpt>
      <trkpt lat="49.82374805957079" lon="2.7905932255089283">
        <ele>94.4000015258789</ele>
        <time>2024-09-27T09:28:38Z</time>
        <extensions>
          <ns3:TrackPointExtension>
            <ns3:atemp>16.0</ns3:atemp>
          </ns3:TrackPointExtension>
        </extensions>
      </trkpt>
      <trkpt lat="49.82278288342059" lon="2.791457064449787">
        <ele>99.4000015258789</ele>
        <time>2024-09-27T09:29:16Z</time>
        <extensions>
          <ns3:TrackPointExtension>
            <ns3:atemp>16.0</ns3:atemp>
          </ns3:TrackPointExtension>
        </extensions>
      </trkpt>
      <trkpt lat="49.822223391383886" lon="2.7920168917626143">
        <ele>99.0</ele>
        <time>2024-09-27T09:29:30Z</time>
        <extensions>
          <ns3:TrackPointExtension>
            <ns3:atemp>16.0</ns3:atemp>
          </ns3:TrackPointExtension>
        </extensions>
      </trkpt>
      <trkpt lat="49.82192591764033" lon="2.7924300357699394">
        <ele>99.0</ele>
        <time>2024-09-27T09:29:37Z</time>
        <extensions>
          <ns3:TrackPointExtension>
            <ns3:atemp>16.0</ns3:atemp>
          </ns3:TrackPointExtension>
        </extensions>
      </trkpt>
      <trkpt lat="49.82159927487373" lon="2.79318256303668">
        <ele>97.80000305175781</ele>
        <time>2024-09-27T09:29:47Z</time>
        <extensions>
          <ns3:TrackPointExtension>
            <ns3:atemp>16.0</ns3:atemp>
          </ns3:TrackPointExtension>
        </extensions>
      </trkpt>
      <trkpt lat="49.821082446724176" lon="2.7950130868703127">
        <ele>96.0</ele>
        <time>2024-09-27T09:30:08Z</time>
        <extensions>
          <ns3:TrackPointExtension>
            <ns3:atemp>16.0</ns3:atemp>
          </ns3:TrackPointExtension>
        </extensions>
      </trkpt>
      <trkpt lat="49.82093886472285" lon="2.79542145319283">
        <ele>96.19999694824219</ele>
        <time>2024-09-27T09:30:12Z</time>
        <extensions>
          <ns3:TrackPointExtension>
            <ns3:atemp>16.0</ns3:atemp>
          </ns3:TrackPointExtension>
        </extensions>
      </trkpt>
      <trkpt lat="49.82080550864339" lon="2.7956857345998287">
        <ele>96.80000305175781</ele>
        <time>2024-09-27T09:30:15Z</time>
        <extensions>
          <ns3:TrackPointExtension>
            <ns3:atemp>16.0</ns3:atemp>
          </ns3:TrackPointExtension>
        </extensions>
      </trkpt>
      <trkpt lat="49.82048992998898" lon="2.7960530295968056">
        <ele>97.19999694824219</ele>
        <time>2024-09-27T09:30:21Z</time>
        <extensions>
          <ns3:TrackPointExtension>
            <ns3:atemp>16.0</ns3:atemp>
          </ns3:TrackPointExtension>
        </extensions>
      </trkpt>
      <trkpt lat="49.81893860734999" lon="2.79754844494164">
        <ele>101.80000305175781</ele>
        <time>2024-09-27T09:30:56Z</time>
        <extensions>
          <ns3:TrackPointExtension>
            <ns3:atemp>16.0</ns3:atemp>
          </ns3:TrackPointExtension>
        </extensions>
      </trkpt>
      <trkpt lat="49.818732077255845" lon="2.797597646713257">
        <ele>102.5999984741211</ele>
        <time>2024-09-27T09:31:05Z</time>
        <extensions>
          <ns3:TrackPointExtension>
            <ns3:atemp>16.0</ns3:atemp>
          </ns3:TrackPointExtension>
        </extensions>
      </trkpt>
      <trkpt lat="49.818556224927306" lon="2.797860335558653">
        <ele>103.4000015258789</ele>
        <time>2024-09-27T09:31:12Z</time>
        <extensions>
          <ns3:TrackPointExtension>
            <ns3:atemp>16.0</ns3:atemp>
          </ns3:TrackPointExtension>
        </extensions>
      </trkpt>
      <trkpt lat="49.81794769875705" lon="2.79852032661438">
        <ele>103.4000015258789</ele>
        <time>2024-09-27T09:31:28Z</time>
        <extensions>
          <ns3:TrackPointExtension>
            <ns3:atemp>17.0</ns3:atemp>
          </ns3:TrackPointExtension>
        </extensions>
      </trkpt>
      <trkpt lat="49.8179364670068" lon="2.7986768167465925">
        <ele>103.5999984741211</ele>
        <time>2024-09-27T09:31:31Z</time>
        <extensions>
          <ns3:TrackPointExtension>
            <ns3:atemp>17.0</ns3:atemp>
          </ns3:TrackPointExtension>
        </extensions>
      </trkpt>
      <trkpt lat="49.818242993205786" lon="2.7992797270417213">
        <ele>103.80000305175781</ele>
        <time>2024-09-27T09:31:45Z</time>
        <extensions>
          <ns3:TrackPointExtension>
            <ns3:atemp>17.0</ns3:atemp>
          </ns3:TrackPointExtension>
        </extensions>
      </trkpt>
      <trkpt lat="49.818254224956036" lon="2.7992348838597536">
        <ele>103.80000305175781</ele>
        <time>2024-09-27T09:31:47Z</time>
        <extensions>
          <ns3:TrackPointExtension>
            <ns3:atemp>17.0</ns3:atemp>
          </ns3:TrackPointExtension>
        </extensions>
      </trkpt>
      <trkpt lat="49.81821642257273" lon="2.7991586923599243">
        <ele>103.5999984741211</ele>
        <time>2024-09-27T09:31:50Z</time>
        <extensions>
          <ns3:TrackPointExtension>
            <ns3:atemp>17.0</ns3:atemp>
          </ns3:TrackPointExtension>
        </extensions>
      </trkpt>
      <trkpt lat="49.81791886501014" lon="2.7985925786197186">
        <ele>103.4000015258789</ele>
        <time>2024-09-27T09:32:22Z</time>
        <extensions>
          <ns3:TrackPointExtension>
            <ns3:atemp>17.0</ns3:atemp>
          </ns3:TrackPointExtension>
        </extensions>
      </trkpt>
      <trkpt lat="49.81788500212133" lon="2.798576820641756">
        <ele>103.5999984741211</ele>
        <time>2024-09-27T09:32:24Z</time>
        <extensions>
          <ns3:TrackPointExtension>
            <ns3:atemp>17.0</ns3:atemp>
          </ns3:TrackPointExtension>
        </extensions>
      </trkpt>
      <trkpt lat="49.81709400191903" lon="2.7994254045188427">
        <ele>104.5999984741211</ele>
        <time>2024-09-27T09:32:44Z</time>
        <extensions>
          <ns3:TrackPointExtension>
            <ns3:atemp>17.0</ns3:atemp>
          </ns3:TrackPointExtension>
        </extensions>
      </trkpt>
      <trkpt lat="49.81691496446729" lon="2.799682980403304">
        <ele>104.4000015258789</ele>
        <time>2024-09-27T09:32:48Z</time>
        <extensions>
          <ns3:TrackPointExtension>
            <ns3:atemp>17.0</ns3:atemp>
          </ns3:TrackPointExtension>
        </extensions>
      </trkpt>
      <trkpt lat="49.81670608744025" lon="2.800189834088087">
        <ele>104.19999694824219</ele>
        <time>2024-09-27T09:32:54Z</time>
        <extensions>
          <ns3:TrackPointExtension>
            <ns3:atemp>17.0</ns3:atemp>
          </ns3:TrackPointExtension>
        </extensions>
      </trkpt>
      <trkpt lat="49.8162751737982" lon="2.801677705720067">
        <ele>102.0</ele>
        <time>2024-09-27T09:33:10Z</time>
        <extensions>
          <ns3:TrackPointExtension>
            <ns3:atemp>17.0</ns3:atemp>
          </ns3:TrackPointExtension>
        </extensions>
      </trkpt>
      <trkpt lat="49.81549238786101" lon="2.8036122489720583">
        <ele>98.19999694824219</ele>
        <time>2024-09-27T09:33:33Z</time>
        <extensions>
          <ns3:TrackPointExtension>
            <ns3:atemp>16.0</ns3:atemp>
          </ns3:TrackPointExtension>
        </extensions>
      </trkpt>
      <trkpt lat="49.815203631296754" lon="2.804243993014097">
        <ele>96.80000305175781</ele>
        <time>2024-09-27T09:33:41Z</time>
        <extensions>
          <ns3:TrackPointExtension>
            <ns3:atemp>16.0</ns3:atemp>
          </ns3:TrackPointExtension>
        </extensions>
      </trkpt>
      <trkpt lat="49.81486517004669" lon="2.805133480578661">
        <ele>95.4000015258789</ele>
        <time>2024-09-27T09:33:51Z</time>
        <extensions>
          <ns3:TrackPointExtension>
            <ns3:atemp>16.0</ns3:atemp>
          </ns3:TrackPointExtension>
        </extensions>
      </trkpt>
      <trkpt lat="49.81479736045003" lon="2.8052726201713085">
        <ele>95.4000015258789</ele>
        <time>2024-09-27T09:33:53Z</time>
        <extensions>
          <ns3:TrackPointExtension>
            <ns3:atemp>17.0</ns3:atemp>
          </ns3:TrackPointExtension>
        </extensions>
      </trkpt>
      <trkpt lat="49.81470063328743" lon="2.80534403398633">
        <ele>95.19999694824219</ele>
        <time>2024-09-27T09:33:55Z</time>
        <extensions>
          <ns3:TrackPointExtension>
            <ns3:atemp>16.0</ns3:atemp>
          </ns3:TrackPointExtension>
        </extensions>
      </trkpt>
      <trkpt lat="49.81453048065305" lon="2.8052896354347467">
        <ele>95.0</ele>
        <time>2024-09-27T09:33:58Z</time>
        <extensions>
          <ns3:TrackPointExtension>
            <ns3:atemp>17.0</ns3:atemp>
          </ns3:TrackPointExtension>
        </extensions>
      </trkpt>
      <trkpt lat="49.81384349986911" lon="2.804905576631427">
        <ele>93.19999694824219</ele>
        <time>2024-09-27T09:34:11Z</time>
        <extensions>
          <ns3:TrackPointExtension>
            <ns3:atemp>17.0</ns3:atemp>
          </ns3:TrackPointExtension>
        </extensions>
      </trkpt>
      <trkpt lat="49.80795806273818" lon="2.8014857601374388">
        <ele>88.19999694824219</ele>
        <time>2024-09-27T09:36:13Z</time>
        <extensions>
          <ns3:TrackPointExtension>
            <ns3:atemp>16.0</ns3:atemp>
          </ns3:TrackPointExtension>
        </extensions>
      </trkpt>
      <trkpt lat="49.807859575375915" lon="2.8013741970062256">
        <ele>88.4000015258789</ele>
        <time>2024-09-27T09:36:16Z</time>
        <extensions>
          <ns3:TrackPointExtension>
            <ns3:atemp>16.0</ns3:atemp>
          </ns3:TrackPointExtension>
        </extensions>
      </trkpt>
      <trkpt lat="49.80782328173518" lon="2.8012785594910383">
        <ele>88.4000015258789</ele>
        <time>2024-09-27T09:36:18Z</time>
        <extensions>
          <ns3:TrackPointExtension>
            <ns3:atemp>16.0</ns3:atemp>
          </ns3:TrackPointExtension>
        </extensions>
      </trkpt>
      <trkpt lat="49.80788874439895" lon="2.8005239367485046">
        <ele>87.80000305175781</ele>
        <time>2024-09-27T09:36:32Z</time>
        <extensions>
          <ns3:TrackPointExtension>
            <ns3:atemp>16.0</ns3:atemp>
          </ns3:TrackPointExtension>
        </extensions>
      </trkpt>
      <trkpt lat="49.80783929117024" lon="2.8003078512847424">
        <ele>88.0</ele>
        <time>2024-09-27T09:36:36Z</time>
        <extensions>
          <ns3:TrackPointExtension>
            <ns3:atemp>16.0</ns3:atemp>
          </ns3:TrackPointExtension>
        </extensions>
      </trkpt>
      <trkpt lat="49.807775001972914" lon="2.8001755010336637">
        <ele>88.19999694824219</ele>
        <time>2024-09-27T09:36:39Z</time>
        <extensions>
          <ns3:TrackPointExtension>
            <ns3:atemp>16.0</ns3:atemp>
          </ns3:TrackPointExtension>
        </extensions>
      </trkpt>
      <trkpt lat="49.80638117529452" lon="2.7984484937042">
        <ele>86.4000015258789</ele>
        <time>2024-09-27T09:37:19Z</time>
        <extensions>
          <ns3:TrackPointExtension>
            <ns3:atemp>16.0</ns3:atemp>
          </ns3:TrackPointExtension>
        </extensions>
      </trkpt>
      <trkpt lat="49.805960319936275" lon="2.7979946974664927">
        <ele>86.5999984741211</ele>
        <time>2024-09-27T09:37:32Z</time>
        <extensions>
          <ns3:TrackPointExtension>
            <ns3:atemp>16.0</ns3:atemp>
          </ns3:TrackPointExtension>
        </extensions>
      </trkpt>
      <trkpt lat="49.80578429996967" lon="2.7978639397770166">
        <ele>86.4000015258789</ele>
        <time>2024-09-27T09:37:37Z</time>
        <extensions>
          <ns3:TrackPointExtension>
            <ns3:atemp>16.0</ns3:atemp>
          </ns3:TrackPointExtension>
        </extensions>
      </trkpt>
      <trkpt lat="49.805725710466504" lon="2.7978819608688354">
        <ele>86.4000015258789</ele>
        <time>2024-09-27T09:37:39Z</time>
        <extensions>
          <ns3:TrackPointExtension>
            <ns3:atemp>16.0</ns3:atemp>
          </ns3:TrackPointExtension>
        </extensions>
      </trkpt>
      <trkpt lat="49.80564868077636" lon="2.79801900498569">
        <ele>86.5999984741211</ele>
        <time>2024-09-27T09:37:42Z</time>
        <extensions>
          <ns3:TrackPointExtension>
            <ns3:atemp>16.0</ns3:atemp>
          </ns3:TrackPointExtension>
        </extensions>
      </trkpt>
      <trkpt lat="49.80560400523245" lon="2.7981614135205746">
        <ele>86.5999984741211</ele>
        <time>2024-09-27T09:37:45Z</time>
        <extensions>
          <ns3:TrackPointExtension>
            <ns3:atemp>16.0</ns3:atemp>
          </ns3:TrackPointExtension>
        </extensions>
      </trkpt>
      <trkpt lat="49.80562278069556" lon="2.798193097114563">
        <ele>86.5999984741211</ele>
        <time>2024-09-27T09:37:46Z</time>
        <extensions>
          <ns3:TrackPointExtension>
            <ns3:atemp>16.0</ns3:atemp>
          </ns3:TrackPointExtension>
        </extensions>
      </trkpt>
      <trkpt lat="49.805700816214085" lon="2.7980524487793446">
        <ele>86.4000015258789</ele>
        <time>2024-09-27T09:37:52Z</time>
        <extensions>
          <ns3:TrackPointExtension>
            <ns3:atemp>16.0</ns3:atemp>
          </ns3:TrackPointExtension>
        </extensions>
      </trkpt>
      <trkpt lat="49.80568782426417" lon="2.7979797776788473">
        <ele>87.0</ele>
        <time>2024-09-27T09:38:03Z</time>
        <extensions>
          <ns3:TrackPointExtension>
            <ns3:atemp>17.0</ns3:atemp>
          </ns3:TrackPointExtension>
        </extensions>
      </trkpt>
      <trkpt lat="49.805659828707576" lon="2.797988997772336">
        <ele>86.80000305175781</ele>
        <time>2024-09-27T09:38:05Z</time>
        <extensions>
          <ns3:TrackPointExtension>
            <ns3:atemp>17.0</ns3:atemp>
          </ns3:TrackPointExtension>
        </extensions>
      </trkpt>
      <trkpt lat="49.80526856146753" lon="2.7993091475218534">
        <ele>87.0</ele>
        <time>2024-09-27T09:38:26Z</time>
        <extensions>
          <ns3:TrackPointExtension>
            <ns3:atemp>17.0</ns3:atemp>
          </ns3:TrackPointExtension>
        </extensions>
      </trkpt>
      <trkpt lat="49.80431243777275" lon="2.8045273013412952">
        <ele>84.0</ele>
        <time>2024-09-27T09:39:16Z</time>
        <extensions>
          <ns3:TrackPointExtension>
            <ns3:atemp>17.0</ns3:atemp>
          </ns3:TrackPointExtension>
        </extensions>
      </trkpt>
      <trkpt lat="49.80425577610731" lon="2.8047814406454563">
        <ele>83.80000305175781</ele>
        <time>2024-09-27T09:39:19Z</time>
        <extensions>
          <ns3:TrackPointExtension>
            <ns3:atemp>17.0</ns3:atemp>
          </ns3:TrackPointExtension>
        </extensions>
      </trkpt>
      <trkpt lat="49.804186625406146" lon="2.8048526030033827">
        <ele>83.80000305175781</ele>
        <time>2024-09-27T09:39:21Z</time>
        <extensions>
          <ns3:TrackPointExtension>
            <ns3:atemp>17.0</ns3:atemp>
          </ns3:TrackPointExtension>
        </extensions>
      </trkpt>
      <trkpt lat="49.79774035513401" lon="2.8002754971385">
        <ele>86.19999694824219</ele>
        <time>2024-09-27T09:42:20Z</time>
        <extensions>
          <ns3:TrackPointExtension>
            <ns3:atemp>17.0</ns3:atemp>
          </ns3:TrackPointExtension>
        </extensions>
      </trkpt>
      <trkpt lat="49.79641031473875" lon="2.79930017888546">
        <ele>86.19999694824219</ele>
        <time>2024-09-27T09:43:02Z</time>
        <extensions>
          <ns3:TrackPointExtension>
            <ns3:atemp>17.0</ns3:atemp>
          </ns3:TrackPointExtension>
        </extensions>
      </trkpt>
      <trkpt lat="49.79299921542406" lon="2.796912342309952">
        <ele>83.4000015258789</ele>
        <time>2024-09-27T09:44:20Z</time>
        <extensions>
          <ns3:TrackPointExtension>
            <ns3:atemp>17.0</ns3:atemp>
          </ns3:TrackPointExtension>
        </extensions>
      </trkpt>
      <trkpt lat="49.79292377829552" lon="2.7967807464301586">
        <ele>83.0</ele>
        <time>2024-09-27T09:44:23Z</time>
        <extensions>
          <ns3:TrackPointExtension>
            <ns3:atemp>17.0</ns3:atemp>
          </ns3:TrackPointExtension>
        </extensions>
      </trkpt>
      <trkpt lat="49.79287901893258" lon="2.7957582380622625">
        <ele>83.5999984741211</ele>
        <time>2024-09-27T09:44:36Z</time>
        <extensions>
          <ns3:TrackPointExtension>
            <ns3:atemp>17.0</ns3:atemp>
          </ns3:TrackPointExtension>
        </extensions>
      </trkpt>
      <trkpt lat="49.79272001422942" lon="2.7936739940196276">
        <ele>84.19999694824219</ele>
        <time>2024-09-27T09:45:07Z</time>
        <extensions>
          <ns3:TrackPointExtension>
            <ns3:atemp>17.0</ns3:atemp>
          </ns3:TrackPointExtension>
        </extensions>
      </trkpt>
      <trkpt lat="49.79258196428418" lon="2.792555093765259">
        <ele>83.80000305175781</ele>
        <time>2024-09-27T09:45:21Z</time>
        <extensions>
          <ns3:TrackPointExtension>
            <ns3:atemp>17.0</ns3:atemp>
          </ns3:TrackPointExtension>
        </extensions>
      </trkpt>
      <trkpt lat="49.792616833001375" lon="2.791948998346925">
        <ele>83.5999984741211</ele>
        <time>2024-09-27T09:45:28Z</time>
        <extensions>
          <ns3:TrackPointExtension>
            <ns3:atemp>17.0</ns3:atemp>
          </ns3:TrackPointExtension>
        </extensions>
      </trkpt>
      <trkpt lat="49.79284808970988" lon="2.7899067476391792">
        <ele>83.80000305175781</ele>
        <time>2024-09-27T09:45:53Z</time>
        <extensions>
          <ns3:TrackPointExtension>
            <ns3:atemp>17.0</ns3:atemp>
          </ns3:TrackPointExtension>
        </extensions>
      </trkpt>
      <trkpt lat="49.79283786378801" lon="2.789817564189434">
        <ele>83.4000015258789</ele>
        <time>2024-09-27T09:46:11Z</time>
        <extensions>
          <ns3:TrackPointExtension>
            <ns3:atemp>17.0</ns3:atemp>
          </ns3:TrackPointExtension>
        </extensions>
      </trkpt>
      <trkpt lat="49.79293559677899" lon="2.7892227843403816">
        <ele>83.5999984741211</ele>
        <time>2024-09-27T09:46:21Z</time>
        <extensions>
          <ns3:TrackPointExtension>
            <ns3:atemp>17.0</ns3:atemp>
          </ns3:TrackPointExtension>
        </extensions>
      </trkpt>
      <trkpt lat="49.792872816324234" lon="2.7891195192933083">
        <ele>83.4000015258789</ele>
        <time>2024-09-27T09:46:23Z</time>
        <extensions>
          <ns3:TrackPointExtension>
            <ns3:atemp>17.0</ns3:atemp>
          </ns3:TrackPointExtension>
        </extensions>
      </trkpt>
      <trkpt lat="49.79200922884047" lon="2.78867837972939">
        <ele>81.5999984741211</ele>
        <time>2024-09-27T09:46:38Z</time>
        <extensions>
          <ns3:TrackPointExtension>
            <ns3:atemp>17.0</ns3:atemp>
          </ns3:TrackPointExtension>
        </extensions>
      </trkpt>
      <trkpt lat="49.790906086564064" lon="2.788377469405532">
        <ele>79.19999694824219</ele>
        <time>2024-09-27T09:46:57Z</time>
        <extensions>
          <ns3:TrackPointExtension>
            <ns3:atemp>17.0</ns3:atemp>
          </ns3:TrackPointExtension>
        </extensions>
      </trkpt>
      <trkpt lat="49.7901098895818" lon="2.788474280387163">
        <ele>77.80000305175781</ele>
        <time>2024-09-27T09:47:11Z</time>
        <extensions>
          <ns3:TrackPointExtension>
            <ns3:atemp>17.0</ns3:atemp>
          </ns3:TrackPointExtension>
        </extensions>
      </trkpt>
      <trkpt lat="49.789756927639246" lon="2.7884409204125404">
        <ele>77.80000305175781</ele>
        <time>2024-09-27T09:47:17Z</time>
        <extensions>
          <ns3:TrackPointExtension>
            <ns3:atemp>17.0</ns3:atemp>
          </ns3:TrackPointExtension>
        </extensions>
      </trkpt>
      <trkpt lat="49.78881790302694" lon="2.788140345364809">
        <ele>78.4000015258789</ele>
        <time>2024-09-27T09:47:36Z</time>
        <extensions>
          <ns3:TrackPointExtension>
            <ns3:atemp>17.0</ns3:atemp>
          </ns3:TrackPointExtension>
        </extensions>
      </trkpt>
      <trkpt lat="49.78847675956786" lon="2.788140010088682">
        <ele>78.5999984741211</ele>
        <time>2024-09-27T09:47:43Z</time>
        <extensions>
          <ns3:TrackPointExtension>
            <ns3:atemp>17.0</ns3:atemp>
          </ns3:TrackPointExtension>
        </extensions>
      </trkpt>
      <trkpt lat="49.787722220644355" lon="2.7882797364145517">
        <ele>79.80000305175781</ele>
        <time>2024-09-27T09:48:02Z</time>
        <extensions>
          <ns3:TrackPointExtension>
            <ns3:atemp>17.0</ns3:atemp>
          </ns3:TrackPointExtension>
        </extensions>
      </trkpt>
      <trkpt lat="49.78708242997527" lon="2.78823958709836">
        <ele>81.4000015258789</ele>
        <time>2024-09-27T09:48:21Z</time>
        <extensions>
          <ns3:TrackPointExtension>
            <ns3:atemp>17.0</ns3:atemp>
          </ns3:TrackPointExtension>
        </extensions>
      </trkpt>
      <trkpt lat="49.786576917394996" lon="2.788475789129734">
        <ele>82.5999984741211</ele>
        <time>2024-09-27T09:48:34Z</time>
        <extensions>
          <ns3:TrackPointExtension>
            <ns3:atemp>17.0</ns3:atemp>
          </ns3:TrackPointExtension>
        </extensions>
      </trkpt>
      <trkpt lat="49.78283389471471" lon="2.790818279609084">
        <ele>87.4000015258789</ele>
        <time>2024-09-27T09:50:10Z</time>
        <extensions>
          <ns3:TrackPointExtension>
            <ns3:atemp>17.0</ns3:atemp>
          </ns3:TrackPointExtension>
        </extensions>
      </trkpt>
      <trkpt lat="49.782497864216566" lon="2.790984157472849">
        <ele>87.0</ele>
        <time>2024-09-27T09:50:18Z</time>
        <extensions>
          <ns3:TrackPointExtension>
            <ns3:atemp>17.0</ns3:atemp>
          </ns3:TrackPointExtension>
        </extensions>
      </trkpt>
      <trkpt lat="49.78059106506407" lon="2.7912484388798475">
        <ele>87.0</ele>
        <time>2024-09-27T09:51:04Z</time>
        <extensions>
          <ns3:TrackPointExtension>
            <ns3:atemp>17.0</ns3:atemp>
          </ns3:TrackPointExtension>
        </extensions>
      </trkpt>
      <trkpt lat="49.77926588617265" lon="2.7916607446968555">
        <ele>85.5999984741211</ele>
        <time>2024-09-27T09:51:32Z</time>
        <extensions>
          <ns3:TrackPointExtension>
            <ns3:atemp>17.0</ns3:atemp>
          </ns3:TrackPointExtension>
        </extensions>
      </trkpt>
      <trkpt lat="49.77872877381742" lon="2.791645573452115">
        <ele>84.4000015258789</ele>
        <time>2024-09-27T09:51:42Z</time>
        <extensions>
          <ns3:TrackPointExtension>
            <ns3:atemp>17.0</ns3:atemp>
          </ns3:TrackPointExtension>
        </extensions>
      </trkpt>
      <trkpt lat="49.777417592704296" lon="2.7912469301372766">
        <ele>83.5999984741211</ele>
        <time>2024-09-27T09:52:07Z</time>
        <extensions>
          <ns3:TrackPointExtension>
            <ns3:atemp>17.0</ns3:atemp>
          </ns3:TrackPointExtension>
        </extensions>
      </trkpt>
      <trkpt lat="49.77536545135081" lon="2.7905298583209515">
        <ele>81.80000305175781</ele>
        <time>2024-09-27T09:52:52Z</time>
        <extensions>
          <ns3:TrackPointExtension>
            <ns3:atemp>17.0</ns3:atemp>
          </ns3:TrackPointExtension>
        </extensions>
      </trkpt>
      <trkpt lat="49.77398914285004" lon="2.7899354975670576">
        <ele>82.5999984741211</ele>
        <time>2024-09-27T09:53:30Z</time>
        <extensions>
          <ns3:TrackPointExtension>
            <ns3:atemp>17.0</ns3:atemp>
          </ns3:TrackPointExtension>
        </extensions>
      </trkpt>
      <trkpt lat="49.77354305796325" lon="2.7896758262068033">
        <ele>82.5999984741211</ele>
        <time>2024-09-27T09:53:42Z</time>
        <extensions>
          <ns3:TrackPointExtension>
            <ns3:atemp>18.0</ns3:atemp>
          </ns3:TrackPointExtension>
        </extensions>
      </trkpt>
      <trkpt lat="49.773213313892484" lon="2.7895360998809338">
        <ele>82.5999984741211</ele>
        <time>2024-09-27T09:53:49Z</time>
        <extensions>
          <ns3:TrackPointExtension>
            <ns3:atemp>18.0</ns3:atemp>
          </ns3:TrackPointExtension>
        </extensions>
      </trkpt>
      <trkpt lat="49.77205661125481" lon="2.789246588945389">
        <ele>84.19999694824219</ele>
        <time>2024-09-27T09:54:16Z</time>
        <extensions>
          <ns3:TrackPointExtension>
            <ns3:atemp>18.0</ns3:atemp>
          </ns3:TrackPointExtension>
        </extensions>
      </trkpt>
      <trkpt lat="49.770388193428516" lon="2.7886582631617785">
        <ele>85.5999984741211</ele>
        <time>2024-09-27T09:55:01Z</time>
        <extensions>
          <ns3:TrackPointExtension>
            <ns3:atemp>18.0</ns3:atemp>
          </ns3:TrackPointExtension>
        </extensions>
      </trkpt>
      <trkpt lat="49.76957540027797" lon="2.788590621203184">
        <ele>86.4000015258789</ele>
        <time>2024-09-27T09:55:21Z</time>
        <extensions>
          <ns3:TrackPointExtension>
            <ns3:atemp>18.0</ns3:atemp>
          </ns3:TrackPointExtension>
        </extensions>
      </trkpt>
      <trkpt lat="49.76865724660456" lon="2.7883583586663008">
        <ele>86.0</ele>
        <time>2024-09-27T09:55:41Z</time>
        <extensions>
          <ns3:TrackPointExtension>
            <ns3:atemp>18.0</ns3:atemp>
          </ns3:TrackPointExtension>
        </extensions>
      </trkpt>
      <trkpt lat="49.76753080263734" lon="2.78785209171474">
        <ele>86.80000305175781</ele>
        <time>2024-09-27T09:56:05Z</time>
        <extensions>
          <ns3:TrackPointExtension>
            <ns3:atemp>18.0</ns3:atemp>
          </ns3:TrackPointExtension>
        </extensions>
      </trkpt>
      <trkpt lat="49.76419388316572" lon="2.787318332120776">
        <ele>89.5999984741211</ele>
        <time>2024-09-27T09:57:15Z</time>
        <extensions>
          <ns3:TrackPointExtension>
            <ns3:atemp>18.0</ns3:atemp>
          </ns3:TrackPointExtension>
        </extensions>
      </trkpt>
      <trkpt lat="49.76291916333139" lon="2.7870014123618603">
        <ele>89.0</ele>
        <time>2024-09-27T09:57:48Z</time>
        <extensions>
          <ns3:TrackPointExtension>
            <ns3:atemp>18.0</ns3:atemp>
          </ns3:TrackPointExtension>
        </extensions>
      </trkpt>
      <trkpt lat="49.76178559474647" lon="2.786647444590926">
        <ele>86.4000015258789</ele>
        <time>2024-09-27T09:58:11Z</time>
        <extensions>
          <ns3:TrackPointExtension>
            <ns3:atemp>18.0</ns3:atemp>
          </ns3:TrackPointExtension>
        </extensions>
      </trkpt>
      <trkpt lat="49.76122551597655" lon="2.7864173613488674">
        <ele>86.0</ele>
        <time>2024-09-27T09:58:20Z</time>
        <extensions>
          <ns3:TrackPointExtension>
            <ns3:atemp>18.0</ns3:atemp>
          </ns3:TrackPointExtension>
        </extensions>
      </trkpt>
      <trkpt lat="49.760321862995625" lon="2.785939257591963">
        <ele>84.19999694824219</ele>
        <time>2024-09-27T09:58:35Z</time>
        <extensions>
          <ns3:TrackPointExtension>
            <ns3:atemp>18.0</ns3:atemp>
          </ns3:TrackPointExtension>
        </extensions>
      </trkpt>
      <trkpt lat="49.75959179922938" lon="2.7854636684060097">
        <ele>86.5999984741211</ele>
        <time>2024-09-27T09:58:59Z</time>
        <extensions>
          <ns3:TrackPointExtension>
            <ns3:atemp>18.0</ns3:atemp>
          </ns3:TrackPointExtension>
        </extensions>
      </trkpt>
      <trkpt lat="49.75929306820035" lon="2.785320756956935">
        <ele>85.5999984741211</ele>
        <time>2024-09-27T09:59:06Z</time>
        <extensions>
          <ns3:TrackPointExtension>
            <ns3:atemp>18.0</ns3:atemp>
          </ns3:TrackPointExtension>
        </extensions>
      </trkpt>
      <trkpt lat="49.75708628073335" lon="2.784921107813716">
        <ele>84.80000305175781</ele>
        <time>2024-09-27T10:00:10Z</time>
        <extensions>
          <ns3:TrackPointExtension>
            <ns3:atemp>18.0</ns3:atemp>
          </ns3:TrackPointExtension>
        </extensions>
      </trkpt>
      <trkpt lat="49.754495518282056" lon="2.7842261642217636">
        <ele>89.4000015258789</ele>
        <time>2024-09-27T10:01:30Z</time>
        <extensions>
          <ns3:TrackPointExtension>
            <ns3:atemp>18.0</ns3:atemp>
          </ns3:TrackPointExtension>
        </extensions>
      </trkpt>
      <trkpt lat="49.753426825627685" lon="2.783804638311267">
        <ele>89.4000015258789</ele>
        <time>2024-09-27T10:02:04Z</time>
        <extensions>
          <ns3:TrackPointExtension>
            <ns3:atemp>18.0</ns3:atemp>
          </ns3:TrackPointExtension>
        </extensions>
      </trkpt>
      <trkpt lat="49.74938708357513" lon="2.7819588594138622">
        <ele>89.4000015258789</ele>
        <time>2024-09-27T10:03:57Z</time>
        <extensions>
          <ns3:TrackPointExtension>
            <ns3:atemp>18.0</ns3:atemp>
          </ns3:TrackPointExtension>
        </extensions>
      </trkpt>
      <trkpt lat="49.748691972345114" lon="2.7818654850125313">
        <ele>90.4000015258789</ele>
        <time>2024-09-27T10:04:19Z</time>
        <extensions>
          <ns3:TrackPointExtension>
            <ns3:atemp>19.0</ns3:atemp>
          </ns3:TrackPointExtension>
        </extensions>
      </trkpt>
      <trkpt lat="49.74818889051676" lon="2.7817462105304003">
        <ele>91.5999984741211</ele>
        <time>2024-09-27T10:04:36Z</time>
        <extensions>
          <ns3:TrackPointExtension>
            <ns3:atemp>19.0</ns3:atemp>
          </ns3:TrackPointExtension>
        </extensions>
      </trkpt>
      <trkpt lat="49.74257376976311" lon="2.779850894585252">
        <ele>91.80000305175781</ele>
        <time>2024-09-27T10:07:04Z</time>
        <extensions>
          <ns3:TrackPointExtension>
            <ns3:atemp>19.0</ns3:atemp>
          </ns3:TrackPointExtension>
        </extensions>
      </trkpt>
      <trkpt lat="49.740961426869035" lon="2.7790820226073265">
        <ele>91.4000015258789</ele>
        <time>2024-09-27T10:07:45Z</time>
        <extensions>
          <ns3:TrackPointExtension>
            <ns3:atemp>19.0</ns3:atemp>
          </ns3:TrackPointExtension>
        </extensions>
      </trkpt>
      <trkpt lat="49.73977195098996" lon="2.7781905233860016">
        <ele>90.19999694824219</ele>
        <time>2024-09-27T10:08:13Z</time>
        <extensions>
          <ns3:TrackPointExtension>
            <ns3:atemp>19.0</ns3:atemp>
          </ns3:TrackPointExtension>
        </extensions>
      </trkpt>
      <trkpt lat="49.73884977400303" lon="2.7776821609586477">
        <ele>90.19999694824219</ele>
        <time>2024-09-27T10:08:34Z</time>
        <extensions>
          <ns3:TrackPointExtension>
            <ns3:atemp>19.0</ns3:atemp>
          </ns3:TrackPointExtension>
        </extensions>
      </trkpt>
      <trkpt lat="49.73826069384813" lon="2.777497423812747">
        <ele>89.0</ele>
        <time>2024-09-27T10:08:47Z</time>
        <extensions>
          <ns3:TrackPointExtension>
            <ns3:atemp>19.0</ns3:atemp>
          </ns3:TrackPointExtension>
        </extensions>
      </trkpt>
      <trkpt lat="49.737709583714604" lon="2.7776160277426243">
        <ele>89.5999984741211</ele>
        <time>2024-09-27T10:08:59Z</time>
        <extensions>
          <ns3:TrackPointExtension>
            <ns3:atemp>19.0</ns3:atemp>
          </ns3:TrackPointExtension>
        </extensions>
      </trkpt>
      <trkpt lat="49.73759802058339" lon="2.7774845995008945">
        <ele>89.5999984741211</ele>
        <time>2024-09-27T10:09:03Z</time>
        <extensions>
          <ns3:TrackPointExtension>
            <ns3:atemp>19.0</ns3:atemp>
          </ns3:TrackPointExtension>
        </extensions>
      </trkpt>
      <trkpt lat="49.737556613981724" lon="2.7771792467683554">
        <ele>89.4000015258789</ele>
        <time>2024-09-27T10:09:07Z</time>
        <extensions>
          <ns3:TrackPointExtension>
            <ns3:atemp>19.0</ns3:atemp>
          </ns3:TrackPointExtension>
        </extensions>
      </trkpt>
      <trkpt lat="49.737491738051176" lon="2.7759605180472136">
        <ele>89.19999694824219</ele>
        <time>2024-09-27T10:09:23Z</time>
        <extensions>
          <ns3:TrackPointExtension>
            <ns3:atemp>19.0</ns3:atemp>
          </ns3:TrackPointExtension>
        </extensions>
      </trkpt>
      <trkpt lat="49.737538173794746" lon="2.7751480601727962">
        <ele>88.5999984741211</ele>
        <time>2024-09-27T10:09:34Z</time>
        <extensions>
          <ns3:TrackPointExtension>
            <ns3:atemp>19.0</ns3:atemp>
          </ns3:TrackPointExtension>
        </extensions>
      </trkpt>
      <trkpt lat="49.737473130226135" lon="2.7749840263277292">
        <ele>88.4000015258789</ele>
        <time>2024-09-27T10:09:37Z</time>
        <extensions>
          <ns3:TrackPointExtension>
            <ns3:atemp>19.0</ns3:atemp>
          </ns3:TrackPointExtension>
        </extensions>
      </trkpt>
      <trkpt lat="49.73734631203115" lon="2.7749168034642935">
        <ele>88.5999984741211</ele>
        <time>2024-09-27T10:09:40Z</time>
        <extensions>
          <ns3:TrackPointExtension>
            <ns3:atemp>19.0</ns3:atemp>
          </ns3:TrackPointExtension>
        </extensions>
      </trkpt>
      <trkpt lat="49.73705898039043" lon="2.774942619726062">
        <ele>87.80000305175781</ele>
        <time>2024-09-27T10:09:46Z</time>
        <extensions>
          <ns3:TrackPointExtension>
            <ns3:atemp>19.0</ns3:atemp>
          </ns3:TrackPointExtension>
        </extensions>
      </trkpt>
      <trkpt lat="49.73654097877443" lon="2.775235567241907">
        <ele>85.4000015258789</ele>
        <time>2024-09-27T10:09:56Z</time>
        <extensions>
          <ns3:TrackPointExtension>
            <ns3:atemp>19.0</ns3:atemp>
          </ns3:TrackPointExtension>
        </extensions>
      </trkpt>
      <trkpt lat="49.73574796691537" lon="2.7754872757941484">
        <ele>84.4000015258789</ele>
        <time>2024-09-27T10:10:09Z</time>
        <extensions>
          <ns3:TrackPointExtension>
            <ns3:atemp>19.0</ns3:atemp>
          </ns3:TrackPointExtension>
        </extensions>
      </trkpt>
      <trkpt lat="49.73529811017215" lon="2.775803692638874">
        <ele>84.0</ele>
        <time>2024-09-27T10:10:18Z</time>
        <extensions>
          <ns3:TrackPointExtension>
            <ns3:atemp>19.0</ns3:atemp>
          </ns3:TrackPointExtension>
        </extensions>
      </trkpt>
      <trkpt lat="49.7350989561528" lon="2.775881141424179">
        <ele>84.4000015258789</ele>
        <time>2024-09-27T10:10:22Z</time>
        <extensions>
          <ns3:TrackPointExtension>
            <ns3:atemp>19.0</ns3:atemp>
          </ns3:TrackPointExtension>
        </extensions>
      </trkpt>
      <trkpt lat="49.73486912436783" lon="2.7758748549968004">
        <ele>84.0</ele>
        <time>2024-09-27T10:10:26Z</time>
        <extensions>
          <ns3:TrackPointExtension>
            <ns3:atemp>19.0</ns3:atemp>
          </ns3:TrackPointExtension>
        </extensions>
      </trkpt>
      <trkpt lat="49.73423947580159" lon="2.7756748627871275">
        <ele>83.5999984741211</ele>
        <time>2024-09-27T10:10:37Z</time>
        <extensions>
          <ns3:TrackPointExtension>
            <ns3:atemp>19.0</ns3:atemp>
          </ns3:TrackPointExtension>
        </extensions>
      </trkpt>
      <trkpt lat="49.7341092210263" lon="2.775558354333043">
        <ele>83.5999984741211</ele>
        <time>2024-09-27T10:10:40Z</time>
        <extensions>
          <ns3:TrackPointExtension>
            <ns3:atemp>19.0</ns3:atemp>
          </ns3:TrackPointExtension>
        </extensions>
      </trkpt>
      <trkpt lat="49.734052224084735" lon="2.7754493057727814">
        <ele>83.5999984741211</ele>
        <time>2024-09-27T10:10:42Z</time>
        <extensions>
          <ns3:TrackPointExtension>
            <ns3:atemp>19.0</ns3:atemp>
          </ns3:TrackPointExtension>
        </extensions>
      </trkpt>
      <trkpt lat="49.73393923602998" lon="2.774928454309702">
        <ele>83.4000015258789</ele>
        <time>2024-09-27T10:10:49Z</time>
        <extensions>
          <ns3:TrackPointExtension>
            <ns3:atemp>19.0</ns3:atemp>
          </ns3:TrackPointExtension>
        </extensions>
      </trkpt>
      <trkpt lat="49.73388290964067" lon="2.7748181484639645">
        <ele>83.5999984741211</ele>
        <time>2024-09-27T10:10:51Z</time>
        <extensions>
          <ns3:TrackPointExtension>
            <ns3:atemp>19.0</ns3:atemp>
          </ns3:TrackPointExtension>
        </extensions>
      </trkpt>
      <trkpt lat="49.732356229797006" lon="2.7737623639404774">
        <ele>86.80000305175781</ele>
        <time>2024-09-27T10:11:29Z</time>
        <extensions>
          <ns3:TrackPointExtension>
            <ns3:atemp>19.0</ns3:atemp>
          </ns3:TrackPointExtension>
        </extensions>
      </trkpt>
      <trkpt lat="49.73149800673127" lon="2.77301830239594">
        <ele>86.80000305175781</ele>
        <time>2024-09-27T10:11:57Z</time>
        <extensions>
          <ns3:TrackPointExtension>
            <ns3:atemp>19.0</ns3:atemp>
          </ns3:TrackPointExtension>
        </extensions>
      </trkpt>
      <trkpt lat="49.731245040893555" lon="2.772747064009309">
        <ele>86.5999984741211</ele>
        <time>2024-09-27T10:12:06Z</time>
        <extensions>
          <ns3:TrackPointExtension>
            <ns3:atemp>19.0</ns3:atemp>
          </ns3:TrackPointExtension>
        </extensions>
      </trkpt>
      <trkpt lat="49.73040249198675" lon="2.7716545667499304">
        <ele>88.0</ele>
        <time>2024-09-27T10:12:41Z</time>
        <extensions>
          <ns3:TrackPointExtension>
            <ns3:atemp>19.0</ns3:atemp>
          </ns3:TrackPointExtension>
        </extensions>
      </trkpt>
      <trkpt lat="49.72968039102852" lon="2.7705468144267797">
        <ele>89.0</ele>
        <time>2024-09-27T10:13:17Z</time>
        <extensions>
          <ns3:TrackPointExtension>
            <ns3:atemp>19.0</ns3:atemp>
          </ns3:TrackPointExtension>
        </extensions>
      </trkpt>
      <trkpt lat="49.72925257869065" lon="2.7700049243867397">
        <ele>89.19999694824219</ele>
        <time>2024-09-27T10:13:33Z</time>
        <extensions>
          <ns3:TrackPointExtension>
            <ns3:atemp>19.0</ns3:atemp>
          </ns3:TrackPointExtension>
        </extensions>
      </trkpt>
      <trkpt lat="49.72803452052176" lon="2.768646888434887">
        <ele>89.0</ele>
        <time>2024-09-27T10:14:10Z</time>
        <extensions>
          <ns3:TrackPointExtension>
            <ns3:atemp>19.0</ns3:atemp>
          </ns3:TrackPointExtension>
        </extensions>
      </trkpt>
      <trkpt lat="49.72667237743735" lon="2.767302682623267">
        <ele>90.80000305175781</ele>
        <time>2024-09-27T10:14:50Z</time>
        <extensions>
          <ns3:TrackPointExtension>
            <ns3:atemp>19.0</ns3:atemp>
          </ns3:TrackPointExtension>
        </extensions>
      </trkpt>
      <trkpt lat="49.72643508575857" lon="2.7670088969171047">
        <ele>91.0</ele>
        <time>2024-09-27T10:14:57Z</time>
        <extensions>
          <ns3:TrackPointExtension>
            <ns3:atemp>19.0</ns3:atemp>
          </ns3:TrackPointExtension>
        </extensions>
      </trkpt>
      <trkpt lat="49.72634129226208" lon="2.76677168905735">
        <ele>91.19999694824219</ele>
        <time>2024-09-27T10:15:01Z</time>
        <extensions>
          <ns3:TrackPointExtension>
            <ns3:atemp>19.0</ns3:atemp>
          </ns3:TrackPointExtension>
        </extensions>
      </trkpt>
      <trkpt lat="49.726258646696806" lon="2.7662202436476946">
        <ele>91.4000015258789</ele>
        <time>2024-09-27T10:15:08Z</time>
        <extensions>
          <ns3:TrackPointExtension>
            <ns3:atemp>19.0</ns3:atemp>
          </ns3:TrackPointExtension>
        </extensions>
      </trkpt>
      <trkpt lat="49.72616543993354" lon="2.765196980908513">
        <ele>92.5999984741211</ele>
        <time>2024-09-27T10:15:21Z</time>
        <extensions>
          <ns3:TrackPointExtension>
            <ns3:atemp>20.0</ns3:atemp>
          </ns3:TrackPointExtension>
        </extensions>
      </trkpt>
      <trkpt lat="49.726189663633704" lon="2.7644359041005373">
        <ele>92.80000305175781</ele>
        <time>2024-09-27T10:15:29Z</time>
        <extensions>
          <ns3:TrackPointExtension>
            <ns3:atemp>19.0</ns3:atemp>
          </ns3:TrackPointExtension>
        </extensions>
      </trkpt>
      <trkpt lat="49.72611263394356" lon="2.7641097642481327">
        <ele>92.5999984741211</ele>
        <time>2024-09-27T10:15:33Z</time>
        <extensions>
          <ns3:TrackPointExtension>
            <ns3:atemp>19.0</ns3:atemp>
          </ns3:TrackPointExtension>
        </extensions>
      </trkpt>
      <trkpt lat="49.72597676329315" lon="2.7637534495443106">
        <ele>93.19999694824219</ele>
        <time>2024-09-27T10:15:37Z</time>
        <extensions>
          <ns3:TrackPointExtension>
            <ns3:atemp>19.0</ns3:atemp>
          </ns3:TrackPointExtension>
        </extensions>
      </trkpt>
      <trkpt lat="49.72562505863607" lon="2.7631591726094484">
        <ele>94.5999984741211</ele>
        <time>2024-09-27T10:15:48Z</time>
        <extensions>
          <ns3:TrackPointExtension>
            <ns3:atemp>19.0</ns3:atemp>
          </ns3:TrackPointExtension>
        </extensions>
      </trkpt>
      <trkpt lat="49.72510043531656" lon="2.7619624882936478">
        <ele>91.4000015258789</ele>
        <time>2024-09-27T10:16:07Z</time>
        <extensions>
          <ns3:TrackPointExtension>
            <ns3:atemp>19.0</ns3:atemp>
          </ns3:TrackPointExtension>
        </extensions>
      </trkpt>
      <trkpt lat="49.72484176978469" lon="2.76168555021286">
        <ele>90.19999694824219</ele>
        <time>2024-09-27T10:16:13Z</time>
        <extensions>
          <ns3:TrackPointExtension>
            <ns3:atemp>19.0</ns3:atemp>
          </ns3:TrackPointExtension>
        </extensions>
      </trkpt>
      <trkpt lat="49.72451437264681" lon="2.7615261264145374">
        <ele>90.19999694824219</ele>
        <time>2024-09-27T10:16:19Z</time>
        <extensions>
          <ns3:TrackPointExtension>
            <ns3:atemp>19.0</ns3:atemp>
          </ns3:TrackPointExtension>
        </extensions>
      </trkpt>
      <trkpt lat="49.72347568720579" lon="2.76145345531404">
        <ele>87.80000305175781</ele>
        <time>2024-09-27T10:16:37Z</time>
        <extensions>
          <ns3:TrackPointExtension>
            <ns3:atemp>19.0</ns3:atemp>
          </ns3:TrackPointExtension>
        </extensions>
      </trkpt>
      <trkpt lat="49.72324317321181" lon="2.7613030839711428">
        <ele>85.80000305175781</ele>
        <time>2024-09-27T10:16:42Z</time>
        <extensions>
          <ns3:TrackPointExtension>
            <ns3:atemp>19.0</ns3:atemp>
          </ns3:TrackPointExtension>
        </extensions>
      </trkpt>
      <trkpt lat="49.72312876023352" lon="2.761280871927738">
        <ele>85.19999694824219</ele>
        <time>2024-09-27T10:16:44Z</time>
        <extensions>
          <ns3:TrackPointExtension>
            <ns3:atemp>19.0</ns3:atemp>
          </ns3:TrackPointExtension>
        </extensions>
      </trkpt>
      <trkpt lat="49.72276498563588" lon="2.7613871544599533">
        <ele>84.0</ele>
        <time>2024-09-27T10:16:50Z</time>
        <extensions>
          <ns3:TrackPointExtension>
            <ns3:atemp>19.0</ns3:atemp>
          </ns3:TrackPointExtension>
        </extensions>
      </trkpt>
      <trkpt lat="49.72236986272037" lon="2.761643724516034">
        <ele>83.4000015258789</ele>
        <time>2024-09-27T10:16:57Z</time>
        <extensions>
          <ns3:TrackPointExtension>
            <ns3:atemp>20.0</ns3:atemp>
          </ns3:TrackPointExtension>
        </extensions>
      </trkpt>
      <trkpt lat="49.72215679474175" lon="2.761879339814186">
        <ele>83.19999694824219</ele>
        <time>2024-09-27T10:17:02Z</time>
        <extensions>
          <ns3:TrackPointExtension>
            <ns3:atemp>20.0</ns3:atemp>
          </ns3:TrackPointExtension>
        </extensions>
      </trkpt>
      <trkpt lat="49.72151038236916" lon="2.762778550386429">
        <ele>85.19999694824219</ele>
        <time>2024-09-27T10:17:20Z</time>
        <extensions>
          <ns3:TrackPointExtension>
            <ns3:atemp>20.0</ns3:atemp>
          </ns3:TrackPointExtension>
        </extensions>
      </trkpt>
      <trkpt lat="49.72050581127405" lon="2.763625457882881">
        <ele>87.4000015258789</ele>
        <time>2024-09-27T10:17:47Z</time>
        <extensions>
          <ns3:TrackPointExtension>
            <ns3:atemp>20.0</ns3:atemp>
          </ns3:TrackPointExtension>
        </extensions>
      </trkpt>
      <trkpt lat="49.71575176343322" lon="2.7664475608617067">
        <ele>89.0</ele>
        <time>2024-09-27T10:19:57Z</time>
        <extensions>
          <ns3:TrackPointExtension>
            <ns3:atemp>19.0</ns3:atemp>
          </ns3:TrackPointExtension>
        </extensions>
      </trkpt>
      <trkpt lat="49.71522814594209" lon="2.7668332122266293">
        <ele>86.0</ele>
        <time>2024-09-27T10:20:10Z</time>
        <extensions>
          <ns3:TrackPointExtension>
            <ns3:atemp>19.0</ns3:atemp>
          </ns3:TrackPointExtension>
        </extensions>
      </trkpt>
      <trkpt lat="49.714530017226934" lon="2.767462944611907">
        <ele>86.80000305175781</ele>
        <time>2024-09-27T10:20:25Z</time>
        <extensions>
          <ns3:TrackPointExtension>
            <ns3:atemp>19.0</ns3:atemp>
          </ns3:TrackPointExtension>
        </extensions>
      </trkpt>
      <trkpt lat="49.713656874373555" lon="2.7684891410171986">
        <ele>88.4000015258789</ele>
        <time>2024-09-27T10:20:48Z</time>
        <extensions>
          <ns3:TrackPointExtension>
            <ns3:atemp>19.0</ns3:atemp>
          </ns3:TrackPointExtension>
        </extensions>
      </trkpt>
      <trkpt lat="49.71213974989951" lon="2.77062451466918">
        <ele>87.19999694824219</ele>
        <time>2024-09-27T10:21:31Z</time>
        <extensions>
          <ns3:TrackPointExtension>
            <ns3:atemp>19.0</ns3:atemp>
          </ns3:TrackPointExtension>
        </extensions>
      </trkpt>
      <trkpt lat="49.71116468310356" lon="2.772350935265422">
        <ele>83.5999984741211</ele>
        <time>2024-09-27T10:21:51Z</time>
        <extensions>
          <ns3:TrackPointExtension>
            <ns3:atemp>19.0</ns3:atemp>
          </ns3:TrackPointExtension>
        </extensions>
      </trkpt>
      <trkpt lat="49.71031283028424" lon="2.7739687263965607">
        <ele>80.4000015258789</ele>
        <time>2024-09-27T10:22:10Z</time>
        <extensions>
          <ns3:TrackPointExtension>
            <ns3:atemp>19.0</ns3:atemp>
          </ns3:TrackPointExtension>
        </extensions>
      </trkpt>
      <trkpt lat="49.70978133380413" lon="2.774859219789505">
        <ele>79.80000305175781</ele>
        <time>2024-09-27T10:22:22Z</time>
        <extensions>
          <ns3:TrackPointExtension>
            <ns3:atemp>19.0</ns3:atemp>
          </ns3:TrackPointExtension>
        </extensions>
      </trkpt>
      <trkpt lat="49.70906392671168" lon="2.7756622061133385">
        <ele>82.5999984741211</ele>
        <time>2024-09-27T10:22:43Z</time>
        <extensions>
          <ns3:TrackPointExtension>
            <ns3:atemp>19.0</ns3:atemp>
          </ns3:TrackPointExtension>
        </extensions>
      </trkpt>
      <trkpt lat="49.70887986011803" lon="2.775804279372096">
        <ele>83.19999694824219</ele>
        <time>2024-09-27T10:22:48Z</time>
        <extensions>
          <ns3:TrackPointExtension>
            <ns3:atemp>19.0</ns3:atemp>
          </ns3:TrackPointExtension>
        </extensions>
      </trkpt>
      <trkpt lat="49.70862228423357" lon="2.7758751064538956">
        <ele>83.80000305175781</ele>
        <time>2024-09-27T10:22:55Z</time>
        <extensions>
          <ns3:TrackPointExtension>
            <ns3:atemp>20.0</ns3:atemp>
          </ns3:TrackPointExtension>
        </extensions>
      </trkpt>
      <trkpt lat="49.708463279530406" lon="2.7762268111109734">
        <ele>85.4000015258789</ele>
        <time>2024-09-27T10:23:02Z</time>
        <extensions>
          <ns3:TrackPointExtension>
            <ns3:atemp>20.0</ns3:atemp>
          </ns3:TrackPointExtension>
        </extensions>
      </trkpt>
      <trkpt lat="49.708265885710716" lon="2.776464940980077">
        <ele>85.80000305175781</ele>
        <time>2024-09-27T10:23:08Z</time>
        <extensions>
          <ns3:TrackPointExtension>
            <ns3:atemp>20.0</ns3:atemp>
          </ns3:TrackPointExtension>
        </extensions>
      </trkpt>
      <trkpt lat="49.70789163373411" lon="2.7766544558107853">
        <ele>85.19999694824219</ele>
        <time>2024-09-27T10:23:17Z</time>
        <extensions>
          <ns3:TrackPointExtension>
            <ns3:atemp>20.0</ns3:atemp>
          </ns3:TrackPointExtension>
        </extensions>
      </trkpt>
      <trkpt lat="49.707491900771856" lon="2.776745315641165">
        <ele>85.4000015258789</ele>
        <time>2024-09-27T10:23:28Z</time>
        <extensions>
          <ns3:TrackPointExtension>
            <ns3:atemp>19.0</ns3:atemp>
          </ns3:TrackPointExtension>
        </extensions>
      </trkpt>
      <trkpt lat="49.707374554127455" lon="2.7767259534448385">
        <ele>85.80000305175781</ele>
        <time>2024-09-27T10:23:32Z</time>
        <extensions>
          <ns3:TrackPointExtension>
            <ns3:atemp>19.0</ns3:atemp>
          </ns3:TrackPointExtension>
        </extensions>
      </trkpt>
      <trkpt lat="49.707189900800586" lon="2.776481369510293">
        <ele>85.4000015258789</ele>
        <time>2024-09-27T10:23:39Z</time>
        <extensions>
          <ns3:TrackPointExtension>
            <ns3:atemp>19.0</ns3:atemp>
          </ns3:TrackPointExtension>
        </extensions>
      </trkpt>
      <trkpt lat="49.70706023275852" lon="2.77643577195704">
        <ele>85.19999694824219</ele>
        <time>2024-09-27T10:23:42Z</time>
        <extensions>
          <ns3:TrackPointExtension>
            <ns3:atemp>19.0</ns3:atemp>
          </ns3:TrackPointExtension>
        </extensions>
      </trkpt>
      <trkpt lat="49.706754460930824" lon="2.776637692004442">
        <ele>85.0</ele>
        <time>2024-09-27T10:23:50Z</time>
        <extensions>
          <ns3:TrackPointExtension>
            <ns3:atemp>19.0</ns3:atemp>
          </ns3:TrackPointExtension>
        </extensions>
      </trkpt>
      <trkpt lat="49.706668546423316" lon="2.776653114706278">
        <ele>85.5999984741211</ele>
        <time>2024-09-27T10:23:52Z</time>
        <extensions>
          <ns3:TrackPointExtension>
            <ns3:atemp>19.0</ns3:atemp>
          </ns3:TrackPointExtension>
        </extensions>
      </trkpt>
      <trkpt lat="49.70594644546509" lon="2.7765231113880873">
        <ele>87.5999984741211</ele>
        <time>2024-09-27T10:24:13Z</time>
        <extensions>
          <ns3:TrackPointExtension>
            <ns3:atemp>20.0</ns3:atemp>
          </ns3:TrackPointExtension>
        </extensions>
      </trkpt>
      <trkpt lat="49.70554403029382" lon="2.7765388693660498">
        <ele>88.4000015258789</ele>
        <time>2024-09-27T10:24:25Z</time>
        <extensions>
          <ns3:TrackPointExtension>
            <ns3:atemp>19.0</ns3:atemp>
          </ns3:TrackPointExtension>
        </extensions>
      </trkpt>
      <trkpt lat="49.705220153555274" lon="2.7766282204538584">
        <ele>89.5999984741211</ele>
        <time>2024-09-27T10:24:35Z</time>
        <extensions>
          <ns3:TrackPointExtension>
            <ns3:atemp>19.0</ns3:atemp>
          </ns3:TrackPointExtension>
        </extensions>
      </trkpt>
      <trkpt lat="49.70499065704644" lon="2.7767466567456722">
        <ele>89.80000305175781</ele>
        <time>2024-09-27T10:24:41Z</time>
        <extensions>
          <ns3:TrackPointExtension>
            <ns3:atemp>19.0</ns3:atemp>
          </ns3:TrackPointExtension>
        </extensions>
      </trkpt>
      <trkpt lat="49.70455010421574" lon="2.7770679350942373">
        <ele>88.80000305175781</ele>
        <time>2024-09-27T10:24:52Z</time>
        <extensions>
          <ns3:TrackPointExtension>
            <ns3:atemp>19.0</ns3:atemp>
          </ns3:TrackPointExtension>
        </extensions>
      </trkpt>
      <trkpt lat="49.70415917225182" lon="2.7775231562554836">
        <ele>87.19999694824219</ele>
        <time>2024-09-27T10:25:00Z</time>
        <extensions>
          <ns3:TrackPointExtension>
            <ns3:atemp>19.0</ns3:atemp>
          </ns3:TrackPointExtension>
        </extensions>
      </trkpt>
      <trkpt lat="49.70399304293096" lon="2.777832867577672">
        <ele>87.19999694824219</ele>
        <time>2024-09-27T10:25:04Z</time>
        <extensions>
          <ns3:TrackPointExtension>
            <ns3:atemp>19.0</ns3:atemp>
          </ns3:TrackPointExtension>
        </extensions>
      </trkpt>
      <trkpt lat="49.703564224764705" lon="2.7789044100791216">
        <ele>84.19999694824219</ele>
        <time>2024-09-27T10:25:16Z</time>
        <extensions>
          <ns3:TrackPointExtension>
            <ns3:atemp>19.0</ns3:atemp>
          </ns3:TrackPointExtension>
        </extensions>
      </trkpt>
      <trkpt lat="49.703244706615806" lon="2.7798208873718977">
        <ele>83.0</ele>
        <time>2024-09-27T10:25:27Z</time>
        <extensions>
          <ns3:TrackPointExtension>
            <ns3:atemp>19.0</ns3:atemp>
          </ns3:TrackPointExtension>
        </extensions>
      </trkpt>
      <trkpt lat="49.70309282653034" lon="2.7801184449344873">
        <ele>82.0</ele>
        <time>2024-09-27T10:25:33Z</time>
        <extensions>
          <ns3:TrackPointExtension>
            <ns3:atemp>19.0</ns3:atemp>
          </ns3:TrackPointExtension>
        </extensions>
      </trkpt>
      <trkpt lat="49.70207710750401" lon="2.7827215287834406">
        <ele>74.5999984741211</ele>
        <time>2024-09-27T10:25:59Z</time>
        <extensions>
          <ns3:TrackPointExtension>
            <ns3:atemp>19.0</ns3:atemp>
          </ns3:TrackPointExtension>
        </extensions>
      </trkpt>
      <trkpt lat="49.7016840800643" lon="2.7838235814124346">
        <ele>72.4000015258789</ele>
        <time>2024-09-27T10:26:09Z</time>
        <extensions>
          <ns3:TrackPointExtension>
            <ns3:atemp>19.0</ns3:atemp>
          </ns3:TrackPointExtension>
        </extensions>
      </trkpt>
      <trkpt lat="49.701347295194864" lon="2.7845807187259197">
        <ele>71.19999694824219</ele>
        <time>2024-09-27T10:26:17Z</time>
        <extensions>
          <ns3:TrackPointExtension>
            <ns3:atemp>19.0</ns3:atemp>
          </ns3:TrackPointExtension>
        </extensions>
      </trkpt>
      <trkpt lat="49.70102702267468" lon="2.7854433842003345">
        <ele>71.19999694824219</ele>
        <time>2024-09-27T10:26:27Z</time>
        <extensions>
          <ns3:TrackPointExtension>
            <ns3:atemp>19.0</ns3:atemp>
          </ns3:TrackPointExtension>
        </extensions>
      </trkpt>
      <trkpt lat="49.700860138982534" lon="2.785768434405327">
        <ele>71.4000015258789</ele>
        <time>2024-09-27T10:26:32Z</time>
        <extensions>
          <ns3:TrackPointExtension>
            <ns3:atemp>19.0</ns3:atemp>
          </ns3:TrackPointExtension>
        </extensions>
      </trkpt>
      <trkpt lat="49.70071806572378" lon="2.785886535421014">
        <ele>71.4000015258789</ele>
        <time>2024-09-27T10:26:35Z</time>
        <extensions>
          <ns3:TrackPointExtension>
            <ns3:atemp>19.0</ns3:atemp>
          </ns3:TrackPointExtension>
        </extensions>
      </trkpt>
      <trkpt lat="49.70061404630542" lon="2.785910591483116">
        <ele>71.5999984741211</ele>
        <time>2024-09-27T10:26:37Z</time>
        <extensions>
          <ns3:TrackPointExtension>
            <ns3:atemp>19.0</ns3:atemp>
          </ns3:TrackPointExtension>
        </extensions>
      </trkpt>
      <trkpt lat="49.699632273986936" lon="2.7859090827405453">
        <ele>75.4000015258789</ele>
        <time>2024-09-27T10:27:03Z</time>
        <extensions>
          <ns3:TrackPointExtension>
            <ns3:atemp>19.0</ns3:atemp>
          </ns3:TrackPointExtension>
        </extensions>
      </trkpt>
      <trkpt lat="49.697943991050124" lon="2.78659631498158">
        <ele>74.19999694824219</ele>
        <time>2024-09-27T10:27:42Z</time>
        <extensions>
          <ns3:TrackPointExtension>
            <ns3:atemp>19.0</ns3:atemp>
          </ns3:TrackPointExtension>
        </extensions>
      </trkpt>
      <trkpt lat="49.69725181348622" lon="2.7867272403091192">
        <ele>72.4000015258789</ele>
        <time>2024-09-27T10:27:54Z</time>
        <extensions>
          <ns3:TrackPointExtension>
            <ns3:atemp>19.0</ns3:atemp>
          </ns3:TrackPointExtension>
        </extensions>
      </trkpt>
      <trkpt lat="49.69700211659074" lon="2.7868460956960917">
        <ele>71.80000305175781</ele>
        <time>2024-09-27T10:27:58Z</time>
        <extensions>
          <ns3:TrackPointExtension>
            <ns3:atemp>19.0</ns3:atemp>
          </ns3:TrackPointExtension>
        </extensions>
      </trkpt>
      <trkpt lat="49.696788378059864" lon="2.7870838064700365">
        <ele>70.80000305175781</ele>
        <time>2024-09-27T10:28:02Z</time>
        <extensions>
          <ns3:TrackPointExtension>
            <ns3:atemp>19.0</ns3:atemp>
          </ns3:TrackPointExtension>
        </extensions>
      </trkpt>
      <trkpt lat="49.696569023653865" lon="2.7874808572232723">
        <ele>69.5999984741211</ele>
        <time>2024-09-27T10:28:08Z</time>
        <extensions>
          <ns3:TrackPointExtension>
            <ns3:atemp>19.0</ns3:atemp>
          </ns3:TrackPointExtension>
        </extensions>
      </trkpt>
      <trkpt lat="49.69599712640047" lon="2.7891665417701006">
        <ele>72.19999694824219</ele>
        <time>2024-09-27T10:28:31Z</time>
        <extensions>
          <ns3:TrackPointExtension>
            <ns3:atemp>19.0</ns3:atemp>
          </ns3:TrackPointExtension>
        </extensions>
      </trkpt>
      <trkpt lat="49.695839546620846" lon="2.78940643183887">
        <ele>71.5999984741211</ele>
        <time>2024-09-27T10:28:38Z</time>
        <extensions>
          <ns3:TrackPointExtension>
            <ns3:atemp>19.0</ns3:atemp>
          </ns3:TrackPointExtension>
        </extensions>
      </trkpt>
      <trkpt lat="49.69505583867431" lon="2.789468038827181">
        <ele>69.19999694824219</ele>
        <time>2024-09-27T10:28:57Z</time>
        <extensions>
          <ns3:TrackPointExtension>
            <ns3:atemp>19.0</ns3:atemp>
          </ns3:TrackPointExtension>
        </extensions>
      </trkpt>
      <trkpt lat="49.69498769380152" lon="2.789408192038536">
        <ele>69.4000015258789</ele>
        <time>2024-09-27T10:29:02Z</time>
        <extensions>
          <ns3:TrackPointExtension>
            <ns3:atemp>19.0</ns3:atemp>
          </ns3:TrackPointExtension>
        </extensions>
      </trkpt>
      <trkpt lat="49.69489851035178" lon="2.789407856762409">
        <ele>69.4000015258789</ele>
        <time>2024-09-27T10:33:31Z</time>
        <extensions>
          <ns3:TrackPointExtension>
            <ns3:atemp>22.0</ns3:atemp>
          </ns3:TrackPointExtension>
        </extensions>
      </trkpt>
      <trkpt lat="49.69470254145563" lon="2.789472984150052">
        <ele>70.5999984741211</ele>
        <time>2024-09-27T10:33:40Z</time>
        <extensions>
          <ns3:TrackPointExtension>
            <ns3:atemp>22.0</ns3:atemp>
          </ns3:TrackPointExtension>
        </extensions>
      </trkpt>
      <trkpt lat="49.69446189701557" lon="2.7894799411296844">
        <ele>71.0</ele>
        <time>2024-09-27T10:33:47Z</time>
        <extensions>
          <ns3:TrackPointExtension>
            <ns3:atemp>22.0</ns3:atemp>
          </ns3:TrackPointExtension>
        </extensions>
      </trkpt>
      <trkpt lat="49.69431781210005" lon="2.789439959451556">
        <ele>71.4000015258789</ele>
        <time>2024-09-27T10:33:51Z</time>
        <extensions>
          <ns3:TrackPointExtension>
            <ns3:atemp>22.0</ns3:atemp>
          </ns3:TrackPointExtension>
        </extensions>
      </trkpt>
      <trkpt lat="49.69392972998321" lon="2.7894374448806047">
        <ele>72.80000305175781</ele>
        <time>2024-09-27T10:34:03Z</time>
        <extensions>
          <ns3:TrackPointExtension>
            <ns3:atemp>22.0</ns3:atemp>
          </ns3:TrackPointExtension>
        </extensions>
      </trkpt>
      <trkpt lat="49.69347836449742" lon="2.789344321936369">
        <ele>74.5999984741211</ele>
        <time>2024-09-27T10:34:21Z</time>
        <extensions>
          <ns3:TrackPointExtension>
            <ns3:atemp>21.0</ns3:atemp>
          </ns3:TrackPointExtension>
        </extensions>
      </trkpt>
      <trkpt lat="49.69308475032449" lon="2.7893433161079884">
        <ele>76.5999984741211</ele>
        <time>2024-09-27T10:34:37Z</time>
        <extensions>
          <ns3:TrackPointExtension>
            <ns3:atemp>21.0</ns3:atemp>
          </ns3:TrackPointExtension>
        </extensions>
      </trkpt>
      <trkpt lat="49.69221697188914" lon="2.7891612611711025">
        <ele>81.80000305175781</ele>
        <time>2024-09-27T10:35:12Z</time>
        <extensions>
          <ns3:TrackPointExtension>
            <ns3:atemp>21.0</ns3:atemp>
          </ns3:TrackPointExtension>
        </extensions>
      </trkpt>
      <trkpt lat="49.69171707518399" lon="2.788929082453251">
        <ele>82.19999694824219</ele>
        <time>2024-09-27T10:35:31Z</time>
        <extensions>
          <ns3:TrackPointExtension>
            <ns3:atemp>21.0</ns3:atemp>
          </ns3:TrackPointExtension>
        </extensions>
      </trkpt>
      <trkpt lat="49.691544407978654" lon="2.7888903580605984">
        <ele>82.80000305175781</ele>
        <time>2024-09-27T10:35:37Z</time>
        <extensions>
          <ns3:TrackPointExtension>
            <ns3:atemp>21.0</ns3:atemp>
          </ns3:TrackPointExtension>
        </extensions>
      </trkpt>
      <trkpt lat="49.690836388617754" lon="2.7885306905955076">
        <ele>84.80000305175781</ele>
        <time>2024-09-27T10:36:04Z</time>
        <extensions>
          <ns3:TrackPointExtension>
            <ns3:atemp>20.0</ns3:atemp>
          </ns3:TrackPointExtension>
        </extensions>
      </trkpt>
      <trkpt lat="49.69043598510325" lon="2.788196336477995">
        <ele>85.4000015258789</ele>
        <time>2024-09-27T10:36:18Z</time>
        <extensions>
          <ns3:TrackPointExtension>
            <ns3:atemp>20.0</ns3:atemp>
          </ns3:TrackPointExtension>
        </extensions>
      </trkpt>
      <trkpt lat="49.69021503813565" lon="2.7881053928285837">
        <ele>85.80000305175781</ele>
        <time>2024-09-27T10:36:24Z</time>
        <extensions>
          <ns3:TrackPointExtension>
            <ns3:atemp>20.0</ns3:atemp>
          </ns3:TrackPointExtension>
        </extensions>
      </trkpt>
      <trkpt lat="49.68875080347061" lon="2.7883534971624613">
        <ele>86.5999984741211</ele>
        <time>2024-09-27T10:36:58Z</time>
        <extensions>
          <ns3:TrackPointExtension>
            <ns3:atemp>20.0</ns3:atemp>
          </ns3:TrackPointExtension>
        </extensions>
      </trkpt>
      <trkpt lat="49.6850214432925" lon="2.7891023363918066">
        <ele>84.5999984741211</ele>
        <time>2024-09-27T10:38:12Z</time>
        <extensions>
          <ns3:TrackPointExtension>
            <ns3:atemp>20.0</ns3:atemp>
          </ns3:TrackPointExtension>
        </extensions>
      </trkpt>
      <trkpt lat="49.68468423932791" lon="2.7891527954488993">
        <ele>84.19999694824219</ele>
        <time>2024-09-27T10:38:20Z</time>
        <extensions>
          <ns3:TrackPointExtension>
            <ns3:atemp>20.0</ns3:atemp>
          </ns3:TrackPointExtension>
        </extensions>
      </trkpt>
      <trkpt lat="49.68434703536332" lon="2.7891292423009872">
        <ele>83.5999984741211</ele>
        <time>2024-09-27T10:38:29Z</time>
        <extensions>
          <ns3:TrackPointExtension>
            <ns3:atemp>20.0</ns3:atemp>
          </ns3:TrackPointExtension>
        </extensions>
      </trkpt>
      <trkpt lat="49.6840491425246" lon="2.78925740160048">
        <ele>83.19999694824219</ele>
        <time>2024-09-27T10:38:37Z</time>
        <extensions>
          <ns3:TrackPointExtension>
            <ns3:atemp>19.0</ns3:atemp>
          </ns3:TrackPointExtension>
        </extensions>
      </trkpt>
      <trkpt lat="49.68350281007588" lon="2.789406096562743">
        <ele>83.19999694824219</ele>
        <time>2024-09-27T10:38:48Z</time>
        <extensions>
          <ns3:TrackPointExtension>
            <ns3:atemp>19.0</ns3:atemp>
          </ns3:TrackPointExtension>
        </extensions>
      </trkpt>
      <trkpt lat="49.6786355227232" lon="2.790352748706937">
        <ele>85.4000015258789</ele>
        <time>2024-09-27T10:40:53Z</time>
        <extensions>
          <ns3:TrackPointExtension>
            <ns3:atemp>19.0</ns3:atemp>
          </ns3:TrackPointExtension>
        </extensions>
      </trkpt>
      <trkpt lat="49.67348970472813" lon="2.7907150145620108">
        <ele>85.19999694824219</ele>
        <time>2024-09-27T10:43:12Z</time>
        <extensions>
          <ns3:TrackPointExtension>
            <ns3:atemp>18.0</ns3:atemp>
          </ns3:TrackPointExtension>
        </extensions>
      </trkpt>
      <trkpt lat="49.67081562615931" lon="2.7909645438194275">
        <ele>85.19999694824219</ele>
        <time>2024-09-27T10:44:15Z</time>
        <extensions>
          <ns3:TrackPointExtension>
            <ns3:atemp>18.0</ns3:atemp>
          </ns3:TrackPointExtension>
        </extensions>
      </trkpt>
      <trkpt lat="49.6657217759639" lon="2.7916345931589603">
        <ele>83.5999984741211</ele>
        <time>2024-09-27T10:46:25Z</time>
        <extensions>
          <ns3:TrackPointExtension>
            <ns3:atemp>18.0</ns3:atemp>
          </ns3:TrackPointExtension>
        </extensions>
      </trkpt>
      <trkpt lat="49.662925992161036" lon="2.792137674987316">
        <ele>82.19999694824219</ele>
        <time>2024-09-27T10:47:35Z</time>
        <extensions>
          <ns3:TrackPointExtension>
            <ns3:atemp>17.0</ns3:atemp>
          </ns3:TrackPointExtension>
        </extensions>
      </trkpt>
      <trkpt lat="49.66279531829059" lon="2.79204111546278">
        <ele>81.19999694824219</ele>
        <time>2024-09-27T10:47:40Z</time>
        <extensions>
          <ns3:TrackPointExtension>
            <ns3:atemp>17.0</ns3:atemp>
          </ns3:TrackPointExtension>
        </extensions>
      </trkpt>
      <trkpt lat="49.66269205324352" lon="2.7918913308531046">
        <ele>80.19999694824219</ele>
        <time>2024-09-27T10:47:46Z</time>
        <extensions>
          <ns3:TrackPointExtension>
            <ns3:atemp>17.0</ns3:atemp>
          </ns3:TrackPointExtension>
        </extensions>
      </trkpt>
      <trkpt lat="49.662806717678905" lon="2.79210121370852">
        <ele>80.19999694824219</ele>
        <time>2024-09-27T10:51:07Z</time>
        <extensions>
          <ns3:TrackPointExtension>
            <ns3:atemp>17.0</ns3:atemp>
          </ns3:TrackPointExtension>
        </extensions>
      </trkpt>
      <trkpt lat="49.66279054060578" lon="2.792163658887148">
        <ele>80.19999694824219</ele>
        <time>2024-09-27T10:51:09Z</time>
        <extensions>
          <ns3:TrackPointExtension>
            <ns3:atemp>17.0</ns3:atemp>
          </ns3:TrackPointExtension>
        </extensions>
      </trkpt>
      <trkpt lat="49.662706553936005" lon="2.7921897266060114">
        <ele>80.19999694824219</ele>
        <time>2024-09-27T10:51:13Z</time>
        <extensions>
          <ns3:TrackPointExtension>
            <ns3:atemp>17.0</ns3:atemp>
          </ns3:TrackPointExtension>
        </extensions>
      </trkpt>
      <trkpt lat="49.64451271109283" lon="2.795670060440898">
        <ele>83.0</ele>
        <time>2024-09-27T10:58:30Z</time>
        <extensions>
          <ns3:TrackPointExtension>
            <ns3:atemp>16.0</ns3:atemp>
          </ns3:TrackPointExtension>
        </extensions>
      </trkpt>
      <trkpt lat="49.64419906027615" lon="2.7958030812442303">
        <ele>83.80000305175781</ele>
        <time>2024-09-27T10:58:36Z</time>
        <extensions>
          <ns3:TrackPointExtension>
            <ns3:atemp>16.0</ns3:atemp>
          </ns3:TrackPointExtension>
        </extensions>
      </trkpt>
      <trkpt lat="49.64383704587817" lon="2.7960698772221804">
        <ele>83.5999984741211</ele>
        <time>2024-09-27T10:58:43Z</time>
        <extensions>
          <ns3:TrackPointExtension>
            <ns3:atemp>16.0</ns3:atemp>
          </ns3:TrackPointExtension>
        </extensions>
      </trkpt>
      <trkpt lat="49.64222202077508" lon="2.7975647058337927">
        <ele>84.0</ele>
        <time>2024-09-27T10:59:20Z</time>
        <extensions>
          <ns3:TrackPointExtension>
            <ns3:atemp>16.0</ns3:atemp>
          </ns3:TrackPointExtension>
        </extensions>
      </trkpt>
      <trkpt lat="49.641985315829515" lon="2.7976351138204336">
        <ele>83.80000305175781</ele>
        <time>2024-09-27T10:59:25Z</time>
        <extensions>
          <ns3:TrackPointExtension>
            <ns3:atemp>16.0</ns3:atemp>
          </ns3:TrackPointExtension>
        </extensions>
      </trkpt>
      <trkpt lat="49.64113589376211" lon="2.7976875007152557">
        <ele>85.0</ele>
        <time>2024-09-27T10:59:43Z</time>
        <extensions>
          <ns3:TrackPointExtension>
            <ns3:atemp>16.0</ns3:atemp>
          </ns3:TrackPointExtension>
        </extensions>
      </trkpt>
      <trkpt lat="49.63976218365133" lon="2.7983154729008675">
        <ele>83.0</ele>
        <time>2024-09-27T11:00:09Z</time>
        <extensions>
          <ns3:TrackPointExtension>
            <ns3:atemp>16.0</ns3:atemp>
          </ns3:TrackPointExtension>
        </extensions>
      </trkpt>
      <trkpt lat="49.63958834297955" lon="2.798328213393688">
        <ele>82.5999984741211</ele>
        <time>2024-09-27T11:00:12Z</time>
        <extensions>
          <ns3:TrackPointExtension>
            <ns3:atemp>16.0</ns3:atemp>
          </ns3:TrackPointExtension>
        </extensions>
      </trkpt>
      <trkpt lat="49.63934023864567" lon="2.798269037157297">
        <ele>82.5999984741211</ele>
        <time>2024-09-27T11:00:17Z</time>
        <extensions>
          <ns3:TrackPointExtension>
            <ns3:atemp>17.0</ns3:atemp>
          </ns3:TrackPointExtension>
        </extensions>
      </trkpt>
      <trkpt lat="49.63859936222434" lon="2.7979133930057287">
        <ele>84.0</ele>
        <time>2024-09-27T11:00:35Z</time>
        <extensions>
          <ns3:TrackPointExtension>
            <ns3:atemp>17.0</ns3:atemp>
          </ns3:TrackPointExtension>
        </extensions>
      </trkpt>
      <trkpt lat="49.63805546052754" lon="2.7978640235960484">
        <ele>85.0</ele>
        <time>2024-09-27T11:00:48Z</time>
        <extensions>
          <ns3:TrackPointExtension>
            <ns3:atemp>17.0</ns3:atemp>
          </ns3:TrackPointExtension>
        </extensions>
      </trkpt>
      <trkpt lat="49.63497603312135" lon="2.7987431176006794">
        <ele>94.0</ele>
        <time>2024-09-27T11:02:23Z</time>
        <extensions>
          <ns3:TrackPointExtension>
            <ns3:atemp>17.0</ns3:atemp>
          </ns3:TrackPointExtension>
        </extensions>
      </trkpt>
      <trkpt lat="49.63435426354408" lon="2.7991407550871372">
        <ele>95.4000015258789</ele>
        <time>2024-09-27T11:02:42Z</time>
        <extensions>
          <ns3:TrackPointExtension>
            <ns3:atemp>17.0</ns3:atemp>
          </ns3:TrackPointExtension>
        </extensions>
      </trkpt>
      <trkpt lat="49.632200533524156" lon="2.8007624857127666">
        <ele>95.80000305175781</ele>
        <time>2024-09-27T11:03:27Z</time>
        <extensions>
          <ns3:TrackPointExtension>
            <ns3:atemp>17.0</ns3:atemp>
          </ns3:TrackPointExtension>
        </extensions>
      </trkpt>
      <trkpt lat="49.626445434987545" lon="2.804973302409053">
        <ele>80.5999984741211</ele>
        <time>2024-09-27T11:05:01Z</time>
        <extensions>
          <ns3:TrackPointExtension>
            <ns3:atemp>17.0</ns3:atemp>
          </ns3:TrackPointExtension>
        </extensions>
      </trkpt>
      <trkpt lat="49.620892675593495" lon="2.809084290638566">
        <ele>78.5999984741211</ele>
        <time>2024-09-27T11:06:52Z</time>
        <extensions>
          <ns3:TrackPointExtension>
            <ns3:atemp>16.0</ns3:atemp>
          </ns3:TrackPointExtension>
        </extensions>
      </trkpt>
      <trkpt lat="49.620721098035574" lon="2.8092935029417276">
        <ele>78.4000015258789</ele>
        <time>2024-09-27T11:06:57Z</time>
        <extensions>
          <ns3:TrackPointExtension>
            <ns3:atemp>16.0</ns3:atemp>
          </ns3:TrackPointExtension>
        </extensions>
      </trkpt>
      <trkpt lat="49.62054398842156" lon="2.809600615873933">
        <ele>78.4000015258789</ele>
        <time>2024-09-27T11:07:03Z</time>
        <extensions>
          <ns3:TrackPointExtension>
            <ns3:atemp>16.0</ns3:atemp>
          </ns3:TrackPointExtension>
        </extensions>
      </trkpt>
      <trkpt lat="49.61893499828875" lon="2.812712313607335">
        <ele>78.80000305175781</ele>
        <time>2024-09-27T11:07:49Z</time>
        <extensions>
          <ns3:TrackPointExtension>
            <ns3:atemp>16.0</ns3:atemp>
          </ns3:TrackPointExtension>
        </extensions>
      </trkpt>
      <trkpt lat="49.61865755729377" lon="2.813078183680773">
        <ele>79.19999694824219</ele>
        <time>2024-09-27T11:07:56Z</time>
        <extensions>
          <ns3:TrackPointExtension>
            <ns3:atemp>16.0</ns3:atemp>
          </ns3:TrackPointExtension>
        </extensions>
      </trkpt>
      <trkpt lat="49.616083055734634" lon="2.8150276467204094">
        <ele>80.0</ele>
        <time>2024-09-27T11:09:01Z</time>
        <extensions>
          <ns3:TrackPointExtension>
            <ns3:atemp>16.0</ns3:atemp>
          </ns3:TrackPointExtension>
        </extensions>
      </trkpt>
      <trkpt lat="49.61140042170882" lon="2.8186123352497816">
        <ele>84.80000305175781</ele>
        <time>2024-09-27T11:11:00Z</time>
        <extensions>
          <ns3:TrackPointExtension>
            <ns3:atemp>16.0</ns3:atemp>
          </ns3:TrackPointExtension>
        </extensions>
      </trkpt>
      <trkpt lat="49.60762755945325" lon="2.8214605897665024">
        <ele>87.19999694824219</ele>
        <time>2024-09-27T11:12:27Z</time>
        <extensions>
          <ns3:TrackPointExtension>
            <ns3:atemp>16.0</ns3:atemp>
          </ns3:TrackPointExtension>
        </extensions>
      </trkpt>
      <trkpt lat="49.597859708592296" lon="2.8289434500038624">
        <ele>76.0</ele>
        <time>2024-09-27T11:15:32Z</time>
        <extensions>
          <ns3:TrackPointExtension>
            <ns3:atemp>16.0</ns3:atemp>
          </ns3:TrackPointExtension>
        </extensions>
      </trkpt>
      <trkpt lat="49.59649773314595" lon="2.829962521791458">
        <ele>74.19999694824219</ele>
        <time>2024-09-27T11:16:01Z</time>
        <extensions>
          <ns3:TrackPointExtension>
            <ns3:atemp>16.0</ns3:atemp>
          </ns3:TrackPointExtension>
        </extensions>
      </trkpt>
      <trkpt lat="49.593085711821914" lon="2.8326050005853176">
        <ele>72.19999694824219</ele>
        <time>2024-09-27T11:17:11Z</time>
        <extensions>
          <ns3:TrackPointExtension>
            <ns3:atemp>16.0</ns3:atemp>
          </ns3:TrackPointExtension>
        </extensions>
      </trkpt>
      <trkpt lat="49.59292218089104" lon="2.8327089361846447">
        <ele>72.4000015258789</ele>
        <time>2024-09-27T11:17:16Z</time>
        <extensions>
          <ns3:TrackPointExtension>
            <ns3:atemp>16.0</ns3:atemp>
          </ns3:TrackPointExtension>
        </extensions>
      </trkpt>
      <trkpt lat="49.592833165079355" lon="2.8326671943068504">
        <ele>72.19999694824219</ele>
        <time>2024-09-27T11:17:19Z</time>
        <extensions>
          <ns3:TrackPointExtension>
            <ns3:atemp>16.0</ns3:atemp>
          </ns3:TrackPointExtension>
        </extensions>
      </trkpt>
      <trkpt lat="49.592671478167176" lon="2.8319918643683195">
        <ele>72.4000015258789</ele>
        <time>2024-09-27T11:17:31Z</time>
        <extensions>
          <ns3:TrackPointExtension>
            <ns3:atemp>16.0</ns3:atemp>
          </ns3:TrackPointExtension>
        </extensions>
      </trkpt>
      <trkpt lat="49.592507192865014" lon="2.8317148424685">
        <ele>73.0</ele>
        <time>2024-09-27T11:17:38Z</time>
        <extensions>
          <ns3:TrackPointExtension>
            <ns3:atemp>16.0</ns3:atemp>
          </ns3:TrackPointExtension>
        </extensions>
      </trkpt>
      <trkpt lat="49.591925321146846" lon="2.8313646465539932">
        <ele>73.4000015258789</ele>
        <time>2024-09-27T11:17:55Z</time>
        <extensions>
          <ns3:TrackPointExtension>
            <ns3:atemp>16.0</ns3:atemp>
          </ns3:TrackPointExtension>
        </extensions>
      </trkpt>
      <trkpt lat="49.59172113798559" lon="2.8313121758401394">
        <ele>73.80000305175781</ele>
        <time>2024-09-27T11:18:01Z</time>
        <extensions>
          <ns3:TrackPointExtension>
            <ns3:atemp>16.0</ns3:atemp>
          </ns3:TrackPointExtension>
        </extensions>
      </trkpt>
      <trkpt lat="49.59162600338459" lon="2.831347966566682">
        <ele>73.5999984741211</ele>
        <time>2024-09-27T11:18:04Z</time>
        <extensions>
          <ns3:TrackPointExtension>
            <ns3:atemp>16.0</ns3:atemp>
          </ns3:TrackPointExtension>
        </extensions>
      </trkpt>
      <trkpt lat="49.59155316464603" lon="2.831556173041463">
        <ele>73.19999694824219</ele>
        <time>2024-09-27T11:18:08Z</time>
        <extensions>
          <ns3:TrackPointExtension>
            <ns3:atemp>16.0</ns3:atemp>
          </ns3:TrackPointExtension>
        </extensions>
      </trkpt>
      <trkpt lat="49.59151511080563" lon="2.832742463797331">
        <ele>73.0</ele>
        <time>2024-09-27T11:18:21Z</time>
        <extensions>
          <ns3:TrackPointExtension>
            <ns3:atemp>16.0</ns3:atemp>
          </ns3:TrackPointExtension>
        </extensions>
      </trkpt>
      <trkpt lat="49.59141578525305" lon="2.8333345614373684">
        <ele>72.4000015258789</ele>
        <time>2024-09-27T11:18:27Z</time>
        <extensions>
          <ns3:TrackPointExtension>
            <ns3:atemp>16.0</ns3:atemp>
          </ns3:TrackPointExtension>
        </extensions>
      </trkpt>
      <trkpt lat="49.59092971868813" lon="2.8343924414366484">
        <ele>70.0</ele>
        <time>2024-09-27T11:18:39Z</time>
        <extensions>
          <ns3:TrackPointExtension>
            <ns3:atemp>16.0</ns3:atemp>
          </ns3:TrackPointExtension>
        </extensions>
      </trkpt>
      <trkpt lat="49.590206276625395" lon="2.8362486138939857">
        <ele>68.19999694824219</ele>
        <time>2024-09-27T11:18:58Z</time>
        <extensions>
          <ns3:TrackPointExtension>
            <ns3:atemp>16.0</ns3:atemp>
          </ns3:TrackPointExtension>
        </extensions>
      </trkpt>
      <trkpt lat="49.589987425133586" lon="2.836733842268586">
        <ele>68.4000015258789</ele>
        <time>2024-09-27T11:19:03Z</time>
        <extensions>
          <ns3:TrackPointExtension>
            <ns3:atemp>16.0</ns3:atemp>
          </ns3:TrackPointExtension>
        </extensions>
      </trkpt>
      <trkpt lat="49.589778715744615" lon="2.8370424639433622">
        <ele>67.80000305175781</ele>
        <time>2024-09-27T11:19:07Z</time>
        <extensions>
          <ns3:TrackPointExtension>
            <ns3:atemp>16.0</ns3:atemp>
          </ns3:TrackPointExtension>
        </extensions>
      </trkpt>
      <trkpt lat="49.58880524151027" lon="2.837862130254507">
        <ele>66.19999694824219</ele>
        <time>2024-09-27T11:19:25Z</time>
        <extensions>
          <ns3:TrackPointExtension>
            <ns3:atemp>16.0</ns3:atemp>
          </ns3:TrackPointExtension>
        </extensions>
      </trkpt>
      <trkpt lat="49.588478012010455" lon="2.8381841629743576">
        <ele>65.19999694824219</ele>
        <time>2024-09-27T11:19:31Z</time>
        <extensions>
          <ns3:TrackPointExtension>
            <ns3:atemp>16.0</ns3:atemp>
          </ns3:TrackPointExtension>
        </extensions>
      </trkpt>
      <trkpt lat="49.58737704902887" lon="2.839870350435376">
        <ele>67.5999984741211</ele>
        <time>2024-09-27T11:19:57Z</time>
        <extensions>
          <ns3:TrackPointExtension>
            <ns3:atemp>16.0</ns3:atemp>
          </ns3:TrackPointExtension>
        </extensions>
      </trkpt>
      <trkpt lat="49.58711109124124" lon="2.84043051302433">
        <ele>68.0</ele>
        <time>2024-09-27T11:20:06Z</time>
        <extensions>
          <ns3:TrackPointExtension>
            <ns3:atemp>16.0</ns3:atemp>
          </ns3:TrackPointExtension>
        </extensions>
      </trkpt>
      <trkpt lat="49.58692115731537" lon="2.840643497183919">
        <ele>68.0</ele>
        <time>2024-09-27T11:20:11Z</time>
        <extensions>
          <ns3:TrackPointExtension>
            <ns3:atemp>16.0</ns3:atemp>
          </ns3:TrackPointExtension>
        </extensions>
      </trkpt>
      <trkpt lat="49.58561877720058" lon="2.8403570037335157">
        <ele>71.0</ele>
        <time>2024-09-27T11:20:45Z</time>
        <extensions>
          <ns3:TrackPointExtension>
            <ns3:atemp>17.0</ns3:atemp>
          </ns3:TrackPointExtension>
        </extensions>
      </trkpt>
      <trkpt lat="49.58504042588174" lon="2.84042707644403">
        <ele>70.19999694824219</ele>
        <time>2024-09-27T11:20:58Z</time>
        <extensions>
          <ns3:TrackPointExtension>
            <ns3:atemp>16.0</ns3:atemp>
          </ns3:TrackPointExtension>
        </extensions>
      </trkpt>
      <trkpt lat="49.584732642397285" lon="2.8403758630156517">
        <ele>71.4000015258789</ele>
        <time>2024-09-27T11:21:06Z</time>
        <extensions>
          <ns3:TrackPointExtension>
            <ns3:atemp>16.0</ns3:atemp>
          </ns3:TrackPointExtension>
        </extensions>
      </trkpt>
      <trkpt lat="49.58410634659231" lon="2.840006807819009">
        <ele>72.0</ele>
        <time>2024-09-27T11:21:23Z</time>
        <extensions>
          <ns3:TrackPointExtension>
            <ns3:atemp>16.0</ns3:atemp>
          </ns3:TrackPointExtension>
        </extensions>
      </trkpt>
      <trkpt lat="49.58299356512725" lon="2.839255202561617">
        <ele>72.80000305175781</ele>
        <time>2024-09-27T11:21:53Z</time>
        <extensions>
          <ns3:TrackPointExtension>
            <ns3:atemp>16.0</ns3:atemp>
          </ns3:TrackPointExtension>
        </extensions>
      </trkpt>
      <trkpt lat="49.58262601867318" lon="2.838933588936925">
        <ele>73.5999984741211</ele>
        <time>2024-09-27T11:22:03Z</time>
        <extensions>
          <ns3:TrackPointExtension>
            <ns3:atemp>16.0</ns3:atemp>
          </ns3:TrackPointExtension>
        </extensions>
      </trkpt>
      <trkpt lat="49.582374058663845" lon="2.838859912008047">
        <ele>74.4000015258789</ele>
        <time>2024-09-27T11:22:09Z</time>
        <extensions>
          <ns3:TrackPointExtension>
            <ns3:atemp>16.0</ns3:atemp>
          </ns3:TrackPointExtension>
        </extensions>
      </trkpt>
      <trkpt lat="49.58148105069995" lon="2.838284159079194">
        <ele>75.0</ele>
        <time>2024-09-27T11:22:32Z</time>
        <extensions>
          <ns3:TrackPointExtension>
            <ns3:atemp>17.0</ns3:atemp>
          </ns3:TrackPointExtension>
        </extensions>
      </trkpt>
      <trkpt lat="49.58140787668526" lon="2.838051477447152">
        <ele>75.4000015258789</ele>
        <time>2024-09-27T11:22:38Z</time>
        <extensions>
          <ns3:TrackPointExtension>
            <ns3:atemp>17.0</ns3:atemp>
          </ns3:TrackPointExtension>
        </extensions>
      </trkpt>
      <trkpt lat="49.581373343244195" lon="2.8380213025957346">
        <ele>75.5999984741211</ele>
        <time>2024-09-27T11:22:40Z</time>
        <extensions>
          <ns3:TrackPointExtension>
            <ns3:atemp>17.0</ns3:atemp>
          </ns3:TrackPointExtension>
        </extensions>
      </trkpt>
      <trkpt lat="49.58099976181984" lon="2.8380857594311237">
        <ele>76.0</ele>
        <time>2024-09-27T11:34:40Z</time>
        <extensions>
          <ns3:TrackPointExtension>
            <ns3:atemp>18.0</ns3:atemp>
          </ns3:TrackPointExtension>
        </extensions>
      </trkpt>
      <trkpt lat="49.57997599616647" lon="2.8379423450678587">
        <ele>78.19999694824219</ele>
        <time>2024-09-27T11:35:01Z</time>
        <extensions>
          <ns3:TrackPointExtension>
            <ns3:atemp>18.0</ns3:atemp>
          </ns3:TrackPointExtension>
        </extensions>
      </trkpt>
      <trkpt lat="49.57873874343932" lon="2.8380116634070873">
        <ele>79.4000015258789</ele>
        <time>2024-09-27T11:35:26Z</time>
        <extensions>
          <ns3:TrackPointExtension>
            <ns3:atemp>18.0</ns3:atemp>
          </ns3:TrackPointExtension>
        </extensions>
      </trkpt>
      <trkpt lat="49.571519661694765" lon="2.839480508118868">
        <ele>93.0</ele>
        <time>2024-09-27T11:38:22Z</time>
        <extensions>
          <ns3:TrackPointExtension>
            <ns3:atemp>17.0</ns3:atemp>
          </ns3:TrackPointExtension>
        </extensions>
      </trkpt>
      <trkpt lat="49.571194779127836" lon="2.8394821006804705">
        <ele>94.5999984741211</ele>
        <time>2024-09-27T11:38:33Z</time>
        <extensions>
          <ns3:TrackPointExtension>
            <ns3:atemp>17.0</ns3:atemp>
          </ns3:TrackPointExtension>
        </extensions>
      </trkpt>
      <trkpt lat="49.570680214092135" lon="2.839397946372628">
        <ele>97.0</ele>
        <time>2024-09-27T11:38:52Z</time>
        <extensions>
          <ns3:TrackPointExtension>
            <ns3:atemp>17.0</ns3:atemp>
          </ns3:TrackPointExtension>
        </extensions>
      </trkpt>
      <trkpt lat="49.57032163627446" lon="2.839266685768962">
        <ele>99.0</ele>
        <time>2024-09-27T11:39:06Z</time>
        <extensions>
          <ns3:TrackPointExtension>
            <ns3:atemp>17.0</ns3:atemp>
          </ns3:TrackPointExtension>
        </extensions>
      </trkpt>
      <trkpt lat="49.56970187835395" lon="2.8388921823352575">
        <ele>102.4000015258789</ele>
        <time>2024-09-27T11:39:32Z</time>
        <extensions>
          <ns3:TrackPointExtension>
            <ns3:atemp>17.0</ns3:atemp>
          </ns3:TrackPointExtension>
        </extensions>
      </trkpt>
      <trkpt lat="49.569350089877844" lon="2.838574508205056">
        <ele>104.4000015258789</ele>
        <time>2024-09-27T11:39:48Z</time>
        <extensions>
          <ns3:TrackPointExtension>
            <ns3:atemp>17.0</ns3:atemp>
          </ns3:TrackPointExtension>
        </extensions>
      </trkpt>
      <trkpt lat="49.568863017484546" lon="2.837979895994067">
        <ele>107.80000305175781</ele>
        <time>2024-09-27T11:40:11Z</time>
        <extensions>
          <ns3:TrackPointExtension>
            <ns3:atemp>16.0</ns3:atemp>
          </ns3:TrackPointExtension>
        </extensions>
      </trkpt>
      <trkpt lat="49.56843629479408" lon="2.8372344095259905">
        <ele>111.5999984741211</ele>
        <time>2024-09-27T11:40:37Z</time>
        <extensions>
          <ns3:TrackPointExtension>
            <ns3:atemp>16.0</ns3:atemp>
          </ns3:TrackPointExtension>
        </extensions>
      </trkpt>
      <trkpt lat="49.56817318685353" lon="2.8365994803607464">
        <ele>115.4000015258789</ele>
        <time>2024-09-27T11:40:58Z</time>
        <extensions>
          <ns3:TrackPointExtension>
            <ns3:atemp>16.0</ns3:atemp>
          </ns3:TrackPointExtension>
        </extensions>
      </trkpt>
      <trkpt lat="49.56800672225654" lon="2.83604945987463">
        <ele>118.0</ele>
        <time>2024-09-27T11:41:17Z</time>
        <extensions>
          <ns3:TrackPointExtension>
            <ns3:atemp>16.0</ns3:atemp>
          </ns3:TrackPointExtension>
        </extensions>
      </trkpt>
      <trkpt lat="49.56785308197141" lon="2.8353289514780045">
        <ele>121.4000015258789</ele>
        <time>2024-09-27T11:41:41Z</time>
        <extensions>
          <ns3:TrackPointExtension>
            <ns3:atemp>16.0</ns3:atemp>
          </ns3:TrackPointExtension>
        </extensions>
      </trkpt>
      <trkpt lat="49.56756256520748" lon="2.8326739836484194">
        <ele>128.39999389648438</ele>
        <time>2024-09-27T11:42:42Z</time>
        <extensions>
          <ns3:TrackPointExtension>
            <ns3:atemp>16.0</ns3:atemp>
          </ns3:TrackPointExtension>
        </extensions>
      </trkpt>
      <trkpt lat="49.567512860521674" lon="2.832328900694847">
        <ele>130.0</ele>
        <time>2024-09-27T11:42:49Z</time>
        <extensions>
          <ns3:TrackPointExtension>
            <ns3:atemp>16.0</ns3:atemp>
          </ns3:TrackPointExtension>
        </extensions>
      </trkpt>
      <trkpt lat="49.56739551387727" lon="2.831850294023752">
        <ele>131.39999389648438</ele>
        <time>2024-09-27T11:43:00Z</time>
        <extensions>
          <ns3:TrackPointExtension>
            <ns3:atemp>16.0</ns3:atemp>
          </ns3:TrackPointExtension>
        </extensions>
      </trkpt>
      <trkpt lat="49.566831747069955" lon="2.8304319083690643">
        <ele>136.0</ele>
        <time>2024-09-27T11:43:39Z</time>
        <extensions>
          <ns3:TrackPointExtension>
            <ns3:atemp>16.0</ns3:atemp>
          </ns3:TrackPointExtension>
        </extensions>
      </trkpt>
      <trkpt lat="49.56612087786198" lon="2.828845465555787">
        <ele>140.60000610351562</ele>
        <time>2024-09-27T11:44:23Z</time>
        <extensions>
          <ns3:TrackPointExtension>
            <ns3:atemp>16.0</ns3:atemp>
          </ns3:TrackPointExtension>
        </extensions>
      </trkpt>
      <trkpt lat="49.565364411100745" lon="2.826944198459387">
        <ele>145.39999389648438</ele>
        <time>2024-09-27T11:45:07Z</time>
        <extensions>
          <ns3:TrackPointExtension>
            <ns3:atemp>16.0</ns3:atemp>
          </ns3:TrackPointExtension>
        </extensions>
      </trkpt>
      <trkpt lat="49.56521068699658" lon="2.826400715857744">
        <ele>145.8000030517578</ele>
        <time>2024-09-27T11:45:17Z</time>
        <extensions>
          <ns3:TrackPointExtension>
            <ns3:atemp>16.0</ns3:atemp>
          </ns3:TrackPointExtension>
        </extensions>
      </trkpt>
      <trkpt lat="49.564689584076405" lon="2.823876505717635">
        <ele>152.39999389648438</ele>
        <time>2024-09-27T11:46:13Z</time>
        <extensions>
          <ns3:TrackPointExtension>
            <ns3:atemp>16.0</ns3:atemp>
          </ns3:TrackPointExtension>
        </extensions>
      </trkpt>
      <trkpt lat="49.56458028405905" lon="2.82348339445889">
        <ele>154.39999389648438</ele>
        <time>2024-09-27T11:46:23Z</time>
        <extensions>
          <ns3:TrackPointExtension>
            <ns3:atemp>16.0</ns3:atemp>
          </ns3:TrackPointExtension>
        </extensions>
      </trkpt>
      <trkpt lat="49.56442563794553" lon="2.823095479980111">
        <ele>156.0</ele>
        <time>2024-09-27T11:46:35Z</time>
        <extensions>
          <ns3:TrackPointExtension>
            <ns3:atemp>16.0</ns3:atemp>
          </ns3:TrackPointExtension>
        </extensions>
      </trkpt>
      <trkpt lat="49.56430912949145" lon="2.8228642232716084">
        <ele>156.8000030517578</ele>
        <time>2024-09-27T11:46:43Z</time>
        <extensions>
          <ns3:TrackPointExtension>
            <ns3:atemp>16.0</ns3:atemp>
          </ns3:TrackPointExtension>
        </extensions>
      </trkpt>
      <trkpt lat="49.56385952420533" lon="2.8222256898880005">
        <ele>161.1999969482422</ele>
        <time>2024-09-27T11:47:07Z</time>
        <extensions>
          <ns3:TrackPointExtension>
            <ns3:atemp>16.0</ns3:atemp>
          </ns3:TrackPointExtension>
        </extensions>
      </trkpt>
      <trkpt lat="49.56352399662137" lon="2.8218343388289213">
        <ele>163.60000610351562</ele>
        <time>2024-09-27T11:47:22Z</time>
        <extensions>
          <ns3:TrackPointExtension>
            <ns3:atemp>16.0</ns3:atemp>
          </ns3:TrackPointExtension>
        </extensions>
      </trkpt>
      <trkpt lat="49.56328737549484" lon="2.8216561395674944">
        <ele>164.8000030517578</ele>
        <time>2024-09-27T11:47:31Z</time>
        <extensions>
          <ns3:TrackPointExtension>
            <ns3:atemp>16.0</ns3:atemp>
          </ns3:TrackPointExtension>
        </extensions>
      </trkpt>
      <trkpt lat="49.562611039727926" lon="2.821425385773182">
        <ele>168.39999389648438</ele>
        <time>2024-09-27T11:47:55Z</time>
        <extensions>
          <ns3:TrackPointExtension>
            <ns3:atemp>16.0</ns3:atemp>
          </ns3:TrackPointExtension>
        </extensions>
      </trkpt>
      <trkpt lat="49.56232144497335" lon="2.8211704920977354">
        <ele>170.39999389648438</ele>
        <time>2024-09-27T11:48:08Z</time>
        <extensions>
          <ns3:TrackPointExtension>
            <ns3:atemp>16.0</ns3:atemp>
          </ns3:TrackPointExtension>
        </extensions>
      </trkpt>
      <trkpt lat="49.561670422554016" lon="2.8201470617204905">
        <ele>174.1999969482422</ele>
        <time>2024-09-27T11:48:40Z</time>
        <extensions>
          <ns3:TrackPointExtension>
            <ns3:atemp>16.0</ns3:atemp>
          </ns3:TrackPointExtension>
        </extensions>
      </trkpt>
      <trkpt lat="49.56018942408264" lon="2.817671298980713">
        <ele>178.8000030517578</ele>
        <time>2024-09-27T11:49:37Z</time>
        <extensions>
          <ns3:TrackPointExtension>
            <ns3:atemp>16.0</ns3:atemp>
          </ns3:TrackPointExtension>
        </extensions>
      </trkpt>
      <trkpt lat="49.55976932309568" lon="2.8170596715062857">
        <ele>179.39999389648438</ele>
        <time>2024-09-27T11:49:52Z</time>
        <extensions>
          <ns3:TrackPointExtension>
            <ns3:atemp>15.0</ns3:atemp>
          </ns3:TrackPointExtension>
        </extensions>
      </trkpt>
      <trkpt lat="49.559504706412554" lon="2.816787427291274">
        <ele>180.39999389648438</ele>
        <time>2024-09-27T11:50:01Z</time>
        <extensions>
          <ns3:TrackPointExtension>
            <ns3:atemp>15.0</ns3:atemp>
          </ns3:TrackPointExtension>
        </extensions>
      </trkpt>
      <trkpt lat="49.5586992893368" lon="2.816324243322015">
        <ele>179.60000610351562</ele>
        <time>2024-09-27T11:50:28Z</time>
        <extensions>
          <ns3:TrackPointExtension>
            <ns3:atemp>15.0</ns3:atemp>
          </ns3:TrackPointExtension>
        </extensions>
      </trkpt>
      <trkpt lat="49.549560165032744" lon="2.811814695596695">
        <ele>185.8000030517578</ele>
        <time>2024-09-27T11:54:46Z</time>
        <extensions>
          <ns3:TrackPointExtension>
            <ns3:atemp>15.0</ns3:atemp>
          </ns3:TrackPointExtension>
        </extensions>
      </trkpt>
      <trkpt lat="49.54436028376222" lon="2.8092799242585897">
        <ele>174.0</ele>
        <time>2024-09-27T11:56:24Z</time>
        <extensions>
          <ns3:TrackPointExtension>
            <ns3:atemp>15.0</ns3:atemp>
          </ns3:TrackPointExtension>
        </extensions>
      </trkpt>
      <trkpt lat="49.54070786945522" lon="2.8074548486620188">
        <ele>165.1999969482422</ele>
        <time>2024-09-27T11:57:26Z</time>
        <extensions>
          <ns3:TrackPointExtension>
            <ns3:atemp>15.0</ns3:atemp>
          </ns3:TrackPointExtension>
        </extensions>
      </trkpt>
      <trkpt lat="49.54022632911801" lon="2.807273380458355">
        <ele>164.0</ele>
        <time>2024-09-27T11:57:33Z</time>
        <extensions>
          <ns3:TrackPointExtension>
            <ns3:atemp>15.0</ns3:atemp>
          </ns3:TrackPointExtension>
        </extensions>
      </trkpt>
      <trkpt lat="49.53977957367897" lon="2.807301292195916">
        <ele>162.8000030517578</ele>
        <time>2024-09-27T11:57:39Z</time>
        <extensions>
          <ns3:TrackPointExtension>
            <ns3:atemp>15.0</ns3:atemp>
          </ns3:TrackPointExtension>
        </extensions>
      </trkpt>
      <trkpt lat="49.53914137557149" lon="2.8076493088155985">
        <ele>161.0</ele>
        <time>2024-09-27T11:57:48Z</time>
        <extensions>
          <ns3:TrackPointExtension>
            <ns3:atemp>15.0</ns3:atemp>
          </ns3:TrackPointExtension>
        </extensions>
      </trkpt>
      <trkpt lat="49.5388073567301" lon="2.8079806454479694">
        <ele>159.8000030517578</ele>
        <time>2024-09-27T11:57:53Z</time>
        <extensions>
          <ns3:TrackPointExtension>
            <ns3:atemp>15.0</ns3:atemp>
          </ns3:TrackPointExtension>
        </extensions>
      </trkpt>
      <trkpt lat="49.53814007341862" lon="2.809068700298667">
        <ele>155.8000030517578</ele>
        <time>2024-09-27T11:58:04Z</time>
        <extensions>
          <ns3:TrackPointExtension>
            <ns3:atemp>15.0</ns3:atemp>
          </ns3:TrackPointExtension>
        </extensions>
      </trkpt>
      <trkpt lat="49.538014847785234" lon="2.8092304710298777">
        <ele>155.0</ele>
        <time>2024-09-27T11:58:06Z</time>
        <extensions>
          <ns3:TrackPointExtension>
            <ns3:atemp>15.0</ns3:atemp>
          </ns3:TrackPointExtension>
        </extensions>
      </trkpt>
      <trkpt lat="49.537875624373555" lon="2.8093271981924772">
        <ele>154.60000610351562</ele>
        <time>2024-09-27T11:58:08Z</time>
        <extensions>
          <ns3:TrackPointExtension>
            <ns3:atemp>15.0</ns3:atemp>
          </ns3:TrackPointExtension>
        </extensions>
      </trkpt>
      <trkpt lat="49.53772583976388" lon="2.809328455477953">
        <ele>153.60000610351562</ele>
        <time>2024-09-27T11:58:10Z</time>
        <extensions>
          <ns3:TrackPointExtension>
            <ns3:atemp>15.0</ns3:atemp>
          </ns3:TrackPointExtension>
        </extensions>
      </trkpt>
      <trkpt lat="49.53755987808108" lon="2.8092525992542505">
        <ele>152.60000610351562</ele>
        <time>2024-09-27T11:58:12Z</time>
        <extensions>
          <ns3:TrackPointExtension>
            <ns3:atemp>15.0</ns3:atemp>
          </ns3:TrackPointExtension>
        </extensions>
      </trkpt>
      <trkpt lat="49.536852948367596" lon="2.808653376996517">
        <ele>149.8000030517578</ele>
        <time>2024-09-27T11:58:21Z</time>
        <extensions>
          <ns3:TrackPointExtension>
            <ns3:atemp>15.0</ns3:atemp>
          </ns3:TrackPointExtension>
        </extensions>
      </trkpt>
      <trkpt lat="49.53650786541402" lon="2.8084771893918514">
        <ele>148.1999969482422</ele>
        <time>2024-09-27T11:58:25Z</time>
        <extensions>
          <ns3:TrackPointExtension>
            <ns3:atemp>15.0</ns3:atemp>
          </ns3:TrackPointExtension>
        </extensions>
      </trkpt>
      <trkpt lat="49.53632262535393" lon="2.8084489423781633">
        <ele>147.39999389648438</ele>
        <time>2024-09-27T11:58:27Z</time>
        <extensions>
          <ns3:TrackPointExtension>
            <ns3:atemp>15.0</ns3:atemp>
          </ns3:TrackPointExtension>
        </extensions>
      </trkpt>
      <trkpt lat="49.536042753607035" lon="2.8084903489798307">
        <ele>146.39999389648438</ele>
        <time>2024-09-27T11:58:30Z</time>
        <extensions>
          <ns3:TrackPointExtension>
            <ns3:atemp>15.0</ns3:atemp>
          </ns3:TrackPointExtension>
        </extensions>
      </trkpt>
      <trkpt lat="49.53581392765045" lon="2.808673996478319">
        <ele>145.39999389648438</ele>
        <time>2024-09-27T11:58:33Z</time>
        <extensions>
          <ns3:TrackPointExtension>
            <ns3:atemp>15.0</ns3:atemp>
          </ns3:TrackPointExtension>
        </extensions>
      </trkpt>
      <trkpt lat="49.53571795485914" lon="2.8088841307908297">
        <ele>144.39999389648438</ele>
        <time>2024-09-27T11:58:35Z</time>
        <extensions>
          <ns3:TrackPointExtension>
            <ns3:atemp>15.0</ns3:atemp>
          </ns3:TrackPointExtension>
        </extensions>
      </trkpt>
      <trkpt lat="49.535660706460476" lon="2.809135504066944">
        <ele>144.0</ele>
        <time>2024-09-27T11:58:37Z</time>
        <extensions>
          <ns3:TrackPointExtension>
            <ns3:atemp>15.0</ns3:atemp>
          </ns3:TrackPointExtension>
        </extensions>
      </trkpt>
      <trkpt lat="49.53564922325313" lon="2.8102070465683937">
        <ele>141.1999969482422</ele>
        <time>2024-09-27T11:58:45Z</time>
        <extensions>
          <ns3:TrackPointExtension>
            <ns3:atemp>15.0</ns3:atemp>
          </ns3:TrackPointExtension>
        </extensions>
      </trkpt>
      <trkpt lat="49.53534001484513" lon="2.811265429481864">
        <ele>138.0</ele>
        <time>2024-09-27T11:58:54Z</time>
        <extensions>
          <ns3:TrackPointExtension>
            <ns3:atemp>14.0</ns3:atemp>
          </ns3:TrackPointExtension>
        </extensions>
      </trkpt>
      <trkpt lat="49.53517430461943" lon="2.812320291996002">
        <ele>135.39999389648438</ele>
        <time>2024-09-27T11:59:02Z</time>
        <extensions>
          <ns3:TrackPointExtension>
            <ns3:atemp>14.0</ns3:atemp>
          </ns3:TrackPointExtension>
        </extensions>
      </trkpt>
      <trkpt lat="49.535148572176695" lon="2.812939463183284">
        <ele>133.60000610351562</ele>
        <time>2024-09-27T11:59:07Z</time>
        <extensions>
          <ns3:TrackPointExtension>
            <ns3:atemp>14.0</ns3:atemp>
          </ns3:TrackPointExtension>
        </extensions>
      </trkpt>
      <trkpt lat="49.53517715446651" lon="2.8132040798664093">
        <ele>133.60000610351562</ele>
        <time>2024-09-27T11:59:09Z</time>
        <extensions>
          <ns3:TrackPointExtension>
            <ns3:atemp>14.0</ns3:atemp>
          </ns3:TrackPointExtension>
        </extensions>
      </trkpt>
      <trkpt lat="49.53528276644647" lon="2.813629126176238">
        <ele>131.39999389648438</ele>
        <time>2024-09-27T11:59:13Z</time>
        <extensions>
          <ns3:TrackPointExtension>
            <ns3:atemp>14.0</ns3:atemp>
          </ns3:TrackPointExtension>
        </extensions>
      </trkpt>
      <trkpt lat="49.53527530655265" lon="2.813965743407607">
        <ele>130.39999389648438</ele>
        <time>2024-09-27T11:59:16Z</time>
        <extensions>
          <ns3:TrackPointExtension>
            <ns3:atemp>14.0</ns3:atemp>
          </ns3:TrackPointExtension>
        </extensions>
      </trkpt>
      <trkpt lat="49.535208167508245" lon="2.814158024266362">
        <ele>130.0</ele>
        <time>2024-09-27T11:59:18Z</time>
        <extensions>
          <ns3:TrackPointExtension>
            <ns3:atemp>14.0</ns3:atemp>
          </ns3:TrackPointExtension>
        </extensions>
      </trkpt>
      <trkpt lat="49.53495008870959" lon="2.814459605142474">
        <ele>128.39999389648438</ele>
        <time>2024-09-27T11:59:22Z</time>
        <extensions>
          <ns3:TrackPointExtension>
            <ns3:atemp>14.0</ns3:atemp>
          </ns3:TrackPointExtension>
        </extensions>
      </trkpt>
      <trkpt lat="49.534384896978736" lon="2.8147334419190884">
        <ele>126.4000015258789</ele>
        <time>2024-09-27T11:59:29Z</time>
        <extensions>
          <ns3:TrackPointExtension>
            <ns3:atemp>14.0</ns3:atemp>
          </ns3:TrackPointExtension>
        </extensions>
      </trkpt>
      <trkpt lat="49.53385113738477" lon="2.814822541549802">
        <ele>124.4000015258789</ele>
        <time>2024-09-27T11:59:35Z</time>
        <extensions>
          <ns3:TrackPointExtension>
            <ns3:atemp>14.0</ns3:atemp>
          </ns3:TrackPointExtension>
        </extensions>
      </trkpt>
      <trkpt lat="49.53349683433771" lon="2.814732016995549">
        <ele>122.4000015258789</ele>
        <time>2024-09-27T11:59:39Z</time>
        <extensions>
          <ns3:TrackPointExtension>
            <ns3:atemp>14.0</ns3:atemp>
          </ns3:TrackPointExtension>
        </extensions>
      </trkpt>
      <trkpt lat="49.5330070797354" lon="2.8143943939357996">
        <ele>120.19999694824219</ele>
        <time>2024-09-27T11:59:45Z</time>
        <extensions>
          <ns3:TrackPointExtension>
            <ns3:atemp>14.0</ns3:atemp>
          </ns3:TrackPointExtension>
        </extensions>
      </trkpt>
      <trkpt lat="49.53219587914646" lon="2.8140813298523426">
        <ele>116.4000015258789</ele>
        <time>2024-09-27T11:59:54Z</time>
        <extensions>
          <ns3:TrackPointExtension>
            <ns3:atemp>14.0</ns3:atemp>
          </ns3:TrackPointExtension>
        </extensions>
      </trkpt>
      <trkpt lat="49.531716937199235" lon="2.814020561054349">
        <ele>114.4000015258789</ele>
        <time>2024-09-27T11:59:59Z</time>
        <extensions>
          <ns3:TrackPointExtension>
            <ns3:atemp>14.0</ns3:atemp>
          </ns3:TrackPointExtension>
        </extensions>
      </trkpt>
      <trkpt lat="49.53117831610143" lon="2.8141508158296347">
        <ele>112.4000015258789</ele>
        <time>2024-09-27T12:00:05Z</time>
        <extensions>
          <ns3:TrackPointExtension>
            <ns3:atemp>14.0</ns3:atemp>
          </ns3:TrackPointExtension>
        </extensions>
      </trkpt>
      <trkpt lat="49.53092367388308" lon="2.814289703965187">
        <ele>111.5999984741211</ele>
        <time>2024-09-27T12:00:08Z</time>
        <extensions>
          <ns3:TrackPointExtension>
            <ns3:atemp>14.0</ns3:atemp>
          </ns3:TrackPointExtension>
        </extensions>
      </trkpt>
      <trkpt lat="49.53069099225104" lon="2.8144881036132574">
        <ele>110.80000305175781</ele>
        <time>2024-09-27T12:00:11Z</time>
        <extensions>
          <ns3:TrackPointExtension>
            <ns3:atemp>14.0</ns3:atemp>
          </ns3:TrackPointExtension>
        </extensions>
      </trkpt>
      <trkpt lat="49.52988079749048" lon="2.815331993624568">
        <ele>108.4000015258789</ele>
        <time>2024-09-27T12:00:23Z</time>
        <extensions>
          <ns3:TrackPointExtension>
            <ns3:atemp>14.0</ns3:atemp>
          </ns3:TrackPointExtension>
        </extensions>
      </trkpt>
      <trkpt lat="49.52973319217563" lon="2.815395276993513">
        <ele>108.19999694824219</ele>
        <time>2024-09-27T12:00:25Z</time>
        <extensions>
          <ns3:TrackPointExtension>
            <ns3:atemp>14.0</ns3:atemp>
          </ns3:TrackPointExtension>
        </extensions>
      </trkpt>
      <trkpt lat="49.529091976583004" lon="2.815438946709037">
        <ele>106.5999984741211</ele>
        <time>2024-09-27T12:00:33Z</time>
        <extensions>
          <ns3:TrackPointExtension>
            <ns3:atemp>14.0</ns3:atemp>
          </ns3:TrackPointExtension>
        </extensions>
      </trkpt>
      <trkpt lat="49.52873272821307" lon="2.815628293901682">
        <ele>105.5999984741211</ele>
        <time>2024-09-27T12:00:38Z</time>
        <extensions>
          <ns3:TrackPointExtension>
            <ns3:atemp>14.0</ns3:atemp>
          </ns3:TrackPointExtension>
        </extensions>
      </trkpt>
      <trkpt lat="49.52842787839472" lon="2.815992319956422">
        <ele>104.5999984741211</ele>
        <time>2024-09-27T12:00:43Z</time>
        <extensions>
          <ns3:TrackPointExtension>
            <ns3:atemp>14.0</ns3:atemp>
          </ns3:TrackPointExtension>
        </extensions>
      </trkpt>
      <trkpt lat="49.52782169915736" lon="2.8168486151844263">
        <ele>102.80000305175781</ele>
        <time>2024-09-27T12:00:55Z</time>
        <extensions>
          <ns3:TrackPointExtension>
            <ns3:atemp>14.0</ns3:atemp>
          </ns3:TrackPointExtension>
        </extensions>
      </trkpt>
      <trkpt lat="49.52754191122949" lon="2.817162601277232">
        <ele>102.0</ele>
        <time>2024-09-27T12:01:00Z</time>
        <extensions>
          <ns3:TrackPointExtension>
            <ns3:atemp>14.0</ns3:atemp>
          </ns3:TrackPointExtension>
        </extensions>
      </trkpt>
      <trkpt lat="49.52732632867992" lon="2.817335519939661">
        <ele>101.4000015258789</ele>
        <time>2024-09-27T12:01:04Z</time>
        <extensions>
          <ns3:TrackPointExtension>
            <ns3:atemp>14.0</ns3:atemp>
          </ns3:TrackPointExtension>
        </extensions>
      </trkpt>
      <trkpt lat="49.52694780193269" lon="2.817439455538988">
        <ele>100.4000015258789</ele>
        <time>2024-09-27T12:01:10Z</time>
        <extensions>
          <ns3:TrackPointExtension>
            <ns3:atemp>14.0</ns3:atemp>
          </ns3:TrackPointExtension>
        </extensions>
      </trkpt>
      <trkpt lat="49.52673699706793" lon="2.817424703389406">
        <ele>100.0</ele>
        <time>2024-09-27T12:01:13Z</time>
        <extensions>
          <ns3:TrackPointExtension>
            <ns3:atemp>14.0</ns3:atemp>
          </ns3:TrackPointExtension>
        </extensions>
      </trkpt>
      <trkpt lat="49.52639761380851" lon="2.817277265712619">
        <ele>97.80000305175781</ele>
        <time>2024-09-27T12:01:18Z</time>
        <extensions>
          <ns3:TrackPointExtension>
            <ns3:atemp>14.0</ns3:atemp>
          </ns3:TrackPointExtension>
        </extensions>
      </trkpt>
      <trkpt lat="49.526057979092" lon="2.816983060911298">
        <ele>95.5999984741211</ele>
        <time>2024-09-27T12:01:24Z</time>
        <extensions>
          <ns3:TrackPointExtension>
            <ns3:atemp>15.0</ns3:atemp>
          </ns3:TrackPointExtension>
        </extensions>
      </trkpt>
      <trkpt lat="49.52574944123626" lon="2.8169698175042868">
        <ele>94.80000305175781</ele>
        <time>2024-09-27T12:01:29Z</time>
        <extensions>
          <ns3:TrackPointExtension>
            <ns3:atemp>15.0</ns3:atemp>
          </ns3:TrackPointExtension>
        </extensions>
      </trkpt>
      <trkpt lat="49.52549437992275" lon="2.8170263953506947">
        <ele>93.0</ele>
        <time>2024-09-27T12:01:33Z</time>
        <extensions>
          <ns3:TrackPointExtension>
            <ns3:atemp>15.0</ns3:atemp>
          </ns3:TrackPointExtension>
        </extensions>
      </trkpt>
      <trkpt lat="49.52541491948068" lon="2.8171701449900866">
        <ele>92.19999694824219</ele>
        <time>2024-09-27T12:01:35Z</time>
        <extensions>
          <ns3:TrackPointExtension>
            <ns3:atemp>15.0</ns3:atemp>
          </ns3:TrackPointExtension>
        </extensions>
      </trkpt>
      <trkpt lat="49.52536655589938" lon="2.81746543943882">
        <ele>90.80000305175781</ele>
        <time>2024-09-27T12:01:39Z</time>
        <extensions>
          <ns3:TrackPointExtension>
            <ns3:atemp>15.0</ns3:atemp>
          </ns3:TrackPointExtension>
        </extensions>
      </trkpt>
      <trkpt lat="49.524735398590565" lon="2.8176868055015802">
        <ele>87.0</ele>
        <time>2024-09-27T12:01:50Z</time>
        <extensions>
          <ns3:TrackPointExtension>
            <ns3:atemp>15.0</ns3:atemp>
          </ns3:TrackPointExtension>
        </extensions>
      </trkpt>
      <trkpt lat="49.52447975054383" lon="2.8179026395082474">
        <ele>86.0</ele>
        <time>2024-09-27T12:01:54Z</time>
        <extensions>
          <ns3:TrackPointExtension>
            <ns3:atemp>15.0</ns3:atemp>
          </ns3:TrackPointExtension>
        </extensions>
      </trkpt>
      <trkpt lat="49.52388647943735" lon="2.8185234032571316">
        <ele>83.19999694824219</ele>
        <time>2024-09-27T12:02:03Z</time>
        <extensions>
          <ns3:TrackPointExtension>
            <ns3:atemp>15.0</ns3:atemp>
          </ns3:TrackPointExtension>
        </extensions>
      </trkpt>
      <trkpt lat="49.52229048125446" lon="2.819654457271099">
        <ele>76.19999694824219</ele>
        <time>2024-09-27T12:02:29Z</time>
        <extensions>
          <ns3:TrackPointExtension>
            <ns3:atemp>15.0</ns3:atemp>
          </ns3:TrackPointExtension>
        </extensions>
      </trkpt>
      <trkpt lat="49.52212141826749" lon="2.8198443073779345">
        <ele>75.5999984741211</ele>
        <time>2024-09-27T12:02:32Z</time>
        <extensions>
          <ns3:TrackPointExtension>
            <ns3:atemp>15.0</ns3:atemp>
          </ns3:TrackPointExtension>
        </extensions>
      </trkpt>
      <trkpt lat="49.52157022431493" lon="2.820631619542837">
        <ele>74.0</ele>
        <time>2024-09-27T12:02:42Z</time>
        <extensions>
          <ns3:TrackPointExtension>
            <ns3:atemp>15.0</ns3:atemp>
          </ns3:TrackPointExtension>
        </extensions>
      </trkpt>
      <trkpt lat="49.52033590525389" lon="2.8224851936101913">
        <ele>70.19999694824219</ele>
        <time>2024-09-27T12:03:06Z</time>
        <extensions>
          <ns3:TrackPointExtension>
            <ns3:atemp>15.0</ns3:atemp>
          </ns3:TrackPointExtension>
        </extensions>
      </trkpt>
      <trkpt lat="49.519939525052905" lon="2.8230220545083284">
        <ele>68.80000305175781</ele>
        <time>2024-09-27T12:03:13Z</time>
        <extensions>
          <ns3:TrackPointExtension>
            <ns3:atemp>15.0</ns3:atemp>
          </ns3:TrackPointExtension>
        </extensions>
      </trkpt>
      <trkpt lat="49.51763575896621" lon="2.8263800125569105">
        <ele>59.599998474121094</ele>
        <time>2024-09-27T12:03:53Z</time>
        <extensions>
          <ns3:TrackPointExtension>
            <ns3:atemp>15.0</ns3:atemp>
          </ns3:TrackPointExtension>
        </extensions>
      </trkpt>
      <trkpt lat="49.514393555000424" lon="2.830119766294956">
        <ele>45.400001525878906</ele>
        <time>2024-09-27T12:04:39Z</time>
        <extensions>
          <ns3:TrackPointExtension>
            <ns3:atemp>16.0</ns3:atemp>
          </ns3:TrackPointExtension>
        </extensions>
      </trkpt>
      <trkpt lat="49.51403522863984" lon="2.830471806228161">
        <ele>44.400001525878906</ele>
        <time>2024-09-27T12:04:45Z</time>
        <extensions>
          <ns3:TrackPointExtension>
            <ns3:atemp>16.0</ns3:atemp>
          </ns3:TrackPointExtension>
        </extensions>
      </trkpt>
      <trkpt lat="49.51365125365555" lon="2.830701470375061">
        <ele>44.0</ele>
        <time>2024-09-27T12:04:51Z</time>
        <extensions>
          <ns3:TrackPointExtension>
            <ns3:atemp>16.0</ns3:atemp>
          </ns3:TrackPointExtension>
        </extensions>
      </trkpt>
      <trkpt lat="49.5126317627728" lon="2.8310920670628548">
        <ele>44.0</ele>
        <time>2024-09-27T12:05:08Z</time>
        <extensions>
          <ns3:TrackPointExtension>
            <ns3:atemp>16.0</ns3:atemp>
          </ns3:TrackPointExtension>
        </extensions>
      </trkpt>
      <trkpt lat="49.51230386272073" lon="2.8311401791870594">
        <ele>43.599998474121094</ele>
        <time>2024-09-27T12:05:14Z</time>
        <extensions>
          <ns3:TrackPointExtension>
            <ns3:atemp>16.0</ns3:atemp>
          </ns3:TrackPointExtension>
        </extensions>
      </trkpt>
      <trkpt lat="49.51207025907934" lon="2.83104638569057">
        <ele>43.400001525878906</ele>
        <time>2024-09-27T12:05:18Z</time>
        <extensions>
          <ns3:TrackPointExtension>
            <ns3:atemp>16.0</ns3:atemp>
          </ns3:TrackPointExtension>
        </extensions>
      </trkpt>
      <trkpt lat="49.51170036569238" lon="2.8307142946869135">
        <ele>43.20000076293945</ele>
        <time>2024-09-27T12:05:25Z</time>
        <extensions>
          <ns3:TrackPointExtension>
            <ns3:atemp>16.0</ns3:atemp>
          </ns3:TrackPointExtension>
        </extensions>
      </trkpt>
      <trkpt lat="49.509949553757906" lon="2.828753599897027">
        <ele>42.20000076293945</ele>
        <time>2024-09-27T12:05:58Z</time>
        <extensions>
          <ns3:TrackPointExtension>
            <ns3:atemp>16.0</ns3:atemp>
          </ns3:TrackPointExtension>
        </extensions>
      </trkpt>
      <trkpt lat="49.50953791849315" lon="2.8275739308446646">
        <ele>42.20000076293945</ele>
        <time>2024-09-27T12:06:14Z</time>
        <extensions>
          <ns3:TrackPointExtension>
            <ns3:atemp>16.0</ns3:atemp>
          </ns3:TrackPointExtension>
        </extensions>
      </trkpt>
      <trkpt lat="49.50913751497865" lon="2.8260826226323843">
        <ele>43.79999923706055</ele>
        <time>2024-09-27T12:06:38Z</time>
        <extensions>
          <ns3:TrackPointExtension>
            <ns3:atemp>16.0</ns3:atemp>
          </ns3:TrackPointExtension>
        </extensions>
      </trkpt>
      <trkpt lat="49.508946323767304" lon="2.8257673792541027">
        <ele>45.0</ele>
        <time>2024-09-27T12:06:46Z</time>
        <extensions>
          <ns3:TrackPointExtension>
            <ns3:atemp>16.0</ns3:atemp>
          </ns3:TrackPointExtension>
        </extensions>
      </trkpt>
      <trkpt lat="49.50882537290454" lon="2.8256682213395834">
        <ele>45.599998474121094</ele>
        <time>2024-09-27T12:06:50Z</time>
        <extensions>
          <ns3:TrackPointExtension>
            <ns3:atemp>16.0</ns3:atemp>
          </ns3:TrackPointExtension>
        </extensions>
      </trkpt>
      <trkpt lat="49.50868430547416" lon="2.8256069496273994">
        <ele>46.20000076293945</ele>
        <time>2024-09-27T12:06:54Z</time>
        <extensions>
          <ns3:TrackPointExtension>
            <ns3:atemp>16.0</ns3:atemp>
          </ns3:TrackPointExtension>
        </extensions>
      </trkpt>
      <trkpt lat="49.50846964493394" lon="2.8256382141262293">
        <ele>46.20000076293945</ele>
        <time>2024-09-27T12:06:59Z</time>
        <extensions>
          <ns3:TrackPointExtension>
            <ns3:atemp>16.0</ns3:atemp>
          </ns3:TrackPointExtension>
        </extensions>
      </trkpt>
      <trkpt lat="49.50697699561715" lon="2.8262999653816223">
        <ele>43.79999923706055</ele>
        <time>2024-09-27T12:07:24Z</time>
        <extensions>
          <ns3:TrackPointExtension>
            <ns3:atemp>16.0</ns3:atemp>
          </ns3:TrackPointExtension>
        </extensions>
      </trkpt>
      <trkpt lat="49.506423622369766" lon="2.826397530734539">
        <ele>44.20000076293945</ele>
        <time>2024-09-27T12:07:34Z</time>
        <extensions>
          <ns3:TrackPointExtension>
            <ns3:atemp>16.0</ns3:atemp>
          </ns3:TrackPointExtension>
        </extensions>
      </trkpt>
      <trkpt lat="49.5025173202157" lon="2.826017662882805">
        <ele>51.599998474121094</ele>
        <time>2024-09-27T12:09:10Z</time>
        <extensions>
          <ns3:TrackPointExtension>
            <ns3:atemp>16.0</ns3:atemp>
          </ns3:TrackPointExtension>
        </extensions>
      </trkpt>
      <trkpt lat="49.50192899443209" lon="2.8258822951465845">
        <ele>54.0</ele>
        <time>2024-09-27T12:09:34Z</time>
        <extensions>
          <ns3:TrackPointExtension>
            <ns3:atemp>16.0</ns3:atemp>
          </ns3:TrackPointExtension>
        </extensions>
      </trkpt>
      <trkpt lat="49.50070766732097" lon="2.825460433959961">
        <ele>60.599998474121094</ele>
        <time>2024-09-27T12:10:24Z</time>
        <extensions>
          <ns3:TrackPointExtension>
            <ns3:atemp>16.0</ns3:atemp>
          </ns3:TrackPointExtension>
        </extensions>
      </trkpt>
      <trkpt lat="49.50028890743852" lon="2.8253088891506195">
        <ele>63.20000076293945</ele>
        <time>2024-09-27T12:10:42Z</time>
        <extensions>
          <ns3:TrackPointExtension>
            <ns3:atemp>16.0</ns3:atemp>
          </ns3:TrackPointExtension>
        </extensions>
      </trkpt>
      <trkpt lat="49.49987660162151" lon="2.8251006826758385">
        <ele>65.19999694824219</ele>
        <time>2024-09-27T12:11:02Z</time>
        <extensions>
          <ns3:TrackPointExtension>
            <ns3:atemp>16.0</ns3:atemp>
          </ns3:TrackPointExtension>
        </extensions>
      </trkpt>
      <trkpt lat="49.49807172641158" lon="2.8239264618605375">
        <ele>67.80000305175781</ele>
        <time>2024-09-27T12:12:04Z</time>
        <extensions>
          <ns3:TrackPointExtension>
            <ns3:atemp>16.0</ns3:atemp>
          </ns3:TrackPointExtension>
        </extensions>
      </trkpt>
      <trkpt lat="49.49754534289241" lon="2.823529578745365">
        <ele>69.0</ele>
        <time>2024-09-27T12:12:22Z</time>
        <extensions>
          <ns3:TrackPointExtension>
            <ns3:atemp>15.0</ns3:atemp>
          </ns3:TrackPointExtension>
        </extensions>
      </trkpt>
      <trkpt lat="49.49693664908409" lon="2.8229177836328745">
        <ele>69.5999984741211</ele>
        <time>2024-09-27T12:12:42Z</time>
        <extensions>
          <ns3:TrackPointExtension>
            <ns3:atemp>15.0</ns3:atemp>
          </ns3:TrackPointExtension>
        </extensions>
      </trkpt>
      <trkpt lat="49.49554500170052" lon="2.8206869401037693">
        <ele>72.0</ele>
        <time>2024-09-27T12:13:32Z</time>
        <extensions>
          <ns3:TrackPointExtension>
            <ns3:atemp>15.0</ns3:atemp>
          </ns3:TrackPointExtension>
        </extensions>
      </trkpt>
      <trkpt lat="49.495264291763306" lon="2.8203794918954372">
        <ele>72.4000015258789</ele>
        <time>2024-09-27T12:13:40Z</time>
        <extensions>
          <ns3:TrackPointExtension>
            <ns3:atemp>15.0</ns3:atemp>
          </ns3:TrackPointExtension>
        </extensions>
      </trkpt>
      <trkpt lat="49.49499514885247" lon="2.8202855307608843">
        <ele>73.0</ele>
        <time>2024-09-27T12:13:47Z</time>
        <extensions>
          <ns3:TrackPointExtension>
            <ns3:atemp>15.0</ns3:atemp>
          </ns3:TrackPointExtension>
        </extensions>
      </trkpt>
      <trkpt lat="49.49471804313362" lon="2.8203263506293297">
        <ele>74.19999694824219</ele>
        <time>2024-09-27T12:13:55Z</time>
        <extensions>
          <ns3:TrackPointExtension>
            <ns3:atemp>15.0</ns3:atemp>
          </ns3:TrackPointExtension>
        </extensions>
      </trkpt>
      <trkpt lat="49.49418772011995" lon="2.820512345060706">
        <ele>77.0</ele>
        <time>2024-09-27T12:14:13Z</time>
        <extensions>
          <ns3:TrackPointExtension>
            <ns3:atemp>15.0</ns3:atemp>
          </ns3:TrackPointExtension>
        </extensions>
      </trkpt>
      <trkpt lat="49.493694361299276" lon="2.8205105010420084">
        <ele>80.0</ele>
        <time>2024-09-27T12:14:30Z</time>
        <extensions>
          <ns3:TrackPointExtension>
            <ns3:atemp>15.0</ns3:atemp>
          </ns3:TrackPointExtension>
        </extensions>
      </trkpt>
      <trkpt lat="49.49281493201852" lon="2.8201944194734097">
        <ele>85.19999694824219</ele>
        <time>2024-09-27T12:15:06Z</time>
        <extensions>
          <ns3:TrackPointExtension>
            <ns3:atemp>15.0</ns3:atemp>
          </ns3:TrackPointExtension>
        </extensions>
      </trkpt>
      <trkpt lat="49.49236046522856" lon="2.8199668508023024">
        <ele>87.19999694824219</ele>
        <time>2024-09-27T12:15:25Z</time>
        <extensions>
          <ns3:TrackPointExtension>
            <ns3:atemp>15.0</ns3:atemp>
          </ns3:TrackPointExtension>
        </extensions>
      </trkpt>
      <trkpt lat="49.491969868540764" lon="2.819683039560914">
        <ele>89.5999984741211</ele>
        <time>2024-09-27T12:15:37Z</time>
        <extensions>
          <ns3:TrackPointExtension>
            <ns3:atemp>16.0</ns3:atemp>
          </ns3:TrackPointExtension>
        </extensions>
      </trkpt>
      <trkpt lat="49.491695864126086" lon="2.819410376250744">
        <ele>90.19999694824219</ele>
        <time>2024-09-27T12:15:45Z</time>
        <extensions>
          <ns3:TrackPointExtension>
            <ns3:atemp>16.0</ns3:atemp>
          </ns3:TrackPointExtension>
        </extensions>
      </trkpt>
      <trkpt lat="49.491351284086704" lon="2.8189466893672943">
        <ele>89.80000305175781</ele>
        <time>2024-09-27T12:15:56Z</time>
        <extensions>
          <ns3:TrackPointExtension>
            <ns3:atemp>16.0</ns3:atemp>
          </ns3:TrackPointExtension>
        </extensions>
      </trkpt>
      <trkpt lat="49.49109538458288" lon="2.8184622153639793">
        <ele>89.5999984741211</ele>
        <time>2024-09-27T12:16:05Z</time>
        <extensions>
          <ns3:TrackPointExtension>
            <ns3:atemp>16.0</ns3:atemp>
          </ns3:TrackPointExtension>
        </extensions>
      </trkpt>
      <trkpt lat="49.490935457870364" lon="2.81803029589355">
        <ele>89.80000305175781</ele>
        <time>2024-09-27T12:16:11Z</time>
        <extensions>
          <ns3:TrackPointExtension>
            <ns3:atemp>16.0</ns3:atemp>
          </ns3:TrackPointExtension>
        </extensions>
      </trkpt>
      <trkpt lat="49.49004890397191" lon="2.81509461812675">
        <ele>82.0</ele>
        <time>2024-09-27T12:16:42Z</time>
        <extensions>
          <ns3:TrackPointExtension>
            <ns3:atemp>16.0</ns3:atemp>
          </ns3:TrackPointExtension>
        </extensions>
      </trkpt>
      <trkpt lat="49.48868466541171" lon="2.810436375439167">
        <ele>82.4000015258789</ele>
        <time>2024-09-27T12:18:02Z</time>
        <extensions>
          <ns3:TrackPointExtension>
            <ns3:atemp>17.0</ns3:atemp>
          </ns3:TrackPointExtension>
        </extensions>
      </trkpt>
      <trkpt lat="49.488504035398364" lon="2.8099743649363518">
        <ele>83.19999694824219</ele>
        <time>2024-09-27T12:18:13Z</time>
        <extensions>
          <ns3:TrackPointExtension>
            <ns3:atemp>17.0</ns3:atemp>
          </ns3:TrackPointExtension>
        </extensions>
      </trkpt>
      <trkpt lat="49.48827898129821" lon="2.8096778970211744">
        <ele>83.19999694824219</ele>
        <time>2024-09-27T12:18:20Z</time>
        <extensions>
          <ns3:TrackPointExtension>
            <ns3:atemp>17.0</ns3:atemp>
          </ns3:TrackPointExtension>
        </extensions>
      </trkpt>
      <trkpt lat="49.48712294921279" lon="2.8088584821671247">
        <ele>81.4000015258789</ele>
        <time>2024-09-27T12:18:44Z</time>
        <extensions>
          <ns3:TrackPointExtension>
            <ns3:atemp>17.0</ns3:atemp>
          </ns3:TrackPointExtension>
        </extensions>
      </trkpt>
      <trkpt lat="49.48667359538376" lon="2.808400746434927">
        <ele>80.19999694824219</ele>
        <time>2024-09-27T12:18:53Z</time>
        <extensions>
          <ns3:TrackPointExtension>
            <ns3:atemp>17.0</ns3:atemp>
          </ns3:TrackPointExtension>
        </extensions>
      </trkpt>
      <trkpt lat="49.48599365539849" lon="2.8074109274894">
        <ele>79.0</ele>
        <time>2024-09-27T12:19:09Z</time>
        <extensions>
          <ns3:TrackPointExtension>
            <ns3:atemp>18.0</ns3:atemp>
          </ns3:TrackPointExtension>
        </extensions>
      </trkpt>
      <trkpt lat="49.48408962227404" lon="2.804765682667494">
        <ele>76.19999694824219</ele>
        <time>2024-09-27T12:19:52Z</time>
        <extensions>
          <ns3:TrackPointExtension>
            <ns3:atemp>18.0</ns3:atemp>
          </ns3:TrackPointExtension>
        </extensions>
      </trkpt>
      <trkpt lat="49.482255075126886" lon="2.803198266774416">
        <ele>75.0</ele>
        <time>2024-09-27T12:20:31Z</time>
        <extensions>
          <ns3:TrackPointExtension>
            <ns3:atemp>18.0</ns3:atemp>
          </ns3:TrackPointExtension>
        </extensions>
      </trkpt>
      <trkpt lat="49.481008015573025" lon="2.80225882306695">
        <ele>74.80000305175781</ele>
        <time>2024-09-27T12:20:55Z</time>
        <extensions>
          <ns3:TrackPointExtension>
            <ns3:atemp>18.0</ns3:atemp>
          </ns3:TrackPointExtension>
        </extensions>
      </trkpt>
      <trkpt lat="49.48080341331661" lon="2.8021470922976732">
        <ele>74.80000305175781</ele>
        <time>2024-09-27T12:20:59Z</time>
        <extensions>
          <ns3:TrackPointExtension>
            <ns3:atemp>18.0</ns3:atemp>
          </ns3:TrackPointExtension>
        </extensions>
      </trkpt>
      <trkpt lat="49.479360301047564" lon="2.8016834054142237">
        <ele>71.4000015258789</ele>
        <time>2024-09-27T12:21:26Z</time>
        <extensions>
          <ns3:TrackPointExtension>
            <ns3:atemp>18.0</ns3:atemp>
          </ns3:TrackPointExtension>
        </extensions>
      </trkpt>
      <trkpt lat="49.47860584594309" lon="2.8017316851764917">
        <ele>69.5999984741211</ele>
        <time>2024-09-27T12:21:38Z</time>
        <extensions>
          <ns3:TrackPointExtension>
            <ns3:atemp>18.0</ns3:atemp>
          </ns3:TrackPointExtension>
        </extensions>
      </trkpt>
      <trkpt lat="49.47168800979853" lon="2.801132630556822">
        <ele>46.0</ele>
        <time>2024-09-27T12:23:07Z</time>
        <extensions>
          <ns3:TrackPointExtension>
            <ns3:atemp>18.0</ns3:atemp>
          </ns3:TrackPointExtension>
        </extensions>
      </trkpt>
      <trkpt lat="49.47122775949538" lon="2.801119638606906">
        <ele>45.20000076293945</ele>
        <time>2024-09-27T12:23:14Z</time>
        <extensions>
          <ns3:TrackPointExtension>
            <ns3:atemp>18.0</ns3:atemp>
          </ns3:TrackPointExtension>
        </extensions>
      </trkpt>
      <trkpt lat="49.470513202250004" lon="2.801263639703393">
        <ele>45.20000076293945</ele>
        <time>2024-09-27T12:23:25Z</time>
        <extensions>
          <ns3:TrackPointExtension>
            <ns3:atemp>18.0</ns3:atemp>
          </ns3:TrackPointExtension>
        </extensions>
      </trkpt>
      <trkpt lat="49.470170801505446" lon="2.8014505561441183">
        <ele>45.400001525878906</ele>
        <time>2024-09-27T12:23:31Z</time>
        <extensions>
          <ns3:TrackPointExtension>
            <ns3:atemp>18.0</ns3:atemp>
          </ns3:TrackPointExtension>
        </extensions>
      </trkpt>
      <trkpt lat="49.4697277341038" lon="2.8020175080746412">
        <ele>45.20000076293945</ele>
        <time>2024-09-27T12:23:40Z</time>
        <extensions>
          <ns3:TrackPointExtension>
            <ns3:atemp>18.0</ns3:atemp>
          </ns3:TrackPointExtension>
        </extensions>
      </trkpt>
      <trkpt lat="49.46914058178663" lon="2.8029998671263456">
        <ele>44.400001525878906</ele>
        <time>2024-09-27T12:23:54Z</time>
        <extensions>
          <ns3:TrackPointExtension>
            <ns3:atemp>18.0</ns3:atemp>
          </ns3:TrackPointExtension>
        </extensions>
      </trkpt>
      <trkpt lat="49.46842158213258" lon="2.8044860623776913">
        <ele>44.599998474121094</ele>
        <time>2024-09-27T12:24:14Z</time>
        <extensions>
          <ns3:TrackPointExtension>
            <ns3:atemp>18.0</ns3:atemp>
          </ns3:TrackPointExtension>
        </extensions>
      </trkpt>
      <trkpt lat="49.46811145171523" lon="2.8052242565900087">
        <ele>44.0</ele>
        <time>2024-09-27T12:24:23Z</time>
        <extensions>
          <ns3:TrackPointExtension>
            <ns3:atemp>18.0</ns3:atemp>
          </ns3:TrackPointExtension>
        </extensions>
      </trkpt>
      <trkpt lat="49.467421704903245" lon="2.8071683552116156">
        <ele>45.0</ele>
        <time>2024-09-27T12:24:47Z</time>
        <extensions>
          <ns3:TrackPointExtension>
            <ns3:atemp>18.0</ns3:atemp>
          </ns3:TrackPointExtension>
        </extensions>
      </trkpt>
      <trkpt lat="49.46671837940812" lon="2.8094985242933035">
        <ele>44.20000076293945</ele>
        <time>2024-09-27T12:25:16Z</time>
        <extensions>
          <ns3:TrackPointExtension>
            <ns3:atemp>19.0</ns3:atemp>
          </ns3:TrackPointExtension>
        </extensions>
      </trkpt>
      <trkpt lat="49.4665986020118" lon="2.8098248317837715">
        <ele>43.79999923706055</ele>
        <time>2024-09-27T12:25:20Z</time>
        <extensions>
          <ns3:TrackPointExtension>
            <ns3:atemp>19.0</ns3:atemp>
          </ns3:TrackPointExtension>
        </extensions>
      </trkpt>
      <trkpt lat="49.466508999466896" lon="2.809969335794449">
        <ele>43.400001525878906</ele>
        <time>2024-09-27T12:25:22Z</time>
        <extensions>
          <ns3:TrackPointExtension>
            <ns3:atemp>19.0</ns3:atemp>
          </ns3:TrackPointExtension>
        </extensions>
      </trkpt>
      <trkpt lat="49.46591665036976" lon="2.810364877805114">
        <ele>42.79999923706055</ele>
        <time>2024-09-27T12:25:31Z</time>
        <extensions>
          <ns3:TrackPointExtension>
            <ns3:atemp>19.0</ns3:atemp>
          </ns3:TrackPointExtension>
        </extensions>
      </trkpt>
      <trkpt lat="49.46519714780152" lon="2.8107333462685347">
        <ele>41.20000076293945</ele>
        <time>2024-09-27T12:25:42Z</time>
        <extensions>
          <ns3:TrackPointExtension>
            <ns3:atemp>19.0</ns3:atemp>
          </ns3:TrackPointExtension>
        </extensions>
      </trkpt>
      <trkpt lat="49.46406257338822" lon="2.811226872727275">
        <ele>41.400001525878906</ele>
        <time>2024-09-27T12:25:59Z</time>
        <extensions>
          <ns3:TrackPointExtension>
            <ns3:atemp>19.0</ns3:atemp>
          </ns3:TrackPointExtension>
        </extensions>
      </trkpt>
      <trkpt lat="49.46323402225971" lon="2.811684189364314">
        <ele>42.599998474121094</ele>
        <time>2024-09-27T12:26:15Z</time>
        <extensions>
          <ns3:TrackPointExtension>
            <ns3:atemp>19.0</ns3:atemp>
          </ns3:TrackPointExtension>
        </extensions>
      </trkpt>
      <trkpt lat="49.46265583857894" lon="2.812053496018052">
        <ele>43.0</ele>
        <time>2024-09-27T12:26:28Z</time>
        <extensions>
          <ns3:TrackPointExtension>
            <ns3:atemp>19.0</ns3:atemp>
          </ns3:TrackPointExtension>
        </extensions>
      </trkpt>
      <trkpt lat="49.462532456964254" lon="2.8120571840554476">
        <ele>43.0</ele>
        <time>2024-09-27T12:26:31Z</time>
        <extensions>
          <ns3:TrackPointExtension>
            <ns3:atemp>19.0</ns3:atemp>
          </ns3:TrackPointExtension>
        </extensions>
      </trkpt>
      <trkpt lat="49.4619448017329" lon="2.8117128554731607">
        <ele>44.20000076293945</ele>
        <time>2024-09-27T12:26:46Z</time>
        <extensions>
          <ns3:TrackPointExtension>
            <ns3:atemp>18.0</ns3:atemp>
          </ns3:TrackPointExtension>
        </extensions>
      </trkpt>
      <trkpt lat="49.461759477853775" lon="2.811673963442445">
        <ele>45.20000076293945</ele>
        <time>2024-09-27T12:26:51Z</time>
        <extensions>
          <ns3:TrackPointExtension>
            <ns3:atemp>19.0</ns3:atemp>
          </ns3:TrackPointExtension>
        </extensions>
      </trkpt>
      <trkpt lat="49.46149326860905" lon="2.8122839983552694">
        <ele>45.599998474121094</ele>
        <time>2024-09-27T12:27:02Z</time>
        <extensions>
          <ns3:TrackPointExtension>
            <ns3:atemp>19.0</ns3:atemp>
          </ns3:TrackPointExtension>
        </extensions>
      </trkpt>
      <trkpt lat="49.461086075752974" lon="2.8130263835191727">
        <ele>44.79999923706055</ele>
        <time>2024-09-27T12:27:15Z</time>
        <extensions>
          <ns3:TrackPointExtension>
            <ns3:atemp>19.0</ns3:atemp>
          </ns3:TrackPointExtension>
        </extensions>
      </trkpt>
      <trkpt lat="49.46087376214564" lon="2.8135598078370094">
        <ele>45.20000076293945</ele>
        <time>2024-09-27T12:27:23Z</time>
        <extensions>
          <ns3:TrackPointExtension>
            <ns3:atemp>18.0</ns3:atemp>
          </ns3:TrackPointExtension>
        </extensions>
      </trkpt>
      <trkpt lat="49.46071442216635" lon="2.813860299065709">
        <ele>45.400001525878906</ele>
        <time>2024-09-27T12:27:28Z</time>
        <extensions>
          <ns3:TrackPointExtension>
            <ns3:atemp>18.0</ns3:atemp>
          </ns3:TrackPointExtension>
        </extensions>
      </trkpt>
      <trkpt lat="49.46033740416169" lon="2.814355082809925">
        <ele>45.20000076293945</ele>
        <time>2024-09-27T12:27:37Z</time>
        <extensions>
          <ns3:TrackPointExtension>
            <ns3:atemp>18.0</ns3:atemp>
          </ns3:TrackPointExtension>
        </extensions>
      </trkpt>
      <trkpt lat="49.45932210423052" lon="2.815445400774479">
        <ele>44.400001525878906</ele>
        <time>2024-09-27T12:28:00Z</time>
        <extensions>
          <ns3:TrackPointExtension>
            <ns3:atemp>18.0</ns3:atemp>
          </ns3:TrackPointExtension>
        </extensions>
      </trkpt>
      <trkpt lat="49.45744405500591" lon="2.8166886884719133">
        <ele>42.20000076293945</ele>
        <time>2024-09-27T12:28:38Z</time>
        <extensions>
          <ns3:TrackPointExtension>
            <ns3:atemp>18.0</ns3:atemp>
          </ns3:TrackPointExtension>
        </extensions>
      </trkpt>
      <trkpt lat="49.4560388289392" lon="2.8173469193279743">
        <ele>41.400001525878906</ele>
        <time>2024-09-27T12:29:08Z</time>
        <extensions>
          <ns3:TrackPointExtension>
            <ns3:atemp>18.0</ns3:atemp>
          </ns3:TrackPointExtension>
        </extensions>
      </trkpt>
      <trkpt lat="49.45572568103671" lon="2.8175591491162777">
        <ele>41.400001525878906</ele>
        <time>2024-09-27T12:29:15Z</time>
        <extensions>
          <ns3:TrackPointExtension>
            <ns3:atemp>18.0</ns3:atemp>
          </ns3:TrackPointExtension>
        </extensions>
      </trkpt>
      <trkpt lat="49.45430461317301" lon="2.81830882653594">
        <ele>42.0</ele>
        <time>2024-09-27T12:29:45Z</time>
        <extensions>
          <ns3:TrackPointExtension>
            <ns3:atemp>18.0</ns3:atemp>
          </ns3:TrackPointExtension>
        </extensions>
      </trkpt>
      <trkpt lat="49.45347840897739" lon="2.8189081326127052">
        <ele>42.400001525878906</ele>
        <time>2024-09-27T12:30:04Z</time>
        <extensions>
          <ns3:TrackPointExtension>
            <ns3:atemp>18.0</ns3:atemp>
          </ns3:TrackPointExtension>
        </extensions>
      </trkpt>
      <trkpt lat="49.452847838401794" lon="2.819473911076784">
        <ele>42.20000076293945</ele>
        <time>2024-09-27T12:30:18Z</time>
        <extensions>
          <ns3:TrackPointExtension>
            <ns3:atemp>18.0</ns3:atemp>
          </ns3:TrackPointExtension>
        </extensions>
      </trkpt>
      <trkpt lat="49.45260912179947" lon="2.819804409518838">
        <ele>42.400001525878906</ele>
        <time>2024-09-27T12:30:24Z</time>
        <extensions>
          <ns3:TrackPointExtension>
            <ns3:atemp>18.0</ns3:atemp>
          </ns3:TrackPointExtension>
        </extensions>
      </trkpt>
      <trkpt lat="49.45214166305959" lon="2.8205905482172966">
        <ele>42.20000076293945</ele>
        <time>2024-09-27T12:30:37Z</time>
        <extensions>
          <ns3:TrackPointExtension>
            <ns3:atemp>18.0</ns3:atemp>
          </ns3:TrackPointExtension>
        </extensions>
      </trkpt>
      <trkpt lat="49.45188802666962" lon="2.8211114834994078">
        <ele>42.20000076293945</ele>
        <time>2024-09-27T12:30:45Z</time>
        <extensions>
          <ns3:TrackPointExtension>
            <ns3:atemp>18.0</ns3:atemp>
          </ns3:TrackPointExtension>
        </extensions>
      </trkpt>
      <trkpt lat="49.45170898921788" lon="2.821654798462987">
        <ele>41.400001525878906</ele>
        <time>2024-09-27T12:30:52Z</time>
        <extensions>
          <ns3:TrackPointExtension>
            <ns3:atemp>18.0</ns3:atemp>
          </ns3:TrackPointExtension>
        </extensions>
      </trkpt>
      <trkpt lat="49.45143305696547" lon="2.822681749239564">
        <ele>40.79999923706055</ele>
        <time>2024-09-27T12:31:05Z</time>
        <extensions>
          <ns3:TrackPointExtension>
            <ns3:atemp>18.0</ns3:atemp>
          </ns3:TrackPointExtension>
        </extensions>
      </trkpt>
      <trkpt lat="49.45120423100889" lon="2.823838870972395">
        <ele>40.79999923706055</ele>
        <time>2024-09-27T12:31:17Z</time>
        <extensions>
          <ns3:TrackPointExtension>
            <ns3:atemp>18.0</ns3:atemp>
          </ns3:TrackPointExtension>
        </extensions>
      </trkpt>
      <trkpt lat="49.45108185522258" lon="2.8241155575960875">
        <ele>41.599998474121094</ele>
        <time>2024-09-27T12:31:21Z</time>
        <extensions>
          <ns3:TrackPointExtension>
            <ns3:atemp>18.0</ns3:atemp>
          </ns3:TrackPointExtension>
        </extensions>
      </trkpt>
      <trkpt lat="49.45090491324663" lon="2.824312951415777">
        <ele>42.400001525878906</ele>
        <time>2024-09-27T12:31:25Z</time>
        <extensions>
          <ns3:TrackPointExtension>
            <ns3:atemp>18.0</ns3:atemp>
          </ns3:TrackPointExtension>
        </extensions>
      </trkpt>
      <trkpt lat="49.45047793909907" lon="2.8245550207793713">
        <ele>43.400001525878906</ele>
        <time>2024-09-27T12:31:34Z</time>
        <extensions>
          <ns3:TrackPointExtension>
            <ns3:atemp>18.0</ns3:atemp>
          </ns3:TrackPointExtension>
        </extensions>
      </trkpt>
      <trkpt lat="49.45034299045801" lon="2.8246737085282803">
        <ele>43.79999923706055</ele>
        <time>2024-09-27T12:31:38Z</time>
        <extensions>
          <ns3:TrackPointExtension>
            <ns3:atemp>18.0</ns3:atemp>
          </ns3:TrackPointExtension>
        </extensions>
      </trkpt>
      <trkpt lat="49.44981669075787" lon="2.825314672663808">
        <ele>45.79999923706055</ele>
        <time>2024-09-27T12:31:58Z</time>
        <extensions>
          <ns3:TrackPointExtension>
            <ns3:atemp>18.0</ns3:atemp>
          </ns3:TrackPointExtension>
        </extensions>
      </trkpt>
      <trkpt lat="49.448928041383624" lon="2.8262677788734436">
        <ele>43.79999923706055</ele>
        <time>2024-09-27T12:32:18Z</time>
        <extensions>
          <ns3:TrackPointExtension>
            <ns3:atemp>18.0</ns3:atemp>
          </ns3:TrackPointExtension>
        </extensions>
      </trkpt>
      <trkpt lat="49.448345163837075" lon="2.8270685859024525">
        <ele>41.79999923706055</ele>
        <time>2024-09-27T12:32:30Z</time>
        <extensions>
          <ns3:TrackPointExtension>
            <ns3:atemp>18.0</ns3:atemp>
          </ns3:TrackPointExtension>
        </extensions>
      </trkpt>
      <trkpt lat="49.448137460276484" lon="2.8273027762770653">
        <ele>41.400001525878906</ele>
        <time>2024-09-27T12:32:34Z</time>
        <extensions>
          <ns3:TrackPointExtension>
            <ns3:atemp>18.0</ns3:atemp>
          </ns3:TrackPointExtension>
        </extensions>
      </trkpt>
      <trkpt lat="49.447873597964644" lon="2.827465971931815">
        <ele>41.400001525878906</ele>
        <time>2024-09-27T12:32:38Z</time>
        <extensions>
          <ns3:TrackPointExtension>
            <ns3:atemp>18.0</ns3:atemp>
          </ns3:TrackPointExtension>
        </extensions>
      </trkpt>
      <trkpt lat="49.446903141215444" lon="2.827687254175544">
        <ele>44.0</ele>
        <time>2024-09-27T12:32:55Z</time>
        <extensions>
          <ns3:TrackPointExtension>
            <ns3:atemp>18.0</ns3:atemp>
          </ns3:TrackPointExtension>
        </extensions>
      </trkpt>
      <trkpt lat="49.44645621813834" lon="2.8278941195458174">
        <ele>45.20000076293945</ele>
        <time>2024-09-27T12:33:07Z</time>
        <extensions>
          <ns3:TrackPointExtension>
            <ns3:atemp>18.0</ns3:atemp>
          </ns3:TrackPointExtension>
        </extensions>
      </trkpt>
      <trkpt lat="49.444983936846256" lon="2.829447202384472">
        <ele>47.400001525878906</ele>
        <time>2024-09-27T12:33:55Z</time>
        <extensions>
          <ns3:TrackPointExtension>
            <ns3:atemp>18.0</ns3:atemp>
          </ns3:TrackPointExtension>
        </extensions>
      </trkpt>
      <trkpt lat="49.4436192791909" lon="2.8305821120738983">
        <ele>45.599998474121094</ele>
        <time>2024-09-27T12:34:24Z</time>
        <extensions>
          <ns3:TrackPointExtension>
            <ns3:atemp>18.0</ns3:atemp>
          </ns3:TrackPointExtension>
        </extensions>
      </trkpt>
      <trkpt lat="49.442721996456385" lon="2.8312241658568382">
        <ele>45.20000076293945</ele>
        <time>2024-09-27T12:34:43Z</time>
        <extensions>
          <ns3:TrackPointExtension>
            <ns3:atemp>18.0</ns3:atemp>
          </ns3:TrackPointExtension>
        </extensions>
      </trkpt>
      <trkpt lat="49.44169119000435" lon="2.8318423312157393">
        <ele>44.20000076293945</ele>
        <time>2024-09-27T12:35:02Z</time>
        <extensions>
          <ns3:TrackPointExtension>
            <ns3:atemp>18.0</ns3:atemp>
          </ns3:TrackPointExtension>
        </extensions>
      </trkpt>
      <trkpt lat="49.440634064376354" lon="2.8325475845485926">
        <ele>44.400001525878906</ele>
        <time>2024-09-27T12:35:23Z</time>
        <extensions>
          <ns3:TrackPointExtension>
            <ns3:atemp>18.0</ns3:atemp>
          </ns3:TrackPointExtension>
        </extensions>
      </trkpt>
      <trkpt lat="49.43907603621483" lon="2.8334505669772625">
        <ele>43.599998474121094</ele>
        <time>2024-09-27T12:35:58Z</time>
        <extensions>
          <ns3:TrackPointExtension>
            <ns3:atemp>18.0</ns3:atemp>
          </ns3:TrackPointExtension>
        </extensions>
      </trkpt>
      <trkpt lat="49.43823809735477" lon="2.833866225555539">
        <ele>43.599998474121094</ele>
        <time>2024-09-27T12:36:15Z</time>
        <extensions>
          <ns3:TrackPointExtension>
            <ns3:atemp>18.0</ns3:atemp>
          </ns3:TrackPointExtension>
        </extensions>
      </trkpt>
      <trkpt lat="49.43742077797651" lon="2.834189347922802">
        <ele>42.20000076293945</ele>
        <time>2024-09-27T12:36:30Z</time>
        <extensions>
          <ns3:TrackPointExtension>
            <ns3:atemp>18.0</ns3:atemp>
          </ns3:TrackPointExtension>
        </extensions>
      </trkpt>
      <trkpt lat="49.436840415000916" lon="2.834227066487074">
        <ele>41.0</ele>
        <time>2024-09-27T12:36:40Z</time>
        <extensions>
          <ns3:TrackPointExtension>
            <ns3:atemp>18.0</ns3:atemp>
          </ns3:TrackPointExtension>
        </extensions>
      </trkpt>
      <trkpt lat="49.43654998205602" lon="2.834345167502761">
        <ele>39.79999923706055</ele>
        <time>2024-09-27T12:36:45Z</time>
        <extensions>
          <ns3:TrackPointExtension>
            <ns3:atemp>18.0</ns3:atemp>
          </ns3:TrackPointExtension>
        </extensions>
      </trkpt>
      <trkpt lat="49.436304811388254" lon="2.834575669839978">
        <ele>39.20000076293945</ele>
        <time>2024-09-27T12:36:49Z</time>
        <extensions>
          <ns3:TrackPointExtension>
            <ns3:atemp>18.0</ns3:atemp>
          </ns3:TrackPointExtension>
        </extensions>
      </trkpt>
      <trkpt lat="49.4351420737803" lon="2.8359423391520977">
        <ele>33.0</ele>
        <time>2024-09-27T12:37:08Z</time>
        <extensions>
          <ns3:TrackPointExtension>
            <ns3:atemp>18.0</ns3:atemp>
          </ns3:TrackPointExtension>
        </extensions>
      </trkpt>
      <trkpt lat="49.435012489557266" lon="2.836026828736067">
        <ele>32.79999923706055</ele>
        <time>2024-09-27T12:37:11Z</time>
        <extensions>
          <ns3:TrackPointExtension>
            <ns3:atemp>18.0</ns3:atemp>
          </ns3:TrackPointExtension>
        </extensions>
      </trkpt>
      <trkpt lat="49.43465366028249" lon="2.8365449979901314">
        <ele>32.79999923706055</ele>
        <time>2024-09-27T12:37:20Z</time>
        <extensions>
          <ns3:TrackPointExtension>
            <ns3:atemp>18.0</ns3:atemp>
          </ns3:TrackPointExtension>
        </extensions>
      </trkpt>
      <trkpt lat="49.43346376530826" lon="2.8377896267920732">
        <ele>32.20000076293945</ele>
        <time>2024-09-27T12:37:44Z</time>
        <extensions>
          <ns3:TrackPointExtension>
            <ns3:atemp>18.0</ns3:atemp>
          </ns3:TrackPointExtension>
        </extensions>
      </trkpt>
      <trkpt lat="49.43241032771766" lon="2.8390238620340824">
        <ele>32.79999923706055</ele>
        <time>2024-09-27T12:38:13Z</time>
        <extensions>
          <ns3:TrackPointExtension>
            <ns3:atemp>18.0</ns3:atemp>
          </ns3:TrackPointExtension>
        </extensions>
      </trkpt>
      <trkpt lat="49.432276133447886" lon="2.8391187451779842">
        <ele>32.79999923706055</ele>
        <time>2024-09-27T12:38:17Z</time>
        <extensions>
          <ns3:TrackPointExtension>
            <ns3:atemp>18.0</ns3:atemp>
          </ns3:TrackPointExtension>
        </extensions>
      </trkpt>
      <trkpt lat="49.432155936956406" lon="2.839067028835416">
        <ele>33.0</ele>
        <time>2024-09-27T12:38:20Z</time>
        <extensions>
          <ns3:TrackPointExtension>
            <ns3:atemp>18.0</ns3:atemp>
          </ns3:TrackPointExtension>
        </extensions>
      </trkpt>
      <trkpt lat="49.43195636384189" lon="2.8387443255633116">
        <ele>33.20000076293945</ele>
        <time>2024-09-27T12:38:27Z</time>
        <extensions>
          <ns3:TrackPointExtension>
            <ns3:atemp>18.0</ns3:atemp>
          </ns3:TrackPointExtension>
        </extensions>
      </trkpt>
      <trkpt lat="49.430886916816235" lon="2.8368656057864428">
        <ele>34.20000076293945</ele>
        <time>2024-09-27T12:39:04Z</time>
        <extensions>
          <ns3:TrackPointExtension>
            <ns3:atemp>18.0</ns3:atemp>
          </ns3:TrackPointExtension>
        </extensions>
      </trkpt>
      <trkpt lat="49.42925261333585" lon="2.8341923654079437">
        <ele>33.400001525878906</ele>
        <time>2024-09-27T12:39:53Z</time>
        <extensions>
          <ns3:TrackPointExtension>
            <ns3:atemp>19.0</ns3:atemp>
          </ns3:TrackPointExtension>
        </extensions>
      </trkpt>
      <trkpt lat="49.42837469279766" lon="2.8326498437672853">
        <ele>33.79999923706055</ele>
        <time>2024-09-27T12:40:32Z</time>
        <extensions>
          <ns3:TrackPointExtension>
            <ns3:atemp>19.0</ns3:atemp>
          </ns3:TrackPointExtension>
        </extensions>
      </trkpt>
      <trkpt lat="49.42669462412596" lon="2.829862190410495">
        <ele>34.0</ele>
        <time>2024-09-27T12:41:19Z</time>
        <extensions>
          <ns3:TrackPointExtension>
            <ns3:atemp>19.0</ns3:atemp>
          </ns3:TrackPointExtension>
        </extensions>
      </trkpt>
      <trkpt lat="49.42628374323249" lon="2.8291228227317333">
        <ele>34.0</ele>
        <time>2024-09-27T12:41:32Z</time>
        <extensions>
          <ns3:TrackPointExtension>
            <ns3:atemp>19.0</ns3:atemp>
          </ns3:TrackPointExtension>
        </extensions>
      </trkpt>
      <trkpt lat="49.42555728368461" lon="2.827948434278369">
        <ele>34.0</ele>
        <time>2024-09-27T12:41:52Z</time>
        <extensions>
          <ns3:TrackPointExtension>
            <ns3:atemp>19.0</ns3:atemp>
          </ns3:TrackPointExtension>
        </extensions>
      </trkpt>
      <trkpt lat="49.42209136672318" lon="2.822069115936756">
        <ele>35.20000076293945</ele>
        <time>2024-09-27T12:43:39Z</time>
        <extensions>
          <ns3:TrackPointExtension>
            <ns3:atemp>18.0</ns3:atemp>
          </ns3:TrackPointExtension>
        </extensions>
      </trkpt>
      <trkpt lat="49.422025233507156" lon="2.8219047468155622">
        <ele>35.0</ele>
        <time>2024-09-27T12:43:45Z</time>
        <extensions>
          <ns3:TrackPointExtension>
            <ns3:atemp>18.0</ns3:atemp>
          </ns3:TrackPointExtension>
        </extensions>
      </trkpt>
      <trkpt lat="49.42201173864305" lon="2.821556143462658">
        <ele>34.20000076293945</ele>
        <time>2024-09-27T12:43:51Z</time>
        <extensions>
          <ns3:TrackPointExtension>
            <ns3:atemp>18.0</ns3:atemp>
          </ns3:TrackPointExtension>
        </extensions>
      </trkpt>
      <trkpt lat="49.42194770090282" lon="2.8214622661471367">
        <ele>34.0</ele>
        <time>2024-09-27T12:43:53Z</time>
        <extensions>
          <ns3:TrackPointExtension>
            <ns3:atemp>18.0</ns3:atemp>
          </ns3:TrackPointExtension>
        </extensions>
      </trkpt>
      <trkpt lat="49.421750558540225" lon="2.8214242961257696">
        <ele>34.0</ele>
        <time>2024-09-27T12:43:58Z</time>
        <extensions>
          <ns3:TrackPointExtension>
            <ns3:atemp>18.0</ns3:atemp>
          </ns3:TrackPointExtension>
        </extensions>
      </trkpt>
      <trkpt lat="49.421690963208675" lon="2.821331424638629">
        <ele>34.0</ele>
        <time>2024-09-27T12:44:00Z</time>
        <extensions>
          <ns3:TrackPointExtension>
            <ns3:atemp>18.0</ns3:atemp>
          </ns3:TrackPointExtension>
        </extensions>
      </trkpt>
      <trkpt lat="49.421317633241415" lon="2.8201261069625616">
        <ele>36.0</ele>
        <time>2024-09-27T12:44:20Z</time>
        <extensions>
          <ns3:TrackPointExtension>
            <ns3:atemp>18.0</ns3:atemp>
          </ns3:TrackPointExtension>
        </extensions>
      </trkpt>
      <trkpt lat="49.42104312591255" lon="2.819325551390648">
        <ele>37.79999923706055</ele>
        <time>2024-09-27T12:44:37Z</time>
        <extensions>
          <ns3:TrackPointExtension>
            <ns3:atemp>18.0</ns3:atemp>
          </ns3:TrackPointExtension>
        </extensions>
      </trkpt>
      <trkpt lat="49.42097581923008" lon="2.819203846156597">
        <ele>38.20000076293945</ele>
        <time>2024-09-27T12:44:40Z</time>
        <extensions>
          <ns3:TrackPointExtension>
            <ns3:atemp>18.0</ns3:atemp>
          </ns3:TrackPointExtension>
        </extensions>
      </trkpt>
      <trkpt lat="49.420829052105546" lon="2.8190712444484234">
        <ele>38.599998474121094</ele>
        <time>2024-09-27T12:44:45Z</time>
        <extensions>
          <ns3:TrackPointExtension>
            <ns3:atemp>18.0</ns3:atemp>
          </ns3:TrackPointExtension>
        </extensions>
      </trkpt>
      <trkpt lat="49.42067868076265" lon="2.819067556411028">
        <ele>39.400001525878906</ele>
        <time>2024-09-27T12:44:49Z</time>
        <extensions>
          <ns3:TrackPointExtension>
            <ns3:atemp>18.0</ns3:atemp>
          </ns3:TrackPointExtension>
        </extensions>
      </trkpt>
      <trkpt lat="49.420454716309905" lon="2.819221615791321">
        <ele>40.400001525878906</ele>
        <time>2024-09-27T12:44:55Z</time>
        <extensions>
          <ns3:TrackPointExtension>
            <ns3:atemp>18.0</ns3:atemp>
          </ns3:TrackPointExtension>
        </extensions>
      </trkpt>
      <trkpt lat="49.419824313372374" lon="2.819789405912161">
        <ele>38.20000076293945</ele>
        <time>2024-09-27T12:45:09Z</time>
        <extensions>
          <ns3:TrackPointExtension>
            <ns3:atemp>18.0</ns3:atemp>
          </ns3:TrackPointExtension>
        </extensions>
      </trkpt>
      <trkpt lat="49.419576628133655" lon="2.8199261985719204">
        <ele>36.400001525878906</ele>
        <time>2024-09-27T12:45:15Z</time>
        <extensions>
          <ns3:TrackPointExtension>
            <ns3:atemp>18.0</ns3:atemp>
          </ns3:TrackPointExtension>
        </extensions>
      </trkpt>
      <trkpt lat="49.41940194927156" lon="2.8198557905852795">
        <ele>35.599998474121094</ele>
        <time>2024-09-27T12:45:19Z</time>
        <extensions>
          <ns3:TrackPointExtension>
            <ns3:atemp>18.0</ns3:atemp>
          </ns3:TrackPointExtension>
        </extensions>
      </trkpt>
      <trkpt lat="49.41930036060512" lon="2.819652445614338">
        <ele>35.0</ele>
        <time>2024-09-27T12:45:22Z</time>
        <extensions>
          <ns3:TrackPointExtension>
            <ns3:atemp>18.0</ns3:atemp>
          </ns3:TrackPointExtension>
        </extensions>
      </trkpt>
      <trkpt lat="49.41918795928359" lon="2.8192437440156937">
        <ele>33.599998474121094</ele>
        <time>2024-09-27T12:45:27Z</time>
        <extensions>
          <ns3:TrackPointExtension>
            <ns3:atemp>18.0</ns3:atemp>
          </ns3:TrackPointExtension>
        </extensions>
      </trkpt>
      <trkpt lat="49.41890850663185" lon="2.817844972014427">
        <ele>32.79999923706055</ele>
        <time>2024-09-27T12:45:46Z</time>
        <extensions>
          <ns3:TrackPointExtension>
            <ns3:atemp>18.0</ns3:atemp>
          </ns3:TrackPointExtension>
        </extensions>
      </trkpt>
      <trkpt lat="49.41866325214505" lon="2.816804526373744">
        <ele>32.79999923706055</ele>
        <time>2024-09-27T12:46:04Z</time>
        <extensions>
          <ns3:TrackPointExtension>
            <ns3:atemp>18.0</ns3:atemp>
          </ns3:TrackPointExtension>
        </extensions>
      </trkpt>
      <trkpt lat="49.41861321218312" lon="2.816376630216837">
        <ele>32.400001525878906</ele>
        <time>2024-09-27T12:46:24Z</time>
        <extensions>
          <ns3:TrackPointExtension>
            <ns3:atemp>18.0</ns3:atemp>
          </ns3:TrackPointExtension>
        </extensions>
      </trkpt>
      <trkpt lat="49.41863710060716" lon="2.8162283543497324">
        <ele>32.400001525878906</ele>
        <time>2024-09-27T12:46:30Z</time>
        <extensions>
          <ns3:TrackPointExtension>
            <ns3:atemp>18.0</ns3:atemp>
          </ns3:TrackPointExtension>
        </extensions>
      </trkpt>
      <trkpt lat="49.418572979047894" lon="2.816093824803829">
        <ele>32.20000076293945</ele>
        <time>2024-09-27T12:46:33Z</time>
        <extensions>
          <ns3:TrackPointExtension>
            <ns3:atemp>18.0</ns3:atemp>
          </ns3:TrackPointExtension>
        </extensions>
      </trkpt>
      <trkpt lat="49.41798825748265" lon="2.8165731858462095">
        <ele>33.79999923706055</ele>
        <time>2024-09-27T12:46:48Z</time>
        <extensions>
          <ns3:TrackPointExtension>
            <ns3:atemp>18.0</ns3:atemp>
          </ns3:TrackPointExtension>
        </extensions>
      </trkpt>
      <trkpt lat="49.41678964532912" lon="2.817995762452483">
        <ele>34.20000076293945</ele>
        <time>2024-09-27T12:47:54Z</time>
        <extensions>
          <ns3:TrackPointExtension>
            <ns3:atemp>18.0</ns3:atemp>
          </ns3:TrackPointExtension>
        </extensions>
      </trkpt>
      <trkpt lat="49.41672317683697" lon="2.8179841954261065">
        <ele>34.20000076293945</ele>
        <time>2024-09-27T12:47:56Z</time>
        <extensions>
          <ns3:TrackPointExtension>
            <ns3:atemp>18.0</ns3:atemp>
          </ns3:TrackPointExtension>
        </extensions>
      </trkpt>
      <trkpt lat="49.416478676721454" lon="2.817540792748332">
        <ele>32.599998474121094</ele>
        <time>2024-09-27T12:48:04Z</time>
        <extensions>
          <ns3:TrackPointExtension>
            <ns3:atemp>18.0</ns3:atemp>
          </ns3:TrackPointExtension>
        </extensions>
      </trkpt>
      <trkpt lat="49.416218334808946" lon="2.8172655310481787">
        <ele>31.200000762939453</ele>
        <time>2024-09-27T12:48:13Z</time>
        <extensions>
          <ns3:TrackPointExtension>
            <ns3:atemp>18.0</ns3:atemp>
          </ns3:TrackPointExtension>
        </extensions>
      </trkpt>
    </trkseg>
  </trk>
</gpx>