<?xml version="1.0" encoding="UTF-8"?>
<gpx xmlns="http://www.topografix.com/GPX/1/1" xmlns:ns2="http://www.garmin.com/xmlschemas/GpxExtensions/v3" xmlns:ns3="http://www.garmin.com/xmlschemas/TrackPointExtension/v1" xmlns:xsi="http://www.w3.org/2001/XMLSchema-instance" xsi:schemaLocation="http://www.topografix.com/GPX/1/1 http://www.topografix.com/GPX/11.xsd" version="1.1" creator="Garmin Connect">
  <metadata>
    <link href="connect.garmin.com">
      <text>Garmin Connect</text>
    </link>
    <time>2024-09-28T05:56:33Z</time>
  </metadata>
  <trk>
    <name>Compiègne Road Cycling</name>
    <type>road_biking</type>
    <trkseg>
      <trkpt lat="49.396742060780525" lon="2.7898890618234873">
        <ele>35.20000076293945</ele>
        <time>2024-09-28T05:56:33Z</time>
        <extensions>
          <ns3:TrackPointExtension>
            <ns3:atemp>18.0</ns3:atemp>
          </ns3:TrackPointExtension>
        </extensions>
      </trkpt>
      <trkpt lat="49.396827053278685" lon="2.789877913892269">
        <ele>35.400001525878906</ele>
        <time>2024-09-28T05:59:06Z</time>
        <extensions>
          <ns3:TrackPointExtension>
            <ns3:atemp>16.0</ns3:atemp>
          </ns3:TrackPointExtension>
        </extensions>
      </trkpt>
      <trkpt lat="49.39685412682593" lon="2.7899437956511974">
        <ele>35.20000076293945</ele>
        <time>2024-09-28T05:59:09Z</time>
        <extensions>
          <ns3:TrackPointExtension>
            <ns3:atemp>16.0</ns3:atemp>
          </ns3:TrackPointExtension>
        </extensions>
      </trkpt>
      <trkpt lat="49.39684230834246" lon="2.7902768924832344">
        <ele>35.400001525878906</ele>
        <time>2024-09-28T05:59:16Z</time>
        <extensions>
          <ns3:TrackPointExtension>
            <ns3:atemp>16.0</ns3:atemp>
          </ns3:TrackPointExtension>
        </extensions>
      </trkpt>
      <trkpt lat="49.39678229391575" lon="2.7905675768852234">
        <ele>35.400001525878906</ele>
        <time>2024-09-28T05:59:21Z</time>
        <extensions>
          <ns3:TrackPointExtension>
            <ns3:atemp>15.0</ns3:atemp>
          </ns3:TrackPointExtension>
        </extensions>
      </trkpt>
      <trkpt lat="49.396929731592536" lon="2.7908253204077482">
        <ele>35.20000076293945</ele>
        <time>2024-09-28T05:59:30Z</time>
        <extensions>
          <ns3:TrackPointExtension>
            <ns3:atemp>15.0</ns3:atemp>
          </ns3:TrackPointExtension>
        </extensions>
      </trkpt>
      <trkpt lat="49.39695672132075" lon="2.7909321058541536">
        <ele>35.400001525878906</ele>
        <time>2024-09-28T05:59:34Z</time>
        <extensions>
          <ns3:TrackPointExtension>
            <ns3:atemp>15.0</ns3:atemp>
          </ns3:TrackPointExtension>
        </extensions>
      </trkpt>
      <trkpt lat="49.3969798553735" lon="2.791495956480503">
        <ele>35.20000076293945</ele>
        <time>2024-09-28T05:59:46Z</time>
        <extensions>
          <ns3:TrackPointExtension>
            <ns3:atemp>15.0</ns3:atemp>
          </ns3:TrackPointExtension>
        </extensions>
      </trkpt>
      <trkpt lat="49.39694909378886" lon="2.7924205642193556">
        <ele>34.79999923706055</ele>
        <time>2024-09-28T06:00:02Z</time>
        <extensions>
          <ns3:TrackPointExtension>
            <ns3:atemp>14.0</ns3:atemp>
          </ns3:TrackPointExtension>
        </extensions>
      </trkpt>
      <trkpt lat="49.39696300774813" lon="2.7927510626614094">
        <ele>34.400001525878906</ele>
        <time>2024-09-28T06:00:08Z</time>
        <extensions>
          <ns3:TrackPointExtension>
            <ns3:atemp>14.0</ns3:atemp>
          </ns3:TrackPointExtension>
        </extensions>
      </trkpt>
      <trkpt lat="49.39747044816613" lon="2.7935244608670473">
        <ele>34.20000076293945</ele>
        <time>2024-09-28T06:00:30Z</time>
        <extensions>
          <ns3:TrackPointExtension>
            <ns3:atemp>14.0</ns3:atemp>
          </ns3:TrackPointExtension>
        </extensions>
      </trkpt>
      <trkpt lat="49.39779005013406" lon="2.7937002293765545">
        <ele>34.599998474121094</ele>
        <time>2024-09-28T06:00:38Z</time>
        <extensions>
          <ns3:TrackPointExtension>
            <ns3:atemp>14.0</ns3:atemp>
          </ns3:TrackPointExtension>
        </extensions>
      </trkpt>
      <trkpt lat="49.39858633093536" lon="2.7937450725585222">
        <ele>34.599998474121094</ele>
        <time>2024-09-28T06:00:57Z</time>
        <extensions>
          <ns3:TrackPointExtension>
            <ns3:atemp>14.0</ns3:atemp>
          </ns3:TrackPointExtension>
        </extensions>
      </trkpt>
      <trkpt lat="49.398758662864566" lon="2.7937152329832315">
        <ele>34.599998474121094</ele>
        <time>2024-09-28T06:01:00Z</time>
        <extensions>
          <ns3:TrackPointExtension>
            <ns3:atemp>14.0</ns3:atemp>
          </ns3:TrackPointExtension>
        </extensions>
      </trkpt>
      <trkpt lat="49.39882664009929" lon="2.7936278097331524">
        <ele>34.599998474121094</ele>
        <time>2024-09-28T06:01:02Z</time>
        <extensions>
          <ns3:TrackPointExtension>
            <ns3:atemp>13.0</ns3:atemp>
          </ns3:TrackPointExtension>
        </extensions>
      </trkpt>
      <trkpt lat="49.398855892941356" lon="2.7933766040951014">
        <ele>34.599998474121094</ele>
        <time>2024-09-28T06:01:06Z</time>
        <extensions>
          <ns3:TrackPointExtension>
            <ns3:atemp>13.0</ns3:atemp>
          </ns3:TrackPointExtension>
        </extensions>
      </trkpt>
      <trkpt lat="49.398845164105296" lon="2.7916050888597965">
        <ele>34.400001525878906</ele>
        <time>2024-09-28T06:01:30Z</time>
        <extensions>
          <ns3:TrackPointExtension>
            <ns3:atemp>13.0</ns3:atemp>
          </ns3:TrackPointExtension>
        </extensions>
      </trkpt>
      <trkpt lat="49.39872664399445" lon="2.7910667192190886">
        <ele>34.599998474121094</ele>
        <time>2024-09-28T06:01:39Z</time>
        <extensions>
          <ns3:TrackPointExtension>
            <ns3:atemp>13.0</ns3:atemp>
          </ns3:TrackPointExtension>
        </extensions>
      </trkpt>
      <trkpt lat="49.39887902699411" lon="2.790780644863844">
        <ele>34.400001525878906</ele>
        <time>2024-09-28T06:01:44Z</time>
        <extensions>
          <ns3:TrackPointExtension>
            <ns3:atemp>13.0</ns3:atemp>
          </ns3:TrackPointExtension>
        </extensions>
      </trkpt>
      <trkpt lat="49.39918044023216" lon="2.790364818647504">
        <ele>34.400001525878906</ele>
        <time>2024-09-28T06:01:53Z</time>
        <extensions>
          <ns3:TrackPointExtension>
            <ns3:atemp>13.0</ns3:atemp>
          </ns3:TrackPointExtension>
        </extensions>
      </trkpt>
      <trkpt lat="49.39923886209726" lon="2.7903454564511776">
        <ele>34.400001525878906</ele>
        <time>2024-09-28T06:01:55Z</time>
        <extensions>
          <ns3:TrackPointExtension>
            <ns3:atemp>13.0</ns3:atemp>
          </ns3:TrackPointExtension>
        </extensions>
      </trkpt>
      <trkpt lat="49.39936023205519" lon="2.7904738672077656">
        <ele>34.20000076293945</ele>
        <time>2024-09-28T06:02:01Z</time>
        <extensions>
          <ns3:TrackPointExtension>
            <ns3:atemp>12.0</ns3:atemp>
          </ns3:TrackPointExtension>
        </extensions>
      </trkpt>
      <trkpt lat="49.39938344992697" lon="2.7904418483376503">
        <ele>34.20000076293945</ele>
        <time>2024-09-28T06:02:03Z</time>
        <extensions>
          <ns3:TrackPointExtension>
            <ns3:atemp>12.0</ns3:atemp>
          </ns3:TrackPointExtension>
        </extensions>
      </trkpt>
      <trkpt lat="49.39879939891398" lon="2.7895997185260057">
        <ele>33.599998474121094</ele>
        <time>2024-09-28T06:02:23Z</time>
        <extensions>
          <ns3:TrackPointExtension>
            <ns3:atemp>12.0</ns3:atemp>
          </ns3:TrackPointExtension>
        </extensions>
      </trkpt>
      <trkpt lat="49.39829137176275" lon="2.7885757852345705">
        <ele>33.599998474121094</ele>
        <time>2024-09-28T06:02:39Z</time>
        <extensions>
          <ns3:TrackPointExtension>
            <ns3:atemp>12.0</ns3:atemp>
          </ns3:TrackPointExtension>
        </extensions>
      </trkpt>
      <trkpt lat="49.397637248039246" lon="2.7870560623705387">
        <ele>33.400001525878906</ele>
        <time>2024-09-28T06:02:59Z</time>
        <extensions>
          <ns3:TrackPointExtension>
            <ns3:atemp>12.0</ns3:atemp>
          </ns3:TrackPointExtension>
        </extensions>
      </trkpt>
      <trkpt lat="49.397129472345114" lon="2.7861345559358597">
        <ele>33.79999923706055</ele>
        <time>2024-09-28T06:03:12Z</time>
        <extensions>
          <ns3:TrackPointExtension>
            <ns3:atemp>11.0</ns3:atemp>
          </ns3:TrackPointExtension>
        </extensions>
      </trkpt>
      <trkpt lat="49.396731248125434" lon="2.7855723816901445">
        <ele>34.0</ele>
        <time>2024-09-28T06:03:21Z</time>
        <extensions>
          <ns3:TrackPointExtension>
            <ns3:atemp>11.0</ns3:atemp>
          </ns3:TrackPointExtension>
        </extensions>
      </trkpt>
      <trkpt lat="49.39635582268238" lon="2.785149682313204">
        <ele>34.20000076293945</ele>
        <time>2024-09-28T06:03:29Z</time>
        <extensions>
          <ns3:TrackPointExtension>
            <ns3:atemp>11.0</ns3:atemp>
          </ns3:TrackPointExtension>
        </extensions>
      </trkpt>
      <trkpt lat="49.39558954909444" lon="2.7844956424087286">
        <ele>34.599998474121094</ele>
        <time>2024-09-28T06:03:44Z</time>
        <extensions>
          <ns3:TrackPointExtension>
            <ns3:atemp>11.0</ns3:atemp>
          </ns3:TrackPointExtension>
        </extensions>
      </trkpt>
      <trkpt lat="49.39535217359662" lon="2.784355580806732">
        <ele>34.599998474121094</ele>
        <time>2024-09-28T06:03:48Z</time>
        <extensions>
          <ns3:TrackPointExtension>
            <ns3:atemp>11.0</ns3:atemp>
          </ns3:TrackPointExtension>
        </extensions>
      </trkpt>
      <trkpt lat="49.39422874711454" lon="2.7841019444167614">
        <ele>33.599998474121094</ele>
        <time>2024-09-28T06:04:05Z</time>
        <extensions>
          <ns3:TrackPointExtension>
            <ns3:atemp>10.0</ns3:atemp>
          </ns3:TrackPointExtension>
        </extensions>
      </trkpt>
      <trkpt lat="49.39374226145446" lon="2.783921817317605">
        <ele>33.0</ele>
        <time>2024-09-28T06:04:13Z</time>
        <extensions>
          <ns3:TrackPointExtension>
            <ns3:atemp>10.0</ns3:atemp>
          </ns3:TrackPointExtension>
        </extensions>
      </trkpt>
      <trkpt lat="49.39313138835132" lon="2.783554857596755">
        <ele>32.599998474121094</ele>
        <time>2024-09-28T06:04:24Z</time>
        <extensions>
          <ns3:TrackPointExtension>
            <ns3:atemp>10.0</ns3:atemp>
          </ns3:TrackPointExtension>
        </extensions>
      </trkpt>
      <trkpt lat="49.39273308031261" lon="2.783375484868884">
        <ele>32.20000076293945</ele>
        <time>2024-09-28T06:04:31Z</time>
        <extensions>
          <ns3:TrackPointExtension>
            <ns3:atemp>10.0</ns3:atemp>
          </ns3:TrackPointExtension>
        </extensions>
      </trkpt>
      <trkpt lat="49.391169184818864" lon="2.7828729897737503">
        <ele>32.400001525878906</ele>
        <time>2024-09-28T06:04:59Z</time>
        <extensions>
          <ns3:TrackPointExtension>
            <ns3:atemp>10.0</ns3:atemp>
          </ns3:TrackPointExtension>
        </extensions>
      </trkpt>
      <trkpt lat="49.39034532755613" lon="2.782539976760745">
        <ele>32.400001525878906</ele>
        <time>2024-09-28T06:05:12Z</time>
        <extensions>
          <ns3:TrackPointExtension>
            <ns3:atemp>10.0</ns3:atemp>
          </ns3:TrackPointExtension>
        </extensions>
      </trkpt>
      <trkpt lat="49.390038046985865" lon="2.782514076679945">
        <ele>32.0</ele>
        <time>2024-09-28T06:05:17Z</time>
        <extensions>
          <ns3:TrackPointExtension>
            <ns3:atemp>10.0</ns3:atemp>
          </ns3:TrackPointExtension>
        </extensions>
      </trkpt>
      <trkpt lat="49.3898412398994" lon="2.7825973089784384">
        <ele>32.0</ele>
        <time>2024-09-28T06:05:20Z</time>
        <extensions>
          <ns3:TrackPointExtension>
            <ns3:atemp>10.0</ns3:atemp>
          </ns3:TrackPointExtension>
        </extensions>
      </trkpt>
      <trkpt lat="49.38964191824198" lon="2.78277182020247">
        <ele>31.799999237060547</ele>
        <time>2024-09-28T06:05:24Z</time>
        <extensions>
          <ns3:TrackPointExtension>
            <ns3:atemp>10.0</ns3:atemp>
          </ns3:TrackPointExtension>
        </extensions>
      </trkpt>
      <trkpt lat="49.38948266208172" lon="2.782967034727335">
        <ele>31.600000381469727</ele>
        <time>2024-09-28T06:05:28Z</time>
        <extensions>
          <ns3:TrackPointExtension>
            <ns3:atemp>10.0</ns3:atemp>
          </ns3:TrackPointExtension>
        </extensions>
      </trkpt>
      <trkpt lat="49.38934947364032" lon="2.7832249458879232">
        <ele>31.799999237060547</ele>
        <time>2024-09-28T06:05:34Z</time>
        <extensions>
          <ns3:TrackPointExtension>
            <ns3:atemp>10.0</ns3:atemp>
          </ns3:TrackPointExtension>
        </extensions>
      </trkpt>
      <trkpt lat="49.38872745260596" lon="2.7858691848814487">
        <ele>32.20000076293945</ele>
        <time>2024-09-28T06:06:32Z</time>
        <extensions>
          <ns3:TrackPointExtension>
            <ns3:atemp>9.0</ns3:atemp>
          </ns3:TrackPointExtension>
        </extensions>
      </trkpt>
      <trkpt lat="49.38863047398627" lon="2.7859649900346994">
        <ele>32.0</ele>
        <time>2024-09-28T06:06:34Z</time>
        <extensions>
          <ns3:TrackPointExtension>
            <ns3:atemp>9.0</ns3:atemp>
          </ns3:TrackPointExtension>
        </extensions>
      </trkpt>
      <trkpt lat="49.38825630582869" lon="2.78606666252017">
        <ele>32.0</ele>
        <time>2024-09-28T06:06:40Z</time>
        <extensions>
          <ns3:TrackPointExtension>
            <ns3:atemp>9.0</ns3:atemp>
          </ns3:TrackPointExtension>
        </extensions>
      </trkpt>
      <trkpt lat="49.38731778413057" lon="2.7856142912060022">
        <ele>31.799999237060547</ele>
        <time>2024-09-28T06:06:54Z</time>
        <extensions>
          <ns3:TrackPointExtension>
            <ns3:atemp>9.0</ns3:atemp>
          </ns3:TrackPointExtension>
        </extensions>
      </trkpt>
      <trkpt lat="49.386387560516596" lon="2.7852296456694603">
        <ele>31.600000381469727</ele>
        <time>2024-09-28T06:07:07Z</time>
        <extensions>
          <ns3:TrackPointExtension>
            <ns3:atemp>9.0</ns3:atemp>
          </ns3:TrackPointExtension>
        </extensions>
      </trkpt>
      <trkpt lat="49.38491536304355" lon="2.784765036776662">
        <ele>31.399999618530273</ele>
        <time>2024-09-28T06:07:26Z</time>
        <extensions>
          <ns3:TrackPointExtension>
            <ns3:atemp>9.0</ns3:atemp>
          </ns3:TrackPointExtension>
        </extensions>
      </trkpt>
      <trkpt lat="49.381851023063064" lon="2.783559635281563">
        <ele>30.799999237060547</ele>
        <time>2024-09-28T06:08:08Z</time>
        <extensions>
          <ns3:TrackPointExtension>
            <ns3:atemp>8.0</ns3:atemp>
          </ns3:TrackPointExtension>
        </extensions>
      </trkpt>
      <trkpt lat="49.38153519295156" lon="2.7833853755146265">
        <ele>30.799999237060547</ele>
        <time>2024-09-28T06:08:14Z</time>
        <extensions>
          <ns3:TrackPointExtension>
            <ns3:atemp>8.0</ns3:atemp>
          </ns3:TrackPointExtension>
        </extensions>
      </trkpt>
      <trkpt lat="49.381317934021354" lon="2.7829504385590553">
        <ele>30.799999237060547</ele>
        <time>2024-09-28T06:08:20Z</time>
        <extensions>
          <ns3:TrackPointExtension>
            <ns3:atemp>8.0</ns3:atemp>
          </ns3:TrackPointExtension>
        </extensions>
      </trkpt>
      <trkpt lat="49.38119916245341" lon="2.782846922054887">
        <ele>30.799999237060547</ele>
        <time>2024-09-28T06:08:22Z</time>
        <extensions>
          <ns3:TrackPointExtension>
            <ns3:atemp>8.0</ns3:atemp>
          </ns3:TrackPointExtension>
        </extensions>
      </trkpt>
      <trkpt lat="49.38106890767813" lon="2.782829152420163">
        <ele>30.799999237060547</ele>
        <time>2024-09-28T06:08:24Z</time>
        <extensions>
          <ns3:TrackPointExtension>
            <ns3:atemp>8.0</ns3:atemp>
          </ns3:TrackPointExtension>
        </extensions>
      </trkpt>
      <trkpt lat="49.38088693656027" lon="2.7829345129430294">
        <ele>30.799999237060547</ele>
        <time>2024-09-28T06:08:27Z</time>
        <extensions>
          <ns3:TrackPointExtension>
            <ns3:atemp>8.0</ns3:atemp>
          </ns3:TrackPointExtension>
        </extensions>
      </trkpt>
      <trkpt lat="49.38077210448682" lon="2.7831857185810804">
        <ele>30.799999237060547</ele>
        <time>2024-09-28T06:08:30Z</time>
        <extensions>
          <ns3:TrackPointExtension>
            <ns3:atemp>8.0</ns3:atemp>
          </ns3:TrackPointExtension>
        </extensions>
      </trkpt>
      <trkpt lat="49.38075634650886" lon="2.78350037522614">
        <ele>30.600000381469727</ele>
        <time>2024-09-28T06:08:33Z</time>
        <extensions>
          <ns3:TrackPointExtension>
            <ns3:atemp>8.0</ns3:atemp>
          </ns3:TrackPointExtension>
        </extensions>
      </trkpt>
      <trkpt lat="49.380850391462445" lon="2.7840165328234434">
        <ele>30.399999618530273</ele>
        <time>2024-09-28T06:08:38Z</time>
        <extensions>
          <ns3:TrackPointExtension>
            <ns3:atemp>8.0</ns3:atemp>
          </ns3:TrackPointExtension>
        </extensions>
      </trkpt>
      <trkpt lat="49.38080806285143" lon="2.7843525633215904">
        <ele>30.399999618530273</ele>
        <time>2024-09-28T06:08:41Z</time>
        <extensions>
          <ns3:TrackPointExtension>
            <ns3:atemp>8.0</ns3:atemp>
          </ns3:TrackPointExtension>
        </extensions>
      </trkpt>
      <trkpt lat="49.38067076727748" lon="2.7848773542791605">
        <ele>30.200000762939453</ele>
        <time>2024-09-28T06:08:46Z</time>
        <extensions>
          <ns3:TrackPointExtension>
            <ns3:atemp>8.0</ns3:atemp>
          </ns3:TrackPointExtension>
        </extensions>
      </trkpt>
      <trkpt lat="49.38018763437867" lon="2.7859940752387047">
        <ele>30.600000381469727</ele>
        <time>2024-09-28T06:08:58Z</time>
        <extensions>
          <ns3:TrackPointExtension>
            <ns3:atemp>8.0</ns3:atemp>
          </ns3:TrackPointExtension>
        </extensions>
      </trkpt>
      <trkpt lat="49.37975747510791" lon="2.786799408495426">
        <ele>31.399999618530273</ele>
        <time>2024-09-28T06:09:09Z</time>
        <extensions>
          <ns3:TrackPointExtension>
            <ns3:atemp>8.0</ns3:atemp>
          </ns3:TrackPointExtension>
        </extensions>
      </trkpt>
      <trkpt lat="49.37966519035399" lon="2.7870334312319756">
        <ele>31.600000381469727</ele>
        <time>2024-09-28T06:09:15Z</time>
        <extensions>
          <ns3:TrackPointExtension>
            <ns3:atemp>8.0</ns3:atemp>
          </ns3:TrackPointExtension>
        </extensions>
      </trkpt>
      <trkpt lat="49.37972419895232" lon="2.7871482633054256">
        <ele>31.600000381469727</ele>
        <time>2024-09-28T06:09:18Z</time>
        <extensions>
          <ns3:TrackPointExtension>
            <ns3:atemp>8.0</ns3:atemp>
          </ns3:TrackPointExtension>
        </extensions>
      </trkpt>
      <trkpt lat="49.38026432879269" lon="2.787695936858654">
        <ele>31.200000762939453</ele>
        <time>2024-09-28T06:09:33Z</time>
        <extensions>
          <ns3:TrackPointExtension>
            <ns3:atemp>8.0</ns3:atemp>
          </ns3:TrackPointExtension>
        </extensions>
      </trkpt>
      <trkpt lat="49.38036843203008" lon="2.787861144170165">
        <ele>31.0</ele>
        <time>2024-09-28T06:09:36Z</time>
        <extensions>
          <ns3:TrackPointExtension>
            <ns3:atemp>8.0</ns3:atemp>
          </ns3:TrackPointExtension>
        </extensions>
      </trkpt>
      <trkpt lat="49.3808405008167" lon="2.78948413208127">
        <ele>31.0</ele>
        <time>2024-09-28T06:09:58Z</time>
        <extensions>
          <ns3:TrackPointExtension>
            <ns3:atemp>8.0</ns3:atemp>
          </ns3:TrackPointExtension>
        </extensions>
      </trkpt>
      <trkpt lat="49.38114199787378" lon="2.7909951377660036">
        <ele>30.799999237060547</ele>
        <time>2024-09-28T06:10:16Z</time>
        <extensions>
          <ns3:TrackPointExtension>
            <ns3:atemp>7.0</ns3:atemp>
          </ns3:TrackPointExtension>
        </extensions>
      </trkpt>
      <trkpt lat="49.381280383095145" lon="2.7915126364678144">
        <ele>30.799999237060547</ele>
        <time>2024-09-28T06:10:22Z</time>
        <extensions>
          <ns3:TrackPointExtension>
            <ns3:atemp>7.0</ns3:atemp>
          </ns3:TrackPointExtension>
        </extensions>
      </trkpt>
      <trkpt lat="49.38141943886876" lon="2.7918621618300676">
        <ele>30.799999237060547</ele>
        <time>2024-09-28T06:10:27Z</time>
        <extensions>
          <ns3:TrackPointExtension>
            <ns3:atemp>7.0</ns3:atemp>
          </ns3:TrackPointExtension>
        </extensions>
      </trkpt>
      <trkpt lat="49.38141751103103" lon="2.792073804885149">
        <ele>30.799999237060547</ele>
        <time>2024-09-28T06:10:30Z</time>
        <extensions>
          <ns3:TrackPointExtension>
            <ns3:atemp>7.0</ns3:atemp>
          </ns3:TrackPointExtension>
        </extensions>
      </trkpt>
      <trkpt lat="49.38079062849283" lon="2.7927835006266832">
        <ele>32.0</ele>
        <time>2024-09-28T06:10:45Z</time>
        <extensions>
          <ns3:TrackPointExtension>
            <ns3:atemp>7.0</ns3:atemp>
          </ns3:TrackPointExtension>
        </extensions>
      </trkpt>
      <trkpt lat="49.38037413172424" lon="2.7931751869618893">
        <ele>32.599998474121094</ele>
        <time>2024-09-28T06:10:54Z</time>
        <extensions>
          <ns3:TrackPointExtension>
            <ns3:atemp>7.0</ns3:atemp>
          </ns3:TrackPointExtension>
        </extensions>
      </trkpt>
      <trkpt lat="49.38015201129019" lon="2.7932744286954403">
        <ele>32.79999923706055</ele>
        <time>2024-09-28T06:10:58Z</time>
        <extensions>
          <ns3:TrackPointExtension>
            <ns3:atemp>7.0</ns3:atemp>
          </ns3:TrackPointExtension>
        </extensions>
      </trkpt>
      <trkpt lat="49.379555974155664" lon="2.793344333767891">
        <ele>33.20000076293945</ele>
        <time>2024-09-28T06:11:09Z</time>
        <extensions>
          <ns3:TrackPointExtension>
            <ns3:atemp>7.0</ns3:atemp>
          </ns3:TrackPointExtension>
        </extensions>
      </trkpt>
      <trkpt lat="49.379222290590405" lon="2.7932663820683956">
        <ele>33.400001525878906</ele>
        <time>2024-09-28T06:11:15Z</time>
        <extensions>
          <ns3:TrackPointExtension>
            <ns3:atemp>7.0</ns3:atemp>
          </ns3:TrackPointExtension>
        </extensions>
      </trkpt>
      <trkpt lat="49.37901291064918" lon="2.79315372928977">
        <ele>33.79999923706055</ele>
        <time>2024-09-28T06:11:19Z</time>
        <extensions>
          <ns3:TrackPointExtension>
            <ns3:atemp>7.0</ns3:atemp>
          </ns3:TrackPointExtension>
        </extensions>
      </trkpt>
      <trkpt lat="49.37878324650228" lon="2.79295583255589">
        <ele>34.20000076293945</ele>
        <time>2024-09-28T06:11:24Z</time>
        <extensions>
          <ns3:TrackPointExtension>
            <ns3:atemp>7.0</ns3:atemp>
          </ns3:TrackPointExtension>
        </extensions>
      </trkpt>
      <trkpt lat="49.3776616640389" lon="2.7917740680277348">
        <ele>34.20000076293945</ele>
        <time>2024-09-28T06:11:47Z</time>
        <extensions>
          <ns3:TrackPointExtension>
            <ns3:atemp>7.0</ns3:atemp>
          </ns3:TrackPointExtension>
        </extensions>
      </trkpt>
      <trkpt lat="49.37751070596278" lon="2.791698044165969">
        <ele>34.400001525878906</ele>
        <time>2024-09-28T06:11:50Z</time>
        <extensions>
          <ns3:TrackPointExtension>
            <ns3:atemp>7.0</ns3:atemp>
          </ns3:TrackPointExtension>
        </extensions>
      </trkpt>
      <trkpt lat="49.37742428854108" lon="2.7917440608143806">
        <ele>34.400001525878906</ele>
        <time>2024-09-28T06:11:52Z</time>
        <extensions>
          <ns3:TrackPointExtension>
            <ns3:atemp>7.0</ns3:atemp>
          </ns3:TrackPointExtension>
        </extensions>
      </trkpt>
      <trkpt lat="49.377344492822886" lon="2.791932485997677">
        <ele>34.599998474121094</ele>
        <time>2024-09-28T06:11:55Z</time>
        <extensions>
          <ns3:TrackPointExtension>
            <ns3:atemp>7.0</ns3:atemp>
          </ns3:TrackPointExtension>
        </extensions>
      </trkpt>
      <trkpt lat="49.37632483430207" lon="2.797705354169011">
        <ele>39.599998474121094</ele>
        <time>2024-09-28T06:13:07Z</time>
        <extensions>
          <ns3:TrackPointExtension>
            <ns3:atemp>7.0</ns3:atemp>
          </ns3:TrackPointExtension>
        </extensions>
      </trkpt>
      <trkpt lat="49.376200111582875" lon="2.7979873213917017">
        <ele>39.79999923706055</ele>
        <time>2024-09-28T06:13:11Z</time>
        <extensions>
          <ns3:TrackPointExtension>
            <ns3:atemp>6.0</ns3:atemp>
          </ns3:TrackPointExtension>
        </extensions>
      </trkpt>
      <trkpt lat="49.376052506268024" lon="2.7981455717235804">
        <ele>40.0</ele>
        <time>2024-09-28T06:13:14Z</time>
        <extensions>
          <ns3:TrackPointExtension>
            <ns3:atemp>6.0</ns3:atemp>
          </ns3:TrackPointExtension>
        </extensions>
      </trkpt>
      <trkpt lat="49.37593214213848" lon="2.798210196197033">
        <ele>40.0</ele>
        <time>2024-09-28T06:13:16Z</time>
        <extensions>
          <ns3:TrackPointExtension>
            <ns3:atemp>6.0</ns3:atemp>
          </ns3:TrackPointExtension>
        </extensions>
      </trkpt>
      <trkpt lat="49.37560038641095" lon="2.798175746574998">
        <ele>39.79999923706055</ele>
        <time>2024-09-28T06:13:21Z</time>
        <extensions>
          <ns3:TrackPointExtension>
            <ns3:atemp>6.0</ns3:atemp>
          </ns3:TrackPointExtension>
        </extensions>
      </trkpt>
      <trkpt lat="49.369499115273356" lon="2.7964510023593903">
        <ele>32.400001525878906</ele>
        <time>2024-09-28T06:14:45Z</time>
        <extensions>
          <ns3:TrackPointExtension>
            <ns3:atemp>6.0</ns3:atemp>
          </ns3:TrackPointExtension>
        </extensions>
      </trkpt>
      <trkpt lat="49.36434332281351" lon="2.7950394060462713">
        <ele>40.599998474121094</ele>
        <time>2024-09-28T06:16:09Z</time>
        <extensions>
          <ns3:TrackPointExtension>
            <ns3:atemp>6.0</ns3:atemp>
          </ns3:TrackPointExtension>
        </extensions>
      </trkpt>
      <trkpt lat="49.36202966608107" lon="2.7943811751902103">
        <ele>42.0</ele>
        <time>2024-09-28T06:16:45Z</time>
        <extensions>
          <ns3:TrackPointExtension>
            <ns3:atemp>6.0</ns3:atemp>
          </ns3:TrackPointExtension>
        </extensions>
      </trkpt>
      <trkpt lat="49.36106943525374" lon="2.79405964538455">
        <ele>41.79999923706055</ele>
        <time>2024-09-28T06:16:59Z</time>
        <extensions>
          <ns3:TrackPointExtension>
            <ns3:atemp>6.0</ns3:atemp>
          </ns3:TrackPointExtension>
        </extensions>
      </trkpt>
      <trkpt lat="49.360867431387305" lon="2.7939134649932384">
        <ele>41.79999923706055</ele>
        <time>2024-09-28T06:17:02Z</time>
        <extensions>
          <ns3:TrackPointExtension>
            <ns3:atemp>6.0</ns3:atemp>
          </ns3:TrackPointExtension>
        </extensions>
      </trkpt>
      <trkpt lat="49.360535088926554" lon="2.793532172217965">
        <ele>41.79999923706055</ele>
        <time>2024-09-28T06:17:08Z</time>
        <extensions>
          <ns3:TrackPointExtension>
            <ns3:atemp>6.0</ns3:atemp>
          </ns3:TrackPointExtension>
        </extensions>
      </trkpt>
      <trkpt lat="49.35880221426487" lon="2.791377352550626">
        <ele>41.599998474121094</ele>
        <time>2024-09-28T06:17:42Z</time>
        <extensions>
          <ns3:TrackPointExtension>
            <ns3:atemp>6.0</ns3:atemp>
          </ns3:TrackPointExtension>
        </extensions>
      </trkpt>
      <trkpt lat="49.35796142555773" lon="2.790402704849839">
        <ele>41.599998474121094</ele>
        <time>2024-09-28T06:18:52Z</time>
        <extensions>
          <ns3:TrackPointExtension>
            <ns3:atemp>6.0</ns3:atemp>
          </ns3:TrackPointExtension>
        </extensions>
      </trkpt>
      <trkpt lat="49.356831377372146" lon="2.7889593411237">
        <ele>40.400001525878906</ele>
        <time>2024-09-28T06:19:16Z</time>
        <extensions>
          <ns3:TrackPointExtension>
            <ns3:atemp>6.0</ns3:atemp>
          </ns3:TrackPointExtension>
        </extensions>
      </trkpt>
      <trkpt lat="49.35600433498621" lon="2.7880102582275867">
        <ele>38.0</ele>
        <time>2024-09-28T06:19:30Z</time>
        <extensions>
          <ns3:TrackPointExtension>
            <ns3:atemp>6.0</ns3:atemp>
          </ns3:TrackPointExtension>
        </extensions>
      </trkpt>
      <trkpt lat="49.35488551855087" lon="2.7866206225007772">
        <ele>35.400001525878906</ele>
        <time>2024-09-28T06:19:49Z</time>
        <extensions>
          <ns3:TrackPointExtension>
            <ns3:atemp>6.0</ns3:atemp>
          </ns3:TrackPointExtension>
        </extensions>
      </trkpt>
      <trkpt lat="49.354408252984285" lon="2.7859678398817778">
        <ele>34.79999923706055</ele>
        <time>2024-09-28T06:19:59Z</time>
        <extensions>
          <ns3:TrackPointExtension>
            <ns3:atemp>6.0</ns3:atemp>
          </ns3:TrackPointExtension>
        </extensions>
      </trkpt>
      <trkpt lat="49.35419971123338" lon="2.7857737988233566">
        <ele>34.599998474121094</ele>
        <time>2024-09-28T06:20:50Z</time>
        <extensions>
          <ns3:TrackPointExtension>
            <ns3:atemp>6.0</ns3:atemp>
          </ns3:TrackPointExtension>
        </extensions>
      </trkpt>
      <trkpt lat="49.354105750098825" lon="2.7858158759772778">
        <ele>34.400001525878906</ele>
        <time>2024-09-28T06:20:53Z</time>
        <extensions>
          <ns3:TrackPointExtension>
            <ns3:atemp>6.0</ns3:atemp>
          </ns3:TrackPointExtension>
        </extensions>
      </trkpt>
      <trkpt lat="49.35337895527482" lon="2.7866308484226465">
        <ele>34.599998474121094</ele>
        <time>2024-09-28T06:21:08Z</time>
        <extensions>
          <ns3:TrackPointExtension>
            <ns3:atemp>6.0</ns3:atemp>
          </ns3:TrackPointExtension>
        </extensions>
      </trkpt>
      <trkpt lat="49.351593190804124" lon="2.788354502990842">
        <ele>34.79999923706055</ele>
        <time>2024-09-28T06:21:39Z</time>
        <extensions>
          <ns3:TrackPointExtension>
            <ns3:atemp>6.0</ns3:atemp>
          </ns3:TrackPointExtension>
        </extensions>
      </trkpt>
      <trkpt lat="49.34904517605901" lon="2.7917169872671366">
        <ele>38.79999923706055</ele>
        <time>2024-09-28T06:22:31Z</time>
        <extensions>
          <ns3:TrackPointExtension>
            <ns3:atemp>6.0</ns3:atemp>
          </ns3:TrackPointExtension>
        </extensions>
      </trkpt>
      <trkpt lat="49.348863791674376" lon="2.7918730583041906">
        <ele>39.0</ele>
        <time>2024-09-28T06:22:36Z</time>
        <extensions>
          <ns3:TrackPointExtension>
            <ns3:atemp>6.0</ns3:atemp>
          </ns3:TrackPointExtension>
        </extensions>
      </trkpt>
      <trkpt lat="49.34641786850989" lon="2.793362019583583">
        <ele>37.79999923706055</ele>
        <time>2024-09-28T06:23:21Z</time>
        <extensions>
          <ns3:TrackPointExtension>
            <ns3:atemp>6.0</ns3:atemp>
          </ns3:TrackPointExtension>
        </extensions>
      </trkpt>
      <trkpt lat="49.34624210000038" lon="2.7936752513051033">
        <ele>37.79999923706055</ele>
        <time>2024-09-28T06:23:25Z</time>
        <extensions>
          <ns3:TrackPointExtension>
            <ns3:atemp>6.0</ns3:atemp>
          </ns3:TrackPointExtension>
        </extensions>
      </trkpt>
      <trkpt lat="49.345929035916924" lon="2.7946941554546356">
        <ele>38.0</ele>
        <time>2024-09-28T06:23:36Z</time>
        <extensions>
          <ns3:TrackPointExtension>
            <ns3:atemp>5.0</ns3:atemp>
          </ns3:TrackPointExtension>
        </extensions>
      </trkpt>
      <trkpt lat="49.344401098787785" lon="2.7999466750770807">
        <ele>39.20000076293945</ele>
        <time>2024-09-28T06:24:32Z</time>
        <extensions>
          <ns3:TrackPointExtension>
            <ns3:atemp>5.0</ns3:atemp>
          </ns3:TrackPointExtension>
        </extensions>
      </trkpt>
      <trkpt lat="49.343607584014535" lon="2.8025364316999912">
        <ele>40.599998474121094</ele>
        <time>2024-09-28T06:25:01Z</time>
        <extensions>
          <ns3:TrackPointExtension>
            <ns3:atemp>5.0</ns3:atemp>
          </ns3:TrackPointExtension>
        </extensions>
      </trkpt>
      <trkpt lat="49.34333408251405" lon="2.803553491830826">
        <ele>41.0</ele>
        <time>2024-09-28T06:25:12Z</time>
        <extensions>
          <ns3:TrackPointExtension>
            <ns3:atemp>5.0</ns3:atemp>
          </ns3:TrackPointExtension>
        </extensions>
      </trkpt>
      <trkpt lat="49.342466220259666" lon="2.806410463526845">
        <ele>41.599998474121094</ele>
        <time>2024-09-28T06:25:43Z</time>
        <extensions>
          <ns3:TrackPointExtension>
            <ns3:atemp>5.0</ns3:atemp>
          </ns3:TrackPointExtension>
        </extensions>
      </trkpt>
      <trkpt lat="49.339354522526264" lon="2.8171230386942625">
        <ele>46.599998474121094</ele>
        <time>2024-09-28T06:27:40Z</time>
        <extensions>
          <ns3:TrackPointExtension>
            <ns3:atemp>5.0</ns3:atemp>
          </ns3:TrackPointExtension>
        </extensions>
      </trkpt>
      <trkpt lat="49.338141744956374" lon="2.821192955598235">
        <ele>49.400001525878906</ele>
        <time>2024-09-28T06:28:25Z</time>
        <extensions>
          <ns3:TrackPointExtension>
            <ns3:atemp>5.0</ns3:atemp>
          </ns3:TrackPointExtension>
        </extensions>
      </trkpt>
      <trkpt lat="49.33784703724086" lon="2.8222719579935074">
        <ele>49.79999923706055</ele>
        <time>2024-09-28T06:28:37Z</time>
        <extensions>
          <ns3:TrackPointExtension>
            <ns3:atemp>5.0</ns3:atemp>
          </ns3:TrackPointExtension>
        </extensions>
      </trkpt>
      <trkpt lat="49.33738427236676" lon="2.8237061016261578">
        <ele>50.79999923706055</ele>
        <time>2024-09-28T06:28:53Z</time>
        <extensions>
          <ns3:TrackPointExtension>
            <ns3:atemp>5.0</ns3:atemp>
          </ns3:TrackPointExtension>
        </extensions>
      </trkpt>
      <trkpt lat="49.33729617856443" lon="2.824064511805773">
        <ele>50.79999923706055</ele>
        <time>2024-09-28T06:28:57Z</time>
        <extensions>
          <ns3:TrackPointExtension>
            <ns3:atemp>5.0</ns3:atemp>
          </ns3:TrackPointExtension>
        </extensions>
      </trkpt>
      <trkpt lat="49.33545408770442" lon="2.8301912639290094">
        <ele>55.20000076293945</ele>
        <time>2024-09-28T06:30:08Z</time>
        <extensions>
          <ns3:TrackPointExtension>
            <ns3:atemp>5.0</ns3:atemp>
          </ns3:TrackPointExtension>
        </extensions>
      </trkpt>
      <trkpt lat="49.335254011675715" lon="2.830889141187072">
        <ele>55.79999923706055</ele>
        <time>2024-09-28T06:30:16Z</time>
        <extensions>
          <ns3:TrackPointExtension>
            <ns3:atemp>5.0</ns3:atemp>
          </ns3:TrackPointExtension>
        </extensions>
      </trkpt>
      <trkpt lat="49.33520196005702" lon="2.831182088702917">
        <ele>56.0</ele>
        <time>2024-09-28T06:30:19Z</time>
        <extensions>
          <ns3:TrackPointExtension>
            <ns3:atemp>5.0</ns3:atemp>
          </ns3:TrackPointExtension>
        </extensions>
      </trkpt>
      <trkpt lat="49.33516809716821" lon="2.8318693209439516">
        <ele>56.599998474121094</ele>
        <time>2024-09-28T06:30:27Z</time>
        <extensions>
          <ns3:TrackPointExtension>
            <ns3:atemp>5.0</ns3:atemp>
          </ns3:TrackPointExtension>
        </extensions>
      </trkpt>
      <trkpt lat="49.33519902639091" lon="2.8326733969151974">
        <ele>57.79999923706055</ele>
        <time>2024-09-28T06:30:39Z</time>
        <extensions>
          <ns3:TrackPointExtension>
            <ns3:atemp>5.0</ns3:atemp>
          </ns3:TrackPointExtension>
        </extensions>
      </trkpt>
      <trkpt lat="49.335168013349175" lon="2.832809016108513">
        <ele>58.20000076293945</ele>
        <time>2024-09-28T06:30:45Z</time>
        <extensions>
          <ns3:TrackPointExtension>
            <ns3:atemp>5.0</ns3:atemp>
          </ns3:TrackPointExtension>
        </extensions>
      </trkpt>
      <trkpt lat="49.33519232086837" lon="2.8329177293926477">
        <ele>59.79999923706055</ele>
        <time>2024-09-28T06:32:12Z</time>
        <extensions>
          <ns3:TrackPointExtension>
            <ns3:atemp>5.0</ns3:atemp>
          </ns3:TrackPointExtension>
        </extensions>
      </trkpt>
      <trkpt lat="49.33522551320493" lon="2.8339582588523626">
        <ele>61.0</ele>
        <time>2024-09-28T06:32:31Z</time>
        <extensions>
          <ns3:TrackPointExtension>
            <ns3:atemp>5.0</ns3:atemp>
          </ns3:TrackPointExtension>
        </extensions>
      </trkpt>
      <trkpt lat="49.33523163199425" lon="2.835038099437952">
        <ele>63.400001525878906</ele>
        <time>2024-09-28T06:32:48Z</time>
        <extensions>
          <ns3:TrackPointExtension>
            <ns3:atemp>5.0</ns3:atemp>
          </ns3:TrackPointExtension>
        </extensions>
      </trkpt>
      <trkpt lat="49.33520522899926" lon="2.8355105035007">
        <ele>64.5999984741211</ele>
        <time>2024-09-28T06:32:56Z</time>
        <extensions>
          <ns3:TrackPointExtension>
            <ns3:atemp>5.0</ns3:atemp>
          </ns3:TrackPointExtension>
        </extensions>
      </trkpt>
      <trkpt lat="49.33524093590677" lon="2.8367355186492205">
        <ele>66.80000305175781</ele>
        <time>2024-09-28T06:33:14Z</time>
        <extensions>
          <ns3:TrackPointExtension>
            <ns3:atemp>5.0</ns3:atemp>
          </ns3:TrackPointExtension>
        </extensions>
      </trkpt>
      <trkpt lat="49.335327353328466" lon="2.844246458262205">
        <ele>63.599998474121094</ele>
        <time>2024-09-28T06:34:33Z</time>
        <extensions>
          <ns3:TrackPointExtension>
            <ns3:atemp>5.0</ns3:atemp>
          </ns3:TrackPointExtension>
        </extensions>
      </trkpt>
      <trkpt lat="49.335346296429634" lon="2.8451967984437943">
        <ele>64.19999694824219</ele>
        <time>2024-09-28T06:34:43Z</time>
        <extensions>
          <ns3:TrackPointExtension>
            <ns3:atemp>5.0</ns3:atemp>
          </ns3:TrackPointExtension>
        </extensions>
      </trkpt>
      <trkpt lat="49.33537990786135" lon="2.8455666080117226">
        <ele>64.80000305175781</ele>
        <time>2024-09-28T06:34:47Z</time>
        <extensions>
          <ns3:TrackPointExtension>
            <ns3:atemp>5.0</ns3:atemp>
          </ns3:TrackPointExtension>
        </extensions>
      </trkpt>
      <trkpt lat="49.33663794770837" lon="2.850177241489291">
        <ele>67.19999694824219</ele>
        <time>2024-09-28T06:35:43Z</time>
        <extensions>
          <ns3:TrackPointExtension>
            <ns3:atemp>5.0</ns3:atemp>
          </ns3:TrackPointExtension>
        </extensions>
      </trkpt>
      <trkpt lat="49.33757470920682" lon="2.8534534759819508">
        <ele>68.19999694824219</ele>
        <time>2024-09-28T06:36:20Z</time>
        <extensions>
          <ns3:TrackPointExtension>
            <ns3:atemp>5.0</ns3:atemp>
          </ns3:TrackPointExtension>
        </extensions>
      </trkpt>
      <trkpt lat="49.33991736732423" lon="2.8618358820676804">
        <ele>68.5999984741211</ele>
        <time>2024-09-28T06:37:54Z</time>
        <extensions>
          <ns3:TrackPointExtension>
            <ns3:atemp>5.0</ns3:atemp>
          </ns3:TrackPointExtension>
        </extensions>
      </trkpt>
      <trkpt lat="49.33997285552323" lon="2.8620558232069016">
        <ele>68.80000305175781</ele>
        <time>2024-09-28T06:37:57Z</time>
        <extensions>
          <ns3:TrackPointExtension>
            <ns3:atemp>5.0</ns3:atemp>
          </ns3:TrackPointExtension>
        </extensions>
      </trkpt>
      <trkpt lat="49.33996497653425" lon="2.862192280590534">
        <ele>68.80000305175781</ele>
        <time>2024-09-28T06:37:59Z</time>
        <extensions>
          <ns3:TrackPointExtension>
            <ns3:atemp>5.0</ns3:atemp>
          </ns3:TrackPointExtension>
        </extensions>
      </trkpt>
      <trkpt lat="49.33987864293158" lon="2.862328737974167">
        <ele>69.0</ele>
        <time>2024-09-28T06:38:02Z</time>
        <extensions>
          <ns3:TrackPointExtension>
            <ns3:atemp>5.0</ns3:atemp>
          </ns3:TrackPointExtension>
        </extensions>
      </trkpt>
      <trkpt lat="49.33957261964679" lon="2.8625718131661415">
        <ele>69.19999694824219</ele>
        <time>2024-09-28T06:38:09Z</time>
        <extensions>
          <ns3:TrackPointExtension>
            <ns3:atemp>5.0</ns3:atemp>
          </ns3:TrackPointExtension>
        </extensions>
      </trkpt>
      <trkpt lat="49.336540047079325" lon="2.86472512409091">
        <ele>75.5999984741211</ele>
        <time>2024-09-28T06:39:15Z</time>
        <extensions>
          <ns3:TrackPointExtension>
            <ns3:atemp>5.0</ns3:atemp>
          </ns3:TrackPointExtension>
        </extensions>
      </trkpt>
      <trkpt lat="49.33604769408703" lon="2.8650324884802103">
        <ele>77.5999984741211</ele>
        <time>2024-09-28T06:39:27Z</time>
        <extensions>
          <ns3:TrackPointExtension>
            <ns3:atemp>5.0</ns3:atemp>
          </ns3:TrackPointExtension>
        </extensions>
      </trkpt>
      <trkpt lat="49.33549071662128" lon="2.8654697723686695">
        <ele>80.5999984741211</ele>
        <time>2024-09-28T06:39:43Z</time>
        <extensions>
          <ns3:TrackPointExtension>
            <ns3:atemp>5.0</ns3:atemp>
          </ns3:TrackPointExtension>
        </extensions>
      </trkpt>
      <trkpt lat="49.33465185575187" lon="2.866047704592347">
        <ele>89.5999984741211</ele>
        <time>2024-09-28T06:40:16Z</time>
        <extensions>
          <ns3:TrackPointExtension>
            <ns3:atemp>5.0</ns3:atemp>
          </ns3:TrackPointExtension>
        </extensions>
      </trkpt>
      <trkpt lat="49.33442344889045" lon="2.8659808170050383">
        <ele>92.4000015258789</ele>
        <time>2024-09-28T06:40:28Z</time>
        <extensions>
          <ns3:TrackPointExtension>
            <ns3:atemp>6.0</ns3:atemp>
          </ns3:TrackPointExtension>
        </extensions>
      </trkpt>
      <trkpt lat="49.33429520577192" lon="2.865706728771329">
        <ele>95.4000015258789</ele>
        <time>2024-09-28T06:40:39Z</time>
        <extensions>
          <ns3:TrackPointExtension>
            <ns3:atemp>6.0</ns3:atemp>
          </ns3:TrackPointExtension>
        </extensions>
      </trkpt>
      <trkpt lat="49.334256229922175" lon="2.8653696086257696">
        <ele>97.80000305175781</ele>
        <time>2024-09-28T06:40:50Z</time>
        <extensions>
          <ns3:TrackPointExtension>
            <ns3:atemp>6.0</ns3:atemp>
          </ns3:TrackPointExtension>
        </extensions>
      </trkpt>
      <trkpt lat="49.33426167815924" lon="2.8647998068481684">
        <ele>101.19999694824219</ele>
        <time>2024-09-28T06:41:09Z</time>
        <extensions>
          <ns3:TrackPointExtension>
            <ns3:atemp>6.0</ns3:atemp>
          </ns3:TrackPointExtension>
        </extensions>
      </trkpt>
      <trkpt lat="49.3341857381165" lon="2.8644372895359993">
        <ele>103.5999984741211</ele>
        <time>2024-09-28T06:41:20Z</time>
        <extensions>
          <ns3:TrackPointExtension>
            <ns3:atemp>6.0</ns3:atemp>
          </ns3:TrackPointExtension>
        </extensions>
      </trkpt>
      <trkpt lat="49.33370788581669" lon="2.8630085103213787">
        <ele>116.4000015258789</ele>
        <time>2024-09-28T06:42:20Z</time>
        <extensions>
          <ns3:TrackPointExtension>
            <ns3:atemp>6.0</ns3:atemp>
          </ns3:TrackPointExtension>
        </extensions>
      </trkpt>
      <trkpt lat="49.333653738722205" lon="2.8629528544843197">
        <ele>117.19999694824219</ele>
        <time>2024-09-28T06:42:23Z</time>
        <extensions>
          <ns3:TrackPointExtension>
            <ns3:atemp>6.0</ns3:atemp>
          </ns3:TrackPointExtension>
        </extensions>
      </trkpt>
      <trkpt lat="49.33360302820802" lon="2.862960398197174">
        <ele>117.80000305175781</ele>
        <time>2024-09-28T06:42:26Z</time>
        <extensions>
          <ns3:TrackPointExtension>
            <ns3:atemp>6.0</ns3:atemp>
          </ns3:TrackPointExtension>
        </extensions>
      </trkpt>
      <trkpt lat="49.33356841094792" lon="2.8630429599434137">
        <ele>118.4000015258789</ele>
        <time>2024-09-28T06:42:29Z</time>
        <extensions>
          <ns3:TrackPointExtension>
            <ns3:atemp>6.0</ns3:atemp>
          </ns3:TrackPointExtension>
        </extensions>
      </trkpt>
      <trkpt lat="49.33367787860334" lon="2.8635074850171804">
        <ele>120.4000015258789</ele>
        <time>2024-09-28T06:42:43Z</time>
        <extensions>
          <ns3:TrackPointExtension>
            <ns3:atemp>6.0</ns3:atemp>
          </ns3:TrackPointExtension>
        </extensions>
      </trkpt>
      <trkpt lat="49.33367201127112" lon="2.863988606259227">
        <ele>121.5999984741211</ele>
        <time>2024-09-28T06:42:55Z</time>
        <extensions>
          <ns3:TrackPointExtension>
            <ns3:atemp>6.0</ns3:atemp>
          </ns3:TrackPointExtension>
        </extensions>
      </trkpt>
      <trkpt lat="49.33362205512822" lon="2.8642207849770784">
        <ele>122.80000305175781</ele>
        <time>2024-09-28T06:43:01Z</time>
        <extensions>
          <ns3:TrackPointExtension>
            <ns3:atemp>6.0</ns3:atemp>
          </ns3:TrackPointExtension>
        </extensions>
      </trkpt>
      <trkpt lat="49.33334126137197" lon="2.864998122677207">
        <ele>127.0</ele>
        <time>2024-09-28T06:43:22Z</time>
        <extensions>
          <ns3:TrackPointExtension>
            <ns3:atemp>6.0</ns3:atemp>
          </ns3:TrackPointExtension>
        </extensions>
      </trkpt>
      <trkpt lat="49.332605162635446" lon="2.866622870787978">
        <ele>132.0</ele>
        <time>2024-09-28T06:43:59Z</time>
        <extensions>
          <ns3:TrackPointExtension>
            <ns3:atemp>6.0</ns3:atemp>
          </ns3:TrackPointExtension>
        </extensions>
      </trkpt>
      <trkpt lat="49.33218967169523" lon="2.867628615349531">
        <ele>133.39999389648438</ele>
        <time>2024-09-28T06:44:18Z</time>
        <extensions>
          <ns3:TrackPointExtension>
            <ns3:atemp>6.0</ns3:atemp>
          </ns3:TrackPointExtension>
        </extensions>
      </trkpt>
      <trkpt lat="49.33204441331327" lon="2.8678696788847446">
        <ele>133.60000610351562</ele>
        <time>2024-09-28T06:44:23Z</time>
        <extensions>
          <ns3:TrackPointExtension>
            <ns3:atemp>6.0</ns3:atemp>
          </ns3:TrackPointExtension>
        </extensions>
      </trkpt>
      <trkpt lat="49.331011259928346" lon="2.8686571586877108">
        <ele>134.1999969482422</ele>
        <time>2024-09-28T06:44:45Z</time>
        <extensions>
          <ns3:TrackPointExtension>
            <ns3:atemp>6.0</ns3:atemp>
          </ns3:TrackPointExtension>
        </extensions>
      </trkpt>
      <trkpt lat="49.32612746022642" lon="2.8721412643790245">
        <ele>141.1999969482422</ele>
        <time>2024-09-28T06:46:24Z</time>
        <extensions>
          <ns3:TrackPointExtension>
            <ns3:atemp>6.0</ns3:atemp>
          </ns3:TrackPointExtension>
        </extensions>
      </trkpt>
      <trkpt lat="49.32275894097984" lon="2.8746136743575335">
        <ele>145.1999969482422</ele>
        <time>2024-09-28T06:47:30Z</time>
        <extensions>
          <ns3:TrackPointExtension>
            <ns3:atemp>6.0</ns3:atemp>
          </ns3:TrackPointExtension>
        </extensions>
      </trkpt>
      <trkpt lat="49.32194313034415" lon="2.8751261439174414">
        <ele>145.60000610351562</ele>
        <time>2024-09-28T06:47:47Z</time>
        <extensions>
          <ns3:TrackPointExtension>
            <ns3:atemp>6.0</ns3:atemp>
          </ns3:TrackPointExtension>
        </extensions>
      </trkpt>
      <trkpt lat="49.32184774428606" lon="2.875232845544815">
        <ele>145.39999389648438</ele>
        <time>2024-09-28T06:47:51Z</time>
        <extensions>
          <ns3:TrackPointExtension>
            <ns3:atemp>6.0</ns3:atemp>
          </ns3:TrackPointExtension>
        </extensions>
      </trkpt>
      <trkpt lat="49.32025786489248" lon="2.8763706889003515">
        <ele>141.39999389648438</ele>
        <time>2024-09-28T06:48:15Z</time>
        <extensions>
          <ns3:TrackPointExtension>
            <ns3:atemp>6.0</ns3:atemp>
          </ns3:TrackPointExtension>
        </extensions>
      </trkpt>
      <trkpt lat="49.319898365065455" lon="2.8764619678258896">
        <ele>139.60000610351562</ele>
        <time>2024-09-28T06:48:20Z</time>
        <extensions>
          <ns3:TrackPointExtension>
            <ns3:atemp>6.0</ns3:atemp>
          </ns3:TrackPointExtension>
        </extensions>
      </trkpt>
      <trkpt lat="49.31960290297866" lon="2.8764348942786455">
        <ele>138.39999389648438</ele>
        <time>2024-09-28T06:48:22Z</time>
        <extensions>
          <ns3:TrackPointExtension>
            <ns3:atemp>6.0</ns3:atemp>
          </ns3:TrackPointExtension>
        </extensions>
      </trkpt>
      <trkpt lat="49.317401479929686" lon="2.875917060300708">
        <ele>126.80000305175781</ele>
        <time>2024-09-28T06:48:44Z</time>
        <extensions>
          <ns3:TrackPointExtension>
            <ns3:atemp>6.0</ns3:atemp>
          </ns3:TrackPointExtension>
        </extensions>
      </trkpt>
      <trkpt lat="49.31554882787168" lon="2.875656047835946">
        <ele>117.4000015258789</ele>
        <time>2024-09-28T06:48:59Z</time>
        <extensions>
          <ns3:TrackPointExtension>
            <ns3:atemp>6.0</ns3:atemp>
          </ns3:TrackPointExtension>
        </extensions>
      </trkpt>
      <trkpt lat="49.3150002323091" lon="2.875422779470682">
        <ele>114.5999984741211</ele>
        <time>2024-09-28T06:49:04Z</time>
        <extensions>
          <ns3:TrackPointExtension>
            <ns3:atemp>6.0</ns3:atemp>
          </ns3:TrackPointExtension>
        </extensions>
      </trkpt>
      <trkpt lat="49.312418857589364" lon="2.8740381728857756">
        <ele>99.19999694824219</ele>
        <time>2024-09-28T06:49:28Z</time>
        <extensions>
          <ns3:TrackPointExtension>
            <ns3:atemp>6.0</ns3:atemp>
          </ns3:TrackPointExtension>
        </extensions>
      </trkpt>
      <trkpt lat="49.31214443407953" lon="2.8737901523709297">
        <ele>98.0</ele>
        <time>2024-09-28T06:49:31Z</time>
        <extensions>
          <ns3:TrackPointExtension>
            <ns3:atemp>6.0</ns3:atemp>
          </ns3:TrackPointExtension>
        </extensions>
      </trkpt>
      <trkpt lat="49.3119852617383" lon="2.873584209010005">
        <ele>97.19999694824219</ele>
        <time>2024-09-28T06:49:33Z</time>
        <extensions>
          <ns3:TrackPointExtension>
            <ns3:atemp>6.0</ns3:atemp>
          </ns3:TrackPointExtension>
        </extensions>
      </trkpt>
      <trkpt lat="49.31149709969759" lon="2.8727626148611307">
        <ele>95.0</ele>
        <time>2024-09-28T06:49:40Z</time>
        <extensions>
          <ns3:TrackPointExtension>
            <ns3:atemp>6.0</ns3:atemp>
          </ns3:TrackPointExtension>
        </extensions>
      </trkpt>
      <trkpt lat="49.311286713927984" lon="2.8722544200718403">
        <ele>94.0</ele>
        <time>2024-09-28T06:49:44Z</time>
        <extensions>
          <ns3:TrackPointExtension>
            <ns3:atemp>6.0</ns3:atemp>
          </ns3:TrackPointExtension>
        </extensions>
      </trkpt>
      <trkpt lat="49.31075002066791" lon="2.8706404007971287">
        <ele>92.4000015258789</ele>
        <time>2024-09-28T06:49:58Z</time>
        <extensions>
          <ns3:TrackPointExtension>
            <ns3:atemp>6.0</ns3:atemp>
          </ns3:TrackPointExtension>
        </extensions>
      </trkpt>
      <trkpt lat="49.31055908091366" lon="2.8702625446021557">
        <ele>92.5999984741211</ele>
        <time>2024-09-28T06:50:02Z</time>
        <extensions>
          <ns3:TrackPointExtension>
            <ns3:atemp>6.0</ns3:atemp>
          </ns3:TrackPointExtension>
        </extensions>
      </trkpt>
      <trkpt lat="49.310236629098654" lon="2.869809167459607">
        <ele>93.0</ele>
        <time>2024-09-28T06:50:08Z</time>
        <extensions>
          <ns3:TrackPointExtension>
            <ns3:atemp>6.0</ns3:atemp>
          </ns3:TrackPointExtension>
        </extensions>
      </trkpt>
      <trkpt lat="49.30984519422054" lon="2.869480764493346">
        <ele>93.19999694824219</ele>
        <time>2024-09-28T06:50:14Z</time>
        <extensions>
          <ns3:TrackPointExtension>
            <ns3:atemp>6.0</ns3:atemp>
          </ns3:TrackPointExtension>
        </extensions>
      </trkpt>
      <trkpt lat="49.309117728844285" lon="2.8690132219344378">
        <ele>92.4000015258789</ele>
        <time>2024-09-28T06:50:24Z</time>
        <extensions>
          <ns3:TrackPointExtension>
            <ns3:atemp>6.0</ns3:atemp>
          </ns3:TrackPointExtension>
        </extensions>
      </trkpt>
      <trkpt lat="49.30877113714814" lon="2.8689052630215883">
        <ele>91.5999984741211</ele>
        <time>2024-09-28T06:50:28Z</time>
        <extensions>
          <ns3:TrackPointExtension>
            <ns3:atemp>6.0</ns3:atemp>
          </ns3:TrackPointExtension>
        </extensions>
      </trkpt>
      <trkpt lat="49.30786086246371" lon="2.8687452524900436">
        <ele>88.4000015258789</ele>
        <time>2024-09-28T06:50:38Z</time>
        <extensions>
          <ns3:TrackPointExtension>
            <ns3:atemp>6.0</ns3:atemp>
          </ns3:TrackPointExtension>
        </extensions>
      </trkpt>
      <trkpt lat="49.3076058011502" lon="2.8686533868312836">
        <ele>87.4000015258789</ele>
        <time>2024-09-28T06:50:41Z</time>
        <extensions>
          <ns3:TrackPointExtension>
            <ns3:atemp>6.0</ns3:atemp>
          </ns3:TrackPointExtension>
        </extensions>
      </trkpt>
      <trkpt lat="49.307221323251724" lon="2.8683200385421515">
        <ele>86.19999694824219</ele>
        <time>2024-09-28T06:50:46Z</time>
        <extensions>
          <ns3:TrackPointExtension>
            <ns3:atemp>6.0</ns3:atemp>
          </ns3:TrackPointExtension>
        </extensions>
      </trkpt>
      <trkpt lat="49.3066060077399" lon="2.8676659986376762">
        <ele>87.5999984741211</ele>
        <time>2024-09-28T06:50:56Z</time>
        <extensions>
          <ns3:TrackPointExtension>
            <ns3:atemp>5.0</ns3:atemp>
          </ns3:TrackPointExtension>
        </extensions>
      </trkpt>
      <trkpt lat="49.306089179590344" lon="2.8672559559345245">
        <ele>88.19999694824219</ele>
        <time>2024-09-28T06:51:05Z</time>
        <extensions>
          <ns3:TrackPointExtension>
            <ns3:atemp>5.0</ns3:atemp>
          </ns3:TrackPointExtension>
        </extensions>
      </trkpt>
      <trkpt lat="49.30588273331523" lon="2.867179596796632">
        <ele>88.19999694824219</ele>
        <time>2024-09-28T06:51:08Z</time>
        <extensions>
          <ns3:TrackPointExtension>
            <ns3:atemp>5.0</ns3:atemp>
          </ns3:TrackPointExtension>
        </extensions>
      </trkpt>
      <trkpt lat="49.30529298260808" lon="2.8671640064567327">
        <ele>86.5999984741211</ele>
        <time>2024-09-28T06:51:15Z</time>
        <extensions>
          <ns3:TrackPointExtension>
            <ns3:atemp>5.0</ns3:atemp>
          </ns3:TrackPointExtension>
        </extensions>
      </trkpt>
      <trkpt lat="49.304181542247534" lon="2.866936605423689">
        <ele>85.19999694824219</ele>
        <time>2024-09-28T06:51:30Z</time>
        <extensions>
          <ns3:TrackPointExtension>
            <ns3:atemp>5.0</ns3:atemp>
          </ns3:TrackPointExtension>
        </extensions>
      </trkpt>
      <trkpt lat="49.30391491390765" lon="2.8669246193021536">
        <ele>85.4000015258789</ele>
        <time>2024-09-28T06:51:34Z</time>
        <extensions>
          <ns3:TrackPointExtension>
            <ns3:atemp>5.0</ns3:atemp>
          </ns3:TrackPointExtension>
        </extensions>
      </trkpt>
      <trkpt lat="49.30325928144157" lon="2.867074152454734">
        <ele>84.5999984741211</ele>
        <time>2024-09-28T06:51:43Z</time>
        <extensions>
          <ns3:TrackPointExtension>
            <ns3:atemp>5.0</ns3:atemp>
          </ns3:TrackPointExtension>
        </extensions>
      </trkpt>
      <trkpt lat="49.30205354467034" lon="2.8674564510583878">
        <ele>85.4000015258789</ele>
        <time>2024-09-28T06:52:02Z</time>
        <extensions>
          <ns3:TrackPointExtension>
            <ns3:atemp>5.0</ns3:atemp>
          </ns3:TrackPointExtension>
        </extensions>
      </trkpt>
      <trkpt lat="49.30181499570608" lon="2.8674333170056343">
        <ele>86.0</ele>
        <time>2024-09-28T06:52:06Z</time>
        <extensions>
          <ns3:TrackPointExtension>
            <ns3:atemp>5.0</ns3:atemp>
          </ns3:TrackPointExtension>
        </extensions>
      </trkpt>
      <trkpt lat="49.301639730110765" lon="2.8673202451318502">
        <ele>86.19999694824219</ele>
        <time>2024-09-28T06:52:09Z</time>
        <extensions>
          <ns3:TrackPointExtension>
            <ns3:atemp>5.0</ns3:atemp>
          </ns3:TrackPointExtension>
        </extensions>
      </trkpt>
      <trkpt lat="49.299382315948606" lon="2.865169532597065">
        <ele>85.80000305175781</ele>
        <time>2024-09-28T06:52:50Z</time>
        <extensions>
          <ns3:TrackPointExtension>
            <ns3:atemp>5.0</ns3:atemp>
          </ns3:TrackPointExtension>
        </extensions>
      </trkpt>
      <trkpt lat="49.299044692888856" lon="2.8646030835807323">
        <ele>87.0</ele>
        <time>2024-09-28T06:52:59Z</time>
        <extensions>
          <ns3:TrackPointExtension>
            <ns3:atemp>5.0</ns3:atemp>
          </ns3:TrackPointExtension>
        </extensions>
      </trkpt>
      <trkpt lat="49.29865250363946" lon="2.8637534100562334">
        <ele>88.0</ele>
        <time>2024-09-28T06:53:11Z</time>
        <extensions>
          <ns3:TrackPointExtension>
            <ns3:atemp>5.0</ns3:atemp>
          </ns3:TrackPointExtension>
        </extensions>
      </trkpt>
      <trkpt lat="49.29830406792462" lon="2.8633198980242014">
        <ele>87.19999694824219</ele>
        <time>2024-09-28T06:53:17Z</time>
        <extensions>
          <ns3:TrackPointExtension>
            <ns3:atemp>5.0</ns3:atemp>
          </ns3:TrackPointExtension>
        </extensions>
      </trkpt>
      <trkpt lat="49.297208385542035" lon="2.862453879788518">
        <ele>86.19999694824219</ele>
        <time>2024-09-28T06:53:35Z</time>
        <extensions>
          <ns3:TrackPointExtension>
            <ns3:atemp>6.0</ns3:atemp>
          </ns3:TrackPointExtension>
        </extensions>
      </trkpt>
      <trkpt lat="49.296337086707354" lon="2.862082729116082">
        <ele>85.4000015258789</ele>
        <time>2024-09-28T06:53:48Z</time>
        <extensions>
          <ns3:TrackPointExtension>
            <ns3:atemp>6.0</ns3:atemp>
          </ns3:TrackPointExtension>
        </extensions>
      </trkpt>
      <trkpt lat="49.296076241880655" lon="2.8619324415922165">
        <ele>84.5999984741211</ele>
        <time>2024-09-28T06:53:52Z</time>
        <extensions>
          <ns3:TrackPointExtension>
            <ns3:atemp>6.0</ns3:atemp>
          </ns3:TrackPointExtension>
        </extensions>
      </trkpt>
      <trkpt lat="49.2946767155081" lon="2.8609016351401806">
        <ele>81.4000015258789</ele>
        <time>2024-09-28T06:54:14Z</time>
        <extensions>
          <ns3:TrackPointExtension>
            <ns3:atemp>6.0</ns3:atemp>
          </ns3:TrackPointExtension>
        </extensions>
      </trkpt>
      <trkpt lat="49.294094843789935" lon="2.8606077656149864">
        <ele>79.80000305175781</ele>
        <time>2024-09-28T06:54:23Z</time>
        <extensions>
          <ns3:TrackPointExtension>
            <ns3:atemp>6.0</ns3:atemp>
          </ns3:TrackPointExtension>
        </extensions>
      </trkpt>
      <trkpt lat="49.29379401728511" lon="2.8602274786680937">
        <ele>80.0</ele>
        <time>2024-09-28T06:54:29Z</time>
        <extensions>
          <ns3:TrackPointExtension>
            <ns3:atemp>6.0</ns3:atemp>
          </ns3:TrackPointExtension>
        </extensions>
      </trkpt>
      <trkpt lat="49.29338254965842" lon="2.8595701698213816">
        <ele>80.0</ele>
        <time>2024-09-28T06:54:37Z</time>
        <extensions>
          <ns3:TrackPointExtension>
            <ns3:atemp>6.0</ns3:atemp>
          </ns3:TrackPointExtension>
        </extensions>
      </trkpt>
      <trkpt lat="49.29295943118632" lon="2.8590250946581364">
        <ele>80.0</ele>
        <time>2024-09-28T06:54:46Z</time>
        <extensions>
          <ns3:TrackPointExtension>
            <ns3:atemp>6.0</ns3:atemp>
          </ns3:TrackPointExtension>
        </extensions>
      </trkpt>
      <trkpt lat="49.29261778481305" lon="2.8583049215376377">
        <ele>81.4000015258789</ele>
        <time>2024-09-28T06:54:56Z</time>
        <extensions>
          <ns3:TrackPointExtension>
            <ns3:atemp>6.0</ns3:atemp>
          </ns3:TrackPointExtension>
        </extensions>
      </trkpt>
      <trkpt lat="49.29183667525649" lon="2.8574353829026222">
        <ele>79.4000015258789</ele>
        <time>2024-09-28T06:55:09Z</time>
        <extensions>
          <ns3:TrackPointExtension>
            <ns3:atemp>6.0</ns3:atemp>
          </ns3:TrackPointExtension>
        </extensions>
      </trkpt>
      <trkpt lat="49.29157046601176" lon="2.857221979647875">
        <ele>78.5999984741211</ele>
        <time>2024-09-28T06:55:13Z</time>
        <extensions>
          <ns3:TrackPointExtension>
            <ns3:atemp>6.0</ns3:atemp>
          </ns3:TrackPointExtension>
        </extensions>
      </trkpt>
      <trkpt lat="49.29115313105285" lon="2.8569785691797733">
        <ele>77.5999984741211</ele>
        <time>2024-09-28T06:55:19Z</time>
        <extensions>
          <ns3:TrackPointExtension>
            <ns3:atemp>6.0</ns3:atemp>
          </ns3:TrackPointExtension>
        </extensions>
      </trkpt>
      <trkpt lat="49.29097417742014" lon="2.85677220672369">
        <ele>77.19999694824219</ele>
        <time>2024-09-28T06:55:22Z</time>
        <extensions>
          <ns3:TrackPointExtension>
            <ns3:atemp>6.0</ns3:atemp>
          </ns3:TrackPointExtension>
        </extensions>
      </trkpt>
      <trkpt lat="49.2904494702816" lon="2.855790350586176">
        <ele>77.4000015258789</ele>
        <time>2024-09-28T06:55:34Z</time>
        <extensions>
          <ns3:TrackPointExtension>
            <ns3:atemp>6.0</ns3:atemp>
          </ns3:TrackPointExtension>
        </extensions>
      </trkpt>
      <trkpt lat="49.29016716778278" lon="2.855077888816595">
        <ele>76.5999984741211</ele>
        <time>2024-09-28T06:55:42Z</time>
        <extensions>
          <ns3:TrackPointExtension>
            <ns3:atemp>6.0</ns3:atemp>
          </ns3:TrackPointExtension>
        </extensions>
      </trkpt>
      <trkpt lat="49.290068093687296" lon="2.8549116756767035">
        <ele>76.19999694824219</ele>
        <time>2024-09-28T06:55:44Z</time>
        <extensions>
          <ns3:TrackPointExtension>
            <ns3:atemp>6.0</ns3:atemp>
          </ns3:TrackPointExtension>
        </extensions>
      </trkpt>
      <trkpt lat="49.28992954082787" lon="2.854808159172535">
        <ele>75.80000305175781</ele>
        <time>2024-09-28T06:55:46Z</time>
        <extensions>
          <ns3:TrackPointExtension>
            <ns3:atemp>6.0</ns3:atemp>
          </ns3:TrackPointExtension>
        </extensions>
      </trkpt>
      <trkpt lat="49.28977757692337" lon="2.854756023734808">
        <ele>75.19999694824219</ele>
        <time>2024-09-28T06:55:48Z</time>
        <extensions>
          <ns3:TrackPointExtension>
            <ns3:atemp>6.0</ns3:atemp>
          </ns3:TrackPointExtension>
        </extensions>
      </trkpt>
      <trkpt lat="49.289324786514044" lon="2.854732805863023">
        <ele>72.4000015258789</ele>
        <time>2024-09-28T06:55:54Z</time>
        <extensions>
          <ns3:TrackPointExtension>
            <ns3:atemp>6.0</ns3:atemp>
          </ns3:TrackPointExtension>
        </extensions>
      </trkpt>
      <trkpt lat="49.289251109585166" lon="2.8546884655952454">
        <ele>71.80000305175781</ele>
        <time>2024-09-28T06:55:55Z</time>
        <extensions>
          <ns3:TrackPointExtension>
            <ns3:atemp>6.0</ns3:atemp>
          </ns3:TrackPointExtension>
        </extensions>
      </trkpt>
      <trkpt lat="49.28913124836981" lon="2.8545264434069395">
        <ele>71.0</ele>
        <time>2024-09-28T06:55:57Z</time>
        <extensions>
          <ns3:TrackPointExtension>
            <ns3:atemp>6.0</ns3:atemp>
          </ns3:TrackPointExtension>
        </extensions>
      </trkpt>
      <trkpt lat="49.288992108777165" lon="2.8539210185408592">
        <ele>68.0</ele>
        <time>2024-09-28T06:56:02Z</time>
        <extensions>
          <ns3:TrackPointExtension>
            <ns3:atemp>6.0</ns3:atemp>
          </ns3:TrackPointExtension>
        </extensions>
      </trkpt>
      <trkpt lat="49.28875548765063" lon="2.853390946984291">
        <ele>65.0</ele>
        <time>2024-09-28T06:56:07Z</time>
        <extensions>
          <ns3:TrackPointExtension>
            <ns3:atemp>6.0</ns3:atemp>
          </ns3:TrackPointExtension>
        </extensions>
      </trkpt>
      <trkpt lat="49.2886880133301" lon="2.85316857509315">
        <ele>63.79999923706055</ele>
        <time>2024-09-28T06:56:09Z</time>
        <extensions>
          <ns3:TrackPointExtension>
            <ns3:atemp>6.0</ns3:atemp>
          </ns3:TrackPointExtension>
        </extensions>
      </trkpt>
      <trkpt lat="49.2886914499104" lon="2.852509841322899">
        <ele>60.79999923706055</ele>
        <time>2024-09-28T06:56:14Z</time>
        <extensions>
          <ns3:TrackPointExtension>
            <ns3:atemp>6.0</ns3:atemp>
          </ns3:TrackPointExtension>
        </extensions>
      </trkpt>
      <trkpt lat="49.2886311840266" lon="2.852011453360319">
        <ele>58.400001525878906</ele>
        <time>2024-09-28T06:56:18Z</time>
        <extensions>
          <ns3:TrackPointExtension>
            <ns3:atemp>6.0</ns3:atemp>
          </ns3:TrackPointExtension>
        </extensions>
      </trkpt>
      <trkpt lat="49.28859103471041" lon="2.851911960169673">
        <ele>57.79999923706055</ele>
        <time>2024-09-28T06:56:19Z</time>
        <extensions>
          <ns3:TrackPointExtension>
            <ns3:atemp>6.0</ns3:atemp>
          </ns3:TrackPointExtension>
        </extensions>
      </trkpt>
      <trkpt lat="49.28848039358854" lon="2.8518001455813646">
        <ele>56.79999923706055</ele>
        <time>2024-09-28T06:56:21Z</time>
        <extensions>
          <ns3:TrackPointExtension>
            <ns3:atemp>6.0</ns3:atemp>
          </ns3:TrackPointExtension>
        </extensions>
      </trkpt>
      <trkpt lat="49.28822776302695" lon="2.8517889138311148">
        <ele>54.79999923706055</ele>
        <time>2024-09-28T06:56:26Z</time>
        <extensions>
          <ns3:TrackPointExtension>
            <ns3:atemp>6.0</ns3:atemp>
          </ns3:TrackPointExtension>
        </extensions>
      </trkpt>
      <trkpt lat="49.288192726671696" lon="2.851686989888549">
        <ele>53.79999923706055</ele>
        <time>2024-09-28T06:56:28Z</time>
        <extensions>
          <ns3:TrackPointExtension>
            <ns3:atemp>6.0</ns3:atemp>
          </ns3:TrackPointExtension>
        </extensions>
      </trkpt>
      <trkpt lat="49.28819549269974" lon="2.8515601716935635">
        <ele>53.20000076293945</ele>
        <time>2024-09-28T06:56:30Z</time>
        <extensions>
          <ns3:TrackPointExtension>
            <ns3:atemp>6.0</ns3:atemp>
          </ns3:TrackPointExtension>
        </extensions>
      </trkpt>
      <trkpt lat="49.28827512077987" lon="2.8509210515767336">
        <ele>52.79999923706055</ele>
        <time>2024-09-28T06:56:37Z</time>
        <extensions>
          <ns3:TrackPointExtension>
            <ns3:atemp>6.0</ns3:atemp>
          </ns3:TrackPointExtension>
        </extensions>
      </trkpt>
      <trkpt lat="49.28837964311242" lon="2.850460633635521">
        <ele>52.79999923706055</ele>
        <time>2024-09-28T06:56:42Z</time>
        <extensions>
          <ns3:TrackPointExtension>
            <ns3:atemp>6.0</ns3:atemp>
          </ns3:TrackPointExtension>
        </extensions>
      </trkpt>
      <trkpt lat="49.2895429674536" lon="2.8463315404951572">
        <ele>55.400001525878906</ele>
        <time>2024-09-28T06:57:30Z</time>
        <extensions>
          <ns3:TrackPointExtension>
            <ns3:atemp>6.0</ns3:atemp>
          </ns3:TrackPointExtension>
        </extensions>
      </trkpt>
      <trkpt lat="49.28973608650267" lon="2.8455215971916914">
        <ele>53.400001525878906</ele>
        <time>2024-09-28T06:57:38Z</time>
        <extensions>
          <ns3:TrackPointExtension>
            <ns3:atemp>6.0</ns3:atemp>
          </ns3:TrackPointExtension>
        </extensions>
      </trkpt>
      <trkpt lat="49.289718233048916" lon="2.845339709892869">
        <ele>52.400001525878906</ele>
        <time>2024-09-28T06:57:40Z</time>
        <extensions>
          <ns3:TrackPointExtension>
            <ns3:atemp>6.0</ns3:atemp>
          </ns3:TrackPointExtension>
        </extensions>
      </trkpt>
      <trkpt lat="49.28967456333339" lon="2.845267793163657">
        <ele>52.20000076293945</ele>
        <time>2024-09-28T06:57:41Z</time>
        <extensions>
          <ns3:TrackPointExtension>
            <ns3:atemp>6.0</ns3:atemp>
          </ns3:TrackPointExtension>
        </extensions>
      </trkpt>
      <trkpt lat="49.28955378010869" lon="2.845216579735279">
        <ele>51.599998474121094</ele>
        <time>2024-09-28T06:57:43Z</time>
        <extensions>
          <ns3:TrackPointExtension>
            <ns3:atemp>6.0</ns3:atemp>
          </ns3:TrackPointExtension>
        </extensions>
      </trkpt>
      <trkpt lat="49.28902463056147" lon="2.8452250454574823">
        <ele>50.0</ele>
        <time>2024-09-28T06:57:51Z</time>
        <extensions>
          <ns3:TrackPointExtension>
            <ns3:atemp>6.0</ns3:atemp>
          </ns3:TrackPointExtension>
        </extensions>
      </trkpt>
      <trkpt lat="49.28433964960277" lon="2.844777200371027">
        <ele>52.20000076293945</ele>
        <time>2024-09-28T06:59:04Z</time>
        <extensions>
          <ns3:TrackPointExtension>
            <ns3:atemp>5.0</ns3:atemp>
          </ns3:TrackPointExtension>
        </extensions>
      </trkpt>
      <trkpt lat="49.28398970514536" lon="2.8446899447590113">
        <ele>52.79999923706055</ele>
        <time>2024-09-28T06:59:11Z</time>
        <extensions>
          <ns3:TrackPointExtension>
            <ns3:atemp>5.0</ns3:atemp>
          </ns3:TrackPointExtension>
        </extensions>
      </trkpt>
      <trkpt lat="49.28378979675472" lon="2.844717940315604">
        <ele>53.0</ele>
        <time>2024-09-28T06:59:14Z</time>
        <extensions>
          <ns3:TrackPointExtension>
            <ns3:atemp>5.0</ns3:atemp>
          </ns3:TrackPointExtension>
        </extensions>
      </trkpt>
      <trkpt lat="49.283267268911004" lon="2.8446775395423174">
        <ele>53.599998474121094</ele>
        <time>2024-09-28T06:59:23Z</time>
        <extensions>
          <ns3:TrackPointExtension>
            <ns3:atemp>5.0</ns3:atemp>
          </ns3:TrackPointExtension>
        </extensions>
      </trkpt>
      <trkpt lat="49.28290642797947" lon="2.844774853438139">
        <ele>53.79999923706055</ele>
        <time>2024-09-28T06:59:29Z</time>
        <extensions>
          <ns3:TrackPointExtension>
            <ns3:atemp>5.0</ns3:atemp>
          </ns3:TrackPointExtension>
        </extensions>
      </trkpt>
      <trkpt lat="49.28259805776179" lon="2.844985658302903">
        <ele>53.599998474121094</ele>
        <time>2024-09-28T06:59:34Z</time>
        <extensions>
          <ns3:TrackPointExtension>
            <ns3:atemp>5.0</ns3:atemp>
          </ns3:TrackPointExtension>
        </extensions>
      </trkpt>
      <trkpt lat="49.280554885044694" lon="2.846801597625017">
        <ele>57.20000076293945</ele>
        <time>2024-09-28T07:00:16Z</time>
        <extensions>
          <ns3:TrackPointExtension>
            <ns3:atemp>5.0</ns3:atemp>
          </ns3:TrackPointExtension>
        </extensions>
      </trkpt>
      <trkpt lat="49.280112739652395" lon="2.847260506823659">
        <ele>57.0</ele>
        <time>2024-09-28T07:00:24Z</time>
        <extensions>
          <ns3:TrackPointExtension>
            <ns3:atemp>5.0</ns3:atemp>
          </ns3:TrackPointExtension>
        </extensions>
      </trkpt>
      <trkpt lat="49.27903851494193" lon="2.8481965139508247">
        <ele>55.0</ele>
        <time>2024-09-28T07:00:42Z</time>
        <extensions>
          <ns3:TrackPointExtension>
            <ns3:atemp>5.0</ns3:atemp>
          </ns3:TrackPointExtension>
        </extensions>
      </trkpt>
      <trkpt lat="49.27879426628351" lon="2.848333977162838">
        <ele>54.79999923706055</ele>
        <time>2024-09-28T07:00:46Z</time>
        <extensions>
          <ns3:TrackPointExtension>
            <ns3:atemp>5.0</ns3:atemp>
          </ns3:TrackPointExtension>
        </extensions>
      </trkpt>
      <trkpt lat="49.27807769738138" lon="2.8486171178519726">
        <ele>56.599998474121094</ele>
        <time>2024-09-28T07:00:59Z</time>
        <extensions>
          <ns3:TrackPointExtension>
            <ns3:atemp>5.0</ns3:atemp>
          </ns3:TrackPointExtension>
        </extensions>
      </trkpt>
      <trkpt lat="49.276422606781125" lon="2.8495866525918245">
        <ele>57.20000076293945</ele>
        <time>2024-09-28T07:01:27Z</time>
        <extensions>
          <ns3:TrackPointExtension>
            <ns3:atemp>5.0</ns3:atemp>
          </ns3:TrackPointExtension>
        </extensions>
      </trkpt>
      <trkpt lat="49.274826273322105" lon="2.8505778964608908">
        <ele>54.79999923706055</ele>
        <time>2024-09-28T07:01:52Z</time>
        <extensions>
          <ns3:TrackPointExtension>
            <ns3:atemp>5.0</ns3:atemp>
          </ns3:TrackPointExtension>
        </extensions>
      </trkpt>
      <trkpt lat="49.27372019737959" lon="2.8510915394872427">
        <ele>57.20000076293945</ele>
        <time>2024-09-28T07:02:13Z</time>
        <extensions>
          <ns3:TrackPointExtension>
            <ns3:atemp>5.0</ns3:atemp>
          </ns3:TrackPointExtension>
        </extensions>
      </trkpt>
      <trkpt lat="49.27145264111459" lon="2.851537372916937">
        <ele>59.400001525878906</ele>
        <time>2024-09-28T07:02:54Z</time>
        <extensions>
          <ns3:TrackPointExtension>
            <ns3:atemp>5.0</ns3:atemp>
          </ns3:TrackPointExtension>
        </extensions>
      </trkpt>
      <trkpt lat="49.270668011158705" lon="2.851637788116932">
        <ele>58.599998474121094</ele>
        <time>2024-09-28T07:03:07Z</time>
        <extensions>
          <ns3:TrackPointExtension>
            <ns3:atemp>5.0</ns3:atemp>
          </ns3:TrackPointExtension>
        </extensions>
      </trkpt>
      <trkpt lat="49.27041940391064" lon="2.851638877764344">
        <ele>58.79999923706055</ele>
        <time>2024-09-28T07:03:11Z</time>
        <extensions>
          <ns3:TrackPointExtension>
            <ns3:atemp>5.0</ns3:atemp>
          </ns3:TrackPointExtension>
        </extensions>
      </trkpt>
      <trkpt lat="49.269851027056575" lon="2.8515266440808773">
        <ele>58.400001525878906</ele>
        <time>2024-09-28T07:03:20Z</time>
        <extensions>
          <ns3:TrackPointExtension>
            <ns3:atemp>5.0</ns3:atemp>
          </ns3:TrackPointExtension>
        </extensions>
      </trkpt>
      <trkpt lat="49.26934274844825" lon="2.851484902203083">
        <ele>58.20000076293945</ele>
        <time>2024-09-28T07:03:28Z</time>
        <extensions>
          <ns3:TrackPointExtension>
            <ns3:atemp>5.0</ns3:atemp>
          </ns3:TrackPointExtension>
        </extensions>
      </trkpt>
      <trkpt lat="49.268862968310714" lon="2.8515466768294573">
        <ele>58.79999923706055</ele>
        <time>2024-09-28T07:03:36Z</time>
        <extensions>
          <ns3:TrackPointExtension>
            <ns3:atemp>5.0</ns3:atemp>
          </ns3:TrackPointExtension>
        </extensions>
      </trkpt>
      <trkpt lat="49.26402049139142" lon="2.853527907282114">
        <ele>60.599998474121094</ele>
        <time>2024-09-28T07:04:56Z</time>
        <extensions>
          <ns3:TrackPointExtension>
            <ns3:atemp>5.0</ns3:atemp>
          </ns3:TrackPointExtension>
        </extensions>
      </trkpt>
      <trkpt lat="49.26363240927458" lon="2.8536414820700884">
        <ele>61.0</ele>
        <time>2024-09-28T07:05:02Z</time>
        <extensions>
          <ns3:TrackPointExtension>
            <ns3:atemp>5.0</ns3:atemp>
          </ns3:TrackPointExtension>
        </extensions>
      </trkpt>
      <trkpt lat="49.26337483339012" lon="2.8536413982510567">
        <ele>61.0</ele>
        <time>2024-09-28T07:05:06Z</time>
        <extensions>
          <ns3:TrackPointExtension>
            <ns3:atemp>5.0</ns3:atemp>
          </ns3:TrackPointExtension>
        </extensions>
      </trkpt>
      <trkpt lat="49.26312907598913" lon="2.8535810485482216">
        <ele>61.0</ele>
        <time>2024-09-28T07:05:10Z</time>
        <extensions>
          <ns3:TrackPointExtension>
            <ns3:atemp>5.0</ns3:atemp>
          </ns3:TrackPointExtension>
        </extensions>
      </trkpt>
      <trkpt lat="49.262310583144426" lon="2.853233953937888">
        <ele>61.400001525878906</ele>
        <time>2024-09-28T07:05:23Z</time>
        <extensions>
          <ns3:TrackPointExtension>
            <ns3:atemp>5.0</ns3:atemp>
          </ns3:TrackPointExtension>
        </extensions>
      </trkpt>
      <trkpt lat="49.261066038161516" lon="2.852476481348276">
        <ele>61.599998474121094</ele>
        <time>2024-09-28T07:05:44Z</time>
        <extensions>
          <ns3:TrackPointExtension>
            <ns3:atemp>5.0</ns3:atemp>
          </ns3:TrackPointExtension>
        </extensions>
      </trkpt>
      <trkpt lat="49.26088725216687" lon="2.8524230886250734">
        <ele>62.0</ele>
        <time>2024-09-28T07:05:47Z</time>
        <extensions>
          <ns3:TrackPointExtension>
            <ns3:atemp>5.0</ns3:atemp>
          </ns3:TrackPointExtension>
        </extensions>
      </trkpt>
      <trkpt lat="49.26062104292214" lon="2.852448569610715">
        <ele>62.20000076293945</ele>
        <time>2024-09-28T07:05:51Z</time>
        <extensions>
          <ns3:TrackPointExtension>
            <ns3:atemp>5.0</ns3:atemp>
          </ns3:TrackPointExtension>
        </extensions>
      </trkpt>
      <trkpt lat="49.26020815037191" lon="2.852739840745926">
        <ele>61.599998474121094</ele>
        <time>2024-09-28T07:05:57Z</time>
        <extensions>
          <ns3:TrackPointExtension>
            <ns3:atemp>5.0</ns3:atemp>
          </ns3:TrackPointExtension>
        </extensions>
      </trkpt>
      <trkpt lat="49.25845490768552" lon="2.854339024052024">
        <ele>63.20000076293945</ele>
        <time>2024-09-28T07:06:31Z</time>
        <extensions>
          <ns3:TrackPointExtension>
            <ns3:atemp>5.0</ns3:atemp>
          </ns3:TrackPointExtension>
        </extensions>
      </trkpt>
      <trkpt lat="49.258300764486194" lon="2.8544365894049406">
        <ele>63.599998474121094</ele>
        <time>2024-09-28T07:06:34Z</time>
        <extensions>
          <ns3:TrackPointExtension>
            <ns3:atemp>5.0</ns3:atemp>
          </ns3:TrackPointExtension>
        </extensions>
      </trkpt>
      <trkpt lat="49.25787596963346" lon="2.854595175012946">
        <ele>64.19999694824219</ele>
        <time>2024-09-28T07:06:42Z</time>
        <extensions>
          <ns3:TrackPointExtension>
            <ns3:atemp>5.0</ns3:atemp>
          </ns3:TrackPointExtension>
        </extensions>
      </trkpt>
      <trkpt lat="49.25767824053764" lon="2.854760969057679">
        <ele>64.0</ele>
        <time>2024-09-28T07:06:46Z</time>
        <extensions>
          <ns3:TrackPointExtension>
            <ns3:atemp>5.0</ns3:atemp>
          </ns3:TrackPointExtension>
        </extensions>
      </trkpt>
      <trkpt lat="49.25742091611028" lon="2.8552073054015636">
        <ele>64.0</ele>
        <time>2024-09-28T07:06:53Z</time>
        <extensions>
          <ns3:TrackPointExtension>
            <ns3:atemp>5.0</ns3:atemp>
          </ns3:TrackPointExtension>
        </extensions>
      </trkpt>
      <trkpt lat="49.25689537078142" lon="2.8566142916679382">
        <ele>65.19999694824219</ele>
        <time>2024-09-28T07:07:15Z</time>
        <extensions>
          <ns3:TrackPointExtension>
            <ns3:atemp>5.0</ns3:atemp>
          </ns3:TrackPointExtension>
        </extensions>
      </trkpt>
      <trkpt lat="49.25670853815973" lon="2.8570306207984686">
        <ele>65.4000015258789</ele>
        <time>2024-09-28T07:07:21Z</time>
        <extensions>
          <ns3:TrackPointExtension>
            <ns3:atemp>6.0</ns3:atemp>
          </ns3:TrackPointExtension>
        </extensions>
      </trkpt>
      <trkpt lat="49.256430426612496" lon="2.857393641024828">
        <ele>66.5999984741211</ele>
        <time>2024-09-28T07:07:28Z</time>
        <extensions>
          <ns3:TrackPointExtension>
            <ns3:atemp>6.0</ns3:atemp>
          </ns3:TrackPointExtension>
        </extensions>
      </trkpt>
      <trkpt lat="49.256036058068275" lon="2.8576953057199717">
        <ele>69.0</ele>
        <time>2024-09-28T07:07:37Z</time>
        <extensions>
          <ns3:TrackPointExtension>
            <ns3:atemp>6.0</ns3:atemp>
          </ns3:TrackPointExtension>
        </extensions>
      </trkpt>
      <trkpt lat="49.25578753463924" lon="2.8577407356351614">
        <ele>70.4000015258789</ele>
        <time>2024-09-28T07:07:42Z</time>
        <extensions>
          <ns3:TrackPointExtension>
            <ns3:atemp>6.0</ns3:atemp>
          </ns3:TrackPointExtension>
        </extensions>
      </trkpt>
      <trkpt lat="49.25515512004495" lon="2.8576356265693903">
        <ele>71.5999984741211</ele>
        <time>2024-09-28T07:07:55Z</time>
        <extensions>
          <ns3:TrackPointExtension>
            <ns3:atemp>5.0</ns3:atemp>
          </ns3:TrackPointExtension>
        </extensions>
      </trkpt>
      <trkpt lat="49.25488941371441" lon="2.857653060927987">
        <ele>71.80000305175781</ele>
        <time>2024-09-28T07:08:00Z</time>
        <extensions>
          <ns3:TrackPointExtension>
            <ns3:atemp>5.0</ns3:atemp>
          </ns3:TrackPointExtension>
        </extensions>
      </trkpt>
      <trkpt lat="49.25362282432616" lon="2.8578826412558556">
        <ele>72.4000015258789</ele>
        <time>2024-09-28T07:08:23Z</time>
        <extensions>
          <ns3:TrackPointExtension>
            <ns3:atemp>5.0</ns3:atemp>
          </ns3:TrackPointExtension>
        </extensions>
      </trkpt>
      <trkpt lat="49.252042500302196" lon="2.8581032529473305">
        <ele>73.0</ele>
        <time>2024-09-28T07:08:51Z</time>
        <extensions>
          <ns3:TrackPointExtension>
            <ns3:atemp>5.0</ns3:atemp>
          </ns3:TrackPointExtension>
        </extensions>
      </trkpt>
      <trkpt lat="49.25165735185146" lon="2.8582611680030823">
        <ele>72.80000305175781</ele>
        <time>2024-09-28T07:08:58Z</time>
        <extensions>
          <ns3:TrackPointExtension>
            <ns3:atemp>5.0</ns3:atemp>
          </ns3:TrackPointExtension>
        </extensions>
      </trkpt>
      <trkpt lat="49.250943548977375" lon="2.8587338235229254">
        <ele>72.80000305175781</ele>
        <time>2024-09-28T07:09:11Z</time>
        <extensions>
          <ns3:TrackPointExtension>
            <ns3:atemp>5.0</ns3:atemp>
          </ns3:TrackPointExtension>
        </extensions>
      </trkpt>
      <trkpt lat="49.25048170611262" lon="2.858827533200383">
        <ele>73.4000015258789</ele>
        <time>2024-09-28T07:09:19Z</time>
        <extensions>
          <ns3:TrackPointExtension>
            <ns3:atemp>5.0</ns3:atemp>
          </ns3:TrackPointExtension>
        </extensions>
      </trkpt>
      <trkpt lat="49.24924143590033" lon="2.8588568698614836">
        <ele>74.4000015258789</ele>
        <time>2024-09-28T07:09:42Z</time>
        <extensions>
          <ns3:TrackPointExtension>
            <ns3:atemp>5.0</ns3:atemp>
          </ns3:TrackPointExtension>
        </extensions>
      </trkpt>
      <trkpt lat="49.249003641307354" lon="2.8588082548230886">
        <ele>74.19999694824219</ele>
        <time>2024-09-28T07:09:46Z</time>
        <extensions>
          <ns3:TrackPointExtension>
            <ns3:atemp>5.0</ns3:atemp>
          </ns3:TrackPointExtension>
        </extensions>
      </trkpt>
      <trkpt lat="49.24802530556917" lon="2.858411455526948">
        <ele>73.0</ele>
        <time>2024-09-28T07:10:01Z</time>
        <extensions>
          <ns3:TrackPointExtension>
            <ns3:atemp>5.0</ns3:atemp>
          </ns3:TrackPointExtension>
        </extensions>
      </trkpt>
      <trkpt lat="49.24773830920458" lon="2.858400559052825">
        <ele>72.5999984741211</ele>
        <time>2024-09-28T07:10:05Z</time>
        <extensions>
          <ns3:TrackPointExtension>
            <ns3:atemp>5.0</ns3:atemp>
          </ns3:TrackPointExtension>
        </extensions>
      </trkpt>
      <trkpt lat="49.24753471277654" lon="2.858482450246811">
        <ele>72.0</ele>
        <time>2024-09-28T07:10:08Z</time>
        <extensions>
          <ns3:TrackPointExtension>
            <ns3:atemp>5.0</ns3:atemp>
          </ns3:TrackPointExtension>
        </extensions>
      </trkpt>
      <trkpt lat="49.247307730838656" lon="2.8586837835609913">
        <ele>71.5999984741211</ele>
        <time>2024-09-28T07:10:12Z</time>
        <extensions>
          <ns3:TrackPointExtension>
            <ns3:atemp>5.0</ns3:atemp>
          </ns3:TrackPointExtension>
        </extensions>
      </trkpt>
      <trkpt lat="49.24700648523867" lon="2.859381577000022">
        <ele>70.19999694824219</ele>
        <time>2024-09-28T07:10:19Z</time>
        <extensions>
          <ns3:TrackPointExtension>
            <ns3:atemp>5.0</ns3:atemp>
          </ns3:TrackPointExtension>
        </extensions>
      </trkpt>
      <trkpt lat="49.24689651466906" lon="2.859763288870454">
        <ele>69.80000305175781</ele>
        <time>2024-09-28T07:10:23Z</time>
        <extensions>
          <ns3:TrackPointExtension>
            <ns3:atemp>5.0</ns3:atemp>
          </ns3:TrackPointExtension>
        </extensions>
      </trkpt>
      <trkpt lat="49.24672979861498" lon="2.8605506848543882">
        <ele>68.4000015258789</ele>
        <time>2024-09-28T07:10:31Z</time>
        <extensions>
          <ns3:TrackPointExtension>
            <ns3:atemp>5.0</ns3:atemp>
          </ns3:TrackPointExtension>
        </extensions>
      </trkpt>
      <trkpt lat="49.246665174141526" lon="2.861295249313116">
        <ele>67.19999694824219</ele>
        <time>2024-09-28T07:10:38Z</time>
        <extensions>
          <ns3:TrackPointExtension>
            <ns3:atemp>5.0</ns3:atemp>
          </ns3:TrackPointExtension>
        </extensions>
      </trkpt>
      <trkpt lat="49.24667280167341" lon="2.8628415428102016">
        <ele>67.19999694824219</ele>
        <time>2024-09-28T07:10:53Z</time>
        <extensions>
          <ns3:TrackPointExtension>
            <ns3:atemp>5.0</ns3:atemp>
          </ns3:TrackPointExtension>
        </extensions>
      </trkpt>
      <trkpt lat="49.246587473899126" lon="2.8633893001824617">
        <ele>67.80000305175781</ele>
        <time>2024-09-28T07:10:59Z</time>
        <extensions>
          <ns3:TrackPointExtension>
            <ns3:atemp>5.0</ns3:atemp>
          </ns3:TrackPointExtension>
        </extensions>
      </trkpt>
      <trkpt lat="49.246391505002975" lon="2.8639070503413677">
        <ele>68.4000015258789</ele>
        <time>2024-09-28T07:11:06Z</time>
        <extensions>
          <ns3:TrackPointExtension>
            <ns3:atemp>5.0</ns3:atemp>
          </ns3:TrackPointExtension>
        </extensions>
      </trkpt>
      <trkpt lat="49.24580602906644" lon="2.8651246894150972">
        <ele>69.0</ele>
        <time>2024-09-28T07:11:23Z</time>
        <extensions>
          <ns3:TrackPointExtension>
            <ns3:atemp>5.0</ns3:atemp>
          </ns3:TrackPointExtension>
        </extensions>
      </trkpt>
      <trkpt lat="49.245600420981646" lon="2.865655515342951">
        <ele>68.5999984741211</ele>
        <time>2024-09-28T07:11:30Z</time>
        <extensions>
          <ns3:TrackPointExtension>
            <ns3:atemp>5.0</ns3:atemp>
          </ns3:TrackPointExtension>
        </extensions>
      </trkpt>
      <trkpt lat="49.245502687990665" lon="2.866020044311881">
        <ele>68.4000015258789</ele>
        <time>2024-09-28T07:11:34Z</time>
        <extensions>
          <ns3:TrackPointExtension>
            <ns3:atemp>5.0</ns3:atemp>
          </ns3:TrackPointExtension>
        </extensions>
      </trkpt>
      <trkpt lat="49.24538257531822" lon="2.8668013215065002">
        <ele>68.0</ele>
        <time>2024-09-28T07:11:42Z</time>
        <extensions>
          <ns3:TrackPointExtension>
            <ns3:atemp>5.0</ns3:atemp>
          </ns3:TrackPointExtension>
        </extensions>
      </trkpt>
      <trkpt lat="49.245137656107545" lon="2.8701179567724466">
        <ele>70.4000015258789</ele>
        <time>2024-09-28T07:12:22Z</time>
        <extensions>
          <ns3:TrackPointExtension>
            <ns3:atemp>6.0</ns3:atemp>
          </ns3:TrackPointExtension>
        </extensions>
      </trkpt>
      <trkpt lat="49.24508862197399" lon="2.8705355431884527">
        <ele>70.5999984741211</ele>
        <time>2024-09-28T07:12:27Z</time>
        <extensions>
          <ns3:TrackPointExtension>
            <ns3:atemp>5.0</ns3:atemp>
          </ns3:TrackPointExtension>
        </extensions>
      </trkpt>
      <trkpt lat="49.24498284235597" lon="2.8710430674254894">
        <ele>70.19999694824219</ele>
        <time>2024-09-28T07:12:33Z</time>
        <extensions>
          <ns3:TrackPointExtension>
            <ns3:atemp>5.0</ns3:atemp>
          </ns3:TrackPointExtension>
        </extensions>
      </trkpt>
      <trkpt lat="49.244756028056145" lon="2.87154589779675">
        <ele>69.80000305175781</ele>
        <time>2024-09-28T07:12:39Z</time>
        <extensions>
          <ns3:TrackPointExtension>
            <ns3:atemp>6.0</ns3:atemp>
          </ns3:TrackPointExtension>
        </extensions>
      </trkpt>
      <trkpt lat="49.24438487738371" lon="2.8720647376030684">
        <ele>69.4000015258789</ele>
        <time>2024-09-28T07:12:47Z</time>
        <extensions>
          <ns3:TrackPointExtension>
            <ns3:atemp>6.0</ns3:atemp>
          </ns3:TrackPointExtension>
        </extensions>
      </trkpt>
      <trkpt lat="49.243829157203436" lon="2.872985489666462">
        <ele>70.0</ele>
        <time>2024-09-28T07:13:00Z</time>
        <extensions>
          <ns3:TrackPointExtension>
            <ns3:atemp>6.0</ns3:atemp>
          </ns3:TrackPointExtension>
        </extensions>
      </trkpt>
      <trkpt lat="49.24359580501914" lon="2.873306516557932">
        <ele>70.0</ele>
        <time>2024-09-28T07:13:05Z</time>
        <extensions>
          <ns3:TrackPointExtension>
            <ns3:atemp>6.0</ns3:atemp>
          </ns3:TrackPointExtension>
        </extensions>
      </trkpt>
      <trkpt lat="49.242944195866585" lon="2.8744637221097946">
        <ele>70.19999694824219</ele>
        <time>2024-09-28T07:13:21Z</time>
        <extensions>
          <ns3:TrackPointExtension>
            <ns3:atemp>6.0</ns3:atemp>
          </ns3:TrackPointExtension>
        </extensions>
      </trkpt>
      <trkpt lat="49.24252677708864" lon="2.8753646090626717">
        <ele>69.80000305175781</ele>
        <time>2024-09-28T07:13:32Z</time>
        <extensions>
          <ns3:TrackPointExtension>
            <ns3:atemp>6.0</ns3:atemp>
          </ns3:TrackPointExtension>
        </extensions>
      </trkpt>
      <trkpt lat="49.24212251789868" lon="2.876117555424571">
        <ele>69.19999694824219</ele>
        <time>2024-09-28T07:13:41Z</time>
        <extensions>
          <ns3:TrackPointExtension>
            <ns3:atemp>6.0</ns3:atemp>
          </ns3:TrackPointExtension>
        </extensions>
      </trkpt>
      <trkpt lat="49.24153477884829" lon="2.877366039901972">
        <ele>70.4000015258789</ele>
        <time>2024-09-28T07:13:57Z</time>
        <extensions>
          <ns3:TrackPointExtension>
            <ns3:atemp>6.0</ns3:atemp>
          </ns3:TrackPointExtension>
        </extensions>
      </trkpt>
      <trkpt lat="49.24068150110543" lon="2.8790398221462965">
        <ele>73.5999984741211</ele>
        <time>2024-09-28T07:14:25Z</time>
        <extensions>
          <ns3:TrackPointExtension>
            <ns3:atemp>6.0</ns3:atemp>
          </ns3:TrackPointExtension>
        </extensions>
      </trkpt>
      <trkpt lat="49.24040305428207" lon="2.879723785445094">
        <ele>73.5999984741211</ele>
        <time>2024-09-28T07:14:34Z</time>
        <extensions>
          <ns3:TrackPointExtension>
            <ns3:atemp>6.0</ns3:atemp>
          </ns3:TrackPointExtension>
        </extensions>
      </trkpt>
      <trkpt lat="49.24013399519026" lon="2.8805342316627502">
        <ele>73.0</ele>
        <time>2024-09-28T07:14:43Z</time>
        <extensions>
          <ns3:TrackPointExtension>
            <ns3:atemp>6.0</ns3:atemp>
          </ns3:TrackPointExtension>
        </extensions>
      </trkpt>
      <trkpt lat="49.240020671859384" lon="2.8809670731425285">
        <ele>72.5999984741211</ele>
        <time>2024-09-28T07:14:48Z</time>
        <extensions>
          <ns3:TrackPointExtension>
            <ns3:atemp>6.0</ns3:atemp>
          </ns3:TrackPointExtension>
        </extensions>
      </trkpt>
      <trkpt lat="49.23998245038092" lon="2.881378959864378">
        <ele>72.80000305175781</ele>
        <time>2024-09-28T07:14:53Z</time>
        <extensions>
          <ns3:TrackPointExtension>
            <ns3:atemp>6.0</ns3:atemp>
          </ns3:TrackPointExtension>
        </extensions>
      </trkpt>
      <trkpt lat="49.240184873342514" lon="2.882721070200205">
        <ele>77.0</ele>
        <time>2024-09-28T07:15:14Z</time>
        <extensions>
          <ns3:TrackPointExtension>
            <ns3:atemp>6.0</ns3:atemp>
          </ns3:TrackPointExtension>
        </extensions>
      </trkpt>
      <trkpt lat="49.24015335738659" lon="2.883372511714697">
        <ele>78.19999694824219</ele>
        <time>2024-09-28T07:15:22Z</time>
        <extensions>
          <ns3:TrackPointExtension>
            <ns3:atemp>6.0</ns3:atemp>
          </ns3:TrackPointExtension>
        </extensions>
      </trkpt>
      <trkpt lat="49.240099461749196" lon="2.883581891655922">
        <ele>78.0</ele>
        <time>2024-09-28T07:15:24Z</time>
        <extensions>
          <ns3:TrackPointExtension>
            <ns3:atemp>6.0</ns3:atemp>
          </ns3:TrackPointExtension>
        </extensions>
      </trkpt>
      <trkpt lat="49.23996568657458" lon="2.8838506154716015">
        <ele>77.0</ele>
        <time>2024-09-28T07:15:27Z</time>
        <extensions>
          <ns3:TrackPointExtension>
            <ns3:atemp>6.0</ns3:atemp>
          </ns3:TrackPointExtension>
        </extensions>
      </trkpt>
      <trkpt lat="49.23944994807243" lon="2.8844513464719057">
        <ele>79.19999694824219</ele>
        <time>2024-09-28T07:15:45Z</time>
        <extensions>
          <ns3:TrackPointExtension>
            <ns3:atemp>7.0</ns3:atemp>
          </ns3:TrackPointExtension>
        </extensions>
      </trkpt>
      <trkpt lat="49.239318100735545" lon="2.884695176035166">
        <ele>78.4000015258789</ele>
        <time>2024-09-28T07:26:58Z</time>
        <extensions>
          <ns3:TrackPointExtension>
            <ns3:atemp>7.0</ns3:atemp>
          </ns3:TrackPointExtension>
        </extensions>
      </trkpt>
      <trkpt lat="49.23926998861134" lon="2.884850325062871">
        <ele>78.80000305175781</ele>
        <time>2024-09-28T07:27:01Z</time>
        <extensions>
          <ns3:TrackPointExtension>
            <ns3:atemp>7.0</ns3:atemp>
          </ns3:TrackPointExtension>
        </extensions>
      </trkpt>
      <trkpt lat="49.239221876487136" lon="2.8851151932030916">
        <ele>79.4000015258789</ele>
        <time>2024-09-28T07:27:05Z</time>
        <extensions>
          <ns3:TrackPointExtension>
            <ns3:atemp>7.0</ns3:atemp>
          </ns3:TrackPointExtension>
        </extensions>
      </trkpt>
      <trkpt lat="49.23914325423539" lon="2.88600099273026">
        <ele>83.0</ele>
        <time>2024-09-28T07:27:20Z</time>
        <extensions>
          <ns3:TrackPointExtension>
            <ns3:atemp>7.0</ns3:atemp>
          </ns3:TrackPointExtension>
        </extensions>
      </trkpt>
      <trkpt lat="49.23911903053522" lon="2.886696858331561">
        <ele>85.5999984741211</ele>
        <time>2024-09-28T07:27:31Z</time>
        <extensions>
          <ns3:TrackPointExtension>
            <ns3:atemp>8.0</ns3:atemp>
          </ns3:TrackPointExtension>
        </extensions>
      </trkpt>
      <trkpt lat="49.239242663607" lon="2.8875130880624056">
        <ele>89.0</ele>
        <time>2024-09-28T07:27:47Z</time>
        <extensions>
          <ns3:TrackPointExtension>
            <ns3:atemp>7.0</ns3:atemp>
          </ns3:TrackPointExtension>
        </extensions>
      </trkpt>
      <trkpt lat="49.23920930363238" lon="2.887784829363227">
        <ele>90.19999694824219</ele>
        <time>2024-09-28T07:27:53Z</time>
        <extensions>
          <ns3:TrackPointExtension>
            <ns3:atemp>7.0</ns3:atemp>
          </ns3:TrackPointExtension>
        </extensions>
      </trkpt>
      <trkpt lat="49.23910494893789" lon="2.8880194388329983">
        <ele>91.19999694824219</ele>
        <time>2024-09-28T07:27:59Z</time>
        <extensions>
          <ns3:TrackPointExtension>
            <ns3:atemp>7.0</ns3:atemp>
          </ns3:TrackPointExtension>
        </extensions>
      </trkpt>
      <trkpt lat="49.238933539018035" lon="2.8882310818880796">
        <ele>92.4000015258789</ele>
        <time>2024-09-28T07:28:06Z</time>
        <extensions>
          <ns3:TrackPointExtension>
            <ns3:atemp>7.0</ns3:atemp>
          </ns3:TrackPointExtension>
        </extensions>
      </trkpt>
      <trkpt lat="49.23867822624743" lon="2.8883097041398287">
        <ele>94.0</ele>
        <time>2024-09-28T07:28:14Z</time>
        <extensions>
          <ns3:TrackPointExtension>
            <ns3:atemp>7.0</ns3:atemp>
          </ns3:TrackPointExtension>
        </extensions>
      </trkpt>
      <trkpt lat="49.2384500708431" lon="2.888234769925475">
        <ele>95.4000015258789</ele>
        <time>2024-09-28T07:28:21Z</time>
        <extensions>
          <ns3:TrackPointExtension>
            <ns3:atemp>7.0</ns3:atemp>
          </ns3:TrackPointExtension>
        </extensions>
      </trkpt>
      <trkpt lat="49.23812510445714" lon="2.887732107192278">
        <ele>97.80000305175781</ele>
        <time>2024-09-28T07:28:34Z</time>
        <extensions>
          <ns3:TrackPointExtension>
            <ns3:atemp>8.0</ns3:atemp>
          </ns3:TrackPointExtension>
        </extensions>
      </trkpt>
      <trkpt lat="49.23800499178469" lon="2.8876480367034674">
        <ele>98.5999984741211</ele>
        <time>2024-09-28T07:28:37Z</time>
        <extensions>
          <ns3:TrackPointExtension>
            <ns3:atemp>8.0</ns3:atemp>
          </ns3:TrackPointExtension>
        </extensions>
      </trkpt>
      <trkpt lat="49.237037636339664" lon="2.8878991585224867">
        <ele>100.5999984741211</ele>
        <time>2024-09-28T07:28:57Z</time>
        <extensions>
          <ns3:TrackPointExtension>
            <ns3:atemp>8.0</ns3:atemp>
          </ns3:TrackPointExtension>
        </extensions>
      </trkpt>
      <trkpt lat="49.236546121537685" lon="2.88785339333117">
        <ele>99.80000305175781</ele>
        <time>2024-09-28T07:29:06Z</time>
        <extensions>
          <ns3:TrackPointExtension>
            <ns3:atemp>8.0</ns3:atemp>
          </ns3:TrackPointExtension>
        </extensions>
      </trkpt>
      <trkpt lat="49.23559729009867" lon="2.8873337153345346">
        <ele>95.19999694824219</ele>
        <time>2024-09-28T07:29:28Z</time>
        <extensions>
          <ns3:TrackPointExtension>
            <ns3:atemp>8.0</ns3:atemp>
          </ns3:TrackPointExtension>
        </extensions>
      </trkpt>
      <trkpt lat="49.235305516049266" lon="2.887108912691474">
        <ele>94.4000015258789</ele>
        <time>2024-09-28T07:29:35Z</time>
        <extensions>
          <ns3:TrackPointExtension>
            <ns3:atemp>8.0</ns3:atemp>
          </ns3:TrackPointExtension>
        </extensions>
      </trkpt>
      <trkpt lat="49.23492179252207" lon="2.887333547696471">
        <ele>93.4000015258789</ele>
        <time>2024-09-28T07:29:44Z</time>
        <extensions>
          <ns3:TrackPointExtension>
            <ns3:atemp>8.0</ns3:atemp>
          </ns3:TrackPointExtension>
        </extensions>
      </trkpt>
      <trkpt lat="49.234677040949464" lon="2.8874017763882875">
        <ele>93.5999984741211</ele>
        <time>2024-09-28T07:29:49Z</time>
        <extensions>
          <ns3:TrackPointExtension>
            <ns3:atemp>8.0</ns3:atemp>
          </ns3:TrackPointExtension>
        </extensions>
      </trkpt>
      <trkpt lat="49.23396826721728" lon="2.88739993236959">
        <ele>94.19999694824219</ele>
        <time>2024-09-28T07:30:02Z</time>
        <extensions>
          <ns3:TrackPointExtension>
            <ns3:atemp>8.0</ns3:atemp>
          </ns3:TrackPointExtension>
        </extensions>
      </trkpt>
      <trkpt lat="49.23353333026171" lon="2.887287028133869">
        <ele>94.5999984741211</ele>
        <time>2024-09-28T07:30:10Z</time>
        <extensions>
          <ns3:TrackPointExtension>
            <ns3:atemp>8.0</ns3:atemp>
          </ns3:TrackPointExtension>
        </extensions>
      </trkpt>
      <trkpt lat="49.233431573957205" lon="2.887238748371601">
        <ele>94.5999984741211</ele>
        <time>2024-09-28T07:30:12Z</time>
        <extensions>
          <ns3:TrackPointExtension>
            <ns3:atemp>8.0</ns3:atemp>
          </ns3:TrackPointExtension>
        </extensions>
      </trkpt>
      <trkpt lat="49.23298716545105" lon="2.8868308011442423">
        <ele>93.5999984741211</ele>
        <time>2024-09-28T07:30:21Z</time>
        <extensions>
          <ns3:TrackPointExtension>
            <ns3:atemp>8.0</ns3:atemp>
          </ns3:TrackPointExtension>
        </extensions>
      </trkpt>
      <trkpt lat="49.232687931507826" lon="2.886620918288827">
        <ele>93.80000305175781</ele>
        <time>2024-09-28T07:30:28Z</time>
        <extensions>
          <ns3:TrackPointExtension>
            <ns3:atemp>8.0</ns3:atemp>
          </ns3:TrackPointExtension>
        </extensions>
      </trkpt>
      <trkpt lat="49.23227579332888" lon="2.886177096515894">
        <ele>95.19999694824219</ele>
        <time>2024-09-28T07:32:24Z</time>
        <extensions>
          <ns3:TrackPointExtension>
            <ns3:atemp>9.0</ns3:atemp>
          </ns3:TrackPointExtension>
        </extensions>
      </trkpt>
      <trkpt lat="49.232111843302846" lon="2.8859363682568073">
        <ele>95.5999984741211</ele>
        <time>2024-09-28T07:32:31Z</time>
        <extensions>
          <ns3:TrackPointExtension>
            <ns3:atemp>9.0</ns3:atemp>
          </ns3:TrackPointExtension>
        </extensions>
      </trkpt>
      <trkpt lat="49.23173884861171" lon="2.8855808917433023">
        <ele>97.19999694824219</ele>
        <time>2024-09-28T07:32:42Z</time>
        <extensions>
          <ns3:TrackPointExtension>
            <ns3:atemp>9.0</ns3:atemp>
          </ns3:TrackPointExtension>
        </extensions>
      </trkpt>
      <trkpt lat="49.23154480755329" lon="2.8855402395129204">
        <ele>97.80000305175781</ele>
        <time>2024-09-28T07:32:47Z</time>
        <extensions>
          <ns3:TrackPointExtension>
            <ns3:atemp>9.0</ns3:atemp>
          </ns3:TrackPointExtension>
        </extensions>
      </trkpt>
      <trkpt lat="49.231163850054145" lon="2.885231701657176">
        <ele>98.4000015258789</ele>
        <time>2024-09-28T07:32:56Z</time>
        <extensions>
          <ns3:TrackPointExtension>
            <ns3:atemp>9.0</ns3:atemp>
          </ns3:TrackPointExtension>
        </extensions>
      </trkpt>
      <trkpt lat="49.230926390737295" lon="2.8851288557052612">
        <ele>97.80000305175781</ele>
        <time>2024-09-28T07:32:59Z</time>
        <extensions>
          <ns3:TrackPointExtension>
            <ns3:atemp>9.0</ns3:atemp>
          </ns3:TrackPointExtension>
        </extensions>
      </trkpt>
      <trkpt lat="49.23051668331027" lon="2.8844802640378475">
        <ele>98.80000305175781</ele>
        <time>2024-09-28T07:33:10Z</time>
        <extensions>
          <ns3:TrackPointExtension>
            <ns3:atemp>9.0</ns3:atemp>
          </ns3:TrackPointExtension>
        </extensions>
      </trkpt>
      <trkpt lat="49.2302181199193" lon="2.884165020659566">
        <ele>99.80000305175781</ele>
        <time>2024-09-28T07:33:17Z</time>
        <extensions>
          <ns3:TrackPointExtension>
            <ns3:atemp>9.0</ns3:atemp>
          </ns3:TrackPointExtension>
        </extensions>
      </trkpt>
      <trkpt lat="49.22582784667611" lon="2.8799964487552643">
        <ele>106.5999984741211</ele>
        <time>2024-09-28T07:34:49Z</time>
        <extensions>
          <ns3:TrackPointExtension>
            <ns3:atemp>9.0</ns3:atemp>
          </ns3:TrackPointExtension>
        </extensions>
      </trkpt>
      <trkpt lat="49.22567345201969" lon="2.879826044663787">
        <ele>107.0</ele>
        <time>2024-09-28T07:34:53Z</time>
        <extensions>
          <ns3:TrackPointExtension>
            <ns3:atemp>9.0</ns3:atemp>
          </ns3:TrackPointExtension>
        </extensions>
      </trkpt>
      <trkpt lat="49.22551503404975" lon="2.879547094926238">
        <ele>107.5999984741211</ele>
        <time>2024-09-28T07:34:58Z</time>
        <extensions>
          <ns3:TrackPointExtension>
            <ns3:atemp>9.0</ns3:atemp>
          </ns3:TrackPointExtension>
        </extensions>
      </trkpt>
      <trkpt lat="49.22526156529784" lon="2.879530917853117">
        <ele>107.5999984741211</ele>
        <time>2024-09-28T07:35:03Z</time>
        <extensions>
          <ns3:TrackPointExtension>
            <ns3:atemp>9.0</ns3:atemp>
          </ns3:TrackPointExtension>
        </extensions>
      </trkpt>
      <trkpt lat="49.22515930607915" lon="2.879471406340599">
        <ele>107.5999984741211</ele>
        <time>2024-09-28T07:35:05Z</time>
        <extensions>
          <ns3:TrackPointExtension>
            <ns3:atemp>9.0</ns3:atemp>
          </ns3:TrackPointExtension>
        </extensions>
      </trkpt>
      <trkpt lat="49.224565951153636" lon="2.878790544345975">
        <ele>108.5999984741211</ele>
        <time>2024-09-28T07:35:17Z</time>
        <extensions>
          <ns3:TrackPointExtension>
            <ns3:atemp>9.0</ns3:atemp>
          </ns3:TrackPointExtension>
        </extensions>
      </trkpt>
      <trkpt lat="49.222347596660256" lon="2.8766899555921555">
        <ele>112.4000015258789</ele>
        <time>2024-09-28T07:36:01Z</time>
        <extensions>
          <ns3:TrackPointExtension>
            <ns3:atemp>9.0</ns3:atemp>
          </ns3:TrackPointExtension>
        </extensions>
      </trkpt>
      <trkpt lat="49.221750386059284" lon="2.8760428726673126">
        <ele>112.80000305175781</ele>
        <time>2024-09-28T07:36:14Z</time>
        <extensions>
          <ns3:TrackPointExtension>
            <ns3:atemp>9.0</ns3:atemp>
          </ns3:TrackPointExtension>
        </extensions>
      </trkpt>
      <trkpt lat="49.22014550305903" lon="2.8740515001118183">
        <ele>108.4000015258789</ele>
        <time>2024-09-28T07:36:41Z</time>
        <extensions>
          <ns3:TrackPointExtension>
            <ns3:atemp>9.0</ns3:atemp>
          </ns3:TrackPointExtension>
        </extensions>
      </trkpt>
      <trkpt lat="49.2165966052562" lon="2.869595093652606">
        <ele>99.5999984741211</ele>
        <time>2024-09-28T07:37:39Z</time>
        <extensions>
          <ns3:TrackPointExtension>
            <ns3:atemp>9.0</ns3:atemp>
          </ns3:TrackPointExtension>
        </extensions>
      </trkpt>
      <trkpt lat="49.21603669412434" lon="2.8687818814069033">
        <ele>98.4000015258789</ele>
        <time>2024-09-28T07:37:50Z</time>
        <extensions>
          <ns3:TrackPointExtension>
            <ns3:atemp>9.0</ns3:atemp>
          </ns3:TrackPointExtension>
        </extensions>
      </trkpt>
      <trkpt lat="49.21593644656241" lon="2.8684298414736986">
        <ele>98.0</ele>
        <time>2024-09-28T07:37:54Z</time>
        <extensions>
          <ns3:TrackPointExtension>
            <ns3:atemp>9.0</ns3:atemp>
          </ns3:TrackPointExtension>
        </extensions>
      </trkpt>
      <trkpt lat="49.21586017124355" lon="2.8682761173695326">
        <ele>97.80000305175781</ele>
        <time>2024-09-28T07:37:56Z</time>
        <extensions>
          <ns3:TrackPointExtension>
            <ns3:atemp>9.0</ns3:atemp>
          </ns3:TrackPointExtension>
        </extensions>
      </trkpt>
      <trkpt lat="49.21548591926694" lon="2.868128092959523">
        <ele>97.0</ele>
        <time>2024-09-28T07:38:02Z</time>
        <extensions>
          <ns3:TrackPointExtension>
            <ns3:atemp>9.0</ns3:atemp>
          </ns3:TrackPointExtension>
        </extensions>
      </trkpt>
      <trkpt lat="49.21445645391941" lon="2.8669205959886312">
        <ele>96.19999694824219</ele>
        <time>2024-09-28T07:38:18Z</time>
        <extensions>
          <ns3:TrackPointExtension>
            <ns3:atemp>9.0</ns3:atemp>
          </ns3:TrackPointExtension>
        </extensions>
      </trkpt>
      <trkpt lat="49.21020238660276" lon="2.861612169072032">
        <ele>92.19999694824219</ele>
        <time>2024-09-28T07:39:33Z</time>
        <extensions>
          <ns3:TrackPointExtension>
            <ns3:atemp>10.0</ns3:atemp>
          </ns3:TrackPointExtension>
        </extensions>
      </trkpt>
      <trkpt lat="49.20813834294677" lon="2.8589756414294243">
        <ele>91.4000015258789</ele>
        <time>2024-09-28T07:40:15Z</time>
        <extensions>
          <ns3:TrackPointExtension>
            <ns3:atemp>10.0</ns3:atemp>
          </ns3:TrackPointExtension>
        </extensions>
      </trkpt>
      <trkpt lat="49.20729369856417" lon="2.8579668793827295">
        <ele>91.5999984741211</ele>
        <time>2024-09-28T07:40:33Z</time>
        <extensions>
          <ns3:TrackPointExtension>
            <ns3:atemp>10.0</ns3:atemp>
          </ns3:TrackPointExtension>
        </extensions>
      </trkpt>
      <trkpt lat="49.202369498088956" lon="2.851785309612751">
        <ele>96.0</ele>
        <time>2024-09-28T07:42:32Z</time>
        <extensions>
          <ns3:TrackPointExtension>
            <ns3:atemp>10.0</ns3:atemp>
          </ns3:TrackPointExtension>
        </extensions>
      </trkpt>
      <trkpt lat="49.20066570863128" lon="2.849666280671954">
        <ele>97.0</ele>
        <time>2024-09-28T07:43:15Z</time>
        <extensions>
          <ns3:TrackPointExtension>
            <ns3:atemp>10.0</ns3:atemp>
          </ns3:TrackPointExtension>
        </extensions>
      </trkpt>
      <trkpt lat="49.20017327181995" lon="2.8489962313324213">
        <ele>97.19999694824219</ele>
        <time>2024-09-28T07:43:27Z</time>
        <extensions>
          <ns3:TrackPointExtension>
            <ns3:atemp>10.0</ns3:atemp>
          </ns3:TrackPointExtension>
        </extensions>
      </trkpt>
      <trkpt lat="49.1994867939502" lon="2.8481986094266176">
        <ele>97.80000305175781</ele>
        <time>2024-09-28T07:43:43Z</time>
        <extensions>
          <ns3:TrackPointExtension>
            <ns3:atemp>10.0</ns3:atemp>
          </ns3:TrackPointExtension>
        </extensions>
      </trkpt>
      <trkpt lat="49.19791736640036" lon="2.8462254256010056">
        <ele>96.80000305175781</ele>
        <time>2024-09-28T07:44:19Z</time>
        <extensions>
          <ns3:TrackPointExtension>
            <ns3:atemp>10.0</ns3:atemp>
          </ns3:TrackPointExtension>
        </extensions>
      </trkpt>
      <trkpt lat="49.19762399978936" lon="2.8457491658627987">
        <ele>96.80000305175781</ele>
        <time>2024-09-28T07:44:26Z</time>
        <extensions>
          <ns3:TrackPointExtension>
            <ns3:atemp>10.0</ns3:atemp>
          </ns3:TrackPointExtension>
        </extensions>
      </trkpt>
      <trkpt lat="49.19737824238837" lon="2.8450931143015623">
        <ele>96.5999984741211</ele>
        <time>2024-09-28T07:44:34Z</time>
        <extensions>
          <ns3:TrackPointExtension>
            <ns3:atemp>10.0</ns3:atemp>
          </ns3:TrackPointExtension>
        </extensions>
      </trkpt>
      <trkpt lat="49.19697624631226" lon="2.8435713797807693">
        <ele>95.80000305175781</ele>
        <time>2024-09-28T07:44:50Z</time>
        <extensions>
          <ns3:TrackPointExtension>
            <ns3:atemp>11.0</ns3:atemp>
          </ns3:TrackPointExtension>
        </extensions>
      </trkpt>
      <trkpt lat="49.19684523716569" lon="2.8429703135043383">
        <ele>95.4000015258789</ele>
        <time>2024-09-28T07:44:56Z</time>
        <extensions>
          <ns3:TrackPointExtension>
            <ns3:atemp>11.0</ns3:atemp>
          </ns3:TrackPointExtension>
        </extensions>
      </trkpt>
      <trkpt lat="49.19685403816402" lon="2.8426551539450884">
        <ele>95.4000015258789</ele>
        <time>2024-09-28T07:44:59Z</time>
        <extensions>
          <ns3:TrackPointExtension>
            <ns3:atemp>11.0</ns3:atemp>
          </ns3:TrackPointExtension>
        </extensions>
      </trkpt>
      <trkpt lat="49.19697859324515" lon="2.8416352439671755">
        <ele>96.5999984741211</ele>
        <time>2024-09-28T07:45:10Z</time>
        <extensions>
          <ns3:TrackPointExtension>
            <ns3:atemp>11.0</ns3:atemp>
          </ns3:TrackPointExtension>
        </extensions>
      </trkpt>
      <trkpt lat="49.19699904508889" lon="2.841215059161186">
        <ele>97.0</ele>
        <time>2024-09-28T07:45:15Z</time>
        <extensions>
          <ns3:TrackPointExtension>
            <ns3:atemp>10.0</ns3:atemp>
          </ns3:TrackPointExtension>
        </extensions>
      </trkpt>
      <trkpt lat="49.19705847278237" lon="2.8392617404460907">
        <ele>95.80000305175781</ele>
        <time>2024-09-28T07:45:35Z</time>
        <extensions>
          <ns3:TrackPointExtension>
            <ns3:atemp>11.0</ns3:atemp>
          </ns3:TrackPointExtension>
        </extensions>
      </trkpt>
      <trkpt lat="49.19704858213663" lon="2.8390754107385874">
        <ele>95.5999984741211</ele>
        <time>2024-09-28T07:45:37Z</time>
        <extensions>
          <ns3:TrackPointExtension>
            <ns3:atemp>11.0</ns3:atemp>
          </ns3:TrackPointExtension>
        </extensions>
      </trkpt>
      <trkpt lat="49.19697775505483" lon="2.8389192558825016">
        <ele>95.5999984741211</ele>
        <time>2024-09-28T07:45:39Z</time>
        <extensions>
          <ns3:TrackPointExtension>
            <ns3:atemp>11.0</ns3:atemp>
          </ns3:TrackPointExtension>
        </extensions>
      </trkpt>
      <trkpt lat="49.196371994912624" lon="2.838591020554304">
        <ele>95.4000015258789</ele>
        <time>2024-09-28T07:45:48Z</time>
        <extensions>
          <ns3:TrackPointExtension>
            <ns3:atemp>11.0</ns3:atemp>
          </ns3:TrackPointExtension>
        </extensions>
      </trkpt>
      <trkpt lat="49.19411960989237" lon="2.8375322185456753">
        <ele>96.4000015258789</ele>
        <time>2024-09-28T07:46:23Z</time>
        <extensions>
          <ns3:TrackPointExtension>
            <ns3:atemp>11.0</ns3:atemp>
          </ns3:TrackPointExtension>
        </extensions>
      </trkpt>
      <trkpt lat="49.187762942165136" lon="2.8343900945037603">
        <ele>97.4000015258789</ele>
        <time>2024-09-28T07:48:05Z</time>
        <extensions>
          <ns3:TrackPointExtension>
            <ns3:atemp>10.0</ns3:atemp>
          </ns3:TrackPointExtension>
        </extensions>
      </trkpt>
      <trkpt lat="49.17907677590847" lon="2.8301988914608955">
        <ele>104.19999694824219</ele>
        <time>2024-09-28T07:50:41Z</time>
        <extensions>
          <ns3:TrackPointExtension>
            <ns3:atemp>9.0</ns3:atemp>
          </ns3:TrackPointExtension>
        </extensions>
      </trkpt>
      <trkpt lat="49.17489311657846" lon="2.8281311597675085">
        <ele>112.4000015258789</ele>
        <time>2024-09-28T07:52:15Z</time>
        <extensions>
          <ns3:TrackPointExtension>
            <ns3:atemp>8.0</ns3:atemp>
          </ns3:TrackPointExtension>
        </extensions>
      </trkpt>
      <trkpt lat="49.17391545139253" lon="2.827692534774542">
        <ele>115.0</ele>
        <time>2024-09-28T07:52:41Z</time>
        <extensions>
          <ns3:TrackPointExtension>
            <ns3:atemp>8.0</ns3:atemp>
          </ns3:TrackPointExtension>
        </extensions>
      </trkpt>
      <trkpt lat="49.1718087438494" lon="2.8266410250216722">
        <ele>119.5999984741211</ele>
        <time>2024-09-28T07:53:29Z</time>
        <extensions>
          <ns3:TrackPointExtension>
            <ns3:atemp>8.0</ns3:atemp>
          </ns3:TrackPointExtension>
        </extensions>
      </trkpt>
      <trkpt lat="49.17126165702939" lon="2.82632427290082">
        <ele>120.5999984741211</ele>
        <time>2024-09-28T07:53:42Z</time>
        <extensions>
          <ns3:TrackPointExtension>
            <ns3:atemp>8.0</ns3:atemp>
          </ns3:TrackPointExtension>
        </extensions>
      </trkpt>
      <trkpt lat="49.17022238485515" lon="2.825580630451441">
        <ele>123.19999694824219</ele>
        <time>2024-09-28T07:54:08Z</time>
        <extensions>
          <ns3:TrackPointExtension>
            <ns3:atemp>8.0</ns3:atemp>
          </ns3:TrackPointExtension>
        </extensions>
      </trkpt>
      <trkpt lat="49.16645404882729" lon="2.822735896334052">
        <ele>111.5999984741211</ele>
        <time>2024-09-28T07:55:03Z</time>
        <extensions>
          <ns3:TrackPointExtension>
            <ns3:atemp>8.0</ns3:atemp>
          </ns3:TrackPointExtension>
        </extensions>
      </trkpt>
      <trkpt lat="49.16494455188513" lon="2.821636525914073">
        <ele>104.80000305175781</ele>
        <time>2024-09-28T07:55:19Z</time>
        <extensions>
          <ns3:TrackPointExtension>
            <ns3:atemp>8.0</ns3:atemp>
          </ns3:TrackPointExtension>
        </extensions>
      </trkpt>
      <trkpt lat="49.16392673738301" lon="2.8208420891314745">
        <ele>102.0</ele>
        <time>2024-09-28T07:55:32Z</time>
        <extensions>
          <ns3:TrackPointExtension>
            <ns3:atemp>8.0</ns3:atemp>
          </ns3:TrackPointExtension>
        </extensions>
      </trkpt>
      <trkpt lat="49.16366647928953" lon="2.820592224597931">
        <ele>101.19999694824219</ele>
        <time>2024-09-28T07:55:36Z</time>
        <extensions>
          <ns3:TrackPointExtension>
            <ns3:atemp>8.0</ns3:atemp>
          </ns3:TrackPointExtension>
        </extensions>
      </trkpt>
      <trkpt lat="49.16357587091625" lon="2.82042995095253">
        <ele>101.0</ele>
        <time>2024-09-28T07:55:38Z</time>
        <extensions>
          <ns3:TrackPointExtension>
            <ns3:atemp>8.0</ns3:atemp>
          </ns3:TrackPointExtension>
        </extensions>
      </trkpt>
      <trkpt lat="49.163525411859155" lon="2.820224091410637">
        <ele>100.80000305175781</ele>
        <time>2024-09-28T07:55:40Z</time>
        <extensions>
          <ns3:TrackPointExtension>
            <ns3:atemp>8.0</ns3:atemp>
          </ns3:TrackPointExtension>
        </extensions>
      </trkpt>
      <trkpt lat="49.16349330917001" lon="2.8192473482340574">
        <ele>98.80000305175781</ele>
        <time>2024-09-28T07:55:48Z</time>
        <extensions>
          <ns3:TrackPointExtension>
            <ns3:atemp>8.0</ns3:atemp>
          </ns3:TrackPointExtension>
        </extensions>
      </trkpt>
      <trkpt lat="49.16350278072059" lon="2.8177006356418133">
        <ele>96.4000015258789</ele>
        <time>2024-09-28T07:56:02Z</time>
        <extensions>
          <ns3:TrackPointExtension>
            <ns3:atemp>8.0</ns3:atemp>
          </ns3:TrackPointExtension>
        </extensions>
      </trkpt>
      <trkpt lat="49.16338451206684" lon="2.8169250581413507">
        <ele>96.4000015258789</ele>
        <time>2024-09-28T07:56:10Z</time>
        <extensions>
          <ns3:TrackPointExtension>
            <ns3:atemp>8.0</ns3:atemp>
          </ns3:TrackPointExtension>
        </extensions>
      </trkpt>
      <trkpt lat="49.16252821683884" lon="2.813725098967552">
        <ele>95.19999694824219</ele>
        <time>2024-09-28T07:56:46Z</time>
        <extensions>
          <ns3:TrackPointExtension>
            <ns3:atemp>8.0</ns3:atemp>
          </ns3:TrackPointExtension>
        </extensions>
      </trkpt>
      <trkpt lat="49.1613369807601" lon="2.8093718737363815">
        <ele>99.19999694824219</ele>
        <time>2024-09-28T07:57:43Z</time>
        <extensions>
          <ns3:TrackPointExtension>
            <ns3:atemp>9.0</ns3:atemp>
          </ns3:TrackPointExtension>
        </extensions>
      </trkpt>
      <trkpt lat="49.1613161098212" lon="2.809190573170781">
        <ele>99.5999984741211</ele>
        <time>2024-09-28T07:57:46Z</time>
        <extensions>
          <ns3:TrackPointExtension>
            <ns3:atemp>9.0</ns3:atemp>
          </ns3:TrackPointExtension>
        </extensions>
      </trkpt>
      <trkpt lat="49.16135667823255" lon="2.808832498267293">
        <ele>100.5999984741211</ele>
        <time>2024-09-28T07:57:52Z</time>
        <extensions>
          <ns3:TrackPointExtension>
            <ns3:atemp>9.0</ns3:atemp>
          </ns3:TrackPointExtension>
        </extensions>
      </trkpt>
      <trkpt lat="49.16103757917881" lon="2.8074361570179462">
        <ele>105.4000015258789</ele>
        <time>2024-09-28T07:58:17Z</time>
        <extensions>
          <ns3:TrackPointExtension>
            <ns3:atemp>9.0</ns3:atemp>
          </ns3:TrackPointExtension>
        </extensions>
      </trkpt>
      <trkpt lat="49.160936661064625" lon="2.8067717235535383">
        <ele>107.0</ele>
        <time>2024-09-28T07:58:27Z</time>
        <extensions>
          <ns3:TrackPointExtension>
            <ns3:atemp>9.0</ns3:atemp>
          </ns3:TrackPointExtension>
        </extensions>
      </trkpt>
      <trkpt lat="49.15917679667473" lon="2.8016230557113886">
        <ele>91.5999984741211</ele>
        <time>2024-09-28T07:59:10Z</time>
        <extensions>
          <ns3:TrackPointExtension>
            <ns3:atemp>9.0</ns3:atemp>
          </ns3:TrackPointExtension>
        </extensions>
      </trkpt>
      <trkpt lat="49.158933721482754" lon="2.800864912569523">
        <ele>90.5999984741211</ele>
        <time>2024-09-28T07:59:16Z</time>
        <extensions>
          <ns3:TrackPointExtension>
            <ns3:atemp>9.0</ns3:atemp>
          </ns3:TrackPointExtension>
        </extensions>
      </trkpt>
      <trkpt lat="49.15884646587074" lon="2.8004506789147854">
        <ele>90.19999694824219</ele>
        <time>2024-09-28T07:59:19Z</time>
        <extensions>
          <ns3:TrackPointExtension>
            <ns3:atemp>9.0</ns3:atemp>
          </ns3:TrackPointExtension>
        </extensions>
      </trkpt>
      <trkpt lat="49.158837581053376" lon="2.7998657058924437">
        <ele>89.5999984741211</ele>
        <time>2024-09-28T07:59:23Z</time>
        <extensions>
          <ns3:TrackPointExtension>
            <ns3:atemp>9.0</ns3:atemp>
          </ns3:TrackPointExtension>
        </extensions>
      </trkpt>
      <trkpt lat="49.15891595184803" lon="2.7990770526230335">
        <ele>88.80000305175781</ele>
        <time>2024-09-28T07:59:29Z</time>
        <extensions>
          <ns3:TrackPointExtension>
            <ns3:atemp>9.0</ns3:atemp>
          </ns3:TrackPointExtension>
        </extensions>
      </trkpt>
      <trkpt lat="49.15912960655987" lon="2.797721615061164">
        <ele>88.5999984741211</ele>
        <time>2024-09-28T07:59:40Z</time>
        <extensions>
          <ns3:TrackPointExtension>
            <ns3:atemp>9.0</ns3:atemp>
          </ns3:TrackPointExtension>
        </extensions>
      </trkpt>
      <trkpt lat="49.15908266790211" lon="2.796354778110981">
        <ele>88.4000015258789</ele>
        <time>2024-09-28T07:59:51Z</time>
        <extensions>
          <ns3:TrackPointExtension>
            <ns3:atemp>9.0</ns3:atemp>
          </ns3:TrackPointExtension>
        </extensions>
      </trkpt>
      <trkpt lat="49.15915693156421" lon="2.7955750096589327">
        <ele>88.19999694824219</ele>
        <time>2024-09-28T07:59:58Z</time>
        <extensions>
          <ns3:TrackPointExtension>
            <ns3:atemp>9.0</ns3:atemp>
          </ns3:TrackPointExtension>
        </extensions>
      </trkpt>
      <trkpt lat="49.15918995626271" lon="2.7948102448135614">
        <ele>88.19999694824219</ele>
        <time>2024-09-28T08:00:05Z</time>
        <extensions>
          <ns3:TrackPointExtension>
            <ns3:atemp>9.0</ns3:atemp>
          </ns3:TrackPointExtension>
        </extensions>
      </trkpt>
      <trkpt lat="49.15913932956755" lon="2.7934557292610407">
        <ele>88.80000305175781</ele>
        <time>2024-09-28T08:00:18Z</time>
        <extensions>
          <ns3:TrackPointExtension>
            <ns3:atemp>9.0</ns3:atemp>
          </ns3:TrackPointExtension>
        </extensions>
      </trkpt>
      <trkpt lat="49.15906012058258" lon="2.7924268506467342">
        <ele>88.0</ele>
        <time>2024-09-28T08:00:27Z</time>
        <extensions>
          <ns3:TrackPointExtension>
            <ns3:atemp>9.0</ns3:atemp>
          </ns3:TrackPointExtension>
        </extensions>
      </trkpt>
      <trkpt lat="49.15889734402299" lon="2.7913008257746696">
        <ele>86.80000305175781</ele>
        <time>2024-09-28T08:00:38Z</time>
        <extensions>
          <ns3:TrackPointExtension>
            <ns3:atemp>9.0</ns3:atemp>
          </ns3:TrackPointExtension>
        </extensions>
      </trkpt>
      <trkpt lat="49.1585582960397" lon="2.790150325745344">
        <ele>85.5999984741211</ele>
        <time>2024-09-28T08:00:49Z</time>
        <extensions>
          <ns3:TrackPointExtension>
            <ns3:atemp>9.0</ns3:atemp>
          </ns3:TrackPointExtension>
        </extensions>
      </trkpt>
      <trkpt lat="49.158441703766584" lon="2.7898866310715675">
        <ele>85.4000015258789</ele>
        <time>2024-09-28T08:00:52Z</time>
        <extensions>
          <ns3:TrackPointExtension>
            <ns3:atemp>9.0</ns3:atemp>
          </ns3:TrackPointExtension>
        </extensions>
      </trkpt>
      <trkpt lat="49.15821949951351" lon="2.7895537856966257">
        <ele>84.5999984741211</ele>
        <time>2024-09-28T08:00:56Z</time>
        <extensions>
          <ns3:TrackPointExtension>
            <ns3:atemp>9.0</ns3:atemp>
          </ns3:TrackPointExtension>
        </extensions>
      </trkpt>
      <trkpt lat="49.15781130082905" lon="2.7891965489834547">
        <ele>84.0</ele>
        <time>2024-09-28T08:01:02Z</time>
        <extensions>
          <ns3:TrackPointExtension>
            <ns3:atemp>9.0</ns3:atemp>
          </ns3:TrackPointExtension>
        </extensions>
      </trkpt>
      <trkpt lat="49.15734241716564" lon="2.7884423453360796">
        <ele>82.4000015258789</ele>
        <time>2024-09-28T08:01:10Z</time>
        <extensions>
          <ns3:TrackPointExtension>
            <ns3:atemp>9.0</ns3:atemp>
          </ns3:TrackPointExtension>
        </extensions>
      </trkpt>
      <trkpt lat="49.15698283351958" lon="2.7881918102502823">
        <ele>81.5999984741211</ele>
        <time>2024-09-28T08:01:15Z</time>
        <extensions>
          <ns3:TrackPointExtension>
            <ns3:atemp>9.0</ns3:atemp>
          </ns3:TrackPointExtension>
        </extensions>
      </trkpt>
      <trkpt lat="49.156876718625426" lon="2.7880689315497875">
        <ele>81.5999984741211</ele>
        <time>2024-09-28T08:01:17Z</time>
        <extensions>
          <ns3:TrackPointExtension>
            <ns3:atemp>9.0</ns3:atemp>
          </ns3:TrackPointExtension>
        </extensions>
      </trkpt>
      <trkpt lat="49.156849225983024" lon="2.787882601842284">
        <ele>81.5999984741211</ele>
        <time>2024-09-28T08:01:19Z</time>
        <extensions>
          <ns3:TrackPointExtension>
            <ns3:atemp>9.0</ns3:atemp>
          </ns3:TrackPointExtension>
        </extensions>
      </trkpt>
      <trkpt lat="49.15693539194763" lon="2.787419082596898">
        <ele>81.4000015258789</ele>
        <time>2024-09-28T08:01:24Z</time>
        <extensions>
          <ns3:TrackPointExtension>
            <ns3:atemp>9.0</ns3:atemp>
          </ns3:TrackPointExtension>
        </extensions>
      </trkpt>
      <trkpt lat="49.15686892345548" lon="2.787158153951168">
        <ele>81.4000015258789</ele>
        <time>2024-09-28T08:01:27Z</time>
        <extensions>
          <ns3:TrackPointExtension>
            <ns3:atemp>9.0</ns3:atemp>
          </ns3:TrackPointExtension>
        </extensions>
      </trkpt>
      <trkpt lat="49.15639006532729" lon="2.786306217312813">
        <ele>81.19999694824219</ele>
        <time>2024-09-28T08:01:38Z</time>
        <extensions>
          <ns3:TrackPointExtension>
            <ns3:atemp>9.0</ns3:atemp>
          </ns3:TrackPointExtension>
        </extensions>
      </trkpt>
      <trkpt lat="49.15594817139208" lon="2.7859678398817778">
        <ele>80.5999984741211</ele>
        <time>2024-09-28T08:01:45Z</time>
        <extensions>
          <ns3:TrackPointExtension>
            <ns3:atemp>9.0</ns3:atemp>
          </ns3:TrackPointExtension>
        </extensions>
      </trkpt>
      <trkpt lat="49.15553527884185" lon="2.785366103053093">
        <ele>79.5999984741211</ele>
        <time>2024-09-28T08:01:53Z</time>
        <extensions>
          <ns3:TrackPointExtension>
            <ns3:atemp>9.0</ns3:atemp>
          </ns3:TrackPointExtension>
        </extensions>
      </trkpt>
      <trkpt lat="49.155309135094285" lon="2.7852210123091936">
        <ele>79.0</ele>
        <time>2024-09-28T08:01:56Z</time>
        <extensions>
          <ns3:TrackPointExtension>
            <ns3:atemp>9.0</ns3:atemp>
          </ns3:TrackPointExtension>
        </extensions>
      </trkpt>
      <trkpt lat="49.15499380789697" lon="2.7851963695138693">
        <ele>78.4000015258789</ele>
        <time>2024-09-28T08:02:00Z</time>
        <extensions>
          <ns3:TrackPointExtension>
            <ns3:atemp>9.0</ns3:atemp>
          </ns3:TrackPointExtension>
        </extensions>
      </trkpt>
      <trkpt lat="49.15484461002052" lon="2.785118753090501">
        <ele>78.19999694824219</ele>
        <time>2024-09-28T08:02:02Z</time>
        <extensions>
          <ns3:TrackPointExtension>
            <ns3:atemp>9.0</ns3:atemp>
          </ns3:TrackPointExtension>
        </extensions>
      </trkpt>
      <trkpt lat="49.152638744562864" lon="2.783490652218461">
        <ele>81.4000015258789</ele>
        <time>2024-09-28T08:02:44Z</time>
        <extensions>
          <ns3:TrackPointExtension>
            <ns3:atemp>9.0</ns3:atemp>
          </ns3:TrackPointExtension>
        </extensions>
      </trkpt>
      <trkpt lat="49.15245593525469" lon="2.7832254488021135">
        <ele>81.80000305175781</ele>
        <time>2024-09-28T08:02:49Z</time>
        <extensions>
          <ns3:TrackPointExtension>
            <ns3:atemp>9.0</ns3:atemp>
          </ns3:TrackPointExtension>
        </extensions>
      </trkpt>
      <trkpt lat="49.15222132578492" lon="2.782511981204152">
        <ele>82.5999984741211</ele>
        <time>2024-09-28T08:03:00Z</time>
        <extensions>
          <ns3:TrackPointExtension>
            <ns3:atemp>9.0</ns3:atemp>
          </ns3:TrackPointExtension>
        </extensions>
      </trkpt>
      <trkpt lat="49.152111103758216" lon="2.7823030203580856">
        <ele>83.0</ele>
        <time>2024-09-28T08:03:04Z</time>
        <extensions>
          <ns3:TrackPointExtension>
            <ns3:atemp>9.0</ns3:atemp>
          </ns3:TrackPointExtension>
        </extensions>
      </trkpt>
      <trkpt lat="49.15188445709646" lon="2.7820916287600994">
        <ele>83.5999984741211</ele>
        <time>2024-09-28T08:03:11Z</time>
        <extensions>
          <ns3:TrackPointExtension>
            <ns3:atemp>9.0</ns3:atemp>
          </ns3:TrackPointExtension>
        </extensions>
      </trkpt>
      <trkpt lat="49.15166820399463" lon="2.78196657076478">
        <ele>84.5999984741211</ele>
        <time>2024-09-28T08:03:18Z</time>
        <extensions>
          <ns3:TrackPointExtension>
            <ns3:atemp>9.0</ns3:atemp>
          </ns3:TrackPointExtension>
        </extensions>
      </trkpt>
      <trkpt lat="49.151580445468426" lon="2.7819784730672836">
        <ele>85.19999694824219</ele>
        <time>2024-09-28T08:03:21Z</time>
        <extensions>
          <ns3:TrackPointExtension>
            <ns3:atemp>9.0</ns3:atemp>
          </ns3:TrackPointExtension>
        </extensions>
      </trkpt>
      <trkpt lat="49.15131515823305" lon="2.782833343371749">
        <ele>86.5999984741211</ele>
        <time>2024-09-28T08:03:35Z</time>
        <extensions>
          <ns3:TrackPointExtension>
            <ns3:atemp>9.0</ns3:atemp>
          </ns3:TrackPointExtension>
        </extensions>
      </trkpt>
      <trkpt lat="49.15013515390456" lon="2.78584823012352">
        <ele>90.4000015258789</ele>
        <time>2024-09-28T08:04:22Z</time>
        <extensions>
          <ns3:TrackPointExtension>
            <ns3:atemp>10.0</ns3:atemp>
          </ns3:TrackPointExtension>
        </extensions>
      </trkpt>
      <trkpt lat="49.14949335157871" lon="2.7881461288779974">
        <ele>97.5999984741211</ele>
        <time>2024-09-28T08:05:12Z</time>
        <extensions>
          <ns3:TrackPointExtension>
            <ns3:atemp>11.0</ns3:atemp>
          </ns3:TrackPointExtension>
        </extensions>
      </trkpt>
      <trkpt lat="49.149220855906606" lon="2.788814501836896">
        <ele>100.0</ele>
        <time>2024-09-28T08:05:26Z</time>
        <extensions>
          <ns3:TrackPointExtension>
            <ns3:atemp>11.0</ns3:atemp>
          </ns3:TrackPointExtension>
        </extensions>
      </trkpt>
      <trkpt lat="49.148903181776404" lon="2.7894110418856144">
        <ele>102.19999694824219</ele>
        <time>2024-09-28T08:05:40Z</time>
        <extensions>
          <ns3:TrackPointExtension>
            <ns3:atemp>11.0</ns3:atemp>
          </ns3:TrackPointExtension>
        </extensions>
      </trkpt>
      <trkpt lat="49.14864166639745" lon="2.789808176457882">
        <ele>103.80000305175781</ele>
        <time>2024-09-28T08:05:50Z</time>
        <extensions>
          <ns3:TrackPointExtension>
            <ns3:atemp>11.0</ns3:atemp>
          </ns3:TrackPointExtension>
        </extensions>
      </trkpt>
      <trkpt lat="49.14834821596742" lon="2.7901598811149597">
        <ele>105.0</ele>
        <time>2024-09-28T08:06:00Z</time>
        <extensions>
          <ns3:TrackPointExtension>
            <ns3:atemp>11.0</ns3:atemp>
          </ns3:TrackPointExtension>
        </extensions>
      </trkpt>
      <trkpt lat="49.144845083355904" lon="2.793819922953844">
        <ele>105.5999984741211</ele>
        <time>2024-09-28T08:07:07Z</time>
        <extensions>
          <ns3:TrackPointExtension>
            <ns3:atemp>12.0</ns3:atemp>
          </ns3:TrackPointExtension>
        </extensions>
      </trkpt>
      <trkpt lat="49.14443009532988" lon="2.794269947335124">
        <ele>106.80000305175781</ele>
        <time>2024-09-28T08:07:16Z</time>
        <extensions>
          <ns3:TrackPointExtension>
            <ns3:atemp>12.0</ns3:atemp>
          </ns3:TrackPointExtension>
        </extensions>
      </trkpt>
      <trkpt lat="49.14421903900802" lon="2.7945666667073965">
        <ele>107.5999984741211</ele>
        <time>2024-09-28T08:07:22Z</time>
        <extensions>
          <ns3:TrackPointExtension>
            <ns3:atemp>12.0</ns3:atemp>
          </ns3:TrackPointExtension>
        </extensions>
      </trkpt>
      <trkpt lat="49.14413329213858" lon="2.7946158684790134">
        <ele>108.0</ele>
        <time>2024-09-28T08:07:24Z</time>
        <extensions>
          <ns3:TrackPointExtension>
            <ns3:atemp>12.0</ns3:atemp>
          </ns3:TrackPointExtension>
        </extensions>
      </trkpt>
      <trkpt lat="49.14394939318299" lon="2.7945557702332735">
        <ele>108.19999694824219</ele>
        <time>2024-09-28T08:07:28Z</time>
        <extensions>
          <ns3:TrackPointExtension>
            <ns3:atemp>12.0</ns3:atemp>
          </ns3:TrackPointExtension>
        </extensions>
      </trkpt>
      <trkpt lat="49.14263200946152" lon="2.793258922174573">
        <ele>106.19999694824219</ele>
        <time>2024-09-28T08:07:51Z</time>
        <extensions>
          <ns3:TrackPointExtension>
            <ns3:atemp>12.0</ns3:atemp>
          </ns3:TrackPointExtension>
        </extensions>
      </trkpt>
      <trkpt lat="49.14213873445988" lon="2.792694065719843">
        <ele>105.80000305175781</ele>
        <time>2024-09-28T08:08:00Z</time>
        <extensions>
          <ns3:TrackPointExtension>
            <ns3:atemp>12.0</ns3:atemp>
          </ns3:TrackPointExtension>
        </extensions>
      </trkpt>
      <trkpt lat="49.14165694266558" lon="2.7916230261325836">
        <ele>105.0</ele>
        <time>2024-09-28T08:08:13Z</time>
        <extensions>
          <ns3:TrackPointExtension>
            <ns3:atemp>11.0</ns3:atemp>
          </ns3:TrackPointExtension>
        </extensions>
      </trkpt>
      <trkpt lat="49.14047593250871" lon="2.7896796818822622">
        <ele>104.80000305175781</ele>
        <time>2024-09-28T08:08:40Z</time>
        <extensions>
          <ns3:TrackPointExtension>
            <ns3:atemp>11.0</ns3:atemp>
          </ns3:TrackPointExtension>
        </extensions>
      </trkpt>
      <trkpt lat="49.13984443992376" lon="2.7884692512452602">
        <ele>105.80000305175781</ele>
        <time>2024-09-28T08:08:59Z</time>
        <extensions>
          <ns3:TrackPointExtension>
            <ns3:atemp>11.0</ns3:atemp>
          </ns3:TrackPointExtension>
        </extensions>
      </trkpt>
      <trkpt lat="49.139687195420265" lon="2.788102375343442">
        <ele>105.5999984741211</ele>
        <time>2024-09-28T08:09:04Z</time>
        <extensions>
          <ns3:TrackPointExtension>
            <ns3:atemp>11.0</ns3:atemp>
          </ns3:TrackPointExtension>
        </extensions>
      </trkpt>
      <trkpt lat="49.139414029195905" lon="2.7872772607952356">
        <ele>105.80000305175781</ele>
        <time>2024-09-28T08:09:15Z</time>
        <extensions>
          <ns3:TrackPointExtension>
            <ns3:atemp>11.0</ns3:atemp>
          </ns3:TrackPointExtension>
        </extensions>
      </trkpt>
      <trkpt lat="49.13928092457354" lon="2.786756157875061">
        <ele>106.0</ele>
        <time>2024-09-28T08:09:22Z</time>
        <extensions>
          <ns3:TrackPointExtension>
            <ns3:atemp>11.0</ns3:atemp>
          </ns3:TrackPointExtension>
        </extensions>
      </trkpt>
      <trkpt lat="49.13835891522467" lon="2.78202130459249">
        <ele>105.5999984741211</ele>
        <time>2024-09-28T08:10:23Z</time>
        <extensions>
          <ns3:TrackPointExtension>
            <ns3:atemp>11.0</ns3:atemp>
          </ns3:TrackPointExtension>
        </extensions>
      </trkpt>
      <trkpt lat="49.13786580786109" lon="2.779621062800288">
        <ele>105.80000305175781</ele>
        <time>2024-09-28T08:10:54Z</time>
        <extensions>
          <ns3:TrackPointExtension>
            <ns3:atemp>11.0</ns3:atemp>
          </ns3:TrackPointExtension>
        </extensions>
      </trkpt>
      <trkpt lat="49.13609739392996" lon="2.7747150510549545">
        <ele>110.19999694824219</ele>
        <time>2024-09-28T08:12:11Z</time>
        <extensions>
          <ns3:TrackPointExtension>
            <ns3:atemp>11.0</ns3:atemp>
          </ns3:TrackPointExtension>
        </extensions>
      </trkpt>
      <trkpt lat="49.13579841144383" lon="2.773719197139144">
        <ele>112.0</ele>
        <time>2024-09-28T08:12:31Z</time>
        <extensions>
          <ns3:TrackPointExtension>
            <ns3:atemp>12.0</ns3:atemp>
          </ns3:TrackPointExtension>
        </extensions>
      </trkpt>
      <trkpt lat="49.135394152253866" lon="2.7721979655325413">
        <ele>114.4000015258789</ele>
        <time>2024-09-28T08:12:59Z</time>
        <extensions>
          <ns3:TrackPointExtension>
            <ns3:atemp>12.0</ns3:atemp>
          </ns3:TrackPointExtension>
        </extensions>
      </trkpt>
      <trkpt lat="49.134911857545376" lon="2.770731635391712">
        <ele>115.80000305175781</ele>
        <time>2024-09-28T08:13:24Z</time>
        <extensions>
          <ns3:TrackPointExtension>
            <ns3:atemp>12.0</ns3:atemp>
          </ns3:TrackPointExtension>
        </extensions>
      </trkpt>
      <trkpt lat="49.13448387756944" lon="2.7692714240401983">
        <ele>116.5999984741211</ele>
        <time>2024-09-28T08:13:47Z</time>
        <extensions>
          <ns3:TrackPointExtension>
            <ns3:atemp>12.0</ns3:atemp>
          </ns3:TrackPointExtension>
        </extensions>
      </trkpt>
      <trkpt lat="49.13394215516746" lon="2.7672503795474768">
        <ele>118.19999694824219</ele>
        <time>2024-09-28T08:14:19Z</time>
        <extensions>
          <ns3:TrackPointExtension>
            <ns3:atemp>12.0</ns3:atemp>
          </ns3:TrackPointExtension>
        </extensions>
      </trkpt>
      <trkpt lat="49.13377351127565" lon="2.7663068287074566">
        <ele>119.0</ele>
        <time>2024-09-28T08:14:32Z</time>
        <extensions>
          <ns3:TrackPointExtension>
            <ns3:atemp>12.0</ns3:atemp>
          </ns3:TrackPointExtension>
        </extensions>
      </trkpt>
      <trkpt lat="49.13354200311005" lon="2.764556435868144">
        <ele>120.0</ele>
        <time>2024-09-28T08:14:56Z</time>
        <extensions>
          <ns3:TrackPointExtension>
            <ns3:atemp>12.0</ns3:atemp>
          </ns3:TrackPointExtension>
        </extensions>
      </trkpt>
      <trkpt lat="49.13299080915749" lon="2.761953352019191">
        <ele>120.80000305175781</ele>
        <time>2024-09-28T08:15:31Z</time>
        <extensions>
          <ns3:TrackPointExtension>
            <ns3:atemp>12.0</ns3:atemp>
          </ns3:TrackPointExtension>
        </extensions>
      </trkpt>
      <trkpt lat="49.13279391825199" lon="2.7613131422549486">
        <ele>120.5999984741211</ele>
        <time>2024-09-28T08:15:39Z</time>
        <extensions>
          <ns3:TrackPointExtension>
            <ns3:atemp>12.0</ns3:atemp>
          </ns3:TrackPointExtension>
        </extensions>
      </trkpt>
      <trkpt lat="49.13246308453381" lon="2.7604823280125856">
        <ele>120.0</ele>
        <time>2024-09-28T08:15:50Z</time>
        <extensions>
          <ns3:TrackPointExtension>
            <ns3:atemp>12.0</ns3:atemp>
          </ns3:TrackPointExtension>
        </extensions>
      </trkpt>
      <trkpt lat="49.13221447728574" lon="2.759463172405958">
        <ele>119.5999984741211</ele>
        <time>2024-09-28T08:16:03Z</time>
        <extensions>
          <ns3:TrackPointExtension>
            <ns3:atemp>12.0</ns3:atemp>
          </ns3:TrackPointExtension>
        </extensions>
      </trkpt>
      <trkpt lat="49.13190443068743" lon="2.7586464397609234">
        <ele>119.0</ele>
        <time>2024-09-28T08:16:13Z</time>
        <extensions>
          <ns3:TrackPointExtension>
            <ns3:atemp>12.0</ns3:atemp>
          </ns3:TrackPointExtension>
        </extensions>
      </trkpt>
      <trkpt lat="49.13176730275154" lon="2.758187698200345">
        <ele>118.5999984741211</ele>
        <time>2024-09-28T08:16:18Z</time>
        <extensions>
          <ns3:TrackPointExtension>
            <ns3:atemp>12.0</ns3:atemp>
          </ns3:TrackPointExtension>
        </extensions>
      </trkpt>
      <trkpt lat="49.13166018202901" lon="2.7573785092681646">
        <ele>118.19999694824219</ele>
        <time>2024-09-28T08:16:26Z</time>
        <extensions>
          <ns3:TrackPointExtension>
            <ns3:atemp>12.0</ns3:atemp>
          </ns3:TrackPointExtension>
        </extensions>
      </trkpt>
      <trkpt lat="49.13161835633218" lon="2.7549738250672817">
        <ele>116.5999984741211</ele>
        <time>2024-09-28T08:16:51Z</time>
        <extensions>
          <ns3:TrackPointExtension>
            <ns3:atemp>12.0</ns3:atemp>
          </ns3:TrackPointExtension>
        </extensions>
      </trkpt>
      <trkpt lat="49.13163830526173" lon="2.7530574705451727">
        <ele>115.4000015258789</ele>
        <time>2024-09-28T08:17:11Z</time>
        <extensions>
          <ns3:TrackPointExtension>
            <ns3:atemp>12.0</ns3:atemp>
          </ns3:TrackPointExtension>
        </extensions>
      </trkpt>
      <trkpt lat="49.13160796277225" lon="2.7525426540523767">
        <ele>115.4000015258789</ele>
        <time>2024-09-28T08:17:16Z</time>
        <extensions>
          <ns3:TrackPointExtension>
            <ns3:atemp>12.0</ns3:atemp>
          </ns3:TrackPointExtension>
        </extensions>
      </trkpt>
      <trkpt lat="49.13153529167175" lon="2.7520517259836197">
        <ele>114.5999984741211</ele>
        <time>2024-09-28T08:17:21Z</time>
        <extensions>
          <ns3:TrackPointExtension>
            <ns3:atemp>12.0</ns3:atemp>
          </ns3:TrackPointExtension>
        </extensions>
      </trkpt>
      <trkpt lat="49.13142188452184" lon="2.7516756299883127">
        <ele>114.19999694824219</ele>
        <time>2024-09-28T08:17:25Z</time>
        <extensions>
          <ns3:TrackPointExtension>
            <ns3:atemp>12.0</ns3:atemp>
          </ns3:TrackPointExtension>
        </extensions>
      </trkpt>
      <trkpt lat="49.131227089092135" lon="2.7512232586741447">
        <ele>113.4000015258789</ele>
        <time>2024-09-28T08:17:30Z</time>
        <extensions>
          <ns3:TrackPointExtension>
            <ns3:atemp>12.0</ns3:atemp>
          </ns3:TrackPointExtension>
        </extensions>
      </trkpt>
      <trkpt lat="49.130952497944236" lon="2.750746663659811">
        <ele>112.5999984741211</ele>
        <time>2024-09-28T08:17:36Z</time>
        <extensions>
          <ns3:TrackPointExtension>
            <ns3:atemp>12.0</ns3:atemp>
          </ns3:TrackPointExtension>
        </extensions>
      </trkpt>
      <trkpt lat="49.12959513254464" lon="2.7492277789860964">
        <ele>109.80000305175781</ele>
        <time>2024-09-28T08:17:58Z</time>
        <extensions>
          <ns3:TrackPointExtension>
            <ns3:atemp>12.0</ns3:atemp>
          </ns3:TrackPointExtension>
        </extensions>
      </trkpt>
      <trkpt lat="49.12938189692795" lon="2.7488648425787687">
        <ele>109.5999984741211</ele>
        <time>2024-09-28T08:18:02Z</time>
        <extensions>
          <ns3:TrackPointExtension>
            <ns3:atemp>12.0</ns3:atemp>
          </ns3:TrackPointExtension>
        </extensions>
      </trkpt>
      <trkpt lat="49.12927477620542" lon="2.748551359400153">
        <ele>109.4000015258789</ele>
        <time>2024-09-28T08:18:05Z</time>
        <extensions>
          <ns3:TrackPointExtension>
            <ns3:atemp>12.0</ns3:atemp>
          </ns3:TrackPointExtension>
        </extensions>
      </trkpt>
      <trkpt lat="49.12919699214399" lon="2.748144082725048">
        <ele>109.19999694824219</ele>
        <time>2024-09-28T08:18:09Z</time>
        <extensions>
          <ns3:TrackPointExtension>
            <ns3:atemp>12.0</ns3:atemp>
          </ns3:TrackPointExtension>
        </extensions>
      </trkpt>
      <trkpt lat="49.12905693054199" lon="2.7468219213187695">
        <ele>109.5999984741211</ele>
        <time>2024-09-28T08:18:22Z</time>
        <extensions>
          <ns3:TrackPointExtension>
            <ns3:atemp>12.0</ns3:atemp>
          </ns3:TrackPointExtension>
        </extensions>
      </trkpt>
      <trkpt lat="49.12898886948824" lon="2.7441530395299196">
        <ele>108.4000015258789</ele>
        <time>2024-09-28T08:18:49Z</time>
        <extensions>
          <ns3:TrackPointExtension>
            <ns3:atemp>12.0</ns3:atemp>
          </ns3:TrackPointExtension>
        </extensions>
      </trkpt>
      <trkpt lat="49.12899582646787" lon="2.743656327947974">
        <ele>108.4000015258789</ele>
        <time>2024-09-28T08:18:54Z</time>
        <extensions>
          <ns3:TrackPointExtension>
            <ns3:atemp>12.0</ns3:atemp>
          </ns3:TrackPointExtension>
        </extensions>
      </trkpt>
      <trkpt lat="49.12906807847321" lon="2.7429626416414976">
        <ele>108.0</ele>
        <time>2024-09-28T08:19:01Z</time>
        <extensions>
          <ns3:TrackPointExtension>
            <ns3:atemp>12.0</ns3:atemp>
          </ns3:TrackPointExtension>
        </extensions>
      </trkpt>
      <trkpt lat="49.12949446588755" lon="2.7398651093244553">
        <ele>107.0</ele>
        <time>2024-09-28T08:19:35Z</time>
        <extensions>
          <ns3:TrackPointExtension>
            <ns3:atemp>12.0</ns3:atemp>
          </ns3:TrackPointExtension>
        </extensions>
      </trkpt>
      <trkpt lat="49.12945079617202" lon="2.739456659182906">
        <ele>106.80000305175781</ele>
        <time>2024-09-28T08:19:40Z</time>
        <extensions>
          <ns3:TrackPointExtension>
            <ns3:atemp>12.0</ns3:atemp>
          </ns3:TrackPointExtension>
        </extensions>
      </trkpt>
      <trkpt lat="49.12917176261544" lon="2.738779904320836">
        <ele>106.80000305175781</ele>
        <time>2024-09-28T08:19:49Z</time>
        <extensions>
          <ns3:TrackPointExtension>
            <ns3:atemp>12.0</ns3:atemp>
          </ns3:TrackPointExtension>
        </extensions>
      </trkpt>
      <trkpt lat="49.12919271737337" lon="2.7384688518941402">
        <ele>106.5999984741211</ele>
        <time>2024-09-28T08:19:53Z</time>
        <extensions>
          <ns3:TrackPointExtension>
            <ns3:atemp>12.0</ns3:atemp>
          </ns3:TrackPointExtension>
        </extensions>
      </trkpt>
      <trkpt lat="49.129269076511264" lon="2.7381518483161926">
        <ele>106.4000015258789</ele>
        <time>2024-09-28T08:19:57Z</time>
        <extensions>
          <ns3:TrackPointExtension>
            <ns3:atemp>12.0</ns3:atemp>
          </ns3:TrackPointExtension>
        </extensions>
      </trkpt>
      <trkpt lat="49.129255916923285" lon="2.737901732325554">
        <ele>107.0</ele>
        <time>2024-09-28T08:20:00Z</time>
        <extensions>
          <ns3:TrackPointExtension>
            <ns3:atemp>12.0</ns3:atemp>
          </ns3:TrackPointExtension>
        </extensions>
      </trkpt>
      <trkpt lat="49.12911686114967" lon="2.737512895837426">
        <ele>107.0</ele>
        <time>2024-09-28T08:20:05Z</time>
        <extensions>
          <ns3:TrackPointExtension>
            <ns3:atemp>12.0</ns3:atemp>
          </ns3:TrackPointExtension>
        </extensions>
      </trkpt>
      <trkpt lat="49.12827012129128" lon="2.735956711694598">
        <ele>108.0</ele>
        <time>2024-09-28T08:20:26Z</time>
        <extensions>
          <ns3:TrackPointExtension>
            <ns3:atemp>12.0</ns3:atemp>
          </ns3:TrackPointExtension>
        </extensions>
      </trkpt>
      <trkpt lat="49.12800374440849" lon="2.7352816332131624">
        <ele>107.0</ele>
        <time>2024-09-28T08:20:34Z</time>
        <extensions>
          <ns3:TrackPointExtension>
            <ns3:atemp>12.0</ns3:atemp>
          </ns3:TrackPointExtension>
        </extensions>
      </trkpt>
      <trkpt lat="49.1279324144125" lon="2.7350088860839605">
        <ele>106.80000305175781</ele>
        <time>2024-09-28T08:20:37Z</time>
        <extensions>
          <ns3:TrackPointExtension>
            <ns3:atemp>12.0</ns3:atemp>
          </ns3:TrackPointExtension>
        </extensions>
      </trkpt>
      <trkpt lat="49.12785571999848" lon="2.7344655711203814">
        <ele>107.0</ele>
        <time>2024-09-28T08:20:43Z</time>
        <extensions>
          <ns3:TrackPointExtension>
            <ns3:atemp>12.0</ns3:atemp>
          </ns3:TrackPointExtension>
        </extensions>
      </trkpt>
      <trkpt lat="49.12757677026093" lon="2.733895517885685">
        <ele>107.19999694824219</ele>
        <time>2024-09-28T08:20:51Z</time>
        <extensions>
          <ns3:TrackPointExtension>
            <ns3:atemp>12.0</ns3:atemp>
          </ns3:TrackPointExtension>
        </extensions>
      </trkpt>
      <trkpt lat="49.12742732092738" lon="2.733483798801899">
        <ele>107.19999694824219</ele>
        <time>2024-09-28T08:20:56Z</time>
        <extensions>
          <ns3:TrackPointExtension>
            <ns3:atemp>12.0</ns3:atemp>
          </ns3:TrackPointExtension>
        </extensions>
      </trkpt>
      <trkpt lat="49.1265161242336" lon="2.730685081332922">
        <ele>106.19999694824219</ele>
        <time>2024-09-28T08:21:29Z</time>
        <extensions>
          <ns3:TrackPointExtension>
            <ns3:atemp>12.0</ns3:atemp>
          </ns3:TrackPointExtension>
        </extensions>
      </trkpt>
      <trkpt lat="49.126198617741466" lon="2.729516727849841">
        <ele>104.80000305175781</ele>
        <time>2024-09-28T08:21:40Z</time>
        <extensions>
          <ns3:TrackPointExtension>
            <ns3:atemp>12.0</ns3:atemp>
          </ns3:TrackPointExtension>
        </extensions>
      </trkpt>
      <trkpt lat="49.126156624406576" lon="2.7290627639740705">
        <ele>104.19999694824219</ele>
        <time>2024-09-28T08:21:44Z</time>
        <extensions>
          <ns3:TrackPointExtension>
            <ns3:atemp>12.0</ns3:atemp>
          </ns3:TrackPointExtension>
        </extensions>
      </trkpt>
      <trkpt lat="49.126158971339464" lon="2.7281100768595934">
        <ele>103.19999694824219</ele>
        <time>2024-09-28T08:21:52Z</time>
        <extensions>
          <ns3:TrackPointExtension>
            <ns3:atemp>12.0</ns3:atemp>
          </ns3:TrackPointExtension>
        </extensions>
      </trkpt>
      <trkpt lat="49.12680085748434" lon="2.722073933109641">
        <ele>96.0</ele>
        <time>2024-09-28T08:22:42Z</time>
        <extensions>
          <ns3:TrackPointExtension>
            <ns3:atemp>12.0</ns3:atemp>
          </ns3:TrackPointExtension>
        </extensions>
      </trkpt>
      <trkpt lat="49.12685609422624" lon="2.720252964645624">
        <ele>94.80000305175781</ele>
        <time>2024-09-28T08:22:57Z</time>
        <extensions>
          <ns3:TrackPointExtension>
            <ns3:atemp>12.0</ns3:atemp>
          </ns3:TrackPointExtension>
        </extensions>
      </trkpt>
      <trkpt lat="49.12684561684728" lon="2.7192167937755585">
        <ele>95.5999984741211</ele>
        <time>2024-09-28T08:23:08Z</time>
        <extensions>
          <ns3:TrackPointExtension>
            <ns3:atemp>12.0</ns3:atemp>
          </ns3:TrackPointExtension>
        </extensions>
      </trkpt>
      <trkpt lat="49.12674888968468" lon="2.7184505201876163">
        <ele>97.80000305175781</ele>
        <time>2024-09-28T08:23:20Z</time>
        <extensions>
          <ns3:TrackPointExtension>
            <ns3:atemp>12.0</ns3:atemp>
          </ns3:TrackPointExtension>
        </extensions>
      </trkpt>
      <trkpt lat="49.12627397105098" lon="2.716488316655159">
        <ele>105.0</ele>
        <time>2024-09-28T08:24:05Z</time>
        <extensions>
          <ns3:TrackPointExtension>
            <ns3:atemp>12.0</ns3:atemp>
          </ns3:TrackPointExtension>
        </extensions>
      </trkpt>
      <trkpt lat="49.12614614702761" lon="2.7158465143293142">
        <ele>107.5999984741211</ele>
        <time>2024-09-28T08:24:17Z</time>
        <extensions>
          <ns3:TrackPointExtension>
            <ns3:atemp>12.0</ns3:atemp>
          </ns3:TrackPointExtension>
        </extensions>
      </trkpt>
      <trkpt lat="49.12522195838392" lon="2.705466030165553">
        <ele>114.4000015258789</ele>
        <time>2024-09-28T08:26:37Z</time>
        <extensions>
          <ns3:TrackPointExtension>
            <ns3:atemp>12.0</ns3:atemp>
          </ns3:TrackPointExtension>
        </extensions>
      </trkpt>
      <trkpt lat="49.125049291178584" lon="2.702354835346341">
        <ele>107.19999694824219</ele>
        <time>2024-09-28T08:27:03Z</time>
        <extensions>
          <ns3:TrackPointExtension>
            <ns3:atemp>12.0</ns3:atemp>
          </ns3:TrackPointExtension>
        </extensions>
      </trkpt>
      <trkpt lat="49.12496941164136" lon="2.7019520848989487">
        <ele>106.0</ele>
        <time>2024-09-28T08:27:07Z</time>
        <extensions>
          <ns3:TrackPointExtension>
            <ns3:atemp>12.0</ns3:atemp>
          </ns3:TrackPointExtension>
        </extensions>
      </trkpt>
      <trkpt lat="49.12489648908377" lon="2.701820656657219">
        <ele>105.4000015258789</ele>
        <time>2024-09-28T08:27:09Z</time>
        <extensions>
          <ns3:TrackPointExtension>
            <ns3:atemp>12.0</ns3:atemp>
          </ns3:TrackPointExtension>
        </extensions>
      </trkpt>
      <trkpt lat="49.12474720738828" lon="2.7016702853143215">
        <ele>104.4000015258789</ele>
        <time>2024-09-28T08:27:13Z</time>
        <extensions>
          <ns3:TrackPointExtension>
            <ns3:atemp>12.0</ns3:atemp>
          </ns3:TrackPointExtension>
        </extensions>
      </trkpt>
      <trkpt lat="49.12471720017493" lon="2.7015774976462126">
        <ele>104.19999694824219</ele>
        <time>2024-09-28T08:27:15Z</time>
        <extensions>
          <ns3:TrackPointExtension>
            <ns3:atemp>12.0</ns3:atemp>
          </ns3:TrackPointExtension>
        </extensions>
      </trkpt>
      <trkpt lat="49.124840749427676" lon="2.700775181874633">
        <ele>103.19999694824219</ele>
        <time>2024-09-28T08:27:26Z</time>
        <extensions>
          <ns3:TrackPointExtension>
            <ns3:atemp>12.0</ns3:atemp>
          </ns3:TrackPointExtension>
        </extensions>
      </trkpt>
      <trkpt lat="49.124959940090775" lon="2.6992049999535084">
        <ele>102.0</ele>
        <time>2024-09-28T08:27:42Z</time>
        <extensions>
          <ns3:TrackPointExtension>
            <ns3:atemp>12.0</ns3:atemp>
          </ns3:TrackPointExtension>
        </extensions>
      </trkpt>
      <trkpt lat="49.125054739415646" lon="2.6988592464476824">
        <ele>101.5999984741211</ele>
        <time>2024-09-28T08:27:46Z</time>
        <extensions>
          <ns3:TrackPointExtension>
            <ns3:atemp>12.0</ns3:atemp>
          </ns3:TrackPointExtension>
        </extensions>
      </trkpt>
      <trkpt lat="49.12515163421631" lon="2.6987605914473534">
        <ele>101.5999984741211</ele>
        <time>2024-09-28T08:27:48Z</time>
        <extensions>
          <ns3:TrackPointExtension>
            <ns3:atemp>12.0</ns3:atemp>
          </ns3:TrackPointExtension>
        </extensions>
      </trkpt>
      <trkpt lat="49.12561741657555" lon="2.698481809347868">
        <ele>100.80000305175781</ele>
        <time>2024-09-28T08:27:56Z</time>
        <extensions>
          <ns3:TrackPointExtension>
            <ns3:atemp>12.0</ns3:atemp>
          </ns3:TrackPointExtension>
        </extensions>
      </trkpt>
      <trkpt lat="49.126417050138116" lon="2.6981426775455475">
        <ele>96.80000305175781</ele>
        <time>2024-09-28T08:28:12Z</time>
        <extensions>
          <ns3:TrackPointExtension>
            <ns3:atemp>12.0</ns3:atemp>
          </ns3:TrackPointExtension>
        </extensions>
      </trkpt>
      <trkpt lat="49.126609498634934" lon="2.6978899631649256">
        <ele>95.80000305175781</ele>
        <time>2024-09-28T08:28:16Z</time>
        <extensions>
          <ns3:TrackPointExtension>
            <ns3:atemp>12.0</ns3:atemp>
          </ns3:TrackPointExtension>
        </extensions>
      </trkpt>
      <trkpt lat="49.126731203868985" lon="2.6974897272884846">
        <ele>95.19999694824219</ele>
        <time>2024-09-28T08:28:20Z</time>
        <extensions>
          <ns3:TrackPointExtension>
            <ns3:atemp>12.0</ns3:atemp>
          </ns3:TrackPointExtension>
        </extensions>
      </trkpt>
      <trkpt lat="49.126723911613226" lon="2.6971210911870003">
        <ele>94.19999694824219</ele>
        <time>2024-09-28T08:28:23Z</time>
        <extensions>
          <ns3:TrackPointExtension>
            <ns3:atemp>12.0</ns3:atemp>
          </ns3:TrackPointExtension>
        </extensions>
      </trkpt>
      <trkpt lat="49.126667669042945" lon="2.6968962885439396">
        <ele>93.4000015258789</ele>
        <time>2024-09-28T08:28:25Z</time>
        <extensions>
          <ns3:TrackPointExtension>
            <ns3:atemp>12.0</ns3:atemp>
          </ns3:TrackPointExtension>
        </extensions>
      </trkpt>
      <trkpt lat="49.12645250558853" lon="2.696430003270507">
        <ele>92.19999694824219</ele>
        <time>2024-09-28T08:28:30Z</time>
        <extensions>
          <ns3:TrackPointExtension>
            <ns3:atemp>12.0</ns3:atemp>
          </ns3:TrackPointExtension>
        </extensions>
      </trkpt>
      <trkpt lat="49.12634924054146" lon="2.696297401562333">
        <ele>92.0</ele>
        <time>2024-09-28T08:28:32Z</time>
        <extensions>
          <ns3:TrackPointExtension>
            <ns3:atemp>12.0</ns3:atemp>
          </ns3:TrackPointExtension>
        </extensions>
      </trkpt>
      <trkpt lat="49.12604112178087" lon="2.6961029414087534">
        <ele>91.5999984741211</ele>
        <time>2024-09-28T08:28:37Z</time>
        <extensions>
          <ns3:TrackPointExtension>
            <ns3:atemp>12.0</ns3:atemp>
          </ns3:TrackPointExtension>
        </extensions>
      </trkpt>
      <trkpt lat="49.1253971401602" lon="2.696180809289217">
        <ele>90.0</ele>
        <time>2024-09-28T08:28:47Z</time>
        <extensions>
          <ns3:TrackPointExtension>
            <ns3:atemp>12.0</ns3:atemp>
          </ns3:TrackPointExtension>
        </extensions>
      </trkpt>
      <trkpt lat="49.12519312463701" lon="2.6960201282054186">
        <ele>89.4000015258789</ele>
        <time>2024-09-28T08:28:50Z</time>
        <extensions>
          <ns3:TrackPointExtension>
            <ns3:atemp>12.0</ns3:atemp>
          </ns3:TrackPointExtension>
        </extensions>
      </trkpt>
      <trkpt lat="49.1251021809876" lon="2.695860369130969">
        <ele>88.80000305175781</ele>
        <time>2024-09-28T08:28:52Z</time>
        <extensions>
          <ns3:TrackPointExtension>
            <ns3:atemp>12.0</ns3:atemp>
          </ns3:TrackPointExtension>
        </extensions>
      </trkpt>
      <trkpt lat="49.125107042491436" lon="2.695519896224141">
        <ele>87.5999984741211</ele>
        <time>2024-09-28T08:28:55Z</time>
        <extensions>
          <ns3:TrackPointExtension>
            <ns3:atemp>12.0</ns3:atemp>
          </ns3:TrackPointExtension>
        </extensions>
      </trkpt>
      <trkpt lat="49.12529974244535" lon="2.6945986412465572">
        <ele>83.80000305175781</ele>
        <time>2024-09-28T08:29:03Z</time>
        <extensions>
          <ns3:TrackPointExtension>
            <ns3:atemp>12.0</ns3:atemp>
          </ns3:TrackPointExtension>
        </extensions>
      </trkpt>
      <trkpt lat="49.12563258782029" lon="2.693550819531083">
        <ele>79.5999984741211</ele>
        <time>2024-09-28T08:29:13Z</time>
        <extensions>
          <ns3:TrackPointExtension>
            <ns3:atemp>12.0</ns3:atemp>
          </ns3:TrackPointExtension>
        </extensions>
      </trkpt>
      <trkpt lat="49.125652285292745" lon="2.693273378536105">
        <ele>78.4000015258789</ele>
        <time>2024-09-28T08:29:16Z</time>
        <extensions>
          <ns3:TrackPointExtension>
            <ns3:atemp>12.0</ns3:atemp>
          </ns3:TrackPointExtension>
        </extensions>
      </trkpt>
      <trkpt lat="49.12561054341495" lon="2.6926138903945684">
        <ele>76.4000015258789</ele>
        <time>2024-09-28T08:30:14Z</time>
        <extensions>
          <ns3:TrackPointExtension>
            <ns3:atemp>12.0</ns3:atemp>
          </ns3:TrackPointExtension>
        </extensions>
      </trkpt>
      <trkpt lat="49.1256426461041" lon="2.6924164965748787">
        <ele>76.5999984741211</ele>
        <time>2024-09-28T08:30:17Z</time>
        <extensions>
          <ns3:TrackPointExtension>
            <ns3:atemp>12.0</ns3:atemp>
          </ns3:TrackPointExtension>
        </extensions>
      </trkpt>
      <trkpt lat="49.12572965025902" lon="2.6922168396413326">
        <ele>76.5999984741211</ele>
        <time>2024-09-28T08:30:20Z</time>
        <extensions>
          <ns3:TrackPointExtension>
            <ns3:atemp>12.0</ns3:atemp>
          </ns3:TrackPointExtension>
        </extensions>
      </trkpt>
      <trkpt lat="49.1264402680099" lon="2.691286951303482">
        <ele>76.80000305175781</ele>
        <time>2024-09-28T08:30:35Z</time>
        <extensions>
          <ns3:TrackPointExtension>
            <ns3:atemp>12.0</ns3:atemp>
          </ns3:TrackPointExtension>
        </extensions>
      </trkpt>
      <trkpt lat="49.126629615202546" lon="2.69081580452621">
        <ele>77.5999984741211</ele>
        <time>2024-09-28T08:30:41Z</time>
        <extensions>
          <ns3:TrackPointExtension>
            <ns3:atemp>12.0</ns3:atemp>
          </ns3:TrackPointExtension>
        </extensions>
      </trkpt>
      <trkpt lat="49.12677386775613" lon="2.6906040776520967">
        <ele>77.5999984741211</ele>
        <time>2024-09-28T08:30:44Z</time>
        <extensions>
          <ns3:TrackPointExtension>
            <ns3:atemp>12.0</ns3:atemp>
          </ns3:TrackPointExtension>
        </extensions>
      </trkpt>
      <trkpt lat="49.127401169389486" lon="2.6901288237422705">
        <ele>79.5999984741211</ele>
        <time>2024-09-28T08:30:56Z</time>
        <extensions>
          <ns3:TrackPointExtension>
            <ns3:atemp>12.0</ns3:atemp>
          </ns3:TrackPointExtension>
        </extensions>
      </trkpt>
      <trkpt lat="49.12741164676845" lon="2.690009130164981">
        <ele>79.5999984741211</ele>
        <time>2024-09-28T08:30:58Z</time>
        <extensions>
          <ns3:TrackPointExtension>
            <ns3:atemp>12.0</ns3:atemp>
          </ns3:TrackPointExtension>
        </extensions>
      </trkpt>
      <trkpt lat="49.12736026570201" lon="2.6897397357970476">
        <ele>80.0</ele>
        <time>2024-09-28T08:31:03Z</time>
        <extensions>
          <ns3:TrackPointExtension>
            <ns3:atemp>12.0</ns3:atemp>
          </ns3:TrackPointExtension>
        </extensions>
      </trkpt>
      <trkpt lat="49.12736177444458" lon="2.689597075805068">
        <ele>80.4000015258789</ele>
        <time>2024-09-28T08:31:06Z</time>
        <extensions>
          <ns3:TrackPointExtension>
            <ns3:atemp>12.0</ns3:atemp>
          </ns3:TrackPointExtension>
        </extensions>
      </trkpt>
      <trkpt lat="49.12747702561319" lon="2.6892265118658543">
        <ele>82.5999984741211</ele>
        <time>2024-09-28T08:31:28Z</time>
        <extensions>
          <ns3:TrackPointExtension>
            <ns3:atemp>12.0</ns3:atemp>
          </ns3:TrackPointExtension>
        </extensions>
      </trkpt>
      <trkpt lat="49.12713512778282" lon="2.6888226717710495">
        <ele>83.19999694824219</ele>
        <time>2024-09-28T08:31:42Z</time>
        <extensions>
          <ns3:TrackPointExtension>
            <ns3:atemp>12.0</ns3:atemp>
          </ns3:TrackPointExtension>
        </extensions>
      </trkpt>
      <trkpt lat="49.12570785731077" lon="2.686125123873353">
        <ele>93.80000305175781</ele>
        <time>2024-09-28T08:32:32Z</time>
        <extensions>
          <ns3:TrackPointExtension>
            <ns3:atemp>12.0</ns3:atemp>
          </ns3:TrackPointExtension>
        </extensions>
      </trkpt>
      <trkpt lat="49.12565262056887" lon="2.6858242135494947">
        <ele>94.80000305175781</ele>
        <time>2024-09-28T08:32:37Z</time>
        <extensions>
          <ns3:TrackPointExtension>
            <ns3:atemp>12.0</ns3:atemp>
          </ns3:TrackPointExtension>
        </extensions>
      </trkpt>
      <trkpt lat="49.1257996391505" lon="2.6854272466152906">
        <ele>96.0</ele>
        <time>2024-09-28T08:32:45Z</time>
        <extensions>
          <ns3:TrackPointExtension>
            <ns3:atemp>12.0</ns3:atemp>
          </ns3:TrackPointExtension>
        </extensions>
      </trkpt>
      <trkpt lat="49.125789664685726" lon="2.6851393282413483">
        <ele>96.19999694824219</ele>
        <time>2024-09-28T08:32:49Z</time>
        <extensions>
          <ns3:TrackPointExtension>
            <ns3:atemp>12.0</ns3:atemp>
          </ns3:TrackPointExtension>
        </extensions>
      </trkpt>
      <trkpt lat="49.125698721036315" lon="2.6849623024463654">
        <ele>96.19999694824219</ele>
        <time>2024-09-28T08:32:52Z</time>
        <extensions>
          <ns3:TrackPointExtension>
            <ns3:atemp>12.0</ns3:atemp>
          </ns3:TrackPointExtension>
        </extensions>
      </trkpt>
      <trkpt lat="49.12542035803199" lon="2.6847260165959597">
        <ele>96.5999984741211</ele>
        <time>2024-09-28T08:32:59Z</time>
        <extensions>
          <ns3:TrackPointExtension>
            <ns3:atemp>12.0</ns3:atemp>
          </ns3:TrackPointExtension>
        </extensions>
      </trkpt>
      <trkpt lat="49.125328324735165" lon="2.684508925303817">
        <ele>97.0</ele>
        <time>2024-09-28T08:33:03Z</time>
        <extensions>
          <ns3:TrackPointExtension>
            <ns3:atemp>12.0</ns3:atemp>
          </ns3:TrackPointExtension>
        </extensions>
      </trkpt>
      <trkpt lat="49.125249618664384" lon="2.684189323335886">
        <ele>98.0</ele>
        <time>2024-09-28T08:33:08Z</time>
        <extensions>
          <ns3:TrackPointExtension>
            <ns3:atemp>12.0</ns3:atemp>
          </ns3:TrackPointExtension>
        </extensions>
      </trkpt>
      <trkpt lat="49.12519136443734" lon="2.6836881693452597">
        <ele>99.19999694824219</ele>
        <time>2024-09-28T08:33:15Z</time>
        <extensions>
          <ns3:TrackPointExtension>
            <ns3:atemp>12.0</ns3:atemp>
          </ns3:TrackPointExtension>
        </extensions>
      </trkpt>
      <trkpt lat="49.12504618987441" lon="2.6811513863503933">
        <ele>102.4000015258789</ele>
        <time>2024-09-28T08:33:46Z</time>
        <extensions>
          <ns3:TrackPointExtension>
            <ns3:atemp>12.0</ns3:atemp>
          </ns3:TrackPointExtension>
        </extensions>
      </trkpt>
      <trkpt lat="49.12474326789379" lon="2.6769565790891647">
        <ele>101.4000015258789</ele>
        <time>2024-09-28T08:34:28Z</time>
        <extensions>
          <ns3:TrackPointExtension>
            <ns3:atemp>11.0</ns3:atemp>
          </ns3:TrackPointExtension>
        </extensions>
      </trkpt>
      <trkpt lat="49.12424429319799" lon="2.674141265451908">
        <ele>100.19999694824219</ele>
        <time>2024-09-28T08:34:54Z</time>
        <extensions>
          <ns3:TrackPointExtension>
            <ns3:atemp>11.0</ns3:atemp>
          </ns3:TrackPointExtension>
        </extensions>
      </trkpt>
      <trkpt lat="49.12418763153255" lon="2.6736113615334034">
        <ele>100.4000015258789</ele>
        <time>2024-09-28T08:34:59Z</time>
        <extensions>
          <ns3:TrackPointExtension>
            <ns3:atemp>11.0</ns3:atemp>
          </ns3:TrackPointExtension>
        </extensions>
      </trkpt>
      <trkpt lat="49.124099873006344" lon="2.6718945801258087">
        <ele>102.19999694824219</ele>
        <time>2024-09-28T08:35:18Z</time>
        <extensions>
          <ns3:TrackPointExtension>
            <ns3:atemp>11.0</ns3:atemp>
          </ns3:TrackPointExtension>
        </extensions>
      </trkpt>
      <trkpt lat="49.12402401678264" lon="2.671126127243042">
        <ele>102.80000305175781</ele>
        <time>2024-09-28T08:35:25Z</time>
        <extensions>
          <ns3:TrackPointExtension>
            <ns3:atemp>11.0</ns3:atemp>
          </ns3:TrackPointExtension>
        </extensions>
      </trkpt>
      <trkpt lat="49.12367708981037" lon="2.6691121235489845">
        <ele>102.80000305175781</ele>
        <time>2024-09-28T08:35:44Z</time>
        <extensions>
          <ns3:TrackPointExtension>
            <ns3:atemp>11.0</ns3:atemp>
          </ns3:TrackPointExtension>
        </extensions>
      </trkpt>
      <trkpt lat="49.12333494052291" lon="2.667699186131358">
        <ele>104.5999984741211</ele>
        <time>2024-09-28T08:36:00Z</time>
        <extensions>
          <ns3:TrackPointExtension>
            <ns3:atemp>11.0</ns3:atemp>
          </ns3:TrackPointExtension>
        </extensions>
      </trkpt>
      <trkpt lat="49.12275943905115" lon="2.6659246534109116">
        <ele>106.4000015258789</ele>
        <time>2024-09-28T08:36:21Z</time>
        <extensions>
          <ns3:TrackPointExtension>
            <ns3:atemp>11.0</ns3:atemp>
          </ns3:TrackPointExtension>
        </extensions>
      </trkpt>
      <trkpt lat="49.12233875133097" lon="2.6647981256246567">
        <ele>108.0</ele>
        <time>2024-09-28T08:36:36Z</time>
        <extensions>
          <ns3:TrackPointExtension>
            <ns3:atemp>11.0</ns3:atemp>
          </ns3:TrackPointExtension>
        </extensions>
      </trkpt>
      <trkpt lat="49.12160583771765" lon="2.66335585154593">
        <ele>108.4000015258789</ele>
        <time>2024-09-28T08:36:56Z</time>
        <extensions>
          <ns3:TrackPointExtension>
            <ns3:atemp>10.0</ns3:atemp>
          </ns3:TrackPointExtension>
        </extensions>
      </trkpt>
      <trkpt lat="49.121160842478275" lon="2.66240106895566">
        <ele>108.4000015258789</ele>
        <time>2024-09-28T08:37:07Z</time>
        <extensions>
          <ns3:TrackPointExtension>
            <ns3:atemp>10.0</ns3:atemp>
          </ns3:TrackPointExtension>
        </extensions>
      </trkpt>
      <trkpt lat="49.11913309246302" lon="2.6583486702293158">
        <ele>106.5999984741211</ele>
        <time>2024-09-28T08:37:56Z</time>
        <extensions>
          <ns3:TrackPointExtension>
            <ns3:atemp>10.0</ns3:atemp>
          </ns3:TrackPointExtension>
        </extensions>
      </trkpt>
      <trkpt lat="49.11805551499128" lon="2.6561511866748333">
        <ele>105.80000305175781</ele>
        <time>2024-09-28T08:38:19Z</time>
        <extensions>
          <ns3:TrackPointExtension>
            <ns3:atemp>10.0</ns3:atemp>
          </ns3:TrackPointExtension>
        </extensions>
      </trkpt>
      <trkpt lat="49.11793766543269" lon="2.6558351889252663">
        <ele>105.5999984741211</ele>
        <time>2024-09-28T08:38:22Z</time>
        <extensions>
          <ns3:TrackPointExtension>
            <ns3:atemp>10.0</ns3:atemp>
          </ns3:TrackPointExtension>
        </extensions>
      </trkpt>
      <trkpt lat="49.11782073788345" lon="2.6552911195904016">
        <ele>104.80000305175781</ele>
        <time>2024-09-28T08:38:27Z</time>
        <extensions>
          <ns3:TrackPointExtension>
            <ns3:atemp>10.0</ns3:atemp>
          </ns3:TrackPointExtension>
        </extensions>
      </trkpt>
      <trkpt lat="49.11704926751554" lon="2.648398680612445">
        <ele>99.0</ele>
        <time>2024-09-28T08:39:22Z</time>
        <extensions>
          <ns3:TrackPointExtension>
            <ns3:atemp>10.0</ns3:atemp>
          </ns3:TrackPointExtension>
        </extensions>
      </trkpt>
      <trkpt lat="49.11692747846246" lon="2.647868525236845">
        <ele>98.0</ele>
        <time>2024-09-28T08:39:26Z</time>
        <extensions>
          <ns3:TrackPointExtension>
            <ns3:atemp>10.0</ns3:atemp>
          </ns3:TrackPointExtension>
        </extensions>
      </trkpt>
      <trkpt lat="49.116620533168316" lon="2.64697945676744">
        <ele>96.80000305175781</ele>
        <time>2024-09-28T08:39:33Z</time>
        <extensions>
          <ns3:TrackPointExtension>
            <ns3:atemp>10.0</ns3:atemp>
          </ns3:TrackPointExtension>
        </extensions>
      </trkpt>
      <trkpt lat="49.116421127691865" lon="2.6465340424329042">
        <ele>96.4000015258789</ele>
        <time>2024-09-28T08:39:37Z</time>
        <extensions>
          <ns3:TrackPointExtension>
            <ns3:atemp>10.0</ns3:atemp>
          </ns3:TrackPointExtension>
        </extensions>
      </trkpt>
      <trkpt lat="49.11623555235565" lon="2.6462506502866745">
        <ele>96.0</ele>
        <time>2024-09-28T08:39:40Z</time>
        <extensions>
          <ns3:TrackPointExtension>
            <ns3:atemp>10.0</ns3:atemp>
          </ns3:TrackPointExtension>
        </extensions>
      </trkpt>
      <trkpt lat="49.114698646590114" lon="2.6447422429919243">
        <ele>95.4000015258789</ele>
        <time>2024-09-28T08:40:03Z</time>
        <extensions>
          <ns3:TrackPointExtension>
            <ns3:atemp>10.0</ns3:atemp>
          </ns3:TrackPointExtension>
        </extensions>
      </trkpt>
      <trkpt lat="49.1144179366529" lon="2.6444181986153126">
        <ele>94.19999694824219</ele>
        <time>2024-09-28T08:40:07Z</time>
        <extensions>
          <ns3:TrackPointExtension>
            <ns3:atemp>10.0</ns3:atemp>
          </ns3:TrackPointExtension>
        </extensions>
      </trkpt>
      <trkpt lat="49.114093137905" lon="2.643850576132536">
        <ele>91.5999984741211</ele>
        <time>2024-09-28T08:40:12Z</time>
        <extensions>
          <ns3:TrackPointExtension>
            <ns3:atemp>10.0</ns3:atemp>
          </ns3:TrackPointExtension>
        </extensions>
      </trkpt>
      <trkpt lat="49.11369239911437" lon="2.6430151518434286">
        <ele>90.0</ele>
        <time>2024-09-28T08:40:20Z</time>
        <extensions>
          <ns3:TrackPointExtension>
            <ns3:atemp>10.0</ns3:atemp>
          </ns3:TrackPointExtension>
        </extensions>
      </trkpt>
      <trkpt lat="49.11359676159918" lon="2.6427347771823406">
        <ele>91.0</ele>
        <time>2024-09-28T08:40:23Z</time>
        <extensions>
          <ns3:TrackPointExtension>
            <ns3:atemp>10.0</ns3:atemp>
          </ns3:TrackPointExtension>
        </extensions>
      </trkpt>
      <trkpt lat="49.113581757992506" lon="2.6424087211489677">
        <ele>91.80000305175781</ele>
        <time>2024-09-28T08:40:26Z</time>
        <extensions>
          <ns3:TrackPointExtension>
            <ns3:atemp>10.0</ns3:atemp>
          </ns3:TrackPointExtension>
        </extensions>
      </trkpt>
      <trkpt lat="49.11372232250869" lon="2.6413789205253124">
        <ele>93.0</ele>
        <time>2024-09-28T08:40:36Z</time>
        <extensions>
          <ns3:TrackPointExtension>
            <ns3:atemp>10.0</ns3:atemp>
          </ns3:TrackPointExtension>
        </extensions>
      </trkpt>
      <trkpt lat="49.11375601775944" lon="2.6407368667423725">
        <ele>93.4000015258789</ele>
        <time>2024-09-28T08:40:44Z</time>
        <extensions>
          <ns3:TrackPointExtension>
            <ns3:atemp>10.0</ns3:atemp>
          </ns3:TrackPointExtension>
        </extensions>
      </trkpt>
      <trkpt lat="49.113713605329394" lon="2.6403690688312054">
        <ele>93.5999984741211</ele>
        <time>2024-09-28T08:40:48Z</time>
        <extensions>
          <ns3:TrackPointExtension>
            <ns3:atemp>10.0</ns3:atemp>
          </ns3:TrackPointExtension>
        </extensions>
      </trkpt>
      <trkpt lat="49.11356843076646" lon="2.639725925400853">
        <ele>93.80000305175781</ele>
        <time>2024-09-28T08:40:55Z</time>
        <extensions>
          <ns3:TrackPointExtension>
            <ns3:atemp>10.0</ns3:atemp>
          </ns3:TrackPointExtension>
        </extensions>
      </trkpt>
      <trkpt lat="49.113363325595856" lon="2.6385221164673567">
        <ele>94.0</ele>
        <time>2024-09-28T08:41:07Z</time>
        <extensions>
          <ns3:TrackPointExtension>
            <ns3:atemp>10.0</ns3:atemp>
          </ns3:TrackPointExtension>
        </extensions>
      </trkpt>
      <trkpt lat="49.11335142329335" lon="2.6381092239171267">
        <ele>94.19999694824219</ele>
        <time>2024-09-28T08:41:11Z</time>
        <extensions>
          <ns3:TrackPointExtension>
            <ns3:atemp>10.0</ns3:atemp>
          </ns3:TrackPointExtension>
        </extensions>
      </trkpt>
      <trkpt lat="49.113405318930745" lon="2.6378064695745707">
        <ele>94.0</ele>
        <time>2024-09-28T08:41:14Z</time>
        <extensions>
          <ns3:TrackPointExtension>
            <ns3:atemp>10.0</ns3:atemp>
          </ns3:TrackPointExtension>
        </extensions>
      </trkpt>
      <trkpt lat="49.11368250846863" lon="2.6367421355098486">
        <ele>93.0</ele>
        <time>2024-09-28T08:41:24Z</time>
        <extensions>
          <ns3:TrackPointExtension>
            <ns3:atemp>10.0</ns3:atemp>
          </ns3:TrackPointExtension>
        </extensions>
      </trkpt>
      <trkpt lat="49.113817708566785" lon="2.6354318764060736">
        <ele>93.0</ele>
        <time>2024-09-28T08:41:37Z</time>
        <extensions>
          <ns3:TrackPointExtension>
            <ns3:atemp>11.0</ns3:atemp>
          </ns3:TrackPointExtension>
        </extensions>
      </trkpt>
      <trkpt lat="49.11393874324858" lon="2.634725198149681">
        <ele>94.0</ele>
        <time>2024-09-28T08:41:45Z</time>
        <extensions>
          <ns3:TrackPointExtension>
            <ns3:atemp>11.0</ns3:atemp>
          </ns3:TrackPointExtension>
        </extensions>
      </trkpt>
      <trkpt lat="49.11432598717511" lon="2.6328116934746504">
        <ele>93.4000015258789</ele>
        <time>2024-09-28T08:42:05Z</time>
        <extensions>
          <ns3:TrackPointExtension>
            <ns3:atemp>11.0</ns3:atemp>
          </ns3:TrackPointExtension>
        </extensions>
      </trkpt>
      <trkpt lat="49.11465397104621" lon="2.6314510591328144">
        <ele>94.19999694824219</ele>
        <time>2024-09-28T08:42:20Z</time>
        <extensions>
          <ns3:TrackPointExtension>
            <ns3:atemp>11.0</ns3:atemp>
          </ns3:TrackPointExtension>
        </extensions>
      </trkpt>
      <trkpt lat="49.11469445563853" lon="2.6309571973979473">
        <ele>94.19999694824219</ele>
        <time>2024-09-28T08:42:25Z</time>
        <extensions>
          <ns3:TrackPointExtension>
            <ns3:atemp>11.0</ns3:atemp>
          </ns3:TrackPointExtension>
        </extensions>
      </trkpt>
      <trkpt lat="49.11468054167926" lon="2.628388563171029">
        <ele>97.19999694824219</ele>
        <time>2024-09-28T08:42:54Z</time>
        <extensions>
          <ns3:TrackPointExtension>
            <ns3:atemp>11.0</ns3:atemp>
          </ns3:TrackPointExtension>
        </extensions>
      </trkpt>
      <trkpt lat="49.114759331569076" lon="2.6275499537587166">
        <ele>97.19999694824219</ele>
        <time>2024-09-28T08:43:03Z</time>
        <extensions>
          <ns3:TrackPointExtension>
            <ns3:atemp>11.0</ns3:atemp>
          </ns3:TrackPointExtension>
        </extensions>
      </trkpt>
      <trkpt lat="49.11487718112767" lon="2.6269997656345367">
        <ele>97.19999694824219</ele>
        <time>2024-09-28T08:43:09Z</time>
        <extensions>
          <ns3:TrackPointExtension>
            <ns3:atemp>11.0</ns3:atemp>
          </ns3:TrackPointExtension>
        </extensions>
      </trkpt>
      <trkpt lat="49.11525369621813" lon="2.6257838029414415">
        <ele>97.4000015258789</ele>
        <time>2024-09-28T08:43:23Z</time>
        <extensions>
          <ns3:TrackPointExtension>
            <ns3:atemp>11.0</ns3:atemp>
          </ns3:TrackPointExtension>
        </extensions>
      </trkpt>
      <trkpt lat="49.11649673245847" lon="2.620898075401783">
        <ele>96.4000015258789</ele>
        <time>2024-09-28T08:44:17Z</time>
        <extensions>
          <ns3:TrackPointExtension>
            <ns3:atemp>11.0</ns3:atemp>
          </ns3:TrackPointExtension>
        </extensions>
      </trkpt>
      <trkpt lat="49.11655884236097" lon="2.620392395183444">
        <ele>95.80000305175781</ele>
        <time>2024-09-28T08:44:22Z</time>
        <extensions>
          <ns3:TrackPointExtension>
            <ns3:atemp>11.0</ns3:atemp>
          </ns3:TrackPointExtension>
        </extensions>
      </trkpt>
      <trkpt lat="49.11650628782809" lon="2.6198784168809652">
        <ele>95.80000305175781</ele>
        <time>2024-09-28T08:44:27Z</time>
        <extensions>
          <ns3:TrackPointExtension>
            <ns3:atemp>11.0</ns3:atemp>
          </ns3:TrackPointExtension>
        </extensions>
      </trkpt>
      <trkpt lat="49.11635331809521" lon="2.619420848786831">
        <ele>95.4000015258789</ele>
        <time>2024-09-28T08:44:32Z</time>
        <extensions>
          <ns3:TrackPointExtension>
            <ns3:atemp>11.0</ns3:atemp>
          </ns3:TrackPointExtension>
        </extensions>
      </trkpt>
      <trkpt lat="49.115885524079204" lon="2.61861652135849">
        <ele>95.80000305175781</ele>
        <time>2024-09-28T08:44:43Z</time>
        <extensions>
          <ns3:TrackPointExtension>
            <ns3:atemp>12.0</ns3:atemp>
          </ns3:TrackPointExtension>
        </extensions>
      </trkpt>
      <trkpt lat="49.11247090436518" lon="2.6131209265440702">
        <ele>101.0</ele>
        <time>2024-09-28T08:46:06Z</time>
        <extensions>
          <ns3:TrackPointExtension>
            <ns3:atemp>12.0</ns3:atemp>
          </ns3:TrackPointExtension>
        </extensions>
      </trkpt>
      <trkpt lat="49.112098244950175" lon="2.6126149110496044">
        <ele>100.80000305175781</ele>
        <time>2024-09-28T08:46:15Z</time>
        <extensions>
          <ns3:TrackPointExtension>
            <ns3:atemp>13.0</ns3:atemp>
          </ns3:TrackPointExtension>
        </extensions>
      </trkpt>
      <trkpt lat="49.11103609018028" lon="2.6113971043378115">
        <ele>98.5999984741211</ele>
        <time>2024-09-28T08:46:36Z</time>
        <extensions>
          <ns3:TrackPointExtension>
            <ns3:atemp>13.0</ns3:atemp>
          </ns3:TrackPointExtension>
        </extensions>
      </trkpt>
      <trkpt lat="49.1108278837055" lon="2.611063001677394">
        <ele>98.19999694824219</ele>
        <time>2024-09-28T08:46:40Z</time>
        <extensions>
          <ns3:TrackPointExtension>
            <ns3:atemp>13.0</ns3:atemp>
          </ns3:TrackPointExtension>
        </extensions>
      </trkpt>
      <trkpt lat="49.11069075576961" lon="2.6107682939618826">
        <ele>97.4000015258789</ele>
        <time>2024-09-28T08:46:43Z</time>
        <extensions>
          <ns3:TrackPointExtension>
            <ns3:atemp>13.0</ns3:atemp>
          </ns3:TrackPointExtension>
        </extensions>
      </trkpt>
      <trkpt lat="49.110596124082804" lon="2.6104422379285097">
        <ele>96.5999984741211</ele>
        <time>2024-09-28T08:46:46Z</time>
        <extensions>
          <ns3:TrackPointExtension>
            <ns3:atemp>13.0</ns3:atemp>
          </ns3:TrackPointExtension>
        </extensions>
      </trkpt>
      <trkpt lat="49.1105324216187" lon="2.609951226040721">
        <ele>95.5999984741211</ele>
        <time>2024-09-28T08:46:50Z</time>
        <extensions>
          <ns3:TrackPointExtension>
            <ns3:atemp>13.0</ns3:atemp>
          </ns3:TrackPointExtension>
        </extensions>
      </trkpt>
      <trkpt lat="49.1106066852808" lon="2.60835288092494">
        <ele>94.19999694824219</ele>
        <time>2024-09-28T08:47:04Z</time>
        <extensions>
          <ns3:TrackPointExtension>
            <ns3:atemp>13.0</ns3:atemp>
          </ns3:TrackPointExtension>
        </extensions>
      </trkpt>
      <trkpt lat="49.11078555509448" lon="2.6065279729664326">
        <ele>100.80000305175781</ele>
        <time>2024-09-28T08:47:30Z</time>
        <extensions>
          <ns3:TrackPointExtension>
            <ns3:atemp>13.0</ns3:atemp>
          </ns3:TrackPointExtension>
        </extensions>
      </trkpt>
      <trkpt lat="49.11131864413619" lon="2.603597491979599">
        <ele>105.19999694824219</ele>
        <time>2024-09-28T08:48:10Z</time>
        <extensions>
          <ns3:TrackPointExtension>
            <ns3:atemp>12.0</ns3:atemp>
          </ns3:TrackPointExtension>
        </extensions>
      </trkpt>
      <trkpt lat="49.11138259805739" lon="2.6026334892958403">
        <ele>105.0</ele>
        <time>2024-09-28T08:48:21Z</time>
        <extensions>
          <ns3:TrackPointExtension>
            <ns3:atemp>12.0</ns3:atemp>
          </ns3:TrackPointExtension>
        </extensions>
      </trkpt>
      <trkpt lat="49.11132903769612" lon="2.6022734865546227">
        <ele>104.5999984741211</ele>
        <time>2024-09-28T08:48:25Z</time>
        <extensions>
          <ns3:TrackPointExtension>
            <ns3:atemp>12.0</ns3:atemp>
          </ns3:TrackPointExtension>
        </extensions>
      </trkpt>
      <trkpt lat="49.11121177487075" lon="2.602047175168991">
        <ele>104.4000015258789</ele>
        <time>2024-09-28T08:48:28Z</time>
        <extensions>
          <ns3:TrackPointExtension>
            <ns3:atemp>12.0</ns3:atemp>
          </ns3:TrackPointExtension>
        </extensions>
      </trkpt>
      <trkpt lat="49.11075663752854" lon="2.6015449315309525">
        <ele>103.80000305175781</ele>
        <time>2024-09-28T08:48:36Z</time>
        <extensions>
          <ns3:TrackPointExtension>
            <ns3:atemp>12.0</ns3:atemp>
          </ns3:TrackPointExtension>
        </extensions>
      </trkpt>
      <trkpt lat="49.108313312754035" lon="2.5993311032652855">
        <ele>104.5999984741211</ele>
        <time>2024-09-28T08:49:19Z</time>
        <extensions>
          <ns3:TrackPointExtension>
            <ns3:atemp>12.0</ns3:atemp>
          </ns3:TrackPointExtension>
        </extensions>
      </trkpt>
      <trkpt lat="49.10722835920751" lon="2.598095191642642">
        <ele>105.19999694824219</ele>
        <time>2024-09-28T08:49:41Z</time>
        <extensions>
          <ns3:TrackPointExtension>
            <ns3:atemp>12.0</ns3:atemp>
          </ns3:TrackPointExtension>
        </extensions>
      </trkpt>
      <trkpt lat="49.10691596567631" lon="2.5975563190877438">
        <ele>105.19999694824219</ele>
        <time>2024-09-28T08:49:48Z</time>
        <extensions>
          <ns3:TrackPointExtension>
            <ns3:atemp>12.0</ns3:atemp>
          </ns3:TrackPointExtension>
        </extensions>
      </trkpt>
      <trkpt lat="49.106617318466306" lon="2.5966782309114933">
        <ele>105.0</ele>
        <time>2024-09-28T08:49:58Z</time>
        <extensions>
          <ns3:TrackPointExtension>
            <ns3:atemp>12.0</ns3:atemp>
          </ns3:TrackPointExtension>
        </extensions>
      </trkpt>
      <trkpt lat="49.10626460798085" lon="2.5950398202985525">
        <ele>105.0</ele>
        <time>2024-09-28T08:50:15Z</time>
        <extensions>
          <ns3:TrackPointExtension>
            <ns3:atemp>12.0</ns3:atemp>
          </ns3:TrackPointExtension>
        </extensions>
      </trkpt>
      <trkpt lat="49.10605254583061" lon="2.5936005637049675">
        <ele>104.19999694824219</ele>
        <time>2024-09-28T08:50:30Z</time>
        <extensions>
          <ns3:TrackPointExtension>
            <ns3:atemp>12.0</ns3:atemp>
          </ns3:TrackPointExtension>
        </extensions>
      </trkpt>
      <trkpt lat="49.105758257210255" lon="2.5908451806753874">
        <ele>101.0</ele>
        <time>2024-09-28T08:50:55Z</time>
        <extensions>
          <ns3:TrackPointExtension>
            <ns3:atemp>12.0</ns3:atemp>
          </ns3:TrackPointExtension>
        </extensions>
      </trkpt>
      <trkpt lat="49.10544762387872" lon="2.588929496705532">
        <ele>99.80000305175781</ele>
        <time>2024-09-28T08:51:13Z</time>
        <extensions>
          <ns3:TrackPointExtension>
            <ns3:atemp>12.0</ns3:atemp>
          </ns3:TrackPointExtension>
        </extensions>
      </trkpt>
      <trkpt lat="49.10523748956621" lon="2.588500427082181">
        <ele>100.0</ele>
        <time>2024-09-28T08:51:18Z</time>
        <extensions>
          <ns3:TrackPointExtension>
            <ns3:atemp>12.0</ns3:atemp>
          </ns3:TrackPointExtension>
        </extensions>
      </trkpt>
      <trkpt lat="49.104820154607296" lon="2.588020730763674">
        <ele>100.4000015258789</ele>
        <time>2024-09-28T08:51:26Z</time>
        <extensions>
          <ns3:TrackPointExtension>
            <ns3:atemp>13.0</ns3:atemp>
          </ns3:TrackPointExtension>
        </extensions>
      </trkpt>
      <trkpt lat="49.104099897667766" lon="2.5869314186275005">
        <ele>101.80000305175781</ele>
        <time>2024-09-28T08:51:43Z</time>
        <extensions>
          <ns3:TrackPointExtension>
            <ns3:atemp>13.0</ns3:atemp>
          </ns3:TrackPointExtension>
        </extensions>
      </trkpt>
      <trkpt lat="49.1039667930454" lon="2.586673004552722">
        <ele>102.5999984741211</ele>
        <time>2024-09-28T08:51:47Z</time>
        <extensions>
          <ns3:TrackPointExtension>
            <ns3:atemp>13.0</ns3:atemp>
          </ns3:TrackPointExtension>
        </extensions>
      </trkpt>
      <trkpt lat="49.10373771563172" lon="2.5859890412539244">
        <ele>103.5999984741211</ele>
        <time>2024-09-28T08:51:57Z</time>
        <extensions>
          <ns3:TrackPointExtension>
            <ns3:atemp>13.0</ns3:atemp>
          </ns3:TrackPointExtension>
        </extensions>
      </trkpt>
      <trkpt lat="49.103321051225066" lon="2.5852262880653143">
        <ele>105.80000305175781</ele>
        <time>2024-09-28T08:52:11Z</time>
        <extensions>
          <ns3:TrackPointExtension>
            <ns3:atemp>13.0</ns3:atemp>
          </ns3:TrackPointExtension>
        </extensions>
      </trkpt>
      <trkpt lat="49.10328257828951" lon="2.5850816164165735">
        <ele>105.80000305175781</ele>
        <time>2024-09-28T08:52:13Z</time>
        <extensions>
          <ns3:TrackPointExtension>
            <ns3:atemp>12.0</ns3:atemp>
          </ns3:TrackPointExtension>
        </extensions>
      </trkpt>
      <trkpt lat="49.10330403596163" lon="2.5849163252860308">
        <ele>105.80000305175781</ele>
        <time>2024-09-28T08:52:15Z</time>
        <extensions>
          <ns3:TrackPointExtension>
            <ns3:atemp>13.0</ns3:atemp>
          </ns3:TrackPointExtension>
        </extensions>
      </trkpt>
      <trkpt lat="49.10340880975127" lon="2.584595549851656">
        <ele>105.5999984741211</ele>
        <time>2024-09-28T08:52:19Z</time>
        <extensions>
          <ns3:TrackPointExtension>
            <ns3:atemp>13.0</ns3:atemp>
          </ns3:TrackPointExtension>
        </extensions>
      </trkpt>
      <trkpt lat="49.103662110865116" lon="2.5840261671692133">
        <ele>105.19999694824219</ele>
        <time>2024-09-28T08:52:27Z</time>
        <extensions>
          <ns3:TrackPointExtension>
            <ns3:atemp>13.0</ns3:atemp>
          </ns3:TrackPointExtension>
        </extensions>
      </trkpt>
      <trkpt lat="49.10394508391619" lon="2.5832577142864466">
        <ele>105.19999694824219</ele>
        <time>2024-09-28T08:52:38Z</time>
        <extensions>
          <ns3:TrackPointExtension>
            <ns3:atemp>13.0</ns3:atemp>
          </ns3:TrackPointExtension>
        </extensions>
      </trkpt>
      <trkpt lat="49.10410710610449" lon="2.5824351981282234">
        <ele>106.0</ele>
        <time>2024-09-28T08:52:49Z</time>
        <extensions>
          <ns3:TrackPointExtension>
            <ns3:atemp>13.0</ns3:atemp>
          </ns3:TrackPointExtension>
        </extensions>
      </trkpt>
      <trkpt lat="49.10426736809313" lon="2.582051642239094">
        <ele>106.4000015258789</ele>
        <time>2024-09-28T08:52:55Z</time>
        <extensions>
          <ns3:TrackPointExtension>
            <ns3:atemp>13.0</ns3:atemp>
          </ns3:TrackPointExtension>
        </extensions>
      </trkpt>
      <trkpt lat="49.10447582602501" lon="2.5816726963967085">
        <ele>106.5999984741211</ele>
        <time>2024-09-28T08:53:02Z</time>
        <extensions>
          <ns3:TrackPointExtension>
            <ns3:atemp>13.0</ns3:atemp>
          </ns3:TrackPointExtension>
        </extensions>
      </trkpt>
      <trkpt lat="49.104642290621996" lon="2.5814470555633307">
        <ele>107.0</ele>
        <time>2024-09-28T08:53:07Z</time>
        <extensions>
          <ns3:TrackPointExtension>
            <ns3:atemp>13.0</ns3:atemp>
          </ns3:TrackPointExtension>
        </extensions>
      </trkpt>
      <trkpt lat="49.1049649938941" lon="2.581111276522279">
        <ele>108.0</ele>
        <time>2024-09-28T08:53:17Z</time>
        <extensions>
          <ns3:TrackPointExtension>
            <ns3:atemp>13.0</ns3:atemp>
          </ns3:TrackPointExtension>
        </extensions>
      </trkpt>
      <trkpt lat="49.10578935407102" lon="2.580732414498925">
        <ele>111.5999984741211</ele>
        <time>2024-09-28T08:53:42Z</time>
        <extensions>
          <ns3:TrackPointExtension>
            <ns3:atemp>13.0</ns3:atemp>
          </ns3:TrackPointExtension>
        </extensions>
      </trkpt>
      <trkpt lat="49.10659845918417" lon="2.5802764389663935">
        <ele>115.5999984741211</ele>
        <time>2024-09-28T08:54:07Z</time>
        <extensions>
          <ns3:TrackPointExtension>
            <ns3:atemp>13.0</ns3:atemp>
          </ns3:TrackPointExtension>
        </extensions>
      </trkpt>
      <trkpt lat="49.10665503703058" lon="2.5802013371139765">
        <ele>115.80000305175781</ele>
        <time>2024-09-28T08:54:09Z</time>
        <extensions>
          <ns3:TrackPointExtension>
            <ns3:atemp>13.0</ns3:atemp>
          </ns3:TrackPointExtension>
        </extensions>
      </trkpt>
      <trkpt lat="49.1066540312022" lon="2.5800881814211607">
        <ele>115.80000305175781</ele>
        <time>2024-09-28T08:54:11Z</time>
        <extensions>
          <ns3:TrackPointExtension>
            <ns3:atemp>13.0</ns3:atemp>
          </ns3:TrackPointExtension>
        </extensions>
      </trkpt>
      <trkpt lat="49.10648999735713" lon="2.5794296991080046">
        <ele>115.5999984741211</ele>
        <time>2024-09-28T08:54:21Z</time>
        <extensions>
          <ns3:TrackPointExtension>
            <ns3:atemp>12.0</ns3:atemp>
          </ns3:TrackPointExtension>
        </extensions>
      </trkpt>
      <trkpt lat="49.106307523325086" lon="2.5780989043414593">
        <ele>114.5999984741211</ele>
        <time>2024-09-28T08:54:36Z</time>
        <extensions>
          <ns3:TrackPointExtension>
            <ns3:atemp>13.0</ns3:atemp>
          </ns3:TrackPointExtension>
        </extensions>
      </trkpt>
      <trkpt lat="49.10612563602626" lon="2.577131213620305">
        <ele>113.4000015258789</ele>
        <time>2024-09-28T08:54:46Z</time>
        <extensions>
          <ns3:TrackPointExtension>
            <ns3:atemp>13.0</ns3:atemp>
          </ns3:TrackPointExtension>
        </extensions>
      </trkpt>
      <trkpt lat="49.105934612452984" lon="2.576318085193634">
        <ele>113.0</ele>
        <time>2024-09-28T08:54:55Z</time>
        <extensions>
          <ns3:TrackPointExtension>
            <ns3:atemp>13.0</ns3:atemp>
          </ns3:TrackPointExtension>
        </extensions>
      </trkpt>
      <trkpt lat="49.10549556836486" lon="2.5747341569513083">
        <ele>113.19999694824219</ele>
        <time>2024-09-28T08:55:13Z</time>
        <extensions>
          <ns3:TrackPointExtension>
            <ns3:atemp>13.0</ns3:atemp>
          </ns3:TrackPointExtension>
        </extensions>
      </trkpt>
      <trkpt lat="49.105170434340835" lon="2.5726808421313763">
        <ele>114.4000015258789</ele>
        <time>2024-09-28T08:55:38Z</time>
        <extensions>
          <ns3:TrackPointExtension>
            <ns3:atemp>13.0</ns3:atemp>
          </ns3:TrackPointExtension>
        </extensions>
      </trkpt>
      <trkpt lat="49.10466299392283" lon="2.5705028045922518">
        <ele>116.19999694824219</ele>
        <time>2024-09-28T08:56:08Z</time>
        <extensions>
          <ns3:TrackPointExtension>
            <ns3:atemp>13.0</ns3:atemp>
          </ns3:TrackPointExtension>
        </extensions>
      </trkpt>
      <trkpt lat="49.104126300662756" lon="2.567900139838457">
        <ele>115.4000015258789</ele>
        <time>2024-09-28T08:56:39Z</time>
        <extensions>
          <ns3:TrackPointExtension>
            <ns3:atemp>13.0</ns3:atemp>
          </ns3:TrackPointExtension>
        </extensions>
      </trkpt>
      <trkpt lat="49.10397903062403" lon="2.567420359700918">
        <ele>114.80000305175781</ele>
        <time>2024-09-28T08:56:44Z</time>
        <extensions>
          <ns3:TrackPointExtension>
            <ns3:atemp>13.0</ns3:atemp>
          </ns3:TrackPointExtension>
        </extensions>
      </trkpt>
      <trkpt lat="49.103306801989675" lon="2.5657320767641068">
        <ele>113.0</ele>
        <time>2024-09-28T08:57:02Z</time>
        <extensions>
          <ns3:TrackPointExtension>
            <ns3:atemp>13.0</ns3:atemp>
          </ns3:TrackPointExtension>
        </extensions>
      </trkpt>
      <trkpt lat="49.1032244078815" lon="2.5654624309390783">
        <ele>113.19999694824219</ele>
        <time>2024-09-28T08:57:05Z</time>
        <extensions>
          <ns3:TrackPointExtension>
            <ns3:atemp>13.0</ns3:atemp>
          </ns3:TrackPointExtension>
        </extensions>
      </trkpt>
      <trkpt lat="49.10293489694595" lon="2.5637936778366566">
        <ele>115.0</ele>
        <time>2024-09-28T08:57:25Z</time>
        <extensions>
          <ns3:TrackPointExtension>
            <ns3:atemp>13.0</ns3:atemp>
          </ns3:TrackPointExtension>
        </extensions>
      </trkpt>
      <trkpt lat="49.10246073268354" lon="2.561604240909219">
        <ele>118.4000015258789</ele>
        <time>2024-09-28T08:58:02Z</time>
        <extensions>
          <ns3:TrackPointExtension>
            <ns3:atemp>13.0</ns3:atemp>
          </ns3:TrackPointExtension>
        </extensions>
      </trkpt>
      <trkpt lat="49.10153545439243" lon="2.5588327646255493">
        <ele>122.80000305175781</ele>
        <time>2024-09-28T08:58:46Z</time>
        <extensions>
          <ns3:TrackPointExtension>
            <ns3:atemp>13.0</ns3:atemp>
          </ns3:TrackPointExtension>
        </extensions>
      </trkpt>
      <trkpt lat="49.1011365596205" lon="2.5579409301280975">
        <ele>123.19999694824219</ele>
        <time>2024-09-28T08:59:00Z</time>
        <extensions>
          <ns3:TrackPointExtension>
            <ns3:atemp>13.0</ns3:atemp>
          </ns3:TrackPointExtension>
        </extensions>
      </trkpt>
      <trkpt lat="49.10095542669296" lon="2.5574235152453184">
        <ele>123.80000305175781</ele>
        <time>2024-09-28T08:59:07Z</time>
        <extensions>
          <ns3:TrackPointExtension>
            <ns3:atemp>13.0</ns3:atemp>
          </ns3:TrackPointExtension>
        </extensions>
      </trkpt>
      <trkpt lat="49.10084277391434" lon="2.5568656157702208">
        <ele>123.80000305175781</ele>
        <time>2024-09-28T08:59:14Z</time>
        <extensions>
          <ns3:TrackPointExtension>
            <ns3:atemp>13.0</ns3:atemp>
          </ns3:TrackPointExtension>
        </extensions>
      </trkpt>
      <trkpt lat="49.10066080279648" lon="2.555347988381982">
        <ele>124.5999984741211</ele>
        <time>2024-09-28T08:59:34Z</time>
        <extensions>
          <ns3:TrackPointExtension>
            <ns3:atemp>13.0</ns3:atemp>
          </ns3:TrackPointExtension>
        </extensions>
      </trkpt>
      <trkpt lat="49.10015503875911" lon="2.552563101053238">
        <ele>126.4000015258789</ele>
        <time>2024-09-28T09:00:11Z</time>
        <extensions>
          <ns3:TrackPointExtension>
            <ns3:atemp>14.0</ns3:atemp>
          </ns3:TrackPointExtension>
        </extensions>
      </trkpt>
      <trkpt lat="49.099844824522734" lon="2.5511289574205875">
        <ele>127.19999694824219</ele>
        <time>2024-09-28T09:00:31Z</time>
        <extensions>
          <ns3:TrackPointExtension>
            <ns3:atemp>13.0</ns3:atemp>
          </ns3:TrackPointExtension>
        </extensions>
      </trkpt>
      <trkpt lat="49.099653884768486" lon="2.5504169147461653">
        <ele>127.5999984741211</ele>
        <time>2024-09-28T09:00:42Z</time>
        <extensions>
          <ns3:TrackPointExtension>
            <ns3:atemp>13.0</ns3:atemp>
          </ns3:TrackPointExtension>
        </extensions>
      </trkpt>
      <trkpt lat="49.09959998913109" lon="2.5503017473965883">
        <ele>127.80000305175781</ele>
        <time>2024-09-28T09:00:45Z</time>
        <extensions>
          <ns3:TrackPointExtension>
            <ns3:atemp>13.0</ns3:atemp>
          </ns3:TrackPointExtension>
        </extensions>
      </trkpt>
      <trkpt lat="49.09949152730405" lon="2.5497772078961134">
        <ele>128.1999969482422</ele>
        <time>2024-09-28T09:00:51Z</time>
        <extensions>
          <ns3:TrackPointExtension>
            <ns3:atemp>13.0</ns3:atemp>
          </ns3:TrackPointExtension>
        </extensions>
      </trkpt>
      <trkpt lat="49.09925633110106" lon="2.549096178263426">
        <ele>128.8000030517578</ele>
        <time>2024-09-28T09:01:01Z</time>
        <extensions>
          <ns3:TrackPointExtension>
            <ns3:atemp>13.0</ns3:atemp>
          </ns3:TrackPointExtension>
        </extensions>
      </trkpt>
      <trkpt lat="49.09898794256151" lon="2.5484819523990154">
        <ele>129.1999969482422</ele>
        <time>2024-09-28T09:01:11Z</time>
        <extensions>
          <ns3:TrackPointExtension>
            <ns3:atemp>13.0</ns3:atemp>
          </ns3:TrackPointExtension>
        </extensions>
      </trkpt>
      <trkpt lat="49.098744448274374" lon="2.548193782567978">
        <ele>129.1999969482422</ele>
        <time>2024-09-28T09:01:17Z</time>
        <extensions>
          <ns3:TrackPointExtension>
            <ns3:atemp>13.0</ns3:atemp>
          </ns3:TrackPointExtension>
        </extensions>
      </trkpt>
      <trkpt lat="49.09830397926271" lon="2.547541754320264">
        <ele>129.60000610351562</ele>
        <time>2024-09-28T09:01:29Z</time>
        <extensions>
          <ns3:TrackPointExtension>
            <ns3:atemp>13.0</ns3:atemp>
          </ns3:TrackPointExtension>
        </extensions>
      </trkpt>
      <trkpt lat="49.09822041168809" lon="2.5473666563630104">
        <ele>130.0</ele>
        <time>2024-09-28T09:01:34Z</time>
        <extensions>
          <ns3:TrackPointExtension>
            <ns3:atemp>13.0</ns3:atemp>
          </ns3:TrackPointExtension>
        </extensions>
      </trkpt>
      <trkpt lat="49.098134161904454" lon="2.5473519042134285">
        <ele>129.39999389648438</ele>
        <time>2024-09-28T09:01:51Z</time>
        <extensions>
          <ns3:TrackPointExtension>
            <ns3:atemp>13.0</ns3:atemp>
          </ns3:TrackPointExtension>
        </extensions>
      </trkpt>
      <trkpt lat="49.09804992377758" lon="2.547398926690221">
        <ele>129.39999389648438</ele>
        <time>2024-09-28T09:01:56Z</time>
        <extensions>
          <ns3:TrackPointExtension>
            <ns3:atemp>13.0</ns3:atemp>
          </ns3:TrackPointExtension>
        </extensions>
      </trkpt>
      <trkpt lat="49.09805813804269" lon="2.5475839152932167">
        <ele>129.39999389648438</ele>
        <time>2024-09-28T09:02:01Z</time>
        <extensions>
          <ns3:TrackPointExtension>
            <ns3:atemp>13.0</ns3:atemp>
          </ns3:TrackPointExtension>
        </extensions>
      </trkpt>
      <trkpt lat="49.09809392876923" lon="2.54760998301208">
        <ele>129.1999969482422</ele>
        <time>2024-09-28T09:02:04Z</time>
        <extensions>
          <ns3:TrackPointExtension>
            <ns3:atemp>13.0</ns3:atemp>
          </ns3:TrackPointExtension>
        </extensions>
      </trkpt>
      <trkpt lat="49.098053108900785" lon="2.5476722605526447">
        <ele>129.60000610351562</ele>
        <time>2024-09-28T09:34:24Z</time>
        <extensions>
          <ns3:TrackPointExtension>
            <ns3:atemp>21.0</ns3:atemp>
          </ns3:TrackPointExtension>
        </extensions>
      </trkpt>
      <trkpt lat="49.09806023351848" lon="2.5472244154661894">
        <ele>131.1999969482422</ele>
        <time>2024-09-28T09:34:35Z</time>
        <extensions>
          <ns3:TrackPointExtension>
            <ns3:atemp>21.0</ns3:atemp>
          </ns3:TrackPointExtension>
        </extensions>
      </trkpt>
      <trkpt lat="49.0975430700928" lon="2.546356050297618">
        <ele>136.60000610351562</ele>
        <time>2024-09-28T09:34:51Z</time>
        <extensions>
          <ns3:TrackPointExtension>
            <ns3:atemp>21.0</ns3:atemp>
          </ns3:TrackPointExtension>
        </extensions>
      </trkpt>
      <trkpt lat="49.097230257466435" lon="2.5455983262509108">
        <ele>140.1999969482422</ele>
        <time>2024-09-28T09:35:03Z</time>
        <extensions>
          <ns3:TrackPointExtension>
            <ns3:atemp>20.0</ns3:atemp>
          </ns3:TrackPointExtension>
        </extensions>
      </trkpt>
      <trkpt lat="49.09711609594524" lon="2.5449257623404264">
        <ele>142.39999389648438</ele>
        <time>2024-09-28T09:35:13Z</time>
        <extensions>
          <ns3:TrackPointExtension>
            <ns3:atemp>20.0</ns3:atemp>
          </ns3:TrackPointExtension>
        </extensions>
      </trkpt>
      <trkpt lat="49.09707301296294" lon="2.544359900057316">
        <ele>143.8000030517578</ele>
        <time>2024-09-28T09:35:21Z</time>
        <extensions>
          <ns3:TrackPointExtension>
            <ns3:atemp>20.0</ns3:atemp>
          </ns3:TrackPointExtension>
        </extensions>
      </trkpt>
      <trkpt lat="49.09710603766143" lon="2.543335296213627">
        <ele>145.1999969482422</ele>
        <time>2024-09-28T09:35:45Z</time>
        <extensions>
          <ns3:TrackPointExtension>
            <ns3:atemp>19.0</ns3:atemp>
          </ns3:TrackPointExtension>
        </extensions>
      </trkpt>
      <trkpt lat="49.0972233004868" lon="2.542129475623369">
        <ele>146.1999969482422</ele>
        <time>2024-09-28T09:36:00Z</time>
        <extensions>
          <ns3:TrackPointExtension>
            <ns3:atemp>19.0</ns3:atemp>
          </ns3:TrackPointExtension>
        </extensions>
      </trkpt>
      <trkpt lat="49.09770785830915" lon="2.5408240780234337">
        <ele>146.0</ele>
        <time>2024-09-28T09:36:15Z</time>
        <extensions>
          <ns3:TrackPointExtension>
            <ns3:atemp>19.0</ns3:atemp>
          </ns3:TrackPointExtension>
        </extensions>
      </trkpt>
      <trkpt lat="49.098061406984925" lon="2.5396552216261625">
        <ele>143.39999389648438</ele>
        <time>2024-09-28T09:36:25Z</time>
        <extensions>
          <ns3:TrackPointExtension>
            <ns3:atemp>19.0</ns3:atemp>
          </ns3:TrackPointExtension>
        </extensions>
      </trkpt>
      <trkpt lat="49.09828092902899" lon="2.5390502996742725">
        <ele>141.8000030517578</ele>
        <time>2024-09-28T09:36:30Z</time>
        <extensions>
          <ns3:TrackPointExtension>
            <ns3:atemp>19.0</ns3:atemp>
          </ns3:TrackPointExtension>
        </extensions>
      </trkpt>
      <trkpt lat="49.09890781156719" lon="2.5366821605712175">
        <ele>136.1999969482422</ele>
        <time>2024-09-28T09:36:47Z</time>
        <extensions>
          <ns3:TrackPointExtension>
            <ns3:atemp>18.0</ns3:atemp>
          </ns3:TrackPointExtension>
        </extensions>
      </trkpt>
      <trkpt lat="49.09903169609606" lon="2.5359703693538904">
        <ele>134.8000030517578</ele>
        <time>2024-09-28T09:36:52Z</time>
        <extensions>
          <ns3:TrackPointExtension>
            <ns3:atemp>18.0</ns3:atemp>
          </ns3:TrackPointExtension>
        </extensions>
      </trkpt>
      <trkpt lat="49.09911165945232" lon="2.5352856516838074">
        <ele>133.39999389648438</ele>
        <time>2024-09-28T09:36:57Z</time>
        <extensions>
          <ns3:TrackPointExtension>
            <ns3:atemp>18.0</ns3:atemp>
          </ns3:TrackPointExtension>
        </extensions>
      </trkpt>
      <trkpt lat="49.09927242435515" lon="2.53289052285254">
        <ele>129.0</ele>
        <time>2024-09-28T09:37:14Z</time>
        <extensions>
          <ns3:TrackPointExtension>
            <ns3:atemp>18.0</ns3:atemp>
          </ns3:TrackPointExtension>
        </extensions>
      </trkpt>
      <trkpt lat="49.099382646381855" lon="2.532118298113346">
        <ele>128.39999389648438</ele>
        <time>2024-09-28T09:37:20Z</time>
        <extensions>
          <ns3:TrackPointExtension>
            <ns3:atemp>18.0</ns3:atemp>
          </ns3:TrackPointExtension>
        </extensions>
      </trkpt>
      <trkpt lat="49.09946554340422" lon="2.5317639112472534">
        <ele>127.80000305175781</ele>
        <time>2024-09-28T09:37:24Z</time>
        <extensions>
          <ns3:TrackPointExtension>
            <ns3:atemp>18.0</ns3:atemp>
          </ns3:TrackPointExtension>
        </extensions>
      </trkpt>
      <trkpt lat="49.09966151230037" lon="2.5313780922442675">
        <ele>127.19999694824219</ele>
        <time>2024-09-28T09:37:32Z</time>
        <extensions>
          <ns3:TrackPointExtension>
            <ns3:atemp>18.0</ns3:atemp>
          </ns3:TrackPointExtension>
        </extensions>
      </trkpt>
      <trkpt lat="49.09967467188835" lon="2.531291339546442">
        <ele>127.0</ele>
        <time>2024-09-28T09:37:33Z</time>
        <extensions>
          <ns3:TrackPointExtension>
            <ns3:atemp>18.0</ns3:atemp>
          </ns3:TrackPointExtension>
        </extensions>
      </trkpt>
      <trkpt lat="49.09963645040989" lon="2.53099218942225">
        <ele>126.5999984741211</ele>
        <time>2024-09-28T09:37:36Z</time>
        <extensions>
          <ns3:TrackPointExtension>
            <ns3:atemp>18.0</ns3:atemp>
          </ns3:TrackPointExtension>
        </extensions>
      </trkpt>
      <trkpt lat="49.09965706989169" lon="2.530791526660323">
        <ele>126.4000015258789</ele>
        <time>2024-09-28T09:37:38Z</time>
        <extensions>
          <ns3:TrackPointExtension>
            <ns3:atemp>18.0</ns3:atemp>
          </ns3:TrackPointExtension>
        </extensions>
      </trkpt>
      <trkpt lat="49.099979270249605" lon="2.529903883114457">
        <ele>125.80000305175781</ele>
        <time>2024-09-28T09:37:47Z</time>
        <extensions>
          <ns3:TrackPointExtension>
            <ns3:atemp>18.0</ns3:atemp>
          </ns3:TrackPointExtension>
        </extensions>
      </trkpt>
      <trkpt lat="49.10015285946429" lon="2.5292241107672453">
        <ele>125.0</ele>
        <time>2024-09-28T09:37:56Z</time>
        <extensions>
          <ns3:TrackPointExtension>
            <ns3:atemp>18.0</ns3:atemp>
          </ns3:TrackPointExtension>
        </extensions>
      </trkpt>
      <trkpt lat="49.10023022443056" lon="2.529138531535864">
        <ele>125.0</ele>
        <time>2024-09-28T09:37:59Z</time>
        <extensions>
          <ns3:TrackPointExtension>
            <ns3:atemp>18.0</ns3:atemp>
          </ns3:TrackPointExtension>
        </extensions>
      </trkpt>
      <trkpt lat="49.10035561770201" lon="2.5290864799171686">
        <ele>124.80000305175781</ele>
        <time>2024-09-28T09:38:02Z</time>
        <extensions>
          <ns3:TrackPointExtension>
            <ns3:atemp>18.0</ns3:atemp>
          </ns3:TrackPointExtension>
        </extensions>
      </trkpt>
      <trkpt lat="49.100426947698" lon="2.5289757549762726">
        <ele>124.5999984741211</ele>
        <time>2024-09-28T09:38:04Z</time>
        <extensions>
          <ns3:TrackPointExtension>
            <ns3:atemp>17.0</ns3:atemp>
          </ns3:TrackPointExtension>
        </extensions>
      </trkpt>
      <trkpt lat="49.100444465875626" lon="2.528814235702157">
        <ele>124.4000015258789</ele>
        <time>2024-09-28T09:38:06Z</time>
        <extensions>
          <ns3:TrackPointExtension>
            <ns3:atemp>18.0</ns3:atemp>
          </ns3:TrackPointExtension>
        </extensions>
      </trkpt>
      <trkpt lat="49.100418565794826" lon="2.528538638725877">
        <ele>124.19999694824219</ele>
        <time>2024-09-28T09:38:09Z</time>
        <extensions>
          <ns3:TrackPointExtension>
            <ns3:atemp>17.0</ns3:atemp>
          </ns3:TrackPointExtension>
        </extensions>
      </trkpt>
      <trkpt lat="49.10045041702688" lon="2.5283417478203773">
        <ele>124.19999694824219</ele>
        <time>2024-09-28T09:38:11Z</time>
        <extensions>
          <ns3:TrackPointExtension>
            <ns3:atemp>17.0</ns3:atemp>
          </ns3:TrackPointExtension>
        </extensions>
      </trkpt>
      <trkpt lat="49.10090220160782" lon="2.5269987154752016">
        <ele>123.0</ele>
        <time>2024-09-28T09:38:27Z</time>
        <extensions>
          <ns3:TrackPointExtension>
            <ns3:atemp>17.0</ns3:atemp>
          </ns3:TrackPointExtension>
        </extensions>
      </trkpt>
      <trkpt lat="49.10101200453937" lon="2.5250475760549307">
        <ele>121.0</ele>
        <time>2024-09-28T09:38:46Z</time>
        <extensions>
          <ns3:TrackPointExtension>
            <ns3:atemp>17.0</ns3:atemp>
          </ns3:TrackPointExtension>
        </extensions>
      </trkpt>
      <trkpt lat="49.10110672004521" lon="2.5247137248516083">
        <ele>120.80000305175781</ele>
        <time>2024-09-28T09:38:50Z</time>
        <extensions>
          <ns3:TrackPointExtension>
            <ns3:atemp>17.0</ns3:atemp>
          </ns3:TrackPointExtension>
        </extensions>
      </trkpt>
      <trkpt lat="49.10110185854137" lon="2.5246385391801596">
        <ele>120.80000305175781</ele>
        <time>2024-09-28T09:38:51Z</time>
        <extensions>
          <ns3:TrackPointExtension>
            <ns3:atemp>17.0</ns3:atemp>
          </ns3:TrackPointExtension>
        </extensions>
      </trkpt>
      <trkpt lat="49.10102466121316" lon="2.524525383487344">
        <ele>120.5999984741211</ele>
        <time>2024-09-28T09:38:53Z</time>
        <extensions>
          <ns3:TrackPointExtension>
            <ns3:atemp>17.0</ns3:atemp>
          </ns3:TrackPointExtension>
        </extensions>
      </trkpt>
      <trkpt lat="49.10084763541818" lon="2.5244223698973656">
        <ele>120.19999694824219</ele>
        <time>2024-09-28T09:38:56Z</time>
        <extensions>
          <ns3:TrackPointExtension>
            <ns3:atemp>17.0</ns3:atemp>
          </ns3:TrackPointExtension>
        </extensions>
      </trkpt>
      <trkpt lat="49.1006444580853" lon="2.52420318312943">
        <ele>119.4000015258789</ele>
        <time>2024-09-28T09:39:00Z</time>
        <extensions>
          <ns3:TrackPointExtension>
            <ns3:atemp>17.0</ns3:atemp>
          </ns3:TrackPointExtension>
        </extensions>
      </trkpt>
      <trkpt lat="49.09985605627298" lon="2.5236134324222803">
        <ele>115.80000305175781</ele>
        <time>2024-09-28T09:39:22Z</time>
        <extensions>
          <ns3:TrackPointExtension>
            <ns3:atemp>17.0</ns3:atemp>
          </ns3:TrackPointExtension>
        </extensions>
      </trkpt>
      <trkpt lat="49.09952371381223" lon="2.5231038965284824">
        <ele>114.19999694824219</ele>
        <time>2024-09-28T09:39:34Z</time>
        <extensions>
          <ns3:TrackPointExtension>
            <ns3:atemp>17.0</ns3:atemp>
          </ns3:TrackPointExtension>
        </extensions>
      </trkpt>
      <trkpt lat="49.09760191105306" lon="2.519057197496295">
        <ele>105.5999984741211</ele>
        <time>2024-09-28T09:40:16Z</time>
        <extensions>
          <ns3:TrackPointExtension>
            <ns3:atemp>17.0</ns3:atemp>
          </ns3:TrackPointExtension>
        </extensions>
      </trkpt>
      <trkpt lat="49.0959851257503" lon="2.514248415827751">
        <ele>96.19999694824219</ele>
        <time>2024-09-28T09:41:05Z</time>
        <extensions>
          <ns3:TrackPointExtension>
            <ns3:atemp>16.0</ns3:atemp>
          </ns3:TrackPointExtension>
        </extensions>
      </trkpt>
      <trkpt lat="49.09587859176099" lon="2.513864105567336">
        <ele>95.19999694824219</ele>
        <time>2024-09-28T09:41:08Z</time>
        <extensions>
          <ns3:TrackPointExtension>
            <ns3:atemp>16.0</ns3:atemp>
          </ns3:TrackPointExtension>
        </extensions>
      </trkpt>
      <trkpt lat="49.095564102754" lon="2.512302305549383">
        <ele>92.19999694824219</ele>
        <time>2024-09-28T09:41:19Z</time>
        <extensions>
          <ns3:TrackPointExtension>
            <ns3:atemp>16.0</ns3:atemp>
          </ns3:TrackPointExtension>
        </extensions>
      </trkpt>
      <trkpt lat="49.09519345499575" lon="2.5102518405765295">
        <ele>89.0</ele>
        <time>2024-09-28T09:41:35Z</time>
        <extensions>
          <ns3:TrackPointExtension>
            <ns3:atemp>16.0</ns3:atemp>
          </ns3:TrackPointExtension>
        </extensions>
      </trkpt>
      <trkpt lat="49.094940992072225" lon="2.5076463259756565">
        <ele>86.80000305175781</ele>
        <time>2024-09-28T09:41:57Z</time>
        <extensions>
          <ns3:TrackPointExtension>
            <ns3:atemp>16.0</ns3:atemp>
          </ns3:TrackPointExtension>
        </extensions>
      </trkpt>
      <trkpt lat="49.09471166320145" lon="2.5046213809400797">
        <ele>84.19999694824219</ele>
        <time>2024-09-28T09:42:26Z</time>
        <extensions>
          <ns3:TrackPointExtension>
            <ns3:atemp>16.0</ns3:atemp>
          </ns3:TrackPointExtension>
        </extensions>
      </trkpt>
      <trkpt lat="49.09460990689695" lon="2.5037028081715107">
        <ele>84.0</ele>
        <time>2024-09-28T09:42:35Z</time>
        <extensions>
          <ns3:TrackPointExtension>
            <ns3:atemp>16.0</ns3:atemp>
          </ns3:TrackPointExtension>
        </extensions>
      </trkpt>
      <trkpt lat="49.094467498362064" lon="2.5031391251832247">
        <ele>84.19999694824219</ele>
        <time>2024-09-28T09:42:42Z</time>
        <extensions>
          <ns3:TrackPointExtension>
            <ns3:atemp>16.0</ns3:atemp>
          </ns3:TrackPointExtension>
        </extensions>
      </trkpt>
      <trkpt lat="49.094383427873254" lon="2.5030629336833954">
        <ele>84.19999694824219</ele>
        <time>2024-09-28T09:42:44Z</time>
        <extensions>
          <ns3:TrackPointExtension>
            <ns3:atemp>16.0</ns3:atemp>
          </ns3:TrackPointExtension>
        </extensions>
      </trkpt>
      <trkpt lat="49.09417421557009" lon="2.503156727179885">
        <ele>83.80000305175781</ele>
        <time>2024-09-28T09:42:48Z</time>
        <extensions>
          <ns3:TrackPointExtension>
            <ns3:atemp>16.0</ns3:atemp>
          </ns3:TrackPointExtension>
        </extensions>
      </trkpt>
      <trkpt lat="49.09322664141655" lon="2.5027954671531916">
        <ele>82.5999984741211</ele>
        <time>2024-09-28T09:43:03Z</time>
        <extensions>
          <ns3:TrackPointExtension>
            <ns3:atemp>16.0</ns3:atemp>
          </ns3:TrackPointExtension>
        </extensions>
      </trkpt>
      <trkpt lat="49.092832524329424" lon="2.5026001688092947">
        <ele>82.5999984741211</ele>
        <time>2024-09-28T09:43:10Z</time>
        <extensions>
          <ns3:TrackPointExtension>
            <ns3:atemp>16.0</ns3:atemp>
          </ns3:TrackPointExtension>
        </extensions>
      </trkpt>
      <trkpt lat="49.09265072084963" lon="2.5023570097982883">
        <ele>82.80000305175781</ele>
        <time>2024-09-28T09:43:14Z</time>
        <extensions>
          <ns3:TrackPointExtension>
            <ns3:atemp>16.0</ns3:atemp>
          </ns3:TrackPointExtension>
        </extensions>
      </trkpt>
      <trkpt lat="49.09238710999489" lon="2.501657959073782">
        <ele>83.4000015258789</ele>
        <time>2024-09-28T09:43:24Z</time>
        <extensions>
          <ns3:TrackPointExtension>
            <ns3:atemp>16.0</ns3:atemp>
          </ns3:TrackPointExtension>
        </extensions>
      </trkpt>
      <trkpt lat="49.09219164401293" lon="2.501365179196">
        <ele>83.5999984741211</ele>
        <time>2024-09-28T09:43:29Z</time>
        <extensions>
          <ns3:TrackPointExtension>
            <ns3:atemp>16.0</ns3:atemp>
          </ns3:TrackPointExtension>
        </extensions>
      </trkpt>
      <trkpt lat="49.09096134826541" lon="2.5006997399032116">
        <ele>91.4000015258789</ele>
        <time>2024-09-28T09:44:01Z</time>
        <extensions>
          <ns3:TrackPointExtension>
            <ns3:atemp>16.0</ns3:atemp>
          </ns3:TrackPointExtension>
        </extensions>
      </trkpt>
      <trkpt lat="49.090752974152565" lon="2.5006849877536297">
        <ele>94.5999984741211</ele>
        <time>2024-09-28T09:44:09Z</time>
        <extensions>
          <ns3:TrackPointExtension>
            <ns3:atemp>16.0</ns3:atemp>
          </ns3:TrackPointExtension>
        </extensions>
      </trkpt>
      <trkpt lat="49.08964010886848" lon="2.5010375306010246">
        <ele>107.19999694824219</ele>
        <time>2024-09-28T09:44:54Z</time>
        <extensions>
          <ns3:TrackPointExtension>
            <ns3:atemp>17.0</ns3:atemp>
          </ns3:TrackPointExtension>
        </extensions>
      </trkpt>
      <trkpt lat="49.08946844749153" lon="2.5010457448661327">
        <ele>108.4000015258789</ele>
        <time>2024-09-28T09:45:01Z</time>
        <extensions>
          <ns3:TrackPointExtension>
            <ns3:atemp>17.0</ns3:atemp>
          </ns3:TrackPointExtension>
        </extensions>
      </trkpt>
      <trkpt lat="49.086827309802175" lon="2.500779200345278">
        <ele>126.0</ele>
        <time>2024-09-28T09:46:47Z</time>
        <extensions>
          <ns3:TrackPointExtension>
            <ns3:atemp>18.0</ns3:atemp>
          </ns3:TrackPointExtension>
        </extensions>
      </trkpt>
      <trkpt lat="49.08441382460296" lon="2.500201351940632">
        <ele>134.1999969482422</ele>
        <time>2024-09-28T09:47:57Z</time>
        <extensions>
          <ns3:TrackPointExtension>
            <ns3:atemp>18.0</ns3:atemp>
          </ns3:TrackPointExtension>
        </extensions>
      </trkpt>
      <trkpt lat="49.08416178077459" lon="2.500099763274193">
        <ele>134.60000610351562</ele>
        <time>2024-09-28T09:48:03Z</time>
        <extensions>
          <ns3:TrackPointExtension>
            <ns3:atemp>18.0</ns3:atemp>
          </ns3:TrackPointExtension>
        </extensions>
      </trkpt>
      <trkpt lat="49.083834467455745" lon="2.499873200431466">
        <ele>134.8000030517578</ele>
        <time>2024-09-28T09:48:10Z</time>
        <extensions>
          <ns3:TrackPointExtension>
            <ns3:atemp>18.0</ns3:atemp>
          </ns3:TrackPointExtension>
        </extensions>
      </trkpt>
      <trkpt lat="49.08299870789051" lon="2.499186471104622">
        <ele>135.39999389648438</ele>
        <time>2024-09-28T09:48:27Z</time>
        <extensions>
          <ns3:TrackPointExtension>
            <ns3:atemp>18.0</ns3:atemp>
          </ns3:TrackPointExtension>
        </extensions>
      </trkpt>
      <trkpt lat="49.08230761997402" lon="2.498522959649563">
        <ele>135.0</ele>
        <time>2024-09-28T09:48:41Z</time>
        <extensions>
          <ns3:TrackPointExtension>
            <ns3:atemp>18.0</ns3:atemp>
          </ns3:TrackPointExtension>
        </extensions>
      </trkpt>
      <trkpt lat="49.08204342238605" lon="2.4983777012676">
        <ele>135.1999969482422</ele>
        <time>2024-09-28T09:48:46Z</time>
        <extensions>
          <ns3:TrackPointExtension>
            <ns3:atemp>18.0</ns3:atemp>
          </ns3:TrackPointExtension>
        </extensions>
      </trkpt>
      <trkpt lat="49.08183680847287" lon="2.498427489772439">
        <ele>135.60000610351562</ele>
        <time>2024-09-28T09:48:50Z</time>
        <extensions>
          <ns3:TrackPointExtension>
            <ns3:atemp>18.0</ns3:atemp>
          </ns3:TrackPointExtension>
        </extensions>
      </trkpt>
      <trkpt lat="49.081115294247866" lon="2.498876927420497">
        <ele>137.0</ele>
        <time>2024-09-28T09:49:05Z</time>
        <extensions>
          <ns3:TrackPointExtension>
            <ns3:atemp>18.0</ns3:atemp>
          </ns3:TrackPointExtension>
        </extensions>
      </trkpt>
      <trkpt lat="49.08061715774238" lon="2.4990972876548767">
        <ele>138.1999969482422</ele>
        <time>2024-09-28T09:49:15Z</time>
        <extensions>
          <ns3:TrackPointExtension>
            <ns3:atemp>18.0</ns3:atemp>
          </ns3:TrackPointExtension>
        </extensions>
      </trkpt>
      <trkpt lat="49.08038095571101" lon="2.499081529676914">
        <ele>138.39999389648438</ele>
        <time>2024-09-28T09:49:20Z</time>
        <extensions>
          <ns3:TrackPointExtension>
            <ns3:atemp>18.0</ns3:atemp>
          </ns3:TrackPointExtension>
        </extensions>
      </trkpt>
      <trkpt lat="49.07965793274343" lon="2.4992045760154724">
        <ele>139.60000610351562</ele>
        <time>2024-09-28T09:49:34Z</time>
        <extensions>
          <ns3:TrackPointExtension>
            <ns3:atemp>18.0</ns3:atemp>
          </ns3:TrackPointExtension>
        </extensions>
      </trkpt>
      <trkpt lat="49.07931016758084" lon="2.4991862196475267">
        <ele>139.8000030517578</ele>
        <time>2024-09-28T09:49:42Z</time>
        <extensions>
          <ns3:TrackPointExtension>
            <ns3:atemp>18.0</ns3:atemp>
          </ns3:TrackPointExtension>
        </extensions>
      </trkpt>
      <trkpt lat="49.07905016094446" lon="2.499095695093274">
        <ele>140.0</ele>
        <time>2024-09-28T09:49:47Z</time>
        <extensions>
          <ns3:TrackPointExtension>
            <ns3:atemp>18.0</ns3:atemp>
          </ns3:TrackPointExtension>
        </extensions>
      </trkpt>
      <trkpt lat="49.0787045750767" lon="2.499122768640518">
        <ele>140.39999389648438</ele>
        <time>2024-09-28T09:49:53Z</time>
        <extensions>
          <ns3:TrackPointExtension>
            <ns3:atemp>18.0</ns3:atemp>
          </ns3:TrackPointExtension>
        </extensions>
      </trkpt>
      <trkpt lat="49.07841481268406" lon="2.4990808591246605">
        <ele>140.39999389648438</ele>
        <time>2024-09-28T09:49:58Z</time>
        <extensions>
          <ns3:TrackPointExtension>
            <ns3:atemp>18.0</ns3:atemp>
          </ns3:TrackPointExtension>
        </extensions>
      </trkpt>
      <trkpt lat="49.078131169080734" lon="2.499142298474908">
        <ele>140.8000030517578</ele>
        <time>2024-09-28T09:50:03Z</time>
        <extensions>
          <ns3:TrackPointExtension>
            <ns3:atemp>18.0</ns3:atemp>
          </ns3:TrackPointExtension>
        </extensions>
      </trkpt>
      <trkpt lat="49.07768592238426" lon="2.4989706370979548">
        <ele>141.1999969482422</ele>
        <time>2024-09-28T09:50:11Z</time>
        <extensions>
          <ns3:TrackPointExtension>
            <ns3:atemp>18.0</ns3:atemp>
          </ns3:TrackPointExtension>
        </extensions>
      </trkpt>
      <trkpt lat="49.07656718976796" lon="2.4988743290305138">
        <ele>140.1999969482422</ele>
        <time>2024-09-28T09:50:40Z</time>
        <extensions>
          <ns3:TrackPointExtension>
            <ns3:atemp>18.0</ns3:atemp>
          </ns3:TrackPointExtension>
        </extensions>
      </trkpt>
      <trkpt lat="49.07596620731056" lon="2.4988719820976257">
        <ele>139.0</ele>
        <time>2024-09-28T09:50:50Z</time>
        <extensions>
          <ns3:TrackPointExtension>
            <ns3:atemp>18.0</ns3:atemp>
          </ns3:TrackPointExtension>
        </extensions>
      </trkpt>
      <trkpt lat="49.07568499445915" lon="2.498709289357066">
        <ele>138.39999389648438</ele>
        <time>2024-09-28T09:50:55Z</time>
        <extensions>
          <ns3:TrackPointExtension>
            <ns3:atemp>18.0</ns3:atemp>
          </ns3:TrackPointExtension>
        </extensions>
      </trkpt>
      <trkpt lat="49.075419874861836" lon="2.4986780248582363">
        <ele>138.0</ele>
        <time>2024-09-28T09:50:59Z</time>
        <extensions>
          <ns3:TrackPointExtension>
            <ns3:atemp>18.0</ns3:atemp>
          </ns3:TrackPointExtension>
        </extensions>
      </trkpt>
      <trkpt lat="49.07498971559107" lon="2.4985135719180107">
        <ele>137.60000610351562</ele>
        <time>2024-09-28T09:51:05Z</time>
        <extensions>
          <ns3:TrackPointExtension>
            <ns3:atemp>18.0</ns3:atemp>
          </ns3:TrackPointExtension>
        </extensions>
      </trkpt>
      <trkpt lat="49.07416342757642" lon="2.4978262558579445">
        <ele>137.39999389648438</ele>
        <time>2024-09-28T09:51:20Z</time>
        <extensions>
          <ns3:TrackPointExtension>
            <ns3:atemp>18.0</ns3:atemp>
          </ns3:TrackPointExtension>
        </extensions>
      </trkpt>
      <trkpt lat="49.074131324887276" lon="2.4962765257805586">
        <ele>137.1999969482422</ele>
        <time>2024-09-28T09:51:40Z</time>
        <extensions>
          <ns3:TrackPointExtension>
            <ns3:atemp>18.0</ns3:atemp>
          </ns3:TrackPointExtension>
        </extensions>
      </trkpt>
      <trkpt lat="49.07408396713436" lon="2.4959389865398407">
        <ele>137.60000610351562</ele>
        <time>2024-09-28T09:51:44Z</time>
        <extensions>
          <ns3:TrackPointExtension>
            <ns3:atemp>18.0</ns3:atemp>
          </ns3:TrackPointExtension>
        </extensions>
      </trkpt>
      <trkpt lat="49.07320571132004" lon="2.4941110610961914">
        <ele>136.8000030517578</ele>
        <time>2024-09-28T09:52:08Z</time>
        <extensions>
          <ns3:TrackPointExtension>
            <ns3:atemp>17.0</ns3:atemp>
          </ns3:TrackPointExtension>
        </extensions>
      </trkpt>
      <trkpt lat="49.071517679840326" lon="2.489569829776883">
        <ele>134.0</ele>
        <time>2024-09-28T09:52:55Z</time>
        <extensions>
          <ns3:TrackPointExtension>
            <ns3:atemp>17.0</ns3:atemp>
          </ns3:TrackPointExtension>
        </extensions>
      </trkpt>
      <trkpt lat="49.07017447985709" lon="2.485900651663542">
        <ele>134.8000030517578</ele>
        <time>2024-09-28T09:53:39Z</time>
        <extensions>
          <ns3:TrackPointExtension>
            <ns3:atemp>17.0</ns3:atemp>
          </ns3:TrackPointExtension>
        </extensions>
      </trkpt>
      <trkpt lat="49.07010239548981" lon="2.485559592023492">
        <ele>134.60000610351562</ele>
        <time>2024-09-28T09:53:42Z</time>
        <extensions>
          <ns3:TrackPointExtension>
            <ns3:atemp>17.0</ns3:atemp>
          </ns3:TrackPointExtension>
        </extensions>
      </trkpt>
      <trkpt lat="49.07006308436394" lon="2.4851877707988024">
        <ele>134.0</ele>
        <time>2024-09-28T09:53:45Z</time>
        <extensions>
          <ns3:TrackPointExtension>
            <ns3:atemp>17.0</ns3:atemp>
          </ns3:TrackPointExtension>
        </extensions>
      </trkpt>
      <trkpt lat="49.06996350735426" lon="2.4824122712016106">
        <ele>129.39999389648438</ele>
        <time>2024-09-28T09:54:06Z</time>
        <extensions>
          <ns3:TrackPointExtension>
            <ns3:atemp>17.0</ns3:atemp>
          </ns3:TrackPointExtension>
        </extensions>
      </trkpt>
      <trkpt lat="49.069883124902844" lon="2.482061740010977">
        <ele>128.60000610351562</ele>
        <time>2024-09-28T09:54:10Z</time>
        <extensions>
          <ns3:TrackPointExtension>
            <ns3:atemp>17.0</ns3:atemp>
          </ns3:TrackPointExtension>
        </extensions>
      </trkpt>
      <trkpt lat="49.06989905051887" lon="2.4815846420824528">
        <ele>127.80000305175781</ele>
        <time>2024-09-28T09:54:15Z</time>
        <extensions>
          <ns3:TrackPointExtension>
            <ns3:atemp>17.0</ns3:atemp>
          </ns3:TrackPointExtension>
        </extensions>
      </trkpt>
      <trkpt lat="49.06979645602405" lon="2.481038309633732">
        <ele>126.5999984741211</ele>
        <time>2024-09-28T09:54:20Z</time>
        <extensions>
          <ns3:TrackPointExtension>
            <ns3:atemp>17.0</ns3:atemp>
          </ns3:TrackPointExtension>
        </extensions>
      </trkpt>
      <trkpt lat="49.06962035223842" lon="2.4805080704391003">
        <ele>125.5999984741211</ele>
        <time>2024-09-28T09:54:25Z</time>
        <extensions>
          <ns3:TrackPointExtension>
            <ns3:atemp>17.0</ns3:atemp>
          </ns3:TrackPointExtension>
        </extensions>
      </trkpt>
      <trkpt lat="49.06948372721672" lon="2.48021244071424">
        <ele>125.4000015258789</ele>
        <time>2024-09-28T09:54:28Z</time>
        <extensions>
          <ns3:TrackPointExtension>
            <ns3:atemp>17.0</ns3:atemp>
          </ns3:TrackPointExtension>
        </extensions>
      </trkpt>
      <trkpt lat="49.068930773064494" lon="2.4796300660818815">
        <ele>122.80000305175781</ele>
        <time>2024-09-28T09:54:36Z</time>
        <extensions>
          <ns3:TrackPointExtension>
            <ns3:atemp>17.0</ns3:atemp>
          </ns3:TrackPointExtension>
        </extensions>
      </trkpt>
      <trkpt lat="49.068867741152644" lon="2.479422865435481">
        <ele>122.19999694824219</ele>
        <time>2024-09-28T09:54:38Z</time>
        <extensions>
          <ns3:TrackPointExtension>
            <ns3:atemp>17.0</ns3:atemp>
          </ns3:TrackPointExtension>
        </extensions>
      </trkpt>
      <trkpt lat="49.06871317885816" lon="2.478177398443222">
        <ele>121.0</ele>
        <time>2024-09-28T09:54:49Z</time>
        <extensions>
          <ns3:TrackPointExtension>
            <ns3:atemp>17.0</ns3:atemp>
          </ns3:TrackPointExtension>
        </extensions>
      </trkpt>
      <trkpt lat="49.068656181916595" lon="2.4779116921126842">
        <ele>121.0</ele>
        <time>2024-09-28T09:54:52Z</time>
        <extensions>
          <ns3:TrackPointExtension>
            <ns3:atemp>17.0</ns3:atemp>
          </ns3:TrackPointExtension>
        </extensions>
      </trkpt>
      <trkpt lat="49.06857781112194" lon="2.47774975374341">
        <ele>121.80000305175781</ele>
        <time>2024-09-28T09:54:54Z</time>
        <extensions>
          <ns3:TrackPointExtension>
            <ns3:atemp>17.0</ns3:atemp>
          </ns3:TrackPointExtension>
        </extensions>
      </trkpt>
      <trkpt lat="49.06819467432797" lon="2.477370472624898">
        <ele>125.5999984741211</ele>
        <time>2024-09-28T09:55:06Z</time>
        <extensions>
          <ns3:TrackPointExtension>
            <ns3:atemp>17.0</ns3:atemp>
          </ns3:TrackPointExtension>
        </extensions>
      </trkpt>
      <trkpt lat="49.06790927052498" lon="2.4767212104052305">
        <ele>128.8000030517578</ele>
        <time>2024-09-28T09:55:25Z</time>
        <extensions>
          <ns3:TrackPointExtension>
            <ns3:atemp>17.0</ns3:atemp>
          </ns3:TrackPointExtension>
        </extensions>
      </trkpt>
      <trkpt lat="49.06779167242348" lon="2.4765197932720184">
        <ele>129.60000610351562</ele>
        <time>2024-09-28T09:55:31Z</time>
        <extensions>
          <ns3:TrackPointExtension>
            <ns3:atemp>17.0</ns3:atemp>
          </ns3:TrackPointExtension>
        </extensions>
      </trkpt>
      <trkpt lat="49.06773693859577" lon="2.476345868781209">
        <ele>130.8000030517578</ele>
        <time>2024-09-28T09:55:35Z</time>
        <extensions>
          <ns3:TrackPointExtension>
            <ns3:atemp>17.0</ns3:atemp>
          </ns3:TrackPointExtension>
        </extensions>
      </trkpt>
      <trkpt lat="49.06779150478542" lon="2.4759340658783913">
        <ele>131.1999969482422</ele>
        <time>2024-09-28T09:55:43Z</time>
        <extensions>
          <ns3:TrackPointExtension>
            <ns3:atemp>17.0</ns3:atemp>
          </ns3:TrackPointExtension>
        </extensions>
      </trkpt>
      <trkpt lat="49.067953526973724" lon="2.475196961313486">
        <ele>132.0</ele>
        <time>2024-09-28T09:55:53Z</time>
        <extensions>
          <ns3:TrackPointExtension>
            <ns3:atemp>17.0</ns3:atemp>
          </ns3:TrackPointExtension>
        </extensions>
      </trkpt>
      <trkpt lat="49.06802603043616" lon="2.4745989963412285">
        <ele>132.39999389648438</ele>
        <time>2024-09-28T09:56:01Z</time>
        <extensions>
          <ns3:TrackPointExtension>
            <ns3:atemp>17.0</ns3:atemp>
          </ns3:TrackPointExtension>
        </extensions>
      </trkpt>
      <trkpt lat="49.06800591386855" lon="2.473085978999734">
        <ele>133.8000030517578</ele>
        <time>2024-09-28T09:56:20Z</time>
        <extensions>
          <ns3:TrackPointExtension>
            <ns3:atemp>17.0</ns3:atemp>
          </ns3:TrackPointExtension>
        </extensions>
      </trkpt>
      <trkpt lat="49.06788437627256" lon="2.4721648078411818">
        <ele>134.39999389648438</ele>
        <time>2024-09-28T09:56:32Z</time>
        <extensions>
          <ns3:TrackPointExtension>
            <ns3:atemp>17.0</ns3:atemp>
          </ns3:TrackPointExtension>
        </extensions>
      </trkpt>
      <trkpt lat="49.06795470044017" lon="2.4718936532735825">
        <ele>134.1999969482422</ele>
        <time>2024-09-28T09:56:37Z</time>
        <extensions>
          <ns3:TrackPointExtension>
            <ns3:atemp>17.0</ns3:atemp>
          </ns3:TrackPointExtension>
        </extensions>
      </trkpt>
      <trkpt lat="49.06784095801413" lon="2.471594586968422">
        <ele>134.0</ele>
        <time>2024-09-28T09:56:42Z</time>
        <extensions>
          <ns3:TrackPointExtension>
            <ns3:atemp>17.0</ns3:atemp>
          </ns3:TrackPointExtension>
        </extensions>
      </trkpt>
      <trkpt lat="49.0677803568542" lon="2.4714990332722664">
        <ele>134.0</ele>
        <time>2024-09-28T09:56:44Z</time>
        <extensions>
          <ns3:TrackPointExtension>
            <ns3:atemp>17.0</ns3:atemp>
          </ns3:TrackPointExtension>
        </extensions>
      </trkpt>
      <trkpt lat="49.06761137768626" lon="2.471373388543725">
        <ele>134.0</ele>
        <time>2024-09-28T09:56:48Z</time>
        <extensions>
          <ns3:TrackPointExtension>
            <ns3:atemp>17.0</ns3:atemp>
          </ns3:TrackPointExtension>
        </extensions>
      </trkpt>
      <trkpt lat="49.06661292538047" lon="2.4703085515648127">
        <ele>132.39999389648438</ele>
        <time>2024-09-28T09:57:08Z</time>
        <extensions>
          <ns3:TrackPointExtension>
            <ns3:atemp>16.0</ns3:atemp>
          </ns3:TrackPointExtension>
        </extensions>
      </trkpt>
      <trkpt lat="49.06556786969304" lon="2.469269195571542">
        <ele>129.60000610351562</ele>
        <time>2024-09-28T09:57:25Z</time>
        <extensions>
          <ns3:TrackPointExtension>
            <ns3:atemp>16.0</ns3:atemp>
          </ns3:TrackPointExtension>
        </extensions>
      </trkpt>
      <trkpt lat="49.06542646698654" lon="2.46922317892313">
        <ele>129.39999389648438</ele>
        <time>2024-09-28T09:57:27Z</time>
        <extensions>
          <ns3:TrackPointExtension>
            <ns3:atemp>16.0</ns3:atemp>
          </ns3:TrackPointExtension>
        </extensions>
      </trkpt>
      <trkpt lat="49.06507886946201" lon="2.4692936707288027">
        <ele>128.39999389648438</ele>
        <time>2024-09-28T09:57:32Z</time>
        <extensions>
          <ns3:TrackPointExtension>
            <ns3:atemp>16.0</ns3:atemp>
          </ns3:TrackPointExtension>
        </extensions>
      </trkpt>
      <trkpt lat="49.06493662856519" lon="2.4692666810005903">
        <ele>128.0</ele>
        <time>2024-09-28T09:57:34Z</time>
        <extensions>
          <ns3:TrackPointExtension>
            <ns3:atemp>16.0</ns3:atemp>
          </ns3:TrackPointExtension>
        </extensions>
      </trkpt>
      <trkpt lat="49.06481643207371" lon="2.4691596440970898">
        <ele>127.80000305175781</ele>
        <time>2024-09-28T09:57:36Z</time>
        <extensions>
          <ns3:TrackPointExtension>
            <ns3:atemp>16.0</ns3:atemp>
          </ns3:TrackPointExtension>
        </extensions>
      </trkpt>
      <trkpt lat="49.06469506211579" lon="2.46884498745203">
        <ele>127.0</ele>
        <time>2024-09-28T09:57:40Z</time>
        <extensions>
          <ns3:TrackPointExtension>
            <ns3:atemp>16.0</ns3:atemp>
          </ns3:TrackPointExtension>
        </extensions>
      </trkpt>
      <trkpt lat="49.06466346234083" lon="2.4688257928937674">
        <ele>126.80000305175781</ele>
        <time>2024-09-28T09:57:41Z</time>
        <extensions>
          <ns3:TrackPointExtension>
            <ns3:atemp>16.0</ns3:atemp>
          </ns3:TrackPointExtension>
        </extensions>
      </trkpt>
      <trkpt lat="49.064645525068045" lon="2.4689290579408407">
        <ele>126.4000015258789</ele>
        <time>2024-09-28T09:57:46Z</time>
        <extensions>
          <ns3:TrackPointExtension>
            <ns3:atemp>17.0</ns3:atemp>
          </ns3:TrackPointExtension>
        </extensions>
      </trkpt>
      <trkpt lat="49.0647204592824" lon="2.469253856688738">
        <ele>126.0</ele>
        <time>2024-09-28T09:57:54Z</time>
        <extensions>
          <ns3:TrackPointExtension>
            <ns3:atemp>17.0</ns3:atemp>
          </ns3:TrackPointExtension>
        </extensions>
      </trkpt>
      <trkpt lat="49.06472138129175" lon="2.4695458821952343">
        <ele>126.0</ele>
        <time>2024-09-28T09:57:58Z</time>
        <extensions>
          <ns3:TrackPointExtension>
            <ns3:atemp>17.0</ns3:atemp>
          </ns3:TrackPointExtension>
        </extensions>
      </trkpt>
      <trkpt lat="49.06477519311011" lon="2.4696577806025743">
        <ele>126.0</ele>
        <time>2024-09-28T09:58:00Z</time>
        <extensions>
          <ns3:TrackPointExtension>
            <ns3:atemp>17.0</ns3:atemp>
          </ns3:TrackPointExtension>
        </extensions>
      </trkpt>
      <trkpt lat="49.064871752634645" lon="2.469717040657997">
        <ele>126.19999694824219</ele>
        <time>2024-09-28T09:58:02Z</time>
        <extensions>
          <ns3:TrackPointExtension>
            <ns3:atemp>17.0</ns3:atemp>
          </ns3:TrackPointExtension>
        </extensions>
      </trkpt>
      <trkpt lat="49.06497568823397" lon="2.469670856371522">
        <ele>126.19999694824219</ele>
        <time>2024-09-28T09:58:04Z</time>
        <extensions>
          <ns3:TrackPointExtension>
            <ns3:atemp>17.0</ns3:atemp>
          </ns3:TrackPointExtension>
        </extensions>
      </trkpt>
      <trkpt lat="49.06502706930041" lon="2.469529202207923">
        <ele>126.5999984741211</ele>
        <time>2024-09-28T09:58:06Z</time>
        <extensions>
          <ns3:TrackPointExtension>
            <ns3:atemp>17.0</ns3:atemp>
          </ns3:TrackPointExtension>
        </extensions>
      </trkpt>
      <trkpt lat="49.06499169766903" lon="2.4693853687494993">
        <ele>127.0</ele>
        <time>2024-09-28T09:58:08Z</time>
        <extensions>
          <ns3:TrackPointExtension>
            <ns3:atemp>17.0</ns3:atemp>
          </ns3:TrackPointExtension>
        </extensions>
      </trkpt>
      <trkpt lat="49.064788268879056" lon="2.4690825305879116">
        <ele>127.0</ele>
        <time>2024-09-28T09:58:13Z</time>
        <extensions>
          <ns3:TrackPointExtension>
            <ns3:atemp>17.0</ns3:atemp>
          </ns3:TrackPointExtension>
        </extensions>
      </trkpt>
      <trkpt lat="49.06462314538658" lon="2.4686684645712376">
        <ele>126.80000305175781</ele>
        <time>2024-09-28T09:58:18Z</time>
        <extensions>
          <ns3:TrackPointExtension>
            <ns3:atemp>17.0</ns3:atemp>
          </ns3:TrackPointExtension>
        </extensions>
      </trkpt>
      <trkpt lat="49.06422735191882" lon="2.467881655320525">
        <ele>126.19999694824219</ele>
        <time>2024-09-28T09:58:27Z</time>
        <extensions>
          <ns3:TrackPointExtension>
            <ns3:atemp>17.0</ns3:atemp>
          </ns3:TrackPointExtension>
        </extensions>
      </trkpt>
      <trkpt lat="49.06375251710415" lon="2.4670997075736523">
        <ele>126.0</ele>
        <time>2024-09-28T09:58:36Z</time>
        <extensions>
          <ns3:TrackPointExtension>
            <ns3:atemp>17.0</ns3:atemp>
          </ns3:TrackPointExtension>
        </extensions>
      </trkpt>
      <trkpt lat="49.063491337001324" lon="2.4668204225599766">
        <ele>126.0</ele>
        <time>2024-09-28T09:58:40Z</time>
        <extensions>
          <ns3:TrackPointExtension>
            <ns3:atemp>17.0</ns3:atemp>
          </ns3:TrackPointExtension>
        </extensions>
      </trkpt>
      <trkpt lat="49.06305489130318" lon="2.466442734003067">
        <ele>126.19999694824219</ele>
        <time>2024-09-28T09:58:46Z</time>
        <extensions>
          <ns3:TrackPointExtension>
            <ns3:atemp>17.0</ns3:atemp>
          </ns3:TrackPointExtension>
        </extensions>
      </trkpt>
      <trkpt lat="49.06190103851259" lon="2.4655378237366676">
        <ele>127.80000305175781</ele>
        <time>2024-09-28T09:59:03Z</time>
        <extensions>
          <ns3:TrackPointExtension>
            <ns3:atemp>17.0</ns3:atemp>
          </ns3:TrackPointExtension>
        </extensions>
      </trkpt>
      <trkpt lat="49.06056613661349" lon="2.4639908596873283">
        <ele>125.19999694824219</ele>
        <time>2024-09-28T09:59:24Z</time>
        <extensions>
          <ns3:TrackPointExtension>
            <ns3:atemp>17.0</ns3:atemp>
          </ns3:TrackPointExtension>
        </extensions>
      </trkpt>
      <trkpt lat="49.05997395515442" lon="2.4634931422770023">
        <ele>123.19999694824219</ele>
        <time>2024-09-28T09:59:31Z</time>
        <extensions>
          <ns3:TrackPointExtension>
            <ns3:atemp>17.0</ns3:atemp>
          </ns3:TrackPointExtension>
        </extensions>
      </trkpt>
      <trkpt lat="49.05950020998716" lon="2.463178401812911">
        <ele>121.80000305175781</ele>
        <time>2024-09-28T09:59:36Z</time>
        <extensions>
          <ns3:TrackPointExtension>
            <ns3:atemp>17.0</ns3:atemp>
          </ns3:TrackPointExtension>
        </extensions>
      </trkpt>
      <trkpt lat="49.05909653753042" lon="2.4629674293100834">
        <ele>120.4000015258789</ele>
        <time>2024-09-28T09:59:40Z</time>
        <extensions>
          <ns3:TrackPointExtension>
            <ns3:atemp>17.0</ns3:atemp>
          </ns3:TrackPointExtension>
        </extensions>
      </trkpt>
      <trkpt lat="49.058567471802235" lon="2.4627677723765373">
        <ele>119.0</ele>
        <time>2024-09-28T09:59:45Z</time>
        <extensions>
          <ns3:TrackPointExtension>
            <ns3:atemp>17.0</ns3:atemp>
          </ns3:TrackPointExtension>
        </extensions>
      </trkpt>
      <trkpt lat="49.05814661644399" lon="2.4626625794917345">
        <ele>117.5999984741211</ele>
        <time>2024-09-28T09:59:49Z</time>
        <extensions>
          <ns3:TrackPointExtension>
            <ns3:atemp>17.0</ns3:atemp>
          </ns3:TrackPointExtension>
        </extensions>
      </trkpt>
      <trkpt lat="49.057293590158224" lon="2.462581107392907">
        <ele>114.4000015258789</ele>
        <time>2024-09-28T09:59:57Z</time>
        <extensions>
          <ns3:TrackPointExtension>
            <ns3:atemp>17.0</ns3:atemp>
          </ns3:TrackPointExtension>
        </extensions>
      </trkpt>
      <trkpt lat="49.05541327781975" lon="2.462611198425293">
        <ele>107.5999984741211</ele>
        <time>2024-09-28T10:00:15Z</time>
        <extensions>
          <ns3:TrackPointExtension>
            <ns3:atemp>17.0</ns3:atemp>
          </ns3:TrackPointExtension>
        </extensions>
      </trkpt>
      <trkpt lat="49.05528252013028" lon="2.4625500943511724">
        <ele>107.0</ele>
        <time>2024-09-28T10:00:17Z</time>
        <extensions>
          <ns3:TrackPointExtension>
            <ns3:atemp>17.0</ns3:atemp>
          </ns3:TrackPointExtension>
        </extensions>
      </trkpt>
      <trkpt lat="49.05523139052093" lon="2.4624797701835632">
        <ele>106.80000305175781</ele>
        <time>2024-09-28T10:00:18Z</time>
        <extensions>
          <ns3:TrackPointExtension>
            <ns3:atemp>17.0</ns3:atemp>
          </ns3:TrackPointExtension>
        </extensions>
      </trkpt>
      <trkpt lat="49.055186212062836" lon="2.462160922586918">
        <ele>106.4000015258789</ele>
        <time>2024-09-28T10:00:21Z</time>
        <extensions>
          <ns3:TrackPointExtension>
            <ns3:atemp>17.0</ns3:atemp>
          </ns3:TrackPointExtension>
        </extensions>
      </trkpt>
      <trkpt lat="49.05528528615832" lon="2.4608875438570976">
        <ele>106.80000305175781</ele>
        <time>2024-09-28T10:00:33Z</time>
        <extensions>
          <ns3:TrackPointExtension>
            <ns3:atemp>17.0</ns3:atemp>
          </ns3:TrackPointExtension>
        </extensions>
      </trkpt>
      <trkpt lat="49.05529065057635" lon="2.4604979529976845">
        <ele>107.5999984741211</ele>
        <time>2024-09-28T10:00:37Z</time>
        <extensions>
          <ns3:TrackPointExtension>
            <ns3:atemp>17.0</ns3:atemp>
          </ns3:TrackPointExtension>
        </extensions>
      </trkpt>
      <trkpt lat="49.05527925118804" lon="2.460229732096195">
        <ele>108.0</ele>
        <time>2024-09-28T10:00:40Z</time>
        <extensions>
          <ns3:TrackPointExtension>
            <ns3:atemp>17.0</ns3:atemp>
          </ns3:TrackPointExtension>
        </extensions>
      </trkpt>
      <trkpt lat="49.055165508762" lon="2.459395984187722">
        <ele>110.4000015258789</ele>
        <time>2024-09-28T10:00:51Z</time>
        <extensions>
          <ns3:TrackPointExtension>
            <ns3:atemp>17.0</ns3:atemp>
          </ns3:TrackPointExtension>
        </extensions>
      </trkpt>
      <trkpt lat="49.0551586356014" lon="2.457960331812501">
        <ele>113.5999984741211</ele>
        <time>2024-09-28T10:01:14Z</time>
        <extensions>
          <ns3:TrackPointExtension>
            <ns3:atemp>17.0</ns3:atemp>
          </ns3:TrackPointExtension>
        </extensions>
      </trkpt>
      <trkpt lat="49.05386614613235" lon="2.4565131962299347">
        <ele>112.5999984741211</ele>
        <time>2024-09-28T10:01:40Z</time>
        <extensions>
          <ns3:TrackPointExtension>
            <ns3:atemp>17.0</ns3:atemp>
          </ns3:TrackPointExtension>
        </extensions>
      </trkpt>
      <trkpt lat="49.05286802910268" lon="2.4558008182793856">
        <ele>109.4000015258789</ele>
        <time>2024-09-28T10:01:54Z</time>
        <extensions>
          <ns3:TrackPointExtension>
            <ns3:atemp>16.0</ns3:atemp>
          </ns3:TrackPointExtension>
        </extensions>
      </trkpt>
      <trkpt lat="49.052755795419216" lon="2.455621613189578">
        <ele>109.19999694824219</ele>
        <time>2024-09-28T10:01:56Z</time>
        <extensions>
          <ns3:TrackPointExtension>
            <ns3:atemp>16.0</ns3:atemp>
          </ns3:TrackPointExtension>
        </extensions>
      </trkpt>
      <trkpt lat="49.052680023014545" lon="2.4553916975855827">
        <ele>108.5999984741211</ele>
        <time>2024-09-28T10:01:58Z</time>
        <extensions>
          <ns3:TrackPointExtension>
            <ns3:atemp>16.0</ns3:atemp>
          </ns3:TrackPointExtension>
        </extensions>
      </trkpt>
      <trkpt lat="49.05268656089902" lon="2.4551519751548767">
        <ele>107.80000305175781</ele>
        <time>2024-09-28T10:02:00Z</time>
        <extensions>
          <ns3:TrackPointExtension>
            <ns3:atemp>16.0</ns3:atemp>
          </ns3:TrackPointExtension>
        </extensions>
      </trkpt>
      <trkpt lat="49.052958469837904" lon="2.4543936643749475">
        <ele>105.5999984741211</ele>
        <time>2024-09-28T10:02:07Z</time>
        <extensions>
          <ns3:TrackPointExtension>
            <ns3:atemp>16.0</ns3:atemp>
          </ns3:TrackPointExtension>
        </extensions>
      </trkpt>
      <trkpt lat="49.05308243818581" lon="2.4536530394107103">
        <ele>102.0</ele>
        <time>2024-09-28T10:02:14Z</time>
        <extensions>
          <ns3:TrackPointExtension>
            <ns3:atemp>16.0</ns3:atemp>
          </ns3:TrackPointExtension>
        </extensions>
      </trkpt>
      <trkpt lat="49.05309123918414" lon="2.4533726647496223">
        <ele>100.5999984741211</ele>
        <time>2024-09-28T10:02:17Z</time>
        <extensions>
          <ns3:TrackPointExtension>
            <ns3:atemp>16.0</ns3:atemp>
          </ns3:TrackPointExtension>
        </extensions>
      </trkpt>
      <trkpt lat="49.05314773321152" lon="2.4529982451349497">
        <ele>98.80000305175781</ele>
        <time>2024-09-28T10:02:21Z</time>
        <extensions>
          <ns3:TrackPointExtension>
            <ns3:atemp>16.0</ns3:atemp>
          </ns3:TrackPointExtension>
        </extensions>
      </trkpt>
      <trkpt lat="49.053120324388146" lon="2.452220404520631">
        <ele>98.0</ele>
        <time>2024-09-28T10:02:30Z</time>
        <extensions>
          <ns3:TrackPointExtension>
            <ns3:atemp>16.0</ns3:atemp>
          </ns3:TrackPointExtension>
        </extensions>
      </trkpt>
      <trkpt lat="49.0531349927187" lon="2.4518544506281614">
        <ele>98.0</ele>
        <time>2024-09-28T10:02:34Z</time>
        <extensions>
          <ns3:TrackPointExtension>
            <ns3:atemp>16.0</ns3:atemp>
          </ns3:TrackPointExtension>
        </extensions>
      </trkpt>
      <trkpt lat="49.05309794470668" lon="2.4514462519437075">
        <ele>97.19999694824219</ele>
        <time>2024-09-28T10:02:38Z</time>
        <extensions>
          <ns3:TrackPointExtension>
            <ns3:atemp>16.0</ns3:atemp>
          </ns3:TrackPointExtension>
        </extensions>
      </trkpt>
      <trkpt lat="49.05315653420985" lon="2.4507373105734587">
        <ele>95.19999694824219</ele>
        <time>2024-09-28T10:02:45Z</time>
        <extensions>
          <ns3:TrackPointExtension>
            <ns3:atemp>16.0</ns3:atemp>
          </ns3:TrackPointExtension>
        </extensions>
      </trkpt>
      <trkpt lat="49.05313943512738" lon="2.4503398407250643">
        <ele>95.4000015258789</ele>
        <time>2024-09-28T10:02:49Z</time>
        <extensions>
          <ns3:TrackPointExtension>
            <ns3:atemp>16.0</ns3:atemp>
          </ns3:TrackPointExtension>
        </extensions>
      </trkpt>
      <trkpt lat="49.05316676013172" lon="2.450169436633587">
        <ele>95.4000015258789</ele>
        <time>2024-09-28T10:02:51Z</time>
        <extensions>
          <ns3:TrackPointExtension>
            <ns3:atemp>16.0</ns3:atemp>
          </ns3:TrackPointExtension>
        </extensions>
      </trkpt>
      <trkpt lat="49.053306905552745" lon="2.4497702065855265">
        <ele>95.4000015258789</ele>
        <time>2024-09-28T10:02:56Z</time>
        <extensions>
          <ns3:TrackPointExtension>
            <ns3:atemp>16.0</ns3:atemp>
          </ns3:TrackPointExtension>
        </extensions>
      </trkpt>
      <trkpt lat="49.053424671292305" lon="2.4491352774202824">
        <ele>95.80000305175781</ele>
        <time>2024-09-28T10:03:05Z</time>
        <extensions>
          <ns3:TrackPointExtension>
            <ns3:atemp>16.0</ns3:atemp>
          </ns3:TrackPointExtension>
        </extensions>
      </trkpt>
      <trkpt lat="49.05241942964494" lon="2.4474604055285454">
        <ele>100.4000015258789</ele>
        <time>2024-09-28T10:03:41Z</time>
        <extensions>
          <ns3:TrackPointExtension>
            <ns3:atemp>16.0</ns3:atemp>
          </ns3:TrackPointExtension>
        </extensions>
      </trkpt>
      <trkpt lat="49.05161929316819" lon="2.446592878550291">
        <ele>106.5999984741211</ele>
        <time>2024-09-28T10:04:16Z</time>
        <extensions>
          <ns3:TrackPointExtension>
            <ns3:atemp>16.0</ns3:atemp>
          </ns3:TrackPointExtension>
        </extensions>
      </trkpt>
      <trkpt lat="49.05125887133181" lon="2.446257183328271">
        <ele>109.19999694824219</ele>
        <time>2024-09-28T10:04:30Z</time>
        <extensions>
          <ns3:TrackPointExtension>
            <ns3:atemp>15.0</ns3:atemp>
          </ns3:TrackPointExtension>
        </extensions>
      </trkpt>
      <trkpt lat="49.05103264376521" lon="2.4459442030638456">
        <ele>111.0</ele>
        <time>2024-09-28T10:04:40Z</time>
        <extensions>
          <ns3:TrackPointExtension>
            <ns3:atemp>15.0</ns3:atemp>
          </ns3:TrackPointExtension>
        </extensions>
      </trkpt>
      <trkpt lat="49.05072511173785" lon="2.44518362917006">
        <ele>113.4000015258789</ele>
        <time>2024-09-28T10:04:58Z</time>
        <extensions>
          <ns3:TrackPointExtension>
            <ns3:atemp>15.0</ns3:atemp>
          </ns3:TrackPointExtension>
        </extensions>
      </trkpt>
      <trkpt lat="49.05070382170379" lon="2.445034347474575">
        <ele>113.5999984741211</ele>
        <time>2024-09-28T10:05:01Z</time>
        <extensions>
          <ns3:TrackPointExtension>
            <ns3:atemp>15.0</ns3:atemp>
          </ns3:TrackPointExtension>
        </extensions>
      </trkpt>
      <trkpt lat="49.050748413428664" lon="2.4446929525583982">
        <ele>113.80000305175781</ele>
        <time>2024-09-28T10:05:07Z</time>
        <extensions>
          <ns3:TrackPointExtension>
            <ns3:atemp>15.0</ns3:atemp>
          </ns3:TrackPointExtension>
        </extensions>
      </trkpt>
      <trkpt lat="49.05070725828409" lon="2.4445094726979733">
        <ele>113.80000305175781</ele>
        <time>2024-09-28T10:05:10Z</time>
        <extensions>
          <ns3:TrackPointExtension>
            <ns3:atemp>15.0</ns3:atemp>
          </ns3:TrackPointExtension>
        </extensions>
      </trkpt>
      <trkpt lat="49.05064799822867" lon="2.444406794384122">
        <ele>113.80000305175781</ele>
        <time>2024-09-28T10:05:12Z</time>
        <extensions>
          <ns3:TrackPointExtension>
            <ns3:atemp>15.0</ns3:atemp>
          </ns3:TrackPointExtension>
        </extensions>
      </trkpt>
      <trkpt lat="49.05046141706407" lon="2.4442637991160154">
        <ele>113.80000305175781</ele>
        <time>2024-09-28T10:05:16Z</time>
        <extensions>
          <ns3:TrackPointExtension>
            <ns3:atemp>15.0</ns3:atemp>
          </ns3:TrackPointExtension>
        </extensions>
      </trkpt>
      <trkpt lat="49.050337951630354" lon="2.4441056326031685">
        <ele>113.80000305175781</ele>
        <time>2024-09-28T10:05:19Z</time>
        <extensions>
          <ns3:TrackPointExtension>
            <ns3:atemp>15.0</ns3:atemp>
          </ns3:TrackPointExtension>
        </extensions>
      </trkpt>
      <trkpt lat="49.049901170656085" lon="2.443192759528756">
        <ele>114.19999694824219</ele>
        <time>2024-09-28T10:05:33Z</time>
        <extensions>
          <ns3:TrackPointExtension>
            <ns3:atemp>16.0</ns3:atemp>
          </ns3:TrackPointExtension>
        </extensions>
      </trkpt>
      <trkpt lat="49.04936975799501" lon="2.4422305170446634">
        <ele>115.0</ele>
        <time>2024-09-28T10:05:48Z</time>
        <extensions>
          <ns3:TrackPointExtension>
            <ns3:atemp>16.0</ns3:atemp>
          </ns3:TrackPointExtension>
        </extensions>
      </trkpt>
      <trkpt lat="49.04896365478635" lon="2.4416430294513702">
        <ele>115.0</ele>
        <time>2024-09-28T10:05:57Z</time>
        <extensions>
          <ns3:TrackPointExtension>
            <ns3:atemp>16.0</ns3:atemp>
          </ns3:TrackPointExtension>
        </extensions>
      </trkpt>
      <trkpt lat="49.0485930070281" lon="2.441303478553891">
        <ele>115.4000015258789</ele>
        <time>2024-09-28T10:06:04Z</time>
        <extensions>
          <ns3:TrackPointExtension>
            <ns3:atemp>16.0</ns3:atemp>
          </ns3:TrackPointExtension>
        </extensions>
      </trkpt>
      <trkpt lat="49.04841346666217" lon="2.4410645943135023">
        <ele>115.5999984741211</ele>
        <time>2024-09-28T10:06:08Z</time>
        <extensions>
          <ns3:TrackPointExtension>
            <ns3:atemp>16.0</ns3:atemp>
          </ns3:TrackPointExtension>
        </extensions>
      </trkpt>
      <trkpt lat="49.048173828050494" lon="2.440883293747902">
        <ele>115.4000015258789</ele>
        <time>2024-09-28T10:06:12Z</time>
        <extensions>
          <ns3:TrackPointExtension>
            <ns3:atemp>16.0</ns3:atemp>
          </ns3:TrackPointExtension>
        </extensions>
      </trkpt>
      <trkpt lat="49.04791474342346" lon="2.440542820841074">
        <ele>115.19999694824219</ele>
        <time>2024-09-28T10:06:17Z</time>
        <extensions>
          <ns3:TrackPointExtension>
            <ns3:atemp>16.0</ns3:atemp>
          </ns3:TrackPointExtension>
        </extensions>
      </trkpt>
      <trkpt lat="49.04651781544089" lon="2.4393225833773613">
        <ele>115.19999694824219</ele>
        <time>2024-09-28T10:06:39Z</time>
        <extensions>
          <ns3:TrackPointExtension>
            <ns3:atemp>16.0</ns3:atemp>
          </ns3:TrackPointExtension>
        </extensions>
      </trkpt>
      <trkpt lat="49.045574599877" lon="2.4383974727243185">
        <ele>116.0</ele>
        <time>2024-09-28T10:06:56Z</time>
        <extensions>
          <ns3:TrackPointExtension>
            <ns3:atemp>16.0</ns3:atemp>
          </ns3:TrackPointExtension>
        </extensions>
      </trkpt>
      <trkpt lat="49.04549933038652" lon="2.438271911814809">
        <ele>116.0</ele>
        <time>2024-09-28T10:06:58Z</time>
        <extensions>
          <ns3:TrackPointExtension>
            <ns3:atemp>16.0</ns3:atemp>
          </ns3:TrackPointExtension>
        </extensions>
      </trkpt>
      <trkpt lat="49.045405453071" lon="2.437955578789115">
        <ele>116.19999694824219</ele>
        <time>2024-09-28T10:07:02Z</time>
        <extensions>
          <ns3:TrackPointExtension>
            <ns3:atemp>16.0</ns3:atemp>
          </ns3:TrackPointExtension>
        </extensions>
      </trkpt>
      <trkpt lat="49.04533035121858" lon="2.437826581299305">
        <ele>116.19999694824219</ele>
        <time>2024-09-28T10:07:04Z</time>
        <extensions>
          <ns3:TrackPointExtension>
            <ns3:atemp>16.0</ns3:atemp>
          </ns3:TrackPointExtension>
        </extensions>
      </trkpt>
      <trkpt lat="49.045232869684696" lon="2.4377434328198433">
        <ele>116.4000015258789</ele>
        <time>2024-09-28T10:07:06Z</time>
        <extensions>
          <ns3:TrackPointExtension>
            <ns3:atemp>16.0</ns3:atemp>
          </ns3:TrackPointExtension>
        </extensions>
      </trkpt>
      <trkpt lat="49.04501460492611" lon="2.4377100728452206">
        <ele>116.80000305175781</ele>
        <time>2024-09-28T10:07:10Z</time>
        <extensions>
          <ns3:TrackPointExtension>
            <ns3:atemp>16.0</ns3:atemp>
          </ns3:TrackPointExtension>
        </extensions>
      </trkpt>
      <trkpt lat="49.04486448504031" lon="2.4375898763537407">
        <ele>116.80000305175781</ele>
        <time>2024-09-28T10:07:13Z</time>
        <extensions>
          <ns3:TrackPointExtension>
            <ns3:atemp>16.0</ns3:atemp>
          </ns3:TrackPointExtension>
        </extensions>
      </trkpt>
      <trkpt lat="49.044215977191925" lon="2.436833828687668">
        <ele>117.19999694824219</ele>
        <time>2024-09-28T10:07:27Z</time>
        <extensions>
          <ns3:TrackPointExtension>
            <ns3:atemp>16.0</ns3:atemp>
          </ns3:TrackPointExtension>
        </extensions>
      </trkpt>
      <trkpt lat="49.04335666447878" lon="2.4357321113348007">
        <ele>118.19999694824219</ele>
        <time>2024-09-28T10:07:46Z</time>
        <extensions>
          <ns3:TrackPointExtension>
            <ns3:atemp>16.0</ns3:atemp>
          </ns3:TrackPointExtension>
        </extensions>
      </trkpt>
      <trkpt lat="49.04254269786179" lon="2.4348731338977814">
        <ele>118.5999984741211</ele>
        <time>2024-09-28T10:08:01Z</time>
        <extensions>
          <ns3:TrackPointExtension>
            <ns3:atemp>16.0</ns3:atemp>
          </ns3:TrackPointExtension>
        </extensions>
      </trkpt>
      <trkpt lat="49.04181548394263" lon="2.4341980554163456">
        <ele>118.80000305175781</ele>
        <time>2024-09-28T10:08:14Z</time>
        <extensions>
          <ns3:TrackPointExtension>
            <ns3:atemp>15.0</ns3:atemp>
          </ns3:TrackPointExtension>
        </extensions>
      </trkpt>
      <trkpt lat="49.0411467757076" lon="2.4336517229676247">
        <ele>118.5999984741211</ele>
        <time>2024-09-28T10:08:25Z</time>
        <extensions>
          <ns3:TrackPointExtension>
            <ns3:atemp>15.0</ns3:atemp>
          </ns3:TrackPointExtension>
        </extensions>
      </trkpt>
      <trkpt lat="49.03980885632336" lon="2.4326810985803604">
        <ele>117.4000015258789</ele>
        <time>2024-09-28T10:08:45Z</time>
        <extensions>
          <ns3:TrackPointExtension>
            <ns3:atemp>15.0</ns3:atemp>
          </ns3:TrackPointExtension>
        </extensions>
      </trkpt>
      <trkpt lat="49.03877394273877" lon="2.4320502765476704">
        <ele>116.19999694824219</ele>
        <time>2024-09-28T10:09:00Z</time>
        <extensions>
          <ns3:TrackPointExtension>
            <ns3:atemp>15.0</ns3:atemp>
          </ns3:TrackPointExtension>
        </extensions>
      </trkpt>
      <trkpt lat="49.03831117786467" lon="2.4317141622304916">
        <ele>115.5999984741211</ele>
        <time>2024-09-28T10:09:07Z</time>
        <extensions>
          <ns3:TrackPointExtension>
            <ns3:atemp>15.0</ns3:atemp>
          </ns3:TrackPointExtension>
        </extensions>
      </trkpt>
      <trkpt lat="49.03774925507605" lon="2.4311598669737577">
        <ele>114.4000015258789</ele>
        <time>2024-09-28T10:09:16Z</time>
        <extensions>
          <ns3:TrackPointExtension>
            <ns3:atemp>15.0</ns3:atemp>
          </ns3:TrackPointExtension>
        </extensions>
      </trkpt>
      <trkpt lat="49.03586936183274" lon="2.429033126682043">
        <ele>110.4000015258789</ele>
        <time>2024-09-28T10:09:46Z</time>
        <extensions>
          <ns3:TrackPointExtension>
            <ns3:atemp>15.0</ns3:atemp>
          </ns3:TrackPointExtension>
        </extensions>
      </trkpt>
      <trkpt lat="49.034030959010124" lon="2.4271750263869762">
        <ele>107.5999984741211</ele>
        <time>2024-09-28T10:10:11Z</time>
        <extensions>
          <ns3:TrackPointExtension>
            <ns3:atemp>16.0</ns3:atemp>
          </ns3:TrackPointExtension>
        </extensions>
      </trkpt>
      <trkpt lat="49.032683400437236" lon="2.4261750653386116">
        <ele>104.0</ele>
        <time>2024-09-28T10:10:29Z</time>
        <extensions>
          <ns3:TrackPointExtension>
            <ns3:atemp>16.0</ns3:atemp>
          </ns3:TrackPointExtension>
        </extensions>
      </trkpt>
      <trkpt lat="49.030801076442" lon="2.424430875107646">
        <ele>99.4000015258789</ele>
        <time>2024-09-28T10:10:55Z</time>
        <extensions>
          <ns3:TrackPointExtension>
            <ns3:atemp>16.0</ns3:atemp>
          </ns3:TrackPointExtension>
        </extensions>
      </trkpt>
      <trkpt lat="49.030397068709135" lon="2.4241208285093307">
        <ele>98.4000015258789</ele>
        <time>2024-09-28T10:11:00Z</time>
        <extensions>
          <ns3:TrackPointExtension>
            <ns3:atemp>16.0</ns3:atemp>
          </ns3:TrackPointExtension>
        </extensions>
      </trkpt>
      <trkpt lat="49.02971620671451" lon="2.4237759970128536">
        <ele>96.4000015258789</ele>
        <time>2024-09-28T10:11:08Z</time>
        <extensions>
          <ns3:TrackPointExtension>
            <ns3:atemp>16.0</ns3:atemp>
          </ns3:TrackPointExtension>
        </extensions>
      </trkpt>
      <trkpt lat="49.02925302274525" lon="2.4236314091831446">
        <ele>95.19999694824219</ele>
        <time>2024-09-28T10:11:13Z</time>
        <extensions>
          <ns3:TrackPointExtension>
            <ns3:atemp>16.0</ns3:atemp>
          </ns3:TrackPointExtension>
        </extensions>
      </trkpt>
      <trkpt lat="49.02821810916066" lon="2.4234350211918354">
        <ele>92.19999694824219</ele>
        <time>2024-09-28T10:11:25Z</time>
        <extensions>
          <ns3:TrackPointExtension>
            <ns3:atemp>16.0</ns3:atemp>
          </ns3:TrackPointExtension>
        </extensions>
      </trkpt>
      <trkpt lat="49.02787704952061" lon="2.4232921097427607">
        <ele>91.4000015258789</ele>
        <time>2024-09-28T10:11:29Z</time>
        <extensions>
          <ns3:TrackPointExtension>
            <ns3:atemp>17.0</ns3:atemp>
          </ns3:TrackPointExtension>
        </extensions>
      </trkpt>
      <trkpt lat="49.02763280086219" lon="2.423139391466975">
        <ele>91.19999694824219</ele>
        <time>2024-09-28T10:11:32Z</time>
        <extensions>
          <ns3:TrackPointExtension>
            <ns3:atemp>17.0</ns3:atemp>
          </ns3:TrackPointExtension>
        </extensions>
      </trkpt>
      <trkpt lat="49.027344631031156" lon="2.4229021836072206">
        <ele>91.4000015258789</ele>
        <time>2024-09-28T10:11:36Z</time>
        <extensions>
          <ns3:TrackPointExtension>
            <ns3:atemp>17.0</ns3:atemp>
          </ns3:TrackPointExtension>
        </extensions>
      </trkpt>
      <trkpt lat="49.027098873630166" lon="2.4226331245154142">
        <ele>91.5999984741211</ele>
        <time>2024-09-28T10:11:40Z</time>
        <extensions>
          <ns3:TrackPointExtension>
            <ns3:atemp>17.0</ns3:atemp>
          </ns3:TrackPointExtension>
        </extensions>
      </trkpt>
      <trkpt lat="49.02645313180983" lon="2.4216490890830755">
        <ele>93.0</ele>
        <time>2024-09-28T10:11:54Z</time>
        <extensions>
          <ns3:TrackPointExtension>
            <ns3:atemp>17.0</ns3:atemp>
          </ns3:TrackPointExtension>
        </extensions>
      </trkpt>
      <trkpt lat="49.0260732639581" lon="2.421216582879424">
        <ele>93.19999694824219</ele>
        <time>2024-09-28T10:12:01Z</time>
        <extensions>
          <ns3:TrackPointExtension>
            <ns3:atemp>17.0</ns3:atemp>
          </ns3:TrackPointExtension>
        </extensions>
      </trkpt>
      <trkpt lat="49.02571124956012" lon="2.4209225457161665">
        <ele>92.80000305175781</ele>
        <time>2024-09-28T10:12:07Z</time>
        <extensions>
          <ns3:TrackPointExtension>
            <ns3:atemp>17.0</ns3:atemp>
          </ns3:TrackPointExtension>
        </extensions>
      </trkpt>
      <trkpt lat="49.02487884275615" lon="2.4204230681061745">
        <ele>91.80000305175781</ele>
        <time>2024-09-28T10:12:20Z</time>
        <extensions>
          <ns3:TrackPointExtension>
            <ns3:atemp>17.0</ns3:atemp>
          </ns3:TrackPointExtension>
        </extensions>
      </trkpt>
      <trkpt lat="49.02350999414921" lon="2.4191540479660034">
        <ele>89.5999984741211</ele>
        <time>2024-09-28T10:12:40Z</time>
        <extensions>
          <ns3:TrackPointExtension>
            <ns3:atemp>17.0</ns3:atemp>
          </ns3:TrackPointExtension>
        </extensions>
      </trkpt>
      <trkpt lat="49.022456305101514" lon="2.418409315869212">
        <ele>82.4000015258789</ele>
        <time>2024-09-28T10:12:54Z</time>
        <extensions>
          <ns3:TrackPointExtension>
            <ns3:atemp>17.0</ns3:atemp>
          </ns3:TrackPointExtension>
        </extensions>
      </trkpt>
      <trkpt lat="49.02227399870753" lon="2.4180696811527014">
        <ele>80.4000015258789</ele>
        <time>2024-09-28T10:12:58Z</time>
        <extensions>
          <ns3:TrackPointExtension>
            <ns3:atemp>17.0</ns3:atemp>
          </ns3:TrackPointExtension>
        </extensions>
      </trkpt>
      <trkpt lat="49.02201793156564" lon="2.4177731294184923">
        <ele>78.4000015258789</ele>
        <time>2024-09-28T10:13:02Z</time>
        <extensions>
          <ns3:TrackPointExtension>
            <ns3:atemp>17.0</ns3:atemp>
          </ns3:TrackPointExtension>
        </extensions>
      </trkpt>
      <trkpt lat="49.02138518169522" lon="2.416254160925746">
        <ele>74.4000015258789</ele>
        <time>2024-09-28T10:13:15Z</time>
        <extensions>
          <ns3:TrackPointExtension>
            <ns3:atemp>18.0</ns3:atemp>
          </ns3:TrackPointExtension>
        </extensions>
      </trkpt>
      <trkpt lat="49.02113917283714" lon="2.4158145301043987">
        <ele>76.5999984741211</ele>
        <time>2024-09-28T10:13:22Z</time>
        <extensions>
          <ns3:TrackPointExtension>
            <ns3:atemp>18.0</ns3:atemp>
          </ns3:TrackPointExtension>
        </extensions>
      </trkpt>
      <trkpt lat="49.02082904241979" lon="2.415456622838974">
        <ele>80.4000015258789</ele>
        <time>2024-09-28T10:13:34Z</time>
        <extensions>
          <ns3:TrackPointExtension>
            <ns3:atemp>17.0</ns3:atemp>
          </ns3:TrackPointExtension>
        </extensions>
      </trkpt>
      <trkpt lat="49.0201413910836" lon="2.414799900725484">
        <ele>85.80000305175781</ele>
        <time>2024-09-28T10:14:06Z</time>
        <extensions>
          <ns3:TrackPointExtension>
            <ns3:atemp>18.0</ns3:atemp>
          </ns3:TrackPointExtension>
        </extensions>
      </trkpt>
      <trkpt lat="49.01876583695412" lon="2.4126704782247543">
        <ele>93.80000305175781</ele>
        <time>2024-09-28T10:15:09Z</time>
        <extensions>
          <ns3:TrackPointExtension>
            <ns3:atemp>19.0</ns3:atemp>
          </ns3:TrackPointExtension>
        </extensions>
      </trkpt>
      <trkpt lat="49.01845914311707" lon="2.412263033911586">
        <ele>94.4000015258789</ele>
        <time>2024-09-28T10:15:17Z</time>
        <extensions>
          <ns3:TrackPointExtension>
            <ns3:atemp>19.0</ns3:atemp>
          </ns3:TrackPointExtension>
        </extensions>
      </trkpt>
      <trkpt lat="49.01776419952512" lon="2.4116715230047703">
        <ele>94.80000305175781</ele>
        <time>2024-09-28T10:15:31Z</time>
        <extensions>
          <ns3:TrackPointExtension>
            <ns3:atemp>19.0</ns3:atemp>
          </ns3:TrackPointExtension>
        </extensions>
      </trkpt>
      <trkpt lat="49.01681293733418" lon="2.41111496463418">
        <ele>94.0</ele>
        <time>2024-09-28T10:15:46Z</time>
        <extensions>
          <ns3:TrackPointExtension>
            <ns3:atemp>19.0</ns3:atemp>
          </ns3:TrackPointExtension>
        </extensions>
      </trkpt>
      <trkpt lat="49.016457963734865" lon="2.4108245316892862">
        <ele>93.4000015258789</ele>
        <time>2024-09-28T10:15:51Z</time>
        <extensions>
          <ns3:TrackPointExtension>
            <ns3:atemp>19.0</ns3:atemp>
          </ns3:TrackPointExtension>
        </extensions>
      </trkpt>
      <trkpt lat="49.016073402017355" lon="2.4103806260973215">
        <ele>92.5999984741211</ele>
        <time>2024-09-28T10:15:57Z</time>
        <extensions>
          <ns3:TrackPointExtension>
            <ns3:atemp>19.0</ns3:atemp>
          </ns3:TrackPointExtension>
        </extensions>
      </trkpt>
      <trkpt lat="49.01546973735094" lon="2.4094647355377674">
        <ele>92.19999694824219</ele>
        <time>2024-09-28T10:16:08Z</time>
        <extensions>
          <ns3:TrackPointExtension>
            <ns3:atemp>19.0</ns3:atemp>
          </ns3:TrackPointExtension>
        </extensions>
      </trkpt>
      <trkpt lat="49.01510956697166" lon="2.409160053357482">
        <ele>92.4000015258789</ele>
        <time>2024-09-28T10:16:14Z</time>
        <extensions>
          <ns3:TrackPointExtension>
            <ns3:atemp>19.0</ns3:atemp>
          </ns3:TrackPointExtension>
        </extensions>
      </trkpt>
      <trkpt lat="49.01496053673327" lon="2.408978333696723">
        <ele>92.5999984741211</ele>
        <time>2024-09-28T10:16:17Z</time>
        <extensions>
          <ns3:TrackPointExtension>
            <ns3:atemp>19.0</ns3:atemp>
          </ns3:TrackPointExtension>
        </extensions>
      </trkpt>
      <trkpt lat="49.01472005993128" lon="2.408834081143141">
        <ele>93.0</ele>
        <time>2024-09-28T10:16:21Z</time>
        <extensions>
          <ns3:TrackPointExtension>
            <ns3:atemp>19.0</ns3:atemp>
          </ns3:TrackPointExtension>
        </extensions>
      </trkpt>
      <trkpt lat="49.01387449353933" lon="2.4078740179538727">
        <ele>95.0</ele>
        <time>2024-09-28T10:16:37Z</time>
        <extensions>
          <ns3:TrackPointExtension>
            <ns3:atemp>19.0</ns3:atemp>
          </ns3:TrackPointExtension>
        </extensions>
      </trkpt>
      <trkpt lat="49.013420110568404" lon="2.4071828462183475">
        <ele>95.4000015258789</ele>
        <time>2024-09-28T10:16:47Z</time>
        <extensions>
          <ns3:TrackPointExtension>
            <ns3:atemp>19.0</ns3:atemp>
          </ns3:TrackPointExtension>
        </extensions>
      </trkpt>
      <trkpt lat="49.01313847862184" lon="2.40658194757998">
        <ele>95.5999984741211</ele>
        <time>2024-09-28T10:16:55Z</time>
        <extensions>
          <ns3:TrackPointExtension>
            <ns3:atemp>19.0</ns3:atemp>
          </ns3:TrackPointExtension>
        </extensions>
      </trkpt>
      <trkpt lat="49.01200549677014" lon="2.405102541670203">
        <ele>97.4000015258789</ele>
        <time>2024-09-28T10:17:24Z</time>
        <extensions>
          <ns3:TrackPointExtension>
            <ns3:atemp>18.0</ns3:atemp>
          </ns3:TrackPointExtension>
        </extensions>
      </trkpt>
      <trkpt lat="49.01188865303993" lon="2.4048017151653767">
        <ele>98.0</ele>
        <time>2024-09-28T10:17:29Z</time>
        <extensions>
          <ns3:TrackPointExtension>
            <ns3:atemp>18.0</ns3:atemp>
          </ns3:TrackPointExtension>
        </extensions>
      </trkpt>
      <trkpt lat="49.01162579655647" lon="2.4037694837898016">
        <ele>99.19999694824219</ele>
        <time>2024-09-28T10:17:42Z</time>
        <extensions>
          <ns3:TrackPointExtension>
            <ns3:atemp>18.0</ns3:atemp>
          </ns3:TrackPointExtension>
        </extensions>
      </trkpt>
      <trkpt lat="49.01152613572776" lon="2.4036273267120123">
        <ele>99.19999694824219</ele>
        <time>2024-09-28T10:17:44Z</time>
        <extensions>
          <ns3:TrackPointExtension>
            <ns3:atemp>18.0</ns3:atemp>
          </ns3:TrackPointExtension>
        </extensions>
      </trkpt>
      <trkpt lat="49.011298986151814" lon="2.4034614488482475">
        <ele>98.80000305175781</ele>
        <time>2024-09-28T10:17:48Z</time>
        <extensions>
          <ns3:TrackPointExtension>
            <ns3:atemp>18.0</ns3:atemp>
          </ns3:TrackPointExtension>
        </extensions>
      </trkpt>
      <trkpt lat="49.011093797162175" lon="2.403208063915372">
        <ele>97.80000305175781</ele>
        <time>2024-09-28T10:17:52Z</time>
        <extensions>
          <ns3:TrackPointExtension>
            <ns3:atemp>18.0</ns3:atemp>
          </ns3:TrackPointExtension>
        </extensions>
      </trkpt>
      <trkpt lat="49.01063681580126" lon="2.4029383342713118">
        <ele>97.0</ele>
        <time>2024-09-28T10:17:59Z</time>
        <extensions>
          <ns3:TrackPointExtension>
            <ns3:atemp>18.0</ns3:atemp>
          </ns3:TrackPointExtension>
        </extensions>
      </trkpt>
      <trkpt lat="49.01012501679361" lon="2.402735911309719">
        <ele>95.80000305175781</ele>
        <time>2024-09-28T10:18:06Z</time>
        <extensions>
          <ns3:TrackPointExtension>
            <ns3:atemp>18.0</ns3:atemp>
          </ns3:TrackPointExtension>
        </extensions>
      </trkpt>
      <trkpt lat="49.008383844047785" lon="2.4018302466720343">
        <ele>92.5999984741211</ele>
        <time>2024-09-28T10:18:33Z</time>
        <extensions>
          <ns3:TrackPointExtension>
            <ns3:atemp>18.0</ns3:atemp>
          </ns3:TrackPointExtension>
        </extensions>
      </trkpt>
      <trkpt lat="49.00631862692535" lon="2.4008388351649046">
        <ele>89.0</ele>
        <time>2024-09-28T10:19:04Z</time>
        <extensions>
          <ns3:TrackPointExtension>
            <ns3:atemp>17.0</ns3:atemp>
          </ns3:TrackPointExtension>
        </extensions>
      </trkpt>
      <trkpt lat="49.00587354786694" lon="2.4005599692463875">
        <ele>86.80000305175781</ele>
        <time>2024-09-28T10:19:36Z</time>
        <extensions>
          <ns3:TrackPointExtension>
            <ns3:atemp>18.0</ns3:atemp>
          </ns3:TrackPointExtension>
        </extensions>
      </trkpt>
      <trkpt lat="49.00420932099223" lon="2.3997212760150433">
        <ele>84.4000015258789</ele>
        <time>2024-09-28T10:20:03Z</time>
        <extensions>
          <ns3:TrackPointExtension>
            <ns3:atemp>18.0</ns3:atemp>
          </ns3:TrackPointExtension>
        </extensions>
      </trkpt>
      <trkpt lat="49.00401771068573" lon="2.3993999138474464">
        <ele>83.5999984741211</ele>
        <time>2024-09-28T10:20:09Z</time>
        <extensions>
          <ns3:TrackPointExtension>
            <ns3:atemp>18.0</ns3:atemp>
          </ns3:TrackPointExtension>
        </extensions>
      </trkpt>
      <trkpt lat="49.003906566649675" lon="2.3993916157633066">
        <ele>83.4000015258789</ele>
        <time>2024-09-28T10:20:11Z</time>
        <extensions>
          <ns3:TrackPointExtension>
            <ns3:atemp>18.0</ns3:atemp>
          </ns3:TrackPointExtension>
        </extensions>
      </trkpt>
      <trkpt lat="49.003790728747845" lon="2.3994405660778284">
        <ele>83.19999694824219</ele>
        <time>2024-09-28T10:20:13Z</time>
        <extensions>
          <ns3:TrackPointExtension>
            <ns3:atemp>18.0</ns3:atemp>
          </ns3:TrackPointExtension>
        </extensions>
      </trkpt>
      <trkpt lat="49.00360037572682" lon="2.3994161747395992">
        <ele>83.0</ele>
        <time>2024-09-28T10:20:16Z</time>
        <extensions>
          <ns3:TrackPointExtension>
            <ns3:atemp>18.0</ns3:atemp>
          </ns3:TrackPointExtension>
        </extensions>
      </trkpt>
      <trkpt lat="48.99998559616506" lon="2.3976799473166466">
        <ele>76.4000015258789</ele>
        <time>2024-09-28T10:21:09Z</time>
        <extensions>
          <ns3:TrackPointExtension>
            <ns3:atemp>18.0</ns3:atemp>
          </ns3:TrackPointExtension>
        </extensions>
      </trkpt>
      <trkpt lat="48.999883672222495" lon="2.3975998163223267">
        <ele>75.5999984741211</ele>
        <time>2024-09-28T10:21:12Z</time>
        <extensions>
          <ns3:TrackPointExtension>
            <ns3:atemp>19.0</ns3:atemp>
          </ns3:TrackPointExtension>
        </extensions>
      </trkpt>
      <trkpt lat="48.999835727736354" lon="2.397313741967082">
        <ele>75.19999694824219</ele>
        <time>2024-09-28T10:21:16Z</time>
        <extensions>
          <ns3:TrackPointExtension>
            <ns3:atemp>19.0</ns3:atemp>
          </ns3:TrackPointExtension>
        </extensions>
      </trkpt>
      <trkpt lat="49.001782508566976" lon="2.38830478861928">
        <ele>85.4000015258789</ele>
        <time>2024-09-28T10:23:33Z</time>
        <extensions>
          <ns3:TrackPointExtension>
            <ns3:atemp>19.0</ns3:atemp>
          </ns3:TrackPointExtension>
        </extensions>
      </trkpt>
      <trkpt lat="49.00209607556462" lon="2.386757405474782">
        <ele>90.19999694824219</ele>
        <time>2024-09-28T10:24:06Z</time>
        <extensions>
          <ns3:TrackPointExtension>
            <ns3:atemp>19.0</ns3:atemp>
          </ns3:TrackPointExtension>
        </extensions>
      </trkpt>
      <trkpt lat="49.00215659290552" lon="2.3861182015389204">
        <ele>91.0</ele>
        <time>2024-09-28T10:24:17Z</time>
        <extensions>
          <ns3:TrackPointExtension>
            <ns3:atemp>19.0</ns3:atemp>
          </ns3:TrackPointExtension>
        </extensions>
      </trkpt>
      <trkpt lat="49.00230495259166" lon="2.3857435304671526">
        <ele>91.4000015258789</ele>
        <time>2024-09-28T10:24:24Z</time>
        <extensions>
          <ns3:TrackPointExtension>
            <ns3:atemp>19.0</ns3:atemp>
          </ns3:TrackPointExtension>
        </extensions>
      </trkpt>
      <trkpt lat="49.00232573971152" lon="2.3855957575142384">
        <ele>91.80000305175781</ele>
        <time>2024-09-28T10:24:26Z</time>
        <extensions>
          <ns3:TrackPointExtension>
            <ns3:atemp>19.0</ns3:atemp>
          </ns3:TrackPointExtension>
        </extensions>
      </trkpt>
      <trkpt lat="49.002267234027386" lon="2.385362656787038">
        <ele>91.80000305175781</ele>
        <time>2024-09-28T10:24:29Z</time>
        <extensions>
          <ns3:TrackPointExtension>
            <ns3:atemp>19.0</ns3:atemp>
          </ns3:TrackPointExtension>
        </extensions>
      </trkpt>
      <trkpt lat="49.002224737778306" lon="2.3853044863790274">
        <ele>91.5999984741211</ele>
        <time>2024-09-28T10:24:30Z</time>
        <extensions>
          <ns3:TrackPointExtension>
            <ns3:atemp>19.0</ns3:atemp>
          </ns3:TrackPointExtension>
        </extensions>
      </trkpt>
      <trkpt lat="49.0021229814738" lon="2.385251009836793">
        <ele>91.4000015258789</ele>
        <time>2024-09-28T10:24:32Z</time>
        <extensions>
          <ns3:TrackPointExtension>
            <ns3:atemp>19.0</ns3:atemp>
          </ns3:TrackPointExtension>
        </extensions>
      </trkpt>
      <trkpt lat="49.00192592293024" lon="2.385236257687211">
        <ele>91.5999984741211</ele>
        <time>2024-09-28T10:24:36Z</time>
        <extensions>
          <ns3:TrackPointExtension>
            <ns3:atemp>19.0</ns3:atemp>
          </ns3:TrackPointExtension>
        </extensions>
      </trkpt>
      <trkpt lat="49.001834727823734" lon="2.3851559590548277">
        <ele>91.5999984741211</ele>
        <time>2024-09-28T10:24:38Z</time>
        <extensions>
          <ns3:TrackPointExtension>
            <ns3:atemp>19.0</ns3:atemp>
          </ns3:TrackPointExtension>
        </extensions>
      </trkpt>
      <trkpt lat="49.001671532168984" lon="2.3848249576985836">
        <ele>91.19999694824219</ele>
        <time>2024-09-28T10:24:43Z</time>
        <extensions>
          <ns3:TrackPointExtension>
            <ns3:atemp>19.0</ns3:atemp>
          </ns3:TrackPointExtension>
        </extensions>
      </trkpt>
      <trkpt lat="49.00165619328618" lon="2.3845997359603643">
        <ele>91.0</ele>
        <time>2024-09-28T10:24:46Z</time>
        <extensions>
          <ns3:TrackPointExtension>
            <ns3:atemp>19.0</ns3:atemp>
          </ns3:TrackPointExtension>
        </extensions>
      </trkpt>
      <trkpt lat="49.00159450247884" lon="2.384472917765379">
        <ele>90.5999984741211</ele>
        <time>2024-09-28T10:24:48Z</time>
        <extensions>
          <ns3:TrackPointExtension>
            <ns3:atemp>19.0</ns3:atemp>
          </ns3:TrackPointExtension>
        </extensions>
      </trkpt>
      <trkpt lat="49.00137405842543" lon="2.3844201117753983">
        <ele>89.5999984741211</ele>
        <time>2024-09-28T10:24:52Z</time>
        <extensions>
          <ns3:TrackPointExtension>
            <ns3:atemp>19.0</ns3:atemp>
          </ns3:TrackPointExtension>
        </extensions>
      </trkpt>
      <trkpt lat="49.00097114033997" lon="2.3840010166168213">
        <ele>88.5999984741211</ele>
        <time>2024-09-28T10:24:59Z</time>
        <extensions>
          <ns3:TrackPointExtension>
            <ns3:atemp>19.0</ns3:atemp>
          </ns3:TrackPointExtension>
        </extensions>
      </trkpt>
      <trkpt lat="48.99965962395072" lon="2.3825364466756582">
        <ele>83.0</ele>
        <time>2024-09-28T10:25:19Z</time>
        <extensions>
          <ns3:TrackPointExtension>
            <ns3:atemp>19.0</ns3:atemp>
          </ns3:TrackPointExtension>
        </extensions>
      </trkpt>
      <trkpt lat="48.99940305389464" lon="2.3821699898689985">
        <ele>81.4000015258789</ele>
        <time>2024-09-28T10:25:23Z</time>
        <extensions>
          <ns3:TrackPointExtension>
            <ns3:atemp>19.0</ns3:atemp>
          </ns3:TrackPointExtension>
        </extensions>
      </trkpt>
      <trkpt lat="48.99909476749599" lon="2.3814946599304676">
        <ele>79.4000015258789</ele>
        <time>2024-09-28T10:25:30Z</time>
        <extensions>
          <ns3:TrackPointExtension>
            <ns3:atemp>18.0</ns3:atemp>
          </ns3:TrackPointExtension>
        </extensions>
      </trkpt>
      <trkpt lat="48.99880827404559" lon="2.3805124685168266">
        <ele>75.80000305175781</ele>
        <time>2024-09-28T10:25:41Z</time>
        <extensions>
          <ns3:TrackPointExtension>
            <ns3:atemp>18.0</ns3:atemp>
          </ns3:TrackPointExtension>
        </extensions>
      </trkpt>
      <trkpt lat="48.99881288409233" lon="2.380384895950556">
        <ele>75.0</ele>
        <time>2024-09-28T10:25:44Z</time>
        <extensions>
          <ns3:TrackPointExtension>
            <ns3:atemp>18.0</ns3:atemp>
          </ns3:TrackPointExtension>
        </extensions>
      </trkpt>
      <trkpt lat="48.99884515441954" lon="2.380339130759239">
        <ele>74.4000015258789</ele>
        <time>2024-09-28T10:25:48Z</time>
        <extensions>
          <ns3:TrackPointExtension>
            <ns3:atemp>18.0</ns3:atemp>
          </ns3:TrackPointExtension>
        </extensions>
      </trkpt>
      <trkpt lat="48.99899669922888" lon="2.380361845716834">
        <ele>73.80000305175781</ele>
        <time>2024-09-28T10:25:53Z</time>
        <extensions>
          <ns3:TrackPointExtension>
            <ns3:atemp>18.0</ns3:atemp>
          </ns3:TrackPointExtension>
        </extensions>
      </trkpt>
      <trkpt lat="48.99906593374908" lon="2.3803095426410437">
        <ele>73.80000305175781</ele>
        <time>2024-09-28T10:25:55Z</time>
        <extensions>
          <ns3:TrackPointExtension>
            <ns3:atemp>18.0</ns3:atemp>
          </ns3:TrackPointExtension>
        </extensions>
      </trkpt>
      <trkpt lat="48.99907674640417" lon="2.3802569042891264">
        <ele>73.80000305175781</ele>
        <time>2024-09-28T10:25:56Z</time>
        <extensions>
          <ns3:TrackPointExtension>
            <ns3:atemp>18.0</ns3:atemp>
          </ns3:TrackPointExtension>
        </extensions>
      </trkpt>
      <trkpt lat="48.99903257377446" lon="2.380157243460417">
        <ele>74.0</ele>
        <time>2024-09-28T10:25:58Z</time>
        <extensions>
          <ns3:TrackPointExtension>
            <ns3:atemp>18.0</ns3:atemp>
          </ns3:TrackPointExtension>
        </extensions>
      </trkpt>
      <trkpt lat="48.9987245388329" lon="2.380021121352911">
        <ele>73.5999984741211</ele>
        <time>2024-09-28T10:26:04Z</time>
        <extensions>
          <ns3:TrackPointExtension>
            <ns3:atemp>18.0</ns3:atemp>
          </ns3:TrackPointExtension>
        </extensions>
      </trkpt>
      <trkpt lat="48.99860895238817" lon="2.3800229653716087">
        <ele>73.19999694824219</ele>
        <time>2024-09-28T10:26:06Z</time>
        <extensions>
          <ns3:TrackPointExtension>
            <ns3:atemp>18.0</ns3:atemp>
          </ns3:TrackPointExtension>
        </extensions>
      </trkpt>
      <trkpt lat="48.99844776839018" lon="2.3801077902317047">
        <ele>72.80000305175781</ele>
        <time>2024-09-28T10:26:09Z</time>
        <extensions>
          <ns3:TrackPointExtension>
            <ns3:atemp>18.0</ns3:atemp>
          </ns3:TrackPointExtension>
        </extensions>
      </trkpt>
      <trkpt lat="48.99805993773043" lon="2.380027323961258">
        <ele>72.0</ele>
        <time>2024-09-28T10:26:15Z</time>
        <extensions>
          <ns3:TrackPointExtension>
            <ns3:atemp>18.0</ns3:atemp>
          </ns3:TrackPointExtension>
        </extensions>
      </trkpt>
      <trkpt lat="48.997106831520796" lon="2.3796645551919937">
        <ele>69.5999984741211</ele>
        <time>2024-09-28T10:26:28Z</time>
        <extensions>
          <ns3:TrackPointExtension>
            <ns3:atemp>18.0</ns3:atemp>
          </ns3:TrackPointExtension>
        </extensions>
      </trkpt>
      <trkpt lat="48.99613989517093" lon="2.37941175699234">
        <ele>66.19999694824219</ele>
        <time>2024-09-28T10:26:43Z</time>
        <extensions>
          <ns3:TrackPointExtension>
            <ns3:atemp>18.0</ns3:atemp>
          </ns3:TrackPointExtension>
        </extensions>
      </trkpt>
      <trkpt lat="48.9953847695142" lon="2.3791587073355913">
        <ele>60.400001525878906</ele>
        <time>2024-09-28T10:26:57Z</time>
        <extensions>
          <ns3:TrackPointExtension>
            <ns3:atemp>18.0</ns3:atemp>
          </ns3:TrackPointExtension>
        </extensions>
      </trkpt>
      <trkpt lat="48.99499777704477" lon="2.3790852818638086">
        <ele>58.0</ele>
        <time>2024-09-28T10:27:05Z</time>
        <extensions>
          <ns3:TrackPointExtension>
            <ns3:atemp>18.0</ns3:atemp>
          </ns3:TrackPointExtension>
        </extensions>
      </trkpt>
      <trkpt lat="48.994923178106546" lon="2.3790606390684843">
        <ele>57.20000076293945</ele>
        <time>2024-09-28T10:27:07Z</time>
        <extensions>
          <ns3:TrackPointExtension>
            <ns3:atemp>18.0</ns3:atemp>
          </ns3:TrackPointExtension>
        </extensions>
      </trkpt>
      <trkpt lat="48.99487246759236" lon="2.3789923265576363">
        <ele>55.79999923706055</ele>
        <time>2024-09-28T10:27:11Z</time>
        <extensions>
          <ns3:TrackPointExtension>
            <ns3:atemp>18.0</ns3:atemp>
          </ns3:TrackPointExtension>
        </extensions>
      </trkpt>
      <trkpt lat="48.99478638544679" lon="2.378987381234765">
        <ele>55.400001525878906</ele>
        <time>2024-09-28T10:27:50Z</time>
        <extensions>
          <ns3:TrackPointExtension>
            <ns3:atemp>19.0</ns3:atemp>
          </ns3:TrackPointExtension>
        </extensions>
      </trkpt>
      <trkpt lat="48.994686054065824" lon="2.3788434639573097">
        <ele>55.20000076293945</ele>
        <time>2024-09-28T10:27:53Z</time>
        <extensions>
          <ns3:TrackPointExtension>
            <ns3:atemp>19.0</ns3:atemp>
          </ns3:TrackPointExtension>
        </extensions>
      </trkpt>
      <trkpt lat="48.99452067911625" lon="2.3787445574998856">
        <ele>55.0</ele>
        <time>2024-09-28T10:27:56Z</time>
        <extensions>
          <ns3:TrackPointExtension>
            <ns3:atemp>19.0</ns3:atemp>
          </ns3:TrackPointExtension>
        </extensions>
      </trkpt>
      <trkpt lat="48.994000079110265" lon="2.3782927729189396">
        <ele>53.0</ele>
        <time>2024-09-28T10:28:05Z</time>
        <extensions>
          <ns3:TrackPointExtension>
            <ns3:atemp>19.0</ns3:atemp>
          </ns3:TrackPointExtension>
        </extensions>
      </trkpt>
      <trkpt lat="48.99358249269426" lon="2.3778268229216337">
        <ele>52.400001525878906</ele>
        <time>2024-09-28T10:28:13Z</time>
        <extensions>
          <ns3:TrackPointExtension>
            <ns3:atemp>18.0</ns3:atemp>
          </ns3:TrackPointExtension>
        </extensions>
      </trkpt>
      <trkpt lat="48.99349959567189" lon="2.3776850011199713">
        <ele>52.400001525878906</ele>
        <time>2024-09-28T10:28:15Z</time>
        <extensions>
          <ns3:TrackPointExtension>
            <ns3:atemp>18.0</ns3:atemp>
          </ns3:TrackPointExtension>
        </extensions>
      </trkpt>
      <trkpt lat="48.99341259151697" lon="2.3773388285189867">
        <ele>52.599998474121094</ele>
        <time>2024-09-28T10:28:19Z</time>
        <extensions>
          <ns3:TrackPointExtension>
            <ns3:atemp>18.0</ns3:atemp>
          </ns3:TrackPointExtension>
        </extensions>
      </trkpt>
      <trkpt lat="48.99318569339812" lon="2.3767888080328703">
        <ele>53.599998474121094</ele>
        <time>2024-09-28T10:28:27Z</time>
        <extensions>
          <ns3:TrackPointExtension>
            <ns3:atemp>18.0</ns3:atemp>
          </ns3:TrackPointExtension>
        </extensions>
      </trkpt>
      <trkpt lat="48.99261890910566" lon="2.3759108036756516">
        <ele>57.20000076293945</ele>
        <time>2024-09-28T10:28:45Z</time>
        <extensions>
          <ns3:TrackPointExtension>
            <ns3:atemp>18.0</ns3:atemp>
          </ns3:TrackPointExtension>
        </extensions>
      </trkpt>
      <trkpt lat="48.992441296577454" lon="2.3754751961678267">
        <ele>58.79999923706055</ele>
        <time>2024-09-28T10:28:55Z</time>
        <extensions>
          <ns3:TrackPointExtension>
            <ns3:atemp>18.0</ns3:atemp>
          </ns3:TrackPointExtension>
        </extensions>
      </trkpt>
      <trkpt lat="48.99235211312771" lon="2.375379726290703">
        <ele>59.400001525878906</ele>
        <time>2024-09-28T10:29:00Z</time>
        <extensions>
          <ns3:TrackPointExtension>
            <ns3:atemp>18.0</ns3:atemp>
          </ns3:TrackPointExtension>
        </extensions>
      </trkpt>
      <trkpt lat="48.992226384580135" lon="2.3751164507120848">
        <ele>60.0</ele>
        <time>2024-09-28T10:29:08Z</time>
        <extensions>
          <ns3:TrackPointExtension>
            <ns3:atemp>18.0</ns3:atemp>
          </ns3:TrackPointExtension>
        </extensions>
      </trkpt>
      <trkpt lat="48.992101242765784" lon="2.3749442864209414">
        <ele>60.599998474121094</ele>
        <time>2024-09-28T10:29:12Z</time>
        <extensions>
          <ns3:TrackPointExtension>
            <ns3:atemp>18.0</ns3:atemp>
          </ns3:TrackPointExtension>
        </extensions>
      </trkpt>
      <trkpt lat="48.991848612204194" lon="2.374647567048669">
        <ele>61.599998474121094</ele>
        <time>2024-09-28T10:29:19Z</time>
        <extensions>
          <ns3:TrackPointExtension>
            <ns3:atemp>18.0</ns3:atemp>
          </ns3:TrackPointExtension>
        </extensions>
      </trkpt>
      <trkpt lat="48.991539319977164" lon="2.3744612373411655">
        <ele>62.20000076293945</ele>
        <time>2024-09-28T10:29:26Z</time>
        <extensions>
          <ns3:TrackPointExtension>
            <ns3:atemp>18.0</ns3:atemp>
          </ns3:TrackPointExtension>
        </extensions>
      </trkpt>
      <trkpt lat="48.99134561419487" lon="2.3742857202887535">
        <ele>62.599998474121094</ele>
        <time>2024-09-28T10:29:31Z</time>
        <extensions>
          <ns3:TrackPointExtension>
            <ns3:atemp>18.0</ns3:atemp>
          </ns3:TrackPointExtension>
        </extensions>
      </trkpt>
      <trkpt lat="48.991077644750476" lon="2.37395036034286">
        <ele>62.79999923706055</ele>
        <time>2024-09-28T10:30:39Z</time>
        <extensions>
          <ns3:TrackPointExtension>
            <ns3:atemp>18.0</ns3:atemp>
          </ns3:TrackPointExtension>
        </extensions>
      </trkpt>
      <trkpt lat="48.99095711298287" lon="2.3739667888730764">
        <ele>62.599998474121094</ele>
        <time>2024-09-28T10:30:42Z</time>
        <extensions>
          <ns3:TrackPointExtension>
            <ns3:atemp>18.0</ns3:atemp>
          </ns3:TrackPointExtension>
        </extensions>
      </trkpt>
      <trkpt lat="48.99035034701228" lon="2.374597694724798">
        <ele>62.79999923706055</ele>
        <time>2024-09-28T10:30:57Z</time>
        <extensions>
          <ns3:TrackPointExtension>
            <ns3:atemp>18.0</ns3:atemp>
          </ns3:TrackPointExtension>
        </extensions>
      </trkpt>
      <trkpt lat="48.989692367613316" lon="2.3754342924803495">
        <ele>61.79999923706055</ele>
        <time>2024-09-28T10:31:11Z</time>
        <extensions>
          <ns3:TrackPointExtension>
            <ns3:atemp>18.0</ns3:atemp>
          </ns3:TrackPointExtension>
        </extensions>
      </trkpt>
      <trkpt lat="48.98900404572487" lon="2.376721166074276">
        <ele>60.400001525878906</ele>
        <time>2024-09-28T10:31:26Z</time>
        <extensions>
          <ns3:TrackPointExtension>
            <ns3:atemp>17.0</ns3:atemp>
          </ns3:TrackPointExtension>
        </extensions>
      </trkpt>
      <trkpt lat="48.98848721757531" lon="2.377769574522972">
        <ele>59.400001525878906</ele>
        <time>2024-09-28T10:31:39Z</time>
        <extensions>
          <ns3:TrackPointExtension>
            <ns3:atemp>17.0</ns3:atemp>
          </ns3:TrackPointExtension>
        </extensions>
      </trkpt>
      <trkpt lat="48.98824288509786" lon="2.378040561452508">
        <ele>58.79999923706055</ele>
        <time>2024-09-28T10:31:44Z</time>
        <extensions>
          <ns3:TrackPointExtension>
            <ns3:atemp>17.0</ns3:atemp>
          </ns3:TrackPointExtension>
        </extensions>
      </trkpt>
      <trkpt lat="48.98809703998268" lon="2.3783997260034084">
        <ele>58.599998474121094</ele>
        <time>2024-09-28T10:31:48Z</time>
        <extensions>
          <ns3:TrackPointExtension>
            <ns3:atemp>17.0</ns3:atemp>
          </ns3:TrackPointExtension>
        </extensions>
      </trkpt>
      <trkpt lat="48.98791456595063" lon="2.3786827828735113">
        <ele>58.20000076293945</ele>
        <time>2024-09-28T10:31:52Z</time>
        <extensions>
          <ns3:TrackPointExtension>
            <ns3:atemp>17.0</ns3:atemp>
          </ns3:TrackPointExtension>
        </extensions>
      </trkpt>
      <trkpt lat="48.98750837892294" lon="2.3790702782571316">
        <ele>57.599998474121094</ele>
        <time>2024-09-28T10:32:38Z</time>
        <extensions>
          <ns3:TrackPointExtension>
            <ns3:atemp>17.0</ns3:atemp>
          </ns3:TrackPointExtension>
        </extensions>
      </trkpt>
      <trkpt lat="48.98626341484487" lon="2.3800416570156813">
        <ele>59.0</ele>
        <time>2024-09-28T10:33:48Z</time>
        <extensions>
          <ns3:TrackPointExtension>
            <ns3:atemp>17.0</ns3:atemp>
          </ns3:TrackPointExtension>
        </extensions>
      </trkpt>
      <trkpt lat="48.985660169273615" lon="2.3808022309094667">
        <ele>59.599998474121094</ele>
        <time>2024-09-28T10:34:04Z</time>
        <extensions>
          <ns3:TrackPointExtension>
            <ns3:atemp>17.0</ns3:atemp>
          </ns3:TrackPointExtension>
        </extensions>
      </trkpt>
      <trkpt lat="48.9854399766773" lon="2.381172711029649">
        <ele>59.400001525878906</ele>
        <time>2024-09-28T10:34:14Z</time>
        <extensions>
          <ns3:TrackPointExtension>
            <ns3:atemp>17.0</ns3:atemp>
          </ns3:TrackPointExtension>
        </extensions>
      </trkpt>
      <trkpt lat="48.98507812991738" lon="2.3821341153234243">
        <ele>59.400001525878906</ele>
        <time>2024-09-28T10:34:30Z</time>
        <extensions>
          <ns3:TrackPointExtension>
            <ns3:atemp>17.0</ns3:atemp>
          </ns3:TrackPointExtension>
        </extensions>
      </trkpt>
      <trkpt lat="48.984954664483666" lon="2.382720345631242">
        <ele>59.400001525878906</ele>
        <time>2024-09-28T10:34:36Z</time>
        <extensions>
          <ns3:TrackPointExtension>
            <ns3:atemp>17.0</ns3:atemp>
          </ns3:TrackPointExtension>
        </extensions>
      </trkpt>
      <trkpt lat="48.9849217236042" lon="2.3830431327223778">
        <ele>59.20000076293945</ele>
        <time>2024-09-28T10:34:39Z</time>
        <extensions>
          <ns3:TrackPointExtension>
            <ns3:atemp>17.0</ns3:atemp>
          </ns3:TrackPointExtension>
        </extensions>
      </trkpt>
      <trkpt lat="48.98493002168834" lon="2.3848957009613514">
        <ele>57.599998474121094</ele>
        <time>2024-09-28T10:34:55Z</time>
        <extensions>
          <ns3:TrackPointExtension>
            <ns3:atemp>17.0</ns3:atemp>
          </ns3:TrackPointExtension>
        </extensions>
      </trkpt>
      <trkpt lat="48.98489071056247" lon="2.3852624092251062">
        <ele>57.400001525878906</ele>
        <time>2024-09-28T10:34:58Z</time>
        <extensions>
          <ns3:TrackPointExtension>
            <ns3:atemp>17.0</ns3:atemp>
          </ns3:TrackPointExtension>
        </extensions>
      </trkpt>
      <trkpt lat="48.98481477051973" lon="2.385603552684188">
        <ele>57.0</ele>
        <time>2024-09-28T10:35:01Z</time>
        <extensions>
          <ns3:TrackPointExtension>
            <ns3:atemp>17.0</ns3:atemp>
          </ns3:TrackPointExtension>
        </extensions>
      </trkpt>
      <trkpt lat="48.984664902091026" lon="2.386051146313548">
        <ele>56.400001525878906</ele>
        <time>2024-09-28T10:35:05Z</time>
        <extensions>
          <ns3:TrackPointExtension>
            <ns3:atemp>17.0</ns3:atemp>
          </ns3:TrackPointExtension>
        </extensions>
      </trkpt>
      <trkpt lat="48.984058974310756" lon="2.3874702863395214">
        <ele>53.79999923706055</ele>
        <time>2024-09-28T10:35:18Z</time>
        <extensions>
          <ns3:TrackPointExtension>
            <ns3:atemp>17.0</ns3:atemp>
          </ns3:TrackPointExtension>
        </extensions>
      </trkpt>
      <trkpt lat="48.98375957272947" lon="2.3880345560610294">
        <ele>52.599998474121094</ele>
        <time>2024-09-28T10:35:25Z</time>
        <extensions>
          <ns3:TrackPointExtension>
            <ns3:atemp>16.0</ns3:atemp>
          </ns3:TrackPointExtension>
        </extensions>
      </trkpt>
      <trkpt lat="48.983159428462386" lon="2.3885340336710215">
        <ele>51.599998474121094</ele>
        <time>2024-09-28T10:50:29Z</time>
        <extensions>
          <ns3:TrackPointExtension>
            <ns3:atemp>15.0</ns3:atemp>
          </ns3:TrackPointExtension>
        </extensions>
      </trkpt>
      <trkpt lat="48.982793809846044" lon="2.388703767210245">
        <ele>52.79999923706055</ele>
        <time>2024-09-28T10:50:44Z</time>
        <extensions>
          <ns3:TrackPointExtension>
            <ns3:atemp>15.0</ns3:atemp>
          </ns3:TrackPointExtension>
        </extensions>
      </trkpt>
      <trkpt lat="48.982542771846056" lon="2.3887419048696756">
        <ele>53.20000076293945</ele>
        <time>2024-09-28T10:50:49Z</time>
        <extensions>
          <ns3:TrackPointExtension>
            <ns3:atemp>15.0</ns3:atemp>
          </ns3:TrackPointExtension>
        </extensions>
      </trkpt>
      <trkpt lat="48.982266588136554" lon="2.3886942956596613">
        <ele>54.0</ele>
        <time>2024-09-28T10:50:54Z</time>
        <extensions>
          <ns3:TrackPointExtension>
            <ns3:atemp>15.0</ns3:atemp>
          </ns3:TrackPointExtension>
        </extensions>
      </trkpt>
      <trkpt lat="48.98124122992158" lon="2.3883425910025835">
        <ele>56.0</ele>
        <time>2024-09-28T10:51:13Z</time>
        <extensions>
          <ns3:TrackPointExtension>
            <ns3:atemp>15.0</ns3:atemp>
          </ns3:TrackPointExtension>
        </extensions>
      </trkpt>
      <trkpt lat="48.98081702180207" lon="2.388248210772872">
        <ele>56.79999923706055</ele>
        <time>2024-09-28T10:51:26Z</time>
        <extensions>
          <ns3:TrackPointExtension>
            <ns3:atemp>15.0</ns3:atemp>
          </ns3:TrackPointExtension>
        </extensions>
      </trkpt>
      <trkpt lat="48.980322824791074" lon="2.3880130145698786">
        <ele>57.599998474121094</ele>
        <time>2024-09-28T10:51:39Z</time>
        <extensions>
          <ns3:TrackPointExtension>
            <ns3:atemp>15.0</ns3:atemp>
          </ns3:TrackPointExtension>
        </extensions>
      </trkpt>
      <trkpt lat="48.978682067245245" lon="2.3874540254473686">
        <ele>55.79999923706055</ele>
        <time>2024-09-28T10:52:05Z</time>
        <extensions>
          <ns3:TrackPointExtension>
            <ns3:atemp>15.0</ns3:atemp>
          </ns3:TrackPointExtension>
        </extensions>
      </trkpt>
      <trkpt lat="48.97832156158984" lon="2.387461317703128">
        <ele>55.0</ele>
        <time>2024-09-28T10:52:11Z</time>
        <extensions>
          <ns3:TrackPointExtension>
            <ns3:atemp>15.0</ns3:atemp>
          </ns3:TrackPointExtension>
        </extensions>
      </trkpt>
      <trkpt lat="48.97821477614343" lon="2.3875703662633896">
        <ele>54.79999923706055</ele>
        <time>2024-09-28T10:52:13Z</time>
        <extensions>
          <ns3:TrackPointExtension>
            <ns3:atemp>15.0</ns3:atemp>
          </ns3:TrackPointExtension>
        </extensions>
      </trkpt>
      <trkpt lat="48.978082090616226" lon="2.388111585751176">
        <ele>54.20000076293945</ele>
        <time>2024-09-28T10:52:19Z</time>
        <extensions>
          <ns3:TrackPointExtension>
            <ns3:atemp>15.0</ns3:atemp>
          </ns3:TrackPointExtension>
        </extensions>
      </trkpt>
      <trkpt lat="48.977858712896705" lon="2.3894488345831633">
        <ele>58.20000076293945</ele>
        <time>2024-09-28T10:52:52Z</time>
        <extensions>
          <ns3:TrackPointExtension>
            <ns3:atemp>15.0</ns3:atemp>
          </ns3:TrackPointExtension>
        </extensions>
      </trkpt>
      <trkpt lat="48.977701887488365" lon="2.3899229150265455">
        <ele>58.79999923706055</ele>
        <time>2024-09-28T10:53:01Z</time>
        <extensions>
          <ns3:TrackPointExtension>
            <ns3:atemp>15.0</ns3:atemp>
          </ns3:TrackPointExtension>
        </extensions>
      </trkpt>
      <trkpt lat="48.97678339853883" lon="2.3914643470197916">
        <ele>62.20000076293945</ele>
        <time>2024-09-28T10:53:28Z</time>
        <extensions>
          <ns3:TrackPointExtension>
            <ns3:atemp>15.0</ns3:atemp>
          </ns3:TrackPointExtension>
        </extensions>
      </trkpt>
      <trkpt lat="48.976593632251024" lon="2.391940774396062">
        <ele>61.400001525878906</ele>
        <time>2024-09-28T10:53:35Z</time>
        <extensions>
          <ns3:TrackPointExtension>
            <ns3:atemp>16.0</ns3:atemp>
          </ns3:TrackPointExtension>
        </extensions>
      </trkpt>
      <trkpt lat="48.975852839648724" lon="2.3958402033895254">
        <ele>61.79999923706055</ele>
        <time>2024-09-28T10:54:13Z</time>
        <extensions>
          <ns3:TrackPointExtension>
            <ns3:atemp>16.0</ns3:atemp>
          </ns3:TrackPointExtension>
        </extensions>
      </trkpt>
      <trkpt lat="48.975739097222686" lon="2.3963085003197193">
        <ele>62.20000076293945</ele>
        <time>2024-09-28T10:54:20Z</time>
        <extensions>
          <ns3:TrackPointExtension>
            <ns3:atemp>15.0</ns3:atemp>
          </ns3:TrackPointExtension>
        </extensions>
      </trkpt>
      <trkpt lat="48.97543131373823" lon="2.3969678208231926">
        <ele>63.0</ele>
        <time>2024-09-28T10:54:36Z</time>
        <extensions>
          <ns3:TrackPointExtension>
            <ns3:atemp>15.0</ns3:atemp>
          </ns3:TrackPointExtension>
        </extensions>
      </trkpt>
      <trkpt lat="48.97492781281471" lon="2.3979082703590393">
        <ele>64.80000305175781</ele>
        <time>2024-09-28T10:54:49Z</time>
        <extensions>
          <ns3:TrackPointExtension>
            <ns3:atemp>15.0</ns3:atemp>
          </ns3:TrackPointExtension>
        </extensions>
      </trkpt>
      <trkpt lat="48.97436412982643" lon="2.3987110890448093">
        <ele>67.0</ele>
        <time>2024-09-28T10:55:13Z</time>
        <extensions>
          <ns3:TrackPointExtension>
            <ns3:atemp>16.0</ns3:atemp>
          </ns3:TrackPointExtension>
        </extensions>
      </trkpt>
      <trkpt lat="48.974049389362335" lon="2.399022812023759">
        <ele>68.4000015258789</ele>
        <time>2024-09-28T10:55:42Z</time>
        <extensions>
          <ns3:TrackPointExtension>
            <ns3:atemp>16.0</ns3:atemp>
          </ns3:TrackPointExtension>
        </extensions>
      </trkpt>
      <trkpt lat="48.9739131834358" lon="2.3989224806427956">
        <ele>68.80000305175781</ele>
        <time>2024-09-28T10:55:49Z</time>
        <extensions>
          <ns3:TrackPointExtension>
            <ns3:atemp>16.0</ns3:atemp>
          </ns3:TrackPointExtension>
        </extensions>
      </trkpt>
      <trkpt lat="48.97355519235134" lon="2.3984123580157757">
        <ele>68.80000305175781</ele>
        <time>2024-09-28T10:55:58Z</time>
        <extensions>
          <ns3:TrackPointExtension>
            <ns3:atemp>16.0</ns3:atemp>
          </ns3:TrackPointExtension>
        </extensions>
      </trkpt>
      <trkpt lat="48.972300589084625" lon="2.396426098421216">
        <ele>68.5999984741211</ele>
        <time>2024-09-28T10:56:24Z</time>
        <extensions>
          <ns3:TrackPointExtension>
            <ns3:atemp>16.0</ns3:atemp>
          </ns3:TrackPointExtension>
        </extensions>
      </trkpt>
      <trkpt lat="48.97189926356077" lon="2.3959839530289173">
        <ele>69.0</ele>
        <time>2024-09-28T10:56:31Z</time>
        <extensions>
          <ns3:TrackPointExtension>
            <ns3:atemp>16.0</ns3:atemp>
          </ns3:TrackPointExtension>
        </extensions>
      </trkpt>
      <trkpt lat="48.97173514589667" lon="2.395674493163824">
        <ele>69.4000015258789</ele>
        <time>2024-09-28T10:56:36Z</time>
        <extensions>
          <ns3:TrackPointExtension>
            <ns3:atemp>16.0</ns3:atemp>
          </ns3:TrackPointExtension>
        </extensions>
      </trkpt>
      <trkpt lat="48.97144907154143" lon="2.395407697185874">
        <ele>69.19999694824219</ele>
        <time>2024-09-28T10:56:41Z</time>
        <extensions>
          <ns3:TrackPointExtension>
            <ns3:atemp>16.0</ns3:atemp>
          </ns3:TrackPointExtension>
        </extensions>
      </trkpt>
      <trkpt lat="48.97091103717685" lon="2.394775617867708">
        <ele>68.5999984741211</ele>
        <time>2024-09-28T10:56:50Z</time>
        <extensions>
          <ns3:TrackPointExtension>
            <ns3:atemp>15.0</ns3:atemp>
          </ns3:TrackPointExtension>
        </extensions>
      </trkpt>
      <trkpt lat="48.970410553738475" lon="2.39437990821898">
        <ele>67.0</ele>
        <time>2024-09-28T10:56:59Z</time>
        <extensions>
          <ns3:TrackPointExtension>
            <ns3:atemp>15.0</ns3:atemp>
          </ns3:TrackPointExtension>
        </extensions>
      </trkpt>
      <trkpt lat="48.968281131237745" lon="2.392519460991025">
        <ele>64.19999694824219</ele>
        <time>2024-09-28T10:57:31Z</time>
        <extensions>
          <ns3:TrackPointExtension>
            <ns3:atemp>15.0</ns3:atemp>
          </ns3:TrackPointExtension>
        </extensions>
      </trkpt>
      <trkpt lat="48.96767386235297" lon="2.3921004496514797">
        <ele>62.599998474121094</ele>
        <time>2024-09-28T10:57:39Z</time>
        <extensions>
          <ns3:TrackPointExtension>
            <ns3:atemp>15.0</ns3:atemp>
          </ns3:TrackPointExtension>
        </extensions>
      </trkpt>
      <trkpt lat="48.96722828038037" lon="2.3918468970805407">
        <ele>59.79999923706055</ele>
        <time>2024-09-28T10:57:48Z</time>
        <extensions>
          <ns3:TrackPointExtension>
            <ns3:atemp>16.0</ns3:atemp>
          </ns3:TrackPointExtension>
        </extensions>
      </trkpt>
      <trkpt lat="48.9671625662595" lon="2.391752516850829">
        <ele>59.20000076293945</ele>
        <time>2024-09-28T10:57:52Z</time>
        <extensions>
          <ns3:TrackPointExtension>
            <ns3:atemp>15.0</ns3:atemp>
          </ns3:TrackPointExtension>
        </extensions>
      </trkpt>
      <trkpt lat="48.96648011170328" lon="2.391312215477228">
        <ele>57.20000076293945</ele>
        <time>2024-09-28T10:58:05Z</time>
        <extensions>
          <ns3:TrackPointExtension>
            <ns3:atemp>15.0</ns3:atemp>
          </ns3:TrackPointExtension>
        </extensions>
      </trkpt>
      <trkpt lat="48.96618355996907" lon="2.3910290747880936">
        <ele>56.599998474121094</ele>
        <time>2024-09-28T10:58:10Z</time>
        <extensions>
          <ns3:TrackPointExtension>
            <ns3:atemp>15.0</ns3:atemp>
          </ns3:TrackPointExtension>
        </extensions>
      </trkpt>
      <trkpt lat="48.96592866629362" lon="2.3907066229730844">
        <ele>55.599998474121094</ele>
        <time>2024-09-28T10:58:14Z</time>
        <extensions>
          <ns3:TrackPointExtension>
            <ns3:atemp>15.0</ns3:atemp>
          </ns3:TrackPointExtension>
        </extensions>
      </trkpt>
      <trkpt lat="48.964434172958136" lon="2.3886353708803654">
        <ele>56.20000076293945</ele>
        <time>2024-09-28T10:58:41Z</time>
        <extensions>
          <ns3:TrackPointExtension>
            <ns3:atemp>15.0</ns3:atemp>
          </ns3:TrackPointExtension>
        </extensions>
      </trkpt>
      <trkpt lat="48.96403284743428" lon="2.387951910495758">
        <ele>57.20000076293945</ele>
        <time>2024-09-28T10:58:50Z</time>
        <extensions>
          <ns3:TrackPointExtension>
            <ns3:atemp>15.0</ns3:atemp>
          </ns3:TrackPointExtension>
        </extensions>
      </trkpt>
      <trkpt lat="48.96387870423496" lon="2.387636248022318">
        <ele>57.400001525878906</ele>
        <time>2024-09-28T10:58:54Z</time>
        <extensions>
          <ns3:TrackPointExtension>
            <ns3:atemp>15.0</ns3:atemp>
          </ns3:TrackPointExtension>
        </extensions>
      </trkpt>
      <trkpt lat="48.963624984025955" lon="2.38691464997828">
        <ele>56.599998474121094</ele>
        <time>2024-09-28T10:59:01Z</time>
        <extensions>
          <ns3:TrackPointExtension>
            <ns3:atemp>15.0</ns3:atemp>
          </ns3:TrackPointExtension>
        </extensions>
      </trkpt>
      <trkpt lat="48.963048392906785" lon="2.3850426357239485">
        <ele>53.20000076293945</ele>
        <time>2024-09-28T10:59:16Z</time>
        <extensions>
          <ns3:TrackPointExtension>
            <ns3:atemp>15.0</ns3:atemp>
          </ns3:TrackPointExtension>
        </extensions>
      </trkpt>
      <trkpt lat="48.96184257231653" lon="2.382752448320389">
        <ele>47.0</ele>
        <time>2024-09-28T10:59:37Z</time>
        <extensions>
          <ns3:TrackPointExtension>
            <ns3:atemp>15.0</ns3:atemp>
          </ns3:TrackPointExtension>
        </extensions>
      </trkpt>
      <trkpt lat="48.961235051974654" lon="2.381746033206582">
        <ele>43.400001525878906</ele>
        <time>2024-09-28T10:59:51Z</time>
        <extensions>
          <ns3:TrackPointExtension>
            <ns3:atemp>15.0</ns3:atemp>
          </ns3:TrackPointExtension>
        </extensions>
      </trkpt>
      <trkpt lat="48.96120227873325" lon="2.3815542552620173">
        <ele>43.0</ele>
        <time>2024-09-28T10:59:55Z</time>
        <extensions>
          <ns3:TrackPointExtension>
            <ns3:atemp>15.0</ns3:atemp>
          </ns3:TrackPointExtension>
        </extensions>
      </trkpt>
      <trkpt lat="48.96108962595463" lon="2.3814011178910732">
        <ele>41.599998474121094</ele>
        <time>2024-09-28T11:00:21Z</time>
        <extensions>
          <ns3:TrackPointExtension>
            <ns3:atemp>15.0</ns3:atemp>
          </ns3:TrackPointExtension>
        </extensions>
      </trkpt>
      <trkpt lat="48.96097294986248" lon="2.3814373277127743">
        <ele>41.599998474121094</ele>
        <time>2024-09-28T11:00:24Z</time>
        <extensions>
          <ns3:TrackPointExtension>
            <ns3:atemp>15.0</ns3:atemp>
          </ns3:TrackPointExtension>
        </extensions>
      </trkpt>
      <trkpt lat="48.9608440361917" lon="2.3816024512052536">
        <ele>41.400001525878906</ele>
        <time>2024-09-28T11:00:27Z</time>
        <extensions>
          <ns3:TrackPointExtension>
            <ns3:atemp>15.0</ns3:atemp>
          </ns3:TrackPointExtension>
        </extensions>
      </trkpt>
      <trkpt lat="48.96067229099572" lon="2.38173664547503">
        <ele>41.400001525878906</ele>
        <time>2024-09-28T11:00:30Z</time>
        <extensions>
          <ns3:TrackPointExtension>
            <ns3:atemp>15.0</ns3:atemp>
          </ns3:TrackPointExtension>
        </extensions>
      </trkpt>
      <trkpt lat="48.96009326912463" lon="2.381962202489376">
        <ele>41.20000076293945</ele>
        <time>2024-09-28T11:00:39Z</time>
        <extensions>
          <ns3:TrackPointExtension>
            <ns3:atemp>16.0</ns3:atemp>
          </ns3:TrackPointExtension>
        </extensions>
      </trkpt>
      <trkpt lat="48.959270752966404" lon="2.3821891006082296">
        <ele>41.400001525878906</ele>
        <time>2024-09-28T11:00:53Z</time>
        <extensions>
          <ns3:TrackPointExtension>
            <ns3:atemp>16.0</ns3:atemp>
          </ns3:TrackPointExtension>
        </extensions>
      </trkpt>
      <trkpt lat="48.95873665809631" lon="2.382155153900385">
        <ele>41.400001525878906</ele>
        <time>2024-09-28T11:01:01Z</time>
        <extensions>
          <ns3:TrackPointExtension>
            <ns3:atemp>16.0</ns3:atemp>
          </ns3:TrackPointExtension>
        </extensions>
      </trkpt>
      <trkpt lat="48.958612605929375" lon="2.382196644321084">
        <ele>41.20000076293945</ele>
        <time>2024-09-28T11:01:03Z</time>
        <extensions>
          <ns3:TrackPointExtension>
            <ns3:atemp>16.0</ns3:atemp>
          </ns3:TrackPointExtension>
        </extensions>
      </trkpt>
      <trkpt lat="48.958222260698676" lon="2.3821923695504665">
        <ele>40.599998474121094</ele>
        <time>2024-09-28T11:01:08Z</time>
        <extensions>
          <ns3:TrackPointExtension>
            <ns3:atemp>16.0</ns3:atemp>
          </ns3:TrackPointExtension>
        </extensions>
      </trkpt>
      <trkpt lat="48.95701878704131" lon="2.3829018976539373">
        <ele>43.400001525878906</ele>
        <time>2024-09-28T11:01:38Z</time>
        <extensions>
          <ns3:TrackPointExtension>
            <ns3:atemp>16.0</ns3:atemp>
          </ns3:TrackPointExtension>
        </extensions>
      </trkpt>
      <trkpt lat="48.95636424422264" lon="2.3830795101821423">
        <ele>43.599998474121094</ele>
        <time>2024-09-28T11:01:50Z</time>
        <extensions>
          <ns3:TrackPointExtension>
            <ns3:atemp>16.0</ns3:atemp>
          </ns3:TrackPointExtension>
        </extensions>
      </trkpt>
      <trkpt lat="48.95608613267541" lon="2.383096106350422">
        <ele>43.0</ele>
        <time>2024-09-28T11:01:56Z</time>
        <extensions>
          <ns3:TrackPointExtension>
            <ns3:atemp>16.0</ns3:atemp>
          </ns3:TrackPointExtension>
        </extensions>
      </trkpt>
      <trkpt lat="48.95542488433421" lon="2.382852276787162">
        <ele>41.0</ele>
        <time>2024-09-28T11:03:16Z</time>
        <extensions>
          <ns3:TrackPointExtension>
            <ns3:atemp>17.0</ns3:atemp>
          </ns3:TrackPointExtension>
        </extensions>
      </trkpt>
      <trkpt lat="48.95518692210317" lon="2.3828026559203863">
        <ele>40.79999923706055</ele>
        <time>2024-09-28T11:03:29Z</time>
        <extensions>
          <ns3:TrackPointExtension>
            <ns3:atemp>17.0</ns3:atemp>
          </ns3:TrackPointExtension>
        </extensions>
      </trkpt>
      <trkpt lat="48.95508726127446" lon="2.3827324993908405">
        <ele>40.599998474121094</ele>
        <time>2024-09-28T11:03:42Z</time>
        <extensions>
          <ns3:TrackPointExtension>
            <ns3:atemp>17.0</ns3:atemp>
          </ns3:TrackPointExtension>
        </extensions>
      </trkpt>
      <trkpt lat="48.954690461978316" lon="2.3826713114976883">
        <ele>40.79999923706055</ele>
        <time>2024-09-28T11:03:52Z</time>
        <extensions>
          <ns3:TrackPointExtension>
            <ns3:atemp>17.0</ns3:atemp>
          </ns3:TrackPointExtension>
        </extensions>
      </trkpt>
      <trkpt lat="48.95414480008185" lon="2.382456064224243">
        <ele>41.599998474121094</ele>
        <time>2024-09-28T11:04:02Z</time>
        <extensions>
          <ns3:TrackPointExtension>
            <ns3:atemp>17.0</ns3:atemp>
          </ns3:TrackPointExtension>
        </extensions>
      </trkpt>
      <trkpt lat="48.953848499804735" lon="2.3824020847678185">
        <ele>42.0</ele>
        <time>2024-09-28T11:04:08Z</time>
        <extensions>
          <ns3:TrackPointExtension>
            <ns3:atemp>17.0</ns3:atemp>
          </ns3:TrackPointExtension>
        </extensions>
      </trkpt>
      <trkpt lat="48.95352344959974" lon="2.3822483606636524">
        <ele>42.599998474121094</ele>
        <time>2024-09-28T11:04:16Z</time>
        <extensions>
          <ns3:TrackPointExtension>
            <ns3:atemp>17.0</ns3:atemp>
          </ns3:TrackPointExtension>
        </extensions>
      </trkpt>
      <trkpt lat="48.9522011205554" lon="2.3818038683384657">
        <ele>42.20000076293945</ele>
        <time>2024-09-28T11:04:44Z</time>
        <extensions>
          <ns3:TrackPointExtension>
            <ns3:atemp>17.0</ns3:atemp>
          </ns3:TrackPointExtension>
        </extensions>
      </trkpt>
      <trkpt lat="48.95214814692736" lon="2.3816664051264524">
        <ele>42.0</ele>
        <time>2024-09-28T11:04:47Z</time>
        <extensions>
          <ns3:TrackPointExtension>
            <ns3:atemp>17.0</ns3:atemp>
          </ns3:TrackPointExtension>
        </extensions>
      </trkpt>
      <trkpt lat="48.952093329280615" lon="2.381313191726804">
        <ele>41.400001525878906</ele>
        <time>2024-09-28T11:04:53Z</time>
        <extensions>
          <ns3:TrackPointExtension>
            <ns3:atemp>17.0</ns3:atemp>
          </ns3:TrackPointExtension>
        </extensions>
      </trkpt>
      <trkpt lat="48.95198897458613" lon="2.381099620833993">
        <ele>41.400001525878906</ele>
        <time>2024-09-28T11:04:57Z</time>
        <extensions>
          <ns3:TrackPointExtension>
            <ns3:atemp>17.0</ns3:atemp>
          </ns3:TrackPointExtension>
        </extensions>
      </trkpt>
      <trkpt lat="48.95196030847728" lon="2.3807999677956104">
        <ele>41.400001525878906</ele>
        <time>2024-09-28T11:05:01Z</time>
        <extensions>
          <ns3:TrackPointExtension>
            <ns3:atemp>17.0</ns3:atemp>
          </ns3:TrackPointExtension>
        </extensions>
      </trkpt>
      <trkpt lat="48.95185804925859" lon="2.3803320061415434">
        <ele>41.599998474121094</ele>
        <time>2024-09-28T11:05:07Z</time>
        <extensions>
          <ns3:TrackPointExtension>
            <ns3:atemp>16.0</ns3:atemp>
          </ns3:TrackPointExtension>
        </extensions>
      </trkpt>
      <trkpt lat="48.95159075036645" lon="2.379703363403678">
        <ele>42.20000076293945</ele>
        <time>2024-09-28T11:05:17Z</time>
        <extensions>
          <ns3:TrackPointExtension>
            <ns3:atemp>16.0</ns3:atemp>
          </ns3:TrackPointExtension>
        </extensions>
      </trkpt>
      <trkpt lat="48.95147298462689" lon="2.3784074373543262">
        <ele>43.20000076293945</ele>
        <time>2024-09-28T11:05:35Z</time>
        <extensions>
          <ns3:TrackPointExtension>
            <ns3:atemp>16.0</ns3:atemp>
          </ns3:TrackPointExtension>
        </extensions>
      </trkpt>
      <trkpt lat="48.95153794437647" lon="2.3779252264648676">
        <ele>43.79999923706055</ele>
        <time>2024-09-28T11:05:42Z</time>
        <extensions>
          <ns3:TrackPointExtension>
            <ns3:atemp>16.0</ns3:atemp>
          </ns3:TrackPointExtension>
        </extensions>
      </trkpt>
      <trkpt lat="48.95108205266297" lon="2.375088958069682">
        <ele>44.20000076293945</ele>
        <time>2024-09-28T11:06:17Z</time>
        <extensions>
          <ns3:TrackPointExtension>
            <ns3:atemp>16.0</ns3:atemp>
          </ns3:TrackPointExtension>
        </extensions>
      </trkpt>
      <trkpt lat="48.95095598883927" lon="2.3750481382012367">
        <ele>44.20000076293945</ele>
        <time>2024-09-28T11:06:20Z</time>
        <extensions>
          <ns3:TrackPointExtension>
            <ns3:atemp>16.0</ns3:atemp>
          </ns3:TrackPointExtension>
        </extensions>
      </trkpt>
      <trkpt lat="48.95028602331877" lon="2.3750906344503164">
        <ele>43.20000076293945</ele>
        <time>2024-09-28T11:06:32Z</time>
        <extensions>
          <ns3:TrackPointExtension>
            <ns3:atemp>16.0</ns3:atemp>
          </ns3:TrackPointExtension>
        </extensions>
      </trkpt>
      <trkpt lat="48.9500477258116" lon="2.375025087967515">
        <ele>43.20000076293945</ele>
        <time>2024-09-28T11:06:36Z</time>
        <extensions>
          <ns3:TrackPointExtension>
            <ns3:atemp>16.0</ns3:atemp>
          </ns3:TrackPointExtension>
        </extensions>
      </trkpt>
      <trkpt lat="48.94950139336288" lon="2.375067500397563">
        <ele>43.0</ele>
        <time>2024-09-28T11:06:46Z</time>
        <extensions>
          <ns3:TrackPointExtension>
            <ns3:atemp>16.0</ns3:atemp>
          </ns3:TrackPointExtension>
        </extensions>
      </trkpt>
      <trkpt lat="48.94947440363467" lon="2.375022489577532">
        <ele>43.0</ele>
        <time>2024-09-28T11:06:49Z</time>
        <extensions>
          <ns3:TrackPointExtension>
            <ns3:atemp>16.0</ns3:atemp>
          </ns3:TrackPointExtension>
        </extensions>
      </trkpt>
      <trkpt lat="48.94939544610679" lon="2.3750238306820393">
        <ele>42.79999923706055</ele>
        <time>2024-09-28T11:06:52Z</time>
        <extensions>
          <ns3:TrackPointExtension>
            <ns3:atemp>16.0</ns3:atemp>
          </ns3:TrackPointExtension>
        </extensions>
      </trkpt>
      <trkpt lat="48.94880468957126" lon="2.375075714662671">
        <ele>41.599998474121094</ele>
        <time>2024-09-28T11:07:01Z</time>
        <extensions>
          <ns3:TrackPointExtension>
            <ns3:atemp>16.0</ns3:atemp>
          </ns3:TrackPointExtension>
        </extensions>
      </trkpt>
      <trkpt lat="48.94793674349785" lon="2.375017963349819">
        <ele>39.20000076293945</ele>
        <time>2024-09-28T11:07:20Z</time>
        <extensions>
          <ns3:TrackPointExtension>
            <ns3:atemp>16.0</ns3:atemp>
          </ns3:TrackPointExtension>
        </extensions>
      </trkpt>
      <trkpt lat="48.94771512597799" lon="2.3750941548496485">
        <ele>38.20000076293945</ele>
        <time>2024-09-28T11:08:09Z</time>
        <extensions>
          <ns3:TrackPointExtension>
            <ns3:atemp>16.0</ns3:atemp>
          </ns3:TrackPointExtension>
        </extensions>
      </trkpt>
      <trkpt lat="48.947670785710216" lon="2.3750458750873804">
        <ele>38.20000076293945</ele>
        <time>2024-09-28T11:08:11Z</time>
        <extensions>
          <ns3:TrackPointExtension>
            <ns3:atemp>16.0</ns3:atemp>
          </ns3:TrackPointExtension>
        </extensions>
      </trkpt>
      <trkpt lat="48.94762150011957" lon="2.374722668901086">
        <ele>38.20000076293945</ele>
        <time>2024-09-28T11:08:16Z</time>
        <extensions>
          <ns3:TrackPointExtension>
            <ns3:atemp>16.0</ns3:atemp>
          </ns3:TrackPointExtension>
        </extensions>
      </trkpt>
      <trkpt lat="48.94741932861507" lon="2.3739028349518776">
        <ele>38.20000076293945</ele>
        <time>2024-09-28T11:08:29Z</time>
        <extensions>
          <ns3:TrackPointExtension>
            <ns3:atemp>16.0</ns3:atemp>
          </ns3:TrackPointExtension>
        </extensions>
      </trkpt>
      <trkpt lat="48.94738714210689" lon="2.3735938780009747">
        <ele>38.20000076293945</ele>
        <time>2024-09-28T11:08:33Z</time>
        <extensions>
          <ns3:TrackPointExtension>
            <ns3:atemp>16.0</ns3:atemp>
          </ns3:TrackPointExtension>
        </extensions>
      </trkpt>
      <trkpt lat="48.94726409576833" lon="2.3730125091969967">
        <ele>37.79999923706055</ele>
        <time>2024-09-28T11:08:40Z</time>
        <extensions>
          <ns3:TrackPointExtension>
            <ns3:atemp>16.0</ns3:atemp>
          </ns3:TrackPointExtension>
        </extensions>
      </trkpt>
      <trkpt lat="48.94712286069989" lon="2.372037274762988">
        <ele>37.400001525878906</ele>
        <time>2024-09-28T11:08:58Z</time>
        <extensions>
          <ns3:TrackPointExtension>
            <ns3:atemp>16.0</ns3:atemp>
          </ns3:TrackPointExtension>
        </extensions>
      </trkpt>
      <trkpt lat="48.94696067087352" lon="2.3711657244712114">
        <ele>37.20000076293945</ele>
        <time>2024-09-28T11:09:40Z</time>
        <extensions>
          <ns3:TrackPointExtension>
            <ns3:atemp>17.0</ns3:atemp>
          </ns3:TrackPointExtension>
        </extensions>
      </trkpt>
      <trkpt lat="48.94669731147587" lon="2.3700942657887936">
        <ele>37.20000076293945</ele>
        <time>2024-09-28T11:09:54Z</time>
        <extensions>
          <ns3:TrackPointExtension>
            <ns3:atemp>17.0</ns3:atemp>
          </ns3:TrackPointExtension>
        </extensions>
      </trkpt>
      <trkpt lat="48.94650318659842" lon="2.368984669446945">
        <ele>36.79999923706055</ele>
        <time>2024-09-28T11:10:06Z</time>
        <extensions>
          <ns3:TrackPointExtension>
            <ns3:atemp>17.0</ns3:atemp>
          </ns3:TrackPointExtension>
        </extensions>
      </trkpt>
      <trkpt lat="48.94630772061646" lon="2.368099456652999">
        <ele>36.20000076293945</ele>
        <time>2024-09-28T11:10:17Z</time>
        <extensions>
          <ns3:TrackPointExtension>
            <ns3:atemp>17.0</ns3:atemp>
          </ns3:TrackPointExtension>
        </extensions>
      </trkpt>
      <trkpt lat="48.94595140591264" lon="2.3661190643906593">
        <ele>35.0</ele>
        <time>2024-09-28T11:11:11Z</time>
        <extensions>
          <ns3:TrackPointExtension>
            <ns3:atemp>17.0</ns3:atemp>
          </ns3:TrackPointExtension>
        </extensions>
      </trkpt>
      <trkpt lat="48.945815451443195" lon="2.365506011992693">
        <ele>35.20000076293945</ele>
        <time>2024-09-28T11:11:18Z</time>
        <extensions>
          <ns3:TrackPointExtension>
            <ns3:atemp>17.0</ns3:atemp>
          </ns3:TrackPointExtension>
        </extensions>
      </trkpt>
      <trkpt lat="48.94542577676475" lon="2.363244155421853">
        <ele>34.79999923706055</ele>
        <time>2024-09-28T11:11:45Z</time>
        <extensions>
          <ns3:TrackPointExtension>
            <ns3:atemp>17.0</ns3:atemp>
          </ns3:TrackPointExtension>
        </extensions>
      </trkpt>
      <trkpt lat="48.945056637749076" lon="2.3613464925438166">
        <ele>34.400001525878906</ele>
        <time>2024-09-28T11:12:01Z</time>
        <extensions>
          <ns3:TrackPointExtension>
            <ns3:atemp>17.0</ns3:atemp>
          </ns3:TrackPointExtension>
        </extensions>
      </trkpt>
      <trkpt lat="48.944505862891674" lon="2.3581492993980646">
        <ele>33.20000076293945</ele>
        <time>2024-09-28T11:12:30Z</time>
        <extensions>
          <ns3:TrackPointExtension>
            <ns3:atemp>17.0</ns3:atemp>
          </ns3:TrackPointExtension>
        </extensions>
      </trkpt>
      <trkpt lat="48.94445582292974" lon="2.357733892276883">
        <ele>32.599998474121094</ele>
        <time>2024-09-28T11:12:36Z</time>
        <extensions>
          <ns3:TrackPointExtension>
            <ns3:atemp>17.0</ns3:atemp>
          </ns3:TrackPointExtension>
        </extensions>
      </trkpt>
      <trkpt lat="48.94435180351138" lon="2.3572410363703966">
        <ele>32.0</ele>
        <time>2024-09-28T11:12:43Z</time>
        <extensions>
          <ns3:TrackPointExtension>
            <ns3:atemp>17.0</ns3:atemp>
          </ns3:TrackPointExtension>
        </extensions>
      </trkpt>
      <trkpt lat="48.94432598724961" lon="2.356916321441531">
        <ele>31.799999237060547</ele>
        <time>2024-09-28T11:12:47Z</time>
        <extensions>
          <ns3:TrackPointExtension>
            <ns3:atemp>17.0</ns3:atemp>
          </ns3:TrackPointExtension>
        </extensions>
      </trkpt>
      <trkpt lat="48.94435121677816" lon="2.3565690591931343">
        <ele>31.600000381469727</ele>
        <time>2024-09-28T11:12:51Z</time>
        <extensions>
          <ns3:TrackPointExtension>
            <ns3:atemp>17.0</ns3:atemp>
          </ns3:TrackPointExtension>
        </extensions>
      </trkpt>
      <trkpt lat="48.944929568096995" lon="2.353734467178583">
        <ele>31.600000381469727</ele>
        <time>2024-09-28T11:13:20Z</time>
        <extensions>
          <ns3:TrackPointExtension>
            <ns3:atemp>17.0</ns3:atemp>
          </ns3:TrackPointExtension>
        </extensions>
      </trkpt>
      <trkpt lat="48.94495949149132" lon="2.3533288668841124">
        <ele>31.200000762939453</ele>
        <time>2024-09-28T11:13:45Z</time>
        <extensions>
          <ns3:TrackPointExtension>
            <ns3:atemp>17.0</ns3:atemp>
          </ns3:TrackPointExtension>
        </extensions>
      </trkpt>
      <trkpt lat="48.94549618475139" lon="2.3509494960308075">
        <ele>33.0</ele>
        <time>2024-09-28T11:14:17Z</time>
        <extensions>
          <ns3:TrackPointExtension>
            <ns3:atemp>17.0</ns3:atemp>
          </ns3:TrackPointExtension>
        </extensions>
      </trkpt>
      <trkpt lat="48.945635659620166" lon="2.350493185222149">
        <ele>33.400001525878906</ele>
        <time>2024-09-28T11:14:27Z</time>
        <extensions>
          <ns3:TrackPointExtension>
            <ns3:atemp>17.0</ns3:atemp>
          </ns3:TrackPointExtension>
        </extensions>
      </trkpt>
      <trkpt lat="48.94568335264921" lon="2.350127901881933">
        <ele>32.79999923706055</ele>
        <time>2024-09-28T11:14:38Z</time>
        <extensions>
          <ns3:TrackPointExtension>
            <ns3:atemp>17.0</ns3:atemp>
          </ns3:TrackPointExtension>
        </extensions>
      </trkpt>
      <trkpt lat="48.94623680971563" lon="2.3473208025097847">
        <ele>31.200000762939453</ele>
        <time>2024-09-28T11:15:10Z</time>
        <extensions>
          <ns3:TrackPointExtension>
            <ns3:atemp>17.0</ns3:atemp>
          </ns3:TrackPointExtension>
        </extensions>
      </trkpt>
      <trkpt lat="48.94627092406154" lon="2.3470398411154747">
        <ele>30.600000381469727</ele>
        <time>2024-09-28T11:15:13Z</time>
        <extensions>
          <ns3:TrackPointExtension>
            <ns3:atemp>17.0</ns3:atemp>
          </ns3:TrackPointExtension>
        </extensions>
      </trkpt>
      <trkpt lat="48.94658055156469" lon="2.3458291590213776">
        <ele>32.20000076293945</ele>
        <time>2024-09-28T11:15:27Z</time>
        <extensions>
          <ns3:TrackPointExtension>
            <ns3:atemp>17.0</ns3:atemp>
          </ns3:TrackPointExtension>
        </extensions>
      </trkpt>
      <trkpt lat="48.946662778034806" lon="2.345248209312558">
        <ele>33.20000076293945</ele>
        <time>2024-09-28T11:15:56Z</time>
        <extensions>
          <ns3:TrackPointExtension>
            <ns3:atemp>17.0</ns3:atemp>
          </ns3:TrackPointExtension>
        </extensions>
      </trkpt>
      <trkpt lat="48.94687458872795" lon="2.344319326803088">
        <ele>36.20000076293945</ele>
        <time>2024-09-28T11:16:09Z</time>
        <extensions>
          <ns3:TrackPointExtension>
            <ns3:atemp>18.0</ns3:atemp>
          </ns3:TrackPointExtension>
        </extensions>
      </trkpt>
      <trkpt lat="48.94695421680808" lon="2.3436336033046246">
        <ele>36.0</ele>
        <time>2024-09-28T11:16:31Z</time>
        <extensions>
          <ns3:TrackPointExtension>
            <ns3:atemp>18.0</ns3:atemp>
          </ns3:TrackPointExtension>
        </extensions>
      </trkpt>
      <trkpt lat="48.9470998942852" lon="2.343125492334366">
        <ele>36.20000076293945</ele>
        <time>2024-09-28T11:16:40Z</time>
        <extensions>
          <ns3:TrackPointExtension>
            <ns3:atemp>18.0</ns3:atemp>
          </ns3:TrackPointExtension>
        </extensions>
      </trkpt>
      <trkpt lat="48.9471189212054" lon="2.342897756025195">
        <ele>36.20000076293945</ele>
        <time>2024-09-28T11:16:48Z</time>
        <extensions>
          <ns3:TrackPointExtension>
            <ns3:atemp>18.0</ns3:atemp>
          </ns3:TrackPointExtension>
        </extensions>
      </trkpt>
      <trkpt lat="48.947071731090546" lon="2.342742355540395">
        <ele>36.79999923706055</ele>
        <time>2024-09-28T11:16:55Z</time>
        <extensions>
          <ns3:TrackPointExtension>
            <ns3:atemp>18.0</ns3:atemp>
          </ns3:TrackPointExtension>
        </extensions>
      </trkpt>
      <trkpt lat="48.94699294120073" lon="2.3427110072225332">
        <ele>37.0</ele>
        <time>2024-09-28T11:17:00Z</time>
        <extensions>
          <ns3:TrackPointExtension>
            <ns3:atemp>18.0</ns3:atemp>
          </ns3:TrackPointExtension>
        </extensions>
      </trkpt>
      <trkpt lat="48.94625432789326" lon="2.342903958633542">
        <ele>36.20000076293945</ele>
        <time>2024-09-28T11:17:15Z</time>
        <extensions>
          <ns3:TrackPointExtension>
            <ns3:atemp>18.0</ns3:atemp>
          </ns3:TrackPointExtension>
        </extensions>
      </trkpt>
      <trkpt lat="48.94579139538109" lon="2.342864228412509">
        <ele>35.400001525878906</ele>
        <time>2024-09-28T11:17:21Z</time>
        <extensions>
          <ns3:TrackPointExtension>
            <ns3:atemp>18.0</ns3:atemp>
          </ns3:TrackPointExtension>
        </extensions>
      </trkpt>
      <trkpt lat="48.94414736889303" lon="2.342061409726739">
        <ele>31.399999618530273</ele>
        <time>2024-09-28T11:17:44Z</time>
        <extensions>
          <ns3:TrackPointExtension>
            <ns3:atemp>18.0</ns3:atemp>
          </ns3:TrackPointExtension>
        </extensions>
      </trkpt>
      <trkpt lat="48.943793149665" lon="2.3419280536472797">
        <ele>30.799999237060547</ele>
        <time>2024-09-28T11:17:48Z</time>
        <extensions>
          <ns3:TrackPointExtension>
            <ns3:atemp>18.0</ns3:atemp>
          </ns3:TrackPointExtension>
        </extensions>
      </trkpt>
      <trkpt lat="48.942577773705125" lon="2.341660922393203">
        <ele>30.0</ele>
        <time>2024-09-28T11:18:03Z</time>
        <extensions>
          <ns3:TrackPointExtension>
            <ns3:atemp>18.0</ns3:atemp>
          </ns3:TrackPointExtension>
        </extensions>
      </trkpt>
      <trkpt lat="48.94190085120499" lon="2.3414332699030638">
        <ele>30.200000762939453</ele>
        <time>2024-09-28T11:18:35Z</time>
        <extensions>
          <ns3:TrackPointExtension>
            <ns3:atemp>18.0</ns3:atemp>
          </ns3:TrackPointExtension>
        </extensions>
      </trkpt>
      <trkpt lat="48.94097180105746" lon="2.3413288313895464">
        <ele>33.599998474121094</ele>
        <time>2024-09-28T11:18:50Z</time>
        <extensions>
          <ns3:TrackPointExtension>
            <ns3:atemp>18.0</ns3:atemp>
          </ns3:TrackPointExtension>
        </extensions>
      </trkpt>
      <trkpt lat="48.94016403704882" lon="2.341169072315097">
        <ele>34.400001525878906</ele>
        <time>2024-09-28T11:19:03Z</time>
        <extensions>
          <ns3:TrackPointExtension>
            <ns3:atemp>18.0</ns3:atemp>
          </ns3:TrackPointExtension>
        </extensions>
      </trkpt>
      <trkpt lat="48.93975944258273" lon="2.3412693198770285">
        <ele>34.0</ele>
        <time>2024-09-28T11:19:09Z</time>
        <extensions>
          <ns3:TrackPointExtension>
            <ns3:atemp>18.0</ns3:atemp>
          </ns3:TrackPointExtension>
        </extensions>
      </trkpt>
      <trkpt lat="48.93872360698879" lon="2.341744238510728">
        <ele>29.0</ele>
        <time>2024-09-28T11:20:21Z</time>
        <extensions>
          <ns3:TrackPointExtension>
            <ns3:atemp>18.0</ns3:atemp>
          </ns3:TrackPointExtension>
        </extensions>
      </trkpt>
      <trkpt lat="48.93796697258949" lon="2.3420406226068735">
        <ele>28.600000381469727</ele>
        <time>2024-09-28T11:21:12Z</time>
        <extensions>
          <ns3:TrackPointExtension>
            <ns3:atemp>18.0</ns3:atemp>
          </ns3:TrackPointExtension>
        </extensions>
      </trkpt>
      <trkpt lat="48.93793327733874" lon="2.342107007279992">
        <ele>28.600000381469727</ele>
        <time>2024-09-28T11:21:25Z</time>
        <extensions>
          <ns3:TrackPointExtension>
            <ns3:atemp>18.0</ns3:atemp>
          </ns3:TrackPointExtension>
        </extensions>
      </trkpt>
      <trkpt lat="48.93786370754242" lon="2.342107594013214">
        <ele>28.600000381469727</ele>
        <time>2024-09-28T11:21:29Z</time>
        <extensions>
          <ns3:TrackPointExtension>
            <ns3:atemp>18.0</ns3:atemp>
          </ns3:TrackPointExtension>
        </extensions>
      </trkpt>
      <trkpt lat="48.93780327402055" lon="2.3421855457127094">
        <ele>28.399999618530273</ele>
        <time>2024-09-28T11:21:33Z</time>
        <extensions>
          <ns3:TrackPointExtension>
            <ns3:atemp>18.0</ns3:atemp>
          </ns3:TrackPointExtension>
        </extensions>
      </trkpt>
      <trkpt lat="48.9376487955451" lon="2.3422741424292326">
        <ele>28.600000381469727</ele>
        <time>2024-09-28T11:21:41Z</time>
        <extensions>
          <ns3:TrackPointExtension>
            <ns3:atemp>18.0</ns3:atemp>
          </ns3:TrackPointExtension>
        </extensions>
      </trkpt>
      <trkpt lat="48.93761342391372" lon="2.3422215040773153">
        <ele>28.600000381469727</ele>
        <time>2024-09-28T11:21:48Z</time>
        <extensions>
          <ns3:TrackPointExtension>
            <ns3:atemp>18.0</ns3:atemp>
          </ns3:TrackPointExtension>
        </extensions>
      </trkpt>
      <trkpt lat="48.937075808644295" lon="2.34245577827096">
        <ele>28.399999618530273</ele>
        <time>2024-09-28T11:22:19Z</time>
        <extensions>
          <ns3:TrackPointExtension>
            <ns3:atemp>18.0</ns3:atemp>
          </ns3:TrackPointExtension>
        </extensions>
      </trkpt>
      <trkpt lat="48.93700481392443" lon="2.342396769672632">
        <ele>28.600000381469727</ele>
        <time>2024-09-28T11:22:48Z</time>
        <extensions>
          <ns3:TrackPointExtension>
            <ns3:atemp>18.0</ns3:atemp>
          </ns3:TrackPointExtension>
        </extensions>
      </trkpt>
      <trkpt lat="48.93580796197057" lon="2.342473464086652">
        <ele>27.200000762939453</ele>
        <time>2024-09-28T11:23:09Z</time>
        <extensions>
          <ns3:TrackPointExtension>
            <ns3:atemp>18.0</ns3:atemp>
          </ns3:TrackPointExtension>
        </extensions>
      </trkpt>
      <trkpt lat="48.934455793350935" lon="2.342371456325054">
        <ele>29.399999618530273</ele>
        <time>2024-09-28T11:23:29Z</time>
        <extensions>
          <ns3:TrackPointExtension>
            <ns3:atemp>18.0</ns3:atemp>
          </ns3:TrackPointExtension>
        </extensions>
      </trkpt>
      <trkpt lat="48.93339858390391" lon="2.34216894954443">
        <ele>28.799999237060547</ele>
        <time>2024-09-28T11:23:49Z</time>
        <extensions>
          <ns3:TrackPointExtension>
            <ns3:atemp>18.0</ns3:atemp>
          </ns3:TrackPointExtension>
        </extensions>
      </trkpt>
      <trkpt lat="48.93322432413697" lon="2.342190910130739">
        <ele>28.799999237060547</ele>
        <time>2024-09-28T11:23:57Z</time>
        <extensions>
          <ns3:TrackPointExtension>
            <ns3:atemp>18.0</ns3:atemp>
          </ns3:TrackPointExtension>
        </extensions>
      </trkpt>
      <trkpt lat="48.933034809306264" lon="2.342104911804199">
        <ele>28.799999237060547</ele>
        <time>2024-09-28T11:24:03Z</time>
        <extensions>
          <ns3:TrackPointExtension>
            <ns3:atemp>18.0</ns3:atemp>
          </ns3:TrackPointExtension>
        </extensions>
      </trkpt>
      <trkpt lat="48.93202562816441" lon="2.341914139688015">
        <ele>29.399999618530273</ele>
        <time>2024-09-28T11:24:20Z</time>
        <extensions>
          <ns3:TrackPointExtension>
            <ns3:atemp>18.0</ns3:atemp>
          </ns3:TrackPointExtension>
        </extensions>
      </trkpt>
      <trkpt lat="48.93156093545258" lon="2.3417372815310955">
        <ele>29.399999618530273</ele>
        <time>2024-09-28T11:24:26Z</time>
        <extensions>
          <ns3:TrackPointExtension>
            <ns3:atemp>18.0</ns3:atemp>
          </ns3:TrackPointExtension>
        </extensions>
      </trkpt>
      <trkpt lat="48.92985748127103" lon="2.3408213909715414">
        <ele>30.0</ele>
        <time>2024-09-28T11:24:56Z</time>
        <extensions>
          <ns3:TrackPointExtension>
            <ns3:atemp>17.0</ns3:atemp>
          </ns3:TrackPointExtension>
        </extensions>
      </trkpt>
      <trkpt lat="48.92933428287506" lon="2.3404076602309942">
        <ele>30.399999618530273</ele>
        <time>2024-09-28T11:25:09Z</time>
        <extensions>
          <ns3:TrackPointExtension>
            <ns3:atemp>17.0</ns3:atemp>
          </ns3:TrackPointExtension>
        </extensions>
      </trkpt>
      <trkpt lat="48.928946536034346" lon="2.3400538600981236">
        <ele>30.200000762939453</ele>
        <time>2024-09-28T11:25:16Z</time>
        <extensions>
          <ns3:TrackPointExtension>
            <ns3:atemp>17.0</ns3:atemp>
          </ns3:TrackPointExtension>
        </extensions>
      </trkpt>
      <trkpt lat="48.927123975008726" lon="2.3381272796541452">
        <ele>29.399999618530273</ele>
        <time>2024-09-28T11:25:50Z</time>
        <extensions>
          <ns3:TrackPointExtension>
            <ns3:atemp>17.0</ns3:atemp>
          </ns3:TrackPointExtension>
        </extensions>
      </trkpt>
      <trkpt lat="48.926815604791045" lon="2.3378650099039078">
        <ele>29.399999618530273</ele>
        <time>2024-09-28T11:25:56Z</time>
        <extensions>
          <ns3:TrackPointExtension>
            <ns3:atemp>17.0</ns3:atemp>
          </ns3:TrackPointExtension>
        </extensions>
      </trkpt>
      <trkpt lat="48.926275139674544" lon="2.3372110538184643">
        <ele>29.0</ele>
        <time>2024-09-28T11:26:09Z</time>
        <extensions>
          <ns3:TrackPointExtension>
            <ns3:atemp>17.0</ns3:atemp>
          </ns3:TrackPointExtension>
        </extensions>
      </trkpt>
      <trkpt lat="48.92622937448323" lon="2.337286826223135">
        <ele>28.200000762939453</ele>
        <time>2024-09-28T11:26:39Z</time>
        <extensions>
          <ns3:TrackPointExtension>
            <ns3:atemp>17.0</ns3:atemp>
          </ns3:TrackPointExtension>
        </extensions>
      </trkpt>
      <trkpt lat="48.92665668390691" lon="2.337686223909259">
        <ele>28.399999618530273</ele>
        <time>2024-09-28T11:26:51Z</time>
        <extensions>
          <ns3:TrackPointExtension>
            <ns3:atemp>17.0</ns3:atemp>
          </ns3:TrackPointExtension>
        </extensions>
      </trkpt>
      <trkpt lat="48.92760073766112" lon="2.338757012039423">
        <ele>28.600000381469727</ele>
        <time>2024-09-28T11:27:12Z</time>
        <extensions>
          <ns3:TrackPointExtension>
            <ns3:atemp>17.0</ns3:atemp>
          </ns3:TrackPointExtension>
        </extensions>
      </trkpt>
      <trkpt lat="48.92885056324303" lon="2.33999015763402">
        <ele>29.0</ele>
        <time>2024-09-28T11:27:36Z</time>
        <extensions>
          <ns3:TrackPointExtension>
            <ns3:atemp>16.0</ns3:atemp>
          </ns3:TrackPointExtension>
        </extensions>
      </trkpt>
      <trkpt lat="48.92930628731847" lon="2.3404909763485193">
        <ele>29.399999618530273</ele>
        <time>2024-09-28T11:27:46Z</time>
        <extensions>
          <ns3:TrackPointExtension>
            <ns3:atemp>16.0</ns3:atemp>
          </ns3:TrackPointExtension>
        </extensions>
      </trkpt>
      <trkpt lat="48.929378455504775" lon="2.340660374611616">
        <ele>29.600000381469727</ele>
        <time>2024-09-28T11:27:49Z</time>
        <extensions>
          <ns3:TrackPointExtension>
            <ns3:atemp>16.0</ns3:atemp>
          </ns3:TrackPointExtension>
        </extensions>
      </trkpt>
      <trkpt lat="48.92934450879693" lon="2.340829186141491">
        <ele>30.0</ele>
        <time>2024-09-28T11:27:52Z</time>
        <extensions>
          <ns3:TrackPointExtension>
            <ns3:atemp>16.0</ns3:atemp>
          </ns3:TrackPointExtension>
        </extensions>
      </trkpt>
      <trkpt lat="48.929259767755866" lon="2.340904623270035">
        <ele>30.200000762939453</ele>
        <time>2024-09-28T11:27:54Z</time>
        <extensions>
          <ns3:TrackPointExtension>
            <ns3:atemp>16.0</ns3:atemp>
          </ns3:TrackPointExtension>
        </extensions>
      </trkpt>
      <trkpt lat="48.92884377390146" lon="2.3410098999738693">
        <ele>31.799999237060547</ele>
        <time>2024-09-28T11:28:03Z</time>
        <extensions>
          <ns3:TrackPointExtension>
            <ns3:atemp>16.0</ns3:atemp>
          </ns3:TrackPointExtension>
        </extensions>
      </trkpt>
      <trkpt lat="48.92856423743069" lon="2.341149039566517">
        <ele>32.79999923706055</ele>
        <time>2024-09-28T11:28:09Z</time>
        <extensions>
          <ns3:TrackPointExtension>
            <ns3:atemp>16.0</ns3:atemp>
          </ns3:TrackPointExtension>
        </extensions>
      </trkpt>
      <trkpt lat="48.92742027528584" lon="2.341430839151144">
        <ele>35.599998474121094</ele>
        <time>2024-09-28T11:28:33Z</time>
        <extensions>
          <ns3:TrackPointExtension>
            <ns3:atemp>16.0</ns3:atemp>
          </ns3:TrackPointExtension>
        </extensions>
      </trkpt>
      <trkpt lat="48.92442659474909" lon="2.342354105785489">
        <ele>34.599998474121094</ele>
        <time>2024-09-28T11:29:30Z</time>
        <extensions>
          <ns3:TrackPointExtension>
            <ns3:atemp>16.0</ns3:atemp>
          </ns3:TrackPointExtension>
        </extensions>
      </trkpt>
      <trkpt lat="48.924196595326066" lon="2.3424511682242155">
        <ele>34.20000076293945</ele>
        <time>2024-09-28T11:29:37Z</time>
        <extensions>
          <ns3:TrackPointExtension>
            <ns3:atemp>16.0</ns3:atemp>
          </ns3:TrackPointExtension>
        </extensions>
      </trkpt>
      <trkpt lat="48.92407354898751" lon="2.3426012881100178">
        <ele>34.20000076293945</ele>
        <time>2024-09-28T11:30:03Z</time>
        <extensions>
          <ns3:TrackPointExtension>
            <ns3:atemp>16.0</ns3:atemp>
          </ns3:TrackPointExtension>
        </extensions>
      </trkpt>
      <trkpt lat="48.92391127534211" lon="2.342701703310013">
        <ele>34.20000076293945</ele>
        <time>2024-09-28T11:30:08Z</time>
        <extensions>
          <ns3:TrackPointExtension>
            <ns3:atemp>16.0</ns3:atemp>
          </ns3:TrackPointExtension>
        </extensions>
      </trkpt>
      <trkpt lat="48.92368923872709" lon="2.342689884826541">
        <ele>34.400001525878906</ele>
        <time>2024-09-28T11:30:12Z</time>
        <extensions>
          <ns3:TrackPointExtension>
            <ns3:atemp>16.0</ns3:atemp>
          </ns3:TrackPointExtension>
        </extensions>
      </trkpt>
      <trkpt lat="48.9235264621675" lon="2.342747887596488">
        <ele>34.599998474121094</ele>
        <time>2024-09-28T11:30:14Z</time>
        <extensions>
          <ns3:TrackPointExtension>
            <ns3:atemp>16.0</ns3:atemp>
          </ns3:TrackPointExtension>
        </extensions>
      </trkpt>
      <trkpt lat="48.9232967980206" lon="2.342903036624193">
        <ele>34.79999923706055</ele>
        <time>2024-09-28T11:30:18Z</time>
        <extensions>
          <ns3:TrackPointExtension>
            <ns3:atemp>16.0</ns3:atemp>
          </ns3:TrackPointExtension>
        </extensions>
      </trkpt>
      <trkpt lat="48.92280721105635" lon="2.3430039547383785">
        <ele>34.79999923706055</ele>
        <time>2024-09-28T11:30:25Z</time>
        <extensions>
          <ns3:TrackPointExtension>
            <ns3:atemp>16.0</ns3:atemp>
          </ns3:TrackPointExtension>
        </extensions>
      </trkpt>
      <trkpt lat="48.92187866382301" lon="2.343567218631506">
        <ele>35.0</ele>
        <time>2024-09-28T11:30:41Z</time>
        <extensions>
          <ns3:TrackPointExtension>
            <ns3:atemp>16.0</ns3:atemp>
          </ns3:TrackPointExtension>
        </extensions>
      </trkpt>
      <trkpt lat="48.92119646072388" lon="2.3439074400812387">
        <ele>35.400001525878906</ele>
        <time>2024-09-28T11:30:53Z</time>
        <extensions>
          <ns3:TrackPointExtension>
            <ns3:atemp>16.0</ns3:atemp>
          </ns3:TrackPointExtension>
        </extensions>
      </trkpt>
      <trkpt lat="48.92095849849284" lon="2.3441428039222956">
        <ele>35.79999923706055</ele>
        <time>2024-09-28T11:31:01Z</time>
        <extensions>
          <ns3:TrackPointExtension>
            <ns3:atemp>16.0</ns3:atemp>
          </ns3:TrackPointExtension>
        </extensions>
      </trkpt>
      <trkpt lat="48.92083888873458" lon="2.344117658212781">
        <ele>36.0</ele>
        <time>2024-09-28T11:31:08Z</time>
        <extensions>
          <ns3:TrackPointExtension>
            <ns3:atemp>16.0</ns3:atemp>
          </ns3:TrackPointExtension>
        </extensions>
      </trkpt>
      <trkpt lat="48.920772168785334" lon="2.3441546224057674">
        <ele>35.79999923706055</ele>
        <time>2024-09-28T11:31:16Z</time>
        <extensions>
          <ns3:TrackPointExtension>
            <ns3:atemp>16.0</ns3:atemp>
          </ns3:TrackPointExtension>
        </extensions>
      </trkpt>
      <trkpt lat="48.920595310628414" lon="2.3440677020698786">
        <ele>36.0</ele>
        <time>2024-09-28T11:31:21Z</time>
        <extensions>
          <ns3:TrackPointExtension>
            <ns3:atemp>16.0</ns3:atemp>
          </ns3:TrackPointExtension>
        </extensions>
      </trkpt>
      <trkpt lat="48.920358354225755" lon="2.344059655442834">
        <ele>36.20000076293945</ele>
        <time>2024-09-28T11:31:26Z</time>
        <extensions>
          <ns3:TrackPointExtension>
            <ns3:atemp>16.0</ns3:atemp>
          </ns3:TrackPointExtension>
        </extensions>
      </trkpt>
      <trkpt lat="48.92026078887284" lon="2.344007855281234">
        <ele>36.400001525878906</ele>
        <time>2024-09-28T11:31:28Z</time>
        <extensions>
          <ns3:TrackPointExtension>
            <ns3:atemp>16.0</ns3:atemp>
          </ns3:TrackPointExtension>
        </extensions>
      </trkpt>
      <trkpt lat="48.91955235041678" lon="2.343136053532362">
        <ele>36.0</ele>
        <time>2024-09-28T11:31:44Z</time>
        <extensions>
          <ns3:TrackPointExtension>
            <ns3:atemp>17.0</ns3:atemp>
          </ns3:TrackPointExtension>
        </extensions>
      </trkpt>
      <trkpt lat="48.918815245851874" lon="2.3424487374722958">
        <ele>36.0</ele>
        <time>2024-09-28T11:31:57Z</time>
        <extensions>
          <ns3:TrackPointExtension>
            <ns3:atemp>17.0</ns3:atemp>
          </ns3:TrackPointExtension>
        </extensions>
      </trkpt>
      <trkpt lat="48.91857795417309" lon="2.342113545164466">
        <ele>35.79999923706055</ele>
        <time>2024-09-28T11:32:02Z</time>
        <extensions>
          <ns3:TrackPointExtension>
            <ns3:atemp>16.0</ns3:atemp>
          </ns3:TrackPointExtension>
        </extensions>
      </trkpt>
      <trkpt lat="48.91825315542519" lon="2.3414927814155817">
        <ele>35.400001525878906</ele>
        <time>2024-09-28T11:32:10Z</time>
        <extensions>
          <ns3:TrackPointExtension>
            <ns3:atemp>16.0</ns3:atemp>
          </ns3:TrackPointExtension>
        </extensions>
      </trkpt>
      <trkpt lat="48.91734883189201" lon="2.3404004517942667">
        <ele>36.0</ele>
        <time>2024-09-28T11:32:28Z</time>
        <extensions>
          <ns3:TrackPointExtension>
            <ns3:atemp>16.0</ns3:atemp>
          </ns3:TrackPointExtension>
        </extensions>
      </trkpt>
      <trkpt lat="48.91704473644495" lon="2.339935591444373">
        <ele>35.79999923706055</ele>
        <time>2024-09-28T11:32:43Z</time>
        <extensions>
          <ns3:TrackPointExtension>
            <ns3:atemp>16.0</ns3:atemp>
          </ns3:TrackPointExtension>
        </extensions>
      </trkpt>
      <trkpt lat="48.91614309512079" lon="2.3388617858290672">
        <ele>36.400001525878906</ele>
        <time>2024-09-28T11:33:11Z</time>
        <extensions>
          <ns3:TrackPointExtension>
            <ns3:atemp>16.0</ns3:atemp>
          </ns3:TrackPointExtension>
        </extensions>
      </trkpt>
      <trkpt lat="48.91559399664402" lon="2.3381371702998877">
        <ele>36.400001525878906</ele>
        <time>2024-09-28T11:33:26Z</time>
        <extensions>
          <ns3:TrackPointExtension>
            <ns3:atemp>16.0</ns3:atemp>
          </ns3:TrackPointExtension>
        </extensions>
      </trkpt>
      <trkpt lat="48.91532166860998" lon="2.3377438075840473">
        <ele>36.20000076293945</ele>
        <time>2024-09-28T11:33:43Z</time>
        <extensions>
          <ns3:TrackPointExtension>
            <ns3:atemp>16.0</ns3:atemp>
          </ns3:TrackPointExtension>
        </extensions>
      </trkpt>
      <trkpt lat="48.915310353040695" lon="2.337608439847827">
        <ele>36.20000076293945</ele>
        <time>2024-09-28T11:33:48Z</time>
        <extensions>
          <ns3:TrackPointExtension>
            <ns3:atemp>16.0</ns3:atemp>
          </ns3:TrackPointExtension>
        </extensions>
      </trkpt>
      <trkpt lat="48.915637247264385" lon="2.33679941855371">
        <ele>37.400001525878906</ele>
        <time>2024-09-28T11:34:09Z</time>
        <extensions>
          <ns3:TrackPointExtension>
            <ns3:atemp>16.0</ns3:atemp>
          </ns3:TrackPointExtension>
        </extensions>
      </trkpt>
      <trkpt lat="48.91601317562163" lon="2.3359982762485743">
        <ele>38.599998474121094</ele>
        <time>2024-09-28T11:34:26Z</time>
        <extensions>
          <ns3:TrackPointExtension>
            <ns3:atemp>16.0</ns3:atemp>
          </ns3:TrackPointExtension>
        </extensions>
      </trkpt>
      <trkpt lat="48.91638197936118" lon="2.3349691461771727">
        <ele>39.400001525878906</ele>
        <time>2024-09-28T11:34:41Z</time>
        <extensions>
          <ns3:TrackPointExtension>
            <ns3:atemp>16.0</ns3:atemp>
          </ns3:TrackPointExtension>
        </extensions>
      </trkpt>
      <trkpt lat="48.91649748198688" lon="2.3345286771655083">
        <ele>39.79999923706055</ele>
        <time>2024-09-28T11:34:50Z</time>
        <extensions>
          <ns3:TrackPointExtension>
            <ns3:atemp>16.0</ns3:atemp>
          </ns3:TrackPointExtension>
        </extensions>
      </trkpt>
      <trkpt lat="48.9166381303221" lon="2.33430789783597">
        <ele>39.79999923706055</ele>
        <time>2024-09-28T11:34:58Z</time>
        <extensions>
          <ns3:TrackPointExtension>
            <ns3:atemp>16.0</ns3:atemp>
          </ns3:TrackPointExtension>
        </extensions>
      </trkpt>
      <trkpt lat="48.91693417914212" lon="2.3333649337291718">
        <ele>40.400001525878906</ele>
        <time>2024-09-28T11:35:18Z</time>
        <extensions>
          <ns3:TrackPointExtension>
            <ns3:atemp>16.0</ns3:atemp>
          </ns3:TrackPointExtension>
        </extensions>
      </trkpt>
      <trkpt lat="48.917412450537086" lon="2.332226922735572">
        <ele>40.400001525878906</ele>
        <time>2024-09-28T11:35:41Z</time>
        <extensions>
          <ns3:TrackPointExtension>
            <ns3:atemp>16.0</ns3:atemp>
          </ns3:TrackPointExtension>
        </extensions>
      </trkpt>
      <trkpt lat="48.91745897009969" lon="2.332022739574313">
        <ele>39.79999923706055</ele>
        <time>2024-09-28T11:36:19Z</time>
        <extensions>
          <ns3:TrackPointExtension>
            <ns3:atemp>16.0</ns3:atemp>
          </ns3:TrackPointExtension>
        </extensions>
      </trkpt>
      <trkpt lat="48.917640103027225" lon="2.3319386690855026">
        <ele>39.79999923706055</ele>
        <time>2024-09-28T11:36:25Z</time>
        <extensions>
          <ns3:TrackPointExtension>
            <ns3:atemp>16.0</ns3:atemp>
          </ns3:TrackPointExtension>
        </extensions>
      </trkpt>
      <trkpt lat="48.91769810579717" lon="2.3318703565746546">
        <ele>39.79999923706055</ele>
        <time>2024-09-28T11:36:27Z</time>
        <extensions>
          <ns3:TrackPointExtension>
            <ns3:atemp>16.0</ns3:atemp>
          </ns3:TrackPointExtension>
        </extensions>
      </trkpt>
      <trkpt lat="48.917994322255254" lon="2.3306755162775517">
        <ele>38.79999923706055</ele>
        <time>2024-09-28T11:36:43Z</time>
        <extensions>
          <ns3:TrackPointExtension>
            <ns3:atemp>16.0</ns3:atemp>
          </ns3:TrackPointExtension>
        </extensions>
      </trkpt>
      <trkpt lat="48.918025586754084" lon="2.330198250710964">
        <ele>36.79999923706055</ele>
        <time>2024-09-28T11:36:51Z</time>
        <extensions>
          <ns3:TrackPointExtension>
            <ns3:atemp>16.0</ns3:atemp>
          </ns3:TrackPointExtension>
        </extensions>
      </trkpt>
      <trkpt lat="48.9181094057858" lon="2.329859286546707">
        <ele>35.599998474121094</ele>
        <time>2024-09-28T11:37:00Z</time>
        <extensions>
          <ns3:TrackPointExtension>
            <ns3:atemp>16.0</ns3:atemp>
          </ns3:TrackPointExtension>
        </extensions>
      </trkpt>
      <trkpt lat="48.918117452412844" lon="2.329551838338375">
        <ele>35.20000076293945</ele>
        <time>2024-09-28T11:37:06Z</time>
        <extensions>
          <ns3:TrackPointExtension>
            <ns3:atemp>16.0</ns3:atemp>
          </ns3:TrackPointExtension>
        </extensions>
      </trkpt>
      <trkpt lat="48.91782299615443" lon="2.3288987204432487">
        <ele>34.400001525878906</ele>
        <time>2024-09-28T11:37:15Z</time>
        <extensions>
          <ns3:TrackPointExtension>
            <ns3:atemp>16.0</ns3:atemp>
          </ns3:TrackPointExtension>
        </extensions>
      </trkpt>
      <trkpt lat="48.91673251055181" lon="2.326110815629363">
        <ele>30.0</ele>
        <time>2024-09-28T11:37:42Z</time>
        <extensions>
          <ns3:TrackPointExtension>
            <ns3:atemp>16.0</ns3:atemp>
          </ns3:TrackPointExtension>
        </extensions>
      </trkpt>
      <trkpt lat="48.91630947589874" lon="2.3248516023159027">
        <ele>30.200000762939453</ele>
        <time>2024-09-28T11:37:55Z</time>
        <extensions>
          <ns3:TrackPointExtension>
            <ns3:atemp>16.0</ns3:atemp>
          </ns3:TrackPointExtension>
        </extensions>
      </trkpt>
      <trkpt lat="48.915965650230646" lon="2.3235586937516928">
        <ele>30.0</ele>
        <time>2024-09-28T11:38:08Z</time>
        <extensions>
          <ns3:TrackPointExtension>
            <ns3:atemp>16.0</ns3:atemp>
          </ns3:TrackPointExtension>
        </extensions>
      </trkpt>
      <trkpt lat="48.9154863730073" lon="2.321990942582488">
        <ele>30.0</ele>
        <time>2024-09-28T11:38:35Z</time>
        <extensions>
          <ns3:TrackPointExtension>
            <ns3:atemp>16.0</ns3:atemp>
          </ns3:TrackPointExtension>
        </extensions>
      </trkpt>
      <trkpt lat="48.914981950074434" lon="2.320162933319807">
        <ele>31.399999618530273</ele>
        <time>2024-09-28T11:39:00Z</time>
        <extensions>
          <ns3:TrackPointExtension>
            <ns3:atemp>16.0</ns3:atemp>
          </ns3:TrackPointExtension>
        </extensions>
      </trkpt>
      <trkpt lat="48.91376716084778" lon="2.3162764962762594">
        <ele>29.799999237060547</ele>
        <time>2024-09-28T11:39:48Z</time>
        <extensions>
          <ns3:TrackPointExtension>
            <ns3:atemp>16.0</ns3:atemp>
          </ns3:TrackPointExtension>
        </extensions>
      </trkpt>
      <trkpt lat="48.91307473182678" lon="2.313943225890398">
        <ele>29.399999618530273</ele>
        <time>2024-09-28T11:40:17Z</time>
        <extensions>
          <ns3:TrackPointExtension>
            <ns3:atemp>16.0</ns3:atemp>
          </ns3:TrackPointExtension>
        </extensions>
      </trkpt>
      <trkpt lat="48.91300952062011" lon="2.31359101831913">
        <ele>29.399999618530273</ele>
        <time>2024-09-28T11:40:21Z</time>
        <extensions>
          <ns3:TrackPointExtension>
            <ns3:atemp>16.0</ns3:atemp>
          </ns3:TrackPointExtension>
        </extensions>
      </trkpt>
      <trkpt lat="48.91279075294733" lon="2.3128006886690855">
        <ele>29.600000381469727</ele>
        <time>2024-09-28T11:40:31Z</time>
        <extensions>
          <ns3:TrackPointExtension>
            <ns3:atemp>16.0</ns3:atemp>
          </ns3:TrackPointExtension>
        </extensions>
      </trkpt>
      <trkpt lat="48.912151800468564" lon="2.310660621151328">
        <ele>29.399999618530273</ele>
        <time>2024-09-28T11:41:01Z</time>
        <extensions>
          <ns3:TrackPointExtension>
            <ns3:atemp>16.0</ns3:atemp>
          </ns3:TrackPointExtension>
        </extensions>
      </trkpt>
      <trkpt lat="48.912143586203456" lon="2.310511590912938">
        <ele>28.600000381469727</ele>
        <time>2024-09-28T11:41:24Z</time>
        <extensions>
          <ns3:TrackPointExtension>
            <ns3:atemp>16.0</ns3:atemp>
          </ns3:TrackPointExtension>
        </extensions>
      </trkpt>
      <trkpt lat="48.91160672530532" lon="2.3086814861744642">
        <ele>29.799999237060547</ele>
        <time>2024-09-28T11:41:52Z</time>
        <extensions>
          <ns3:TrackPointExtension>
            <ns3:atemp>16.0</ns3:atemp>
          </ns3:TrackPointExtension>
        </extensions>
      </trkpt>
      <trkpt lat="48.91106827184558" lon="2.30655231513083">
        <ele>29.600000381469727</ele>
        <time>2024-09-28T11:42:19Z</time>
        <extensions>
          <ns3:TrackPointExtension>
            <ns3:atemp>16.0</ns3:atemp>
          </ns3:TrackPointExtension>
        </extensions>
      </trkpt>
      <trkpt lat="48.91060165129602" lon="2.3045506328344345">
        <ele>30.600000381469727</ele>
        <time>2024-09-28T11:43:14Z</time>
        <extensions>
          <ns3:TrackPointExtension>
            <ns3:atemp>17.0</ns3:atemp>
          </ns3:TrackPointExtension>
        </extensions>
      </trkpt>
      <trkpt lat="48.910288168117404" lon="2.303518485277891">
        <ele>31.399999618530273</ele>
        <time>2024-09-28T11:43:26Z</time>
        <extensions>
          <ns3:TrackPointExtension>
            <ns3:atemp>17.0</ns3:atemp>
          </ns3:TrackPointExtension>
        </extensions>
      </trkpt>
      <trkpt lat="48.90990553423762" lon="2.3025685641914606">
        <ele>31.799999237060547</ele>
        <time>2024-09-28T11:43:38Z</time>
        <extensions>
          <ns3:TrackPointExtension>
            <ns3:atemp>17.0</ns3:atemp>
          </ns3:TrackPointExtension>
        </extensions>
      </trkpt>
      <trkpt lat="48.90901160426438" lon="2.3007620964199305">
        <ele>35.0</ele>
        <time>2024-09-28T11:44:05Z</time>
        <extensions>
          <ns3:TrackPointExtension>
            <ns3:atemp>17.0</ns3:atemp>
          </ns3:TrackPointExtension>
        </extensions>
      </trkpt>
      <trkpt lat="48.908846313133836" lon="2.3004852421581745">
        <ele>35.599998474121094</ele>
        <time>2024-09-28T11:44:10Z</time>
        <extensions>
          <ns3:TrackPointExtension>
            <ns3:atemp>17.0</ns3:atemp>
          </ns3:TrackPointExtension>
        </extensions>
      </trkpt>
      <trkpt lat="48.90861354768276" lon="2.3002066276967525">
        <ele>36.0</ele>
        <time>2024-09-28T11:44:15Z</time>
        <extensions>
          <ns3:TrackPointExtension>
            <ns3:atemp>17.0</ns3:atemp>
          </ns3:TrackPointExtension>
        </extensions>
      </trkpt>
      <trkpt lat="48.908382039517164" lon="2.2998048830777407">
        <ele>36.599998474121094</ele>
        <time>2024-09-28T11:44:21Z</time>
        <extensions>
          <ns3:TrackPointExtension>
            <ns3:atemp>17.0</ns3:atemp>
          </ns3:TrackPointExtension>
        </extensions>
      </trkpt>
      <trkpt lat="48.90782531350851" lon="2.2983782831579447">
        <ele>34.79999923706055</ele>
        <time>2024-09-28T11:44:34Z</time>
        <extensions>
          <ns3:TrackPointExtension>
            <ns3:atemp>17.0</ns3:atemp>
          </ns3:TrackPointExtension>
        </extensions>
      </trkpt>
      <trkpt lat="48.90754493884742" lon="2.2977563459426165">
        <ele>33.599998474121094</ele>
        <time>2024-09-28T11:44:41Z</time>
        <extensions>
          <ns3:TrackPointExtension>
            <ns3:atemp>17.0</ns3:atemp>
          </ns3:TrackPointExtension>
        </extensions>
      </trkpt>
      <trkpt lat="48.90667540021241" lon="2.2962461784482002">
        <ele>31.600000381469727</ele>
        <time>2024-09-28T11:44:59Z</time>
        <extensions>
          <ns3:TrackPointExtension>
            <ns3:atemp>17.0</ns3:atemp>
          </ns3:TrackPointExtension>
        </extensions>
      </trkpt>
      <trkpt lat="48.905741069465876" lon="2.2942949552088976">
        <ele>31.600000381469727</ele>
        <time>2024-09-28T11:45:24Z</time>
        <extensions>
          <ns3:TrackPointExtension>
            <ns3:atemp>16.0</ns3:atemp>
          </ns3:TrackPointExtension>
        </extensions>
      </trkpt>
      <trkpt lat="48.90522734262049" lon="2.2933325450867414">
        <ele>31.0</ele>
        <time>2024-09-28T11:45:36Z</time>
        <extensions>
          <ns3:TrackPointExtension>
            <ns3:atemp>16.0</ns3:atemp>
          </ns3:TrackPointExtension>
        </extensions>
      </trkpt>
      <trkpt lat="48.903856398537755" lon="2.2906044870615005">
        <ele>31.200000762939453</ele>
        <time>2024-09-28T11:46:16Z</time>
        <extensions>
          <ns3:TrackPointExtension>
            <ns3:atemp>16.0</ns3:atemp>
          </ns3:TrackPointExtension>
        </extensions>
      </trkpt>
      <trkpt lat="48.90351156704128" lon="2.2899871598929167">
        <ele>30.799999237060547</ele>
        <time>2024-09-28T11:46:23Z</time>
        <extensions>
          <ns3:TrackPointExtension>
            <ns3:atemp>16.0</ns3:atemp>
          </ns3:TrackPointExtension>
        </extensions>
      </trkpt>
      <trkpt lat="48.90327427536249" lon="2.2897833958268166">
        <ele>29.399999618530273</ele>
        <time>2024-09-28T11:46:26Z</time>
        <extensions>
          <ns3:TrackPointExtension>
            <ns3:atemp>16.0</ns3:atemp>
          </ns3:TrackPointExtension>
        </extensions>
      </trkpt>
      <trkpt lat="48.903083838522434" lon="2.289440743625164">
        <ele>28.0</ele>
        <time>2024-09-28T11:46:29Z</time>
        <extensions>
          <ns3:TrackPointExtension>
            <ns3:atemp>16.0</ns3:atemp>
          </ns3:TrackPointExtension>
        </extensions>
      </trkpt>
      <trkpt lat="48.903023824095726" lon="2.289263214915991">
        <ele>28.0</ele>
        <time>2024-09-28T11:46:31Z</time>
        <extensions>
          <ns3:TrackPointExtension>
            <ns3:atemp>16.0</ns3:atemp>
          </ns3:TrackPointExtension>
        </extensions>
      </trkpt>
      <trkpt lat="48.90299088321626" lon="2.2889447025954723">
        <ele>28.399999618530273</ele>
        <time>2024-09-28T11:46:34Z</time>
        <extensions>
          <ns3:TrackPointExtension>
            <ns3:atemp>16.0</ns3:atemp>
          </ns3:TrackPointExtension>
        </extensions>
      </trkpt>
      <trkpt lat="48.90284327790141" lon="2.2884460631757975">
        <ele>30.600000381469727</ele>
        <time>2024-09-28T11:46:41Z</time>
        <extensions>
          <ns3:TrackPointExtension>
            <ns3:atemp>16.0</ns3:atemp>
          </ns3:TrackPointExtension>
        </extensions>
      </trkpt>
      <trkpt lat="48.9027885440737" lon="2.2883620765060186">
        <ele>30.600000381469727</ele>
        <time>2024-09-28T11:46:42Z</time>
        <extensions>
          <ns3:TrackPointExtension>
            <ns3:atemp>16.0</ns3:atemp>
          </ns3:TrackPointExtension>
        </extensions>
      </trkpt>
      <trkpt lat="48.90248738229275" lon="2.287496058270335">
        <ele>30.600000381469727</ele>
        <time>2024-09-28T11:46:50Z</time>
        <extensions>
          <ns3:TrackPointExtension>
            <ns3:atemp>16.0</ns3:atemp>
          </ns3:TrackPointExtension>
        </extensions>
      </trkpt>
      <trkpt lat="48.901076037436724" lon="2.284395843744278">
        <ele>30.799999237060547</ele>
        <time>2024-09-28T11:47:28Z</time>
        <extensions>
          <ns3:TrackPointExtension>
            <ns3:atemp>16.0</ns3:atemp>
          </ns3:TrackPointExtension>
        </extensions>
      </trkpt>
      <trkpt lat="48.90085827559233" lon="2.2838438116014004">
        <ele>30.399999618530273</ele>
        <time>2024-09-28T11:47:34Z</time>
        <extensions>
          <ns3:TrackPointExtension>
            <ns3:atemp>16.0</ns3:atemp>
          </ns3:TrackPointExtension>
        </extensions>
      </trkpt>
      <trkpt lat="48.89950459823012" lon="2.2798314783722162">
        <ele>29.399999618530273</ele>
        <time>2024-09-28T11:48:23Z</time>
        <extensions>
          <ns3:TrackPointExtension>
            <ns3:atemp>16.0</ns3:atemp>
          </ns3:TrackPointExtension>
        </extensions>
      </trkpt>
      <trkpt lat="48.89922112226486" lon="2.2786907013505697">
        <ele>31.399999618530273</ele>
        <time>2024-09-28T11:49:06Z</time>
        <extensions>
          <ns3:TrackPointExtension>
            <ns3:atemp>16.0</ns3:atemp>
          </ns3:TrackPointExtension>
        </extensions>
      </trkpt>
      <trkpt lat="48.89865903183818" lon="2.2774742357432842">
        <ele>30.399999618530273</ele>
        <time>2024-09-28T11:49:21Z</time>
        <extensions>
          <ns3:TrackPointExtension>
            <ns3:atemp>16.0</ns3:atemp>
          </ns3:TrackPointExtension>
        </extensions>
      </trkpt>
      <trkpt lat="48.897194378077984" lon="2.2738090809434652">
        <ele>30.0</ele>
        <time>2024-09-28T11:50:00Z</time>
        <extensions>
          <ns3:TrackPointExtension>
            <ns3:atemp>16.0</ns3:atemp>
          </ns3:TrackPointExtension>
        </extensions>
      </trkpt>
      <trkpt lat="48.89691509306431" lon="2.27318337187171">
        <ele>28.799999237060547</ele>
        <time>2024-09-28T11:50:15Z</time>
        <extensions>
          <ns3:TrackPointExtension>
            <ns3:atemp>16.0</ns3:atemp>
          </ns3:TrackPointExtension>
        </extensions>
      </trkpt>
      <trkpt lat="48.89673454686999" lon="2.2730205953121185">
        <ele>28.399999618530273</ele>
        <time>2024-09-28T11:50:23Z</time>
        <extensions>
          <ns3:TrackPointExtension>
            <ns3:atemp>16.0</ns3:atemp>
          </ns3:TrackPointExtension>
        </extensions>
      </trkpt>
      <trkpt lat="48.89650245197117" lon="2.2726749256253242">
        <ele>28.600000381469727</ele>
        <time>2024-09-28T11:50:29Z</time>
        <extensions>
          <ns3:TrackPointExtension>
            <ns3:atemp>17.0</ns3:atemp>
          </ns3:TrackPointExtension>
        </extensions>
      </trkpt>
      <trkpt lat="48.89640111476183" lon="2.27260728366673">
        <ele>28.600000381469727</ele>
        <time>2024-09-28T11:50:31Z</time>
        <extensions>
          <ns3:TrackPointExtension>
            <ns3:atemp>17.0</ns3:atemp>
          </ns3:TrackPointExtension>
        </extensions>
      </trkpt>
      <trkpt lat="48.89605578035116" lon="2.2727646119892597">
        <ele>28.799999237060547</ele>
        <time>2024-09-28T11:50:37Z</time>
        <extensions>
          <ns3:TrackPointExtension>
            <ns3:atemp>17.0</ns3:atemp>
          </ns3:TrackPointExtension>
        </extensions>
      </trkpt>
      <trkpt lat="48.895841874182224" lon="2.2727964632213116">
        <ele>28.799999237060547</ele>
        <time>2024-09-28T11:50:40Z</time>
        <extensions>
          <ns3:TrackPointExtension>
            <ns3:atemp>17.0</ns3:atemp>
          </ns3:TrackPointExtension>
        </extensions>
      </trkpt>
      <trkpt lat="48.89479455538094" lon="2.2728236205875874">
        <ele>29.399999618530273</ele>
        <time>2024-09-28T11:50:58Z</time>
        <extensions>
          <ns3:TrackPointExtension>
            <ns3:atemp>17.0</ns3:atemp>
          </ns3:TrackPointExtension>
        </extensions>
      </trkpt>
      <trkpt lat="48.89420924708247" lon="2.272792775183916">
        <ele>29.600000381469727</ele>
        <time>2024-09-28T11:51:09Z</time>
        <extensions>
          <ns3:TrackPointExtension>
            <ns3:atemp>17.0</ns3:atemp>
          </ns3:TrackPointExtension>
        </extensions>
      </trkpt>
      <trkpt lat="48.894117549061775" lon="2.272751033306122">
        <ele>29.799999237060547</ele>
        <time>2024-09-28T11:51:11Z</time>
        <extensions>
          <ns3:TrackPointExtension>
            <ns3:atemp>17.0</ns3:atemp>
          </ns3:TrackPointExtension>
        </extensions>
      </trkpt>
      <trkpt lat="48.89248860999942" lon="2.269258461892605">
        <ele>30.799999237060547</ele>
        <time>2024-09-28T11:52:00Z</time>
        <extensions>
          <ns3:TrackPointExtension>
            <ns3:atemp>16.0</ns3:atemp>
          </ns3:TrackPointExtension>
        </extensions>
      </trkpt>
      <trkpt lat="48.890599412843585" lon="2.265097014605999">
        <ele>31.600000381469727</ele>
        <time>2024-09-28T11:52:59Z</time>
        <extensions>
          <ns3:TrackPointExtension>
            <ns3:atemp>16.0</ns3:atemp>
          </ns3:TrackPointExtension>
        </extensions>
      </trkpt>
      <trkpt lat="48.89006498269737" lon="2.2643576469272375">
        <ele>31.399999618530273</ele>
        <time>2024-09-28T11:53:12Z</time>
        <extensions>
          <ns3:TrackPointExtension>
            <ns3:atemp>16.0</ns3:atemp>
          </ns3:TrackPointExtension>
        </extensions>
      </trkpt>
      <trkpt lat="48.889171136543155" lon="2.26322365924716">
        <ele>31.799999237060547</ele>
        <time>2024-09-28T11:53:35Z</time>
        <extensions>
          <ns3:TrackPointExtension>
            <ns3:atemp>16.0</ns3:atemp>
          </ns3:TrackPointExtension>
        </extensions>
      </trkpt>
      <trkpt lat="48.88789859600365" lon="2.261479888111353">
        <ele>32.400001525878906</ele>
        <time>2024-09-28T11:54:45Z</time>
        <extensions>
          <ns3:TrackPointExtension>
            <ns3:atemp>17.0</ns3:atemp>
          </ns3:TrackPointExtension>
        </extensions>
      </trkpt>
      <trkpt lat="48.88788401149213" lon="2.2613498009741306">
        <ele>32.400001525878906</ele>
        <time>2024-09-28T11:54:47Z</time>
        <extensions>
          <ns3:TrackPointExtension>
            <ns3:atemp>17.0</ns3:atemp>
          </ns3:TrackPointExtension>
        </extensions>
      </trkpt>
      <trkpt lat="48.887909995391965" lon="2.261287523433566">
        <ele>32.400001525878906</ele>
        <time>2024-09-28T11:54:48Z</time>
        <extensions>
          <ns3:TrackPointExtension>
            <ns3:atemp>17.0</ns3:atemp>
          </ns3:TrackPointExtension>
        </extensions>
      </trkpt>
      <trkpt lat="48.88815441168845" lon="2.260995078831911">
        <ele>32.0</ele>
        <time>2024-09-28T11:54:54Z</time>
        <extensions>
          <ns3:TrackPointExtension>
            <ns3:atemp>17.0</ns3:atemp>
          </ns3:TrackPointExtension>
        </extensions>
      </trkpt>
      <trkpt lat="48.88821652159095" lon="2.260873457416892">
        <ele>32.0</ele>
        <time>2024-09-28T11:54:56Z</time>
        <extensions>
          <ns3:TrackPointExtension>
            <ns3:atemp>17.0</ns3:atemp>
          </ns3:TrackPointExtension>
        </extensions>
      </trkpt>
      <trkpt lat="48.888212498277426" lon="2.2607955057173967">
        <ele>31.799999237060547</ele>
        <time>2024-09-28T11:54:57Z</time>
        <extensions>
          <ns3:TrackPointExtension>
            <ns3:atemp>17.0</ns3:atemp>
          </ns3:TrackPointExtension>
        </extensions>
      </trkpt>
      <trkpt lat="48.88754622079432" lon="2.2601754125207663">
        <ele>32.20000076293945</ele>
        <time>2024-09-28T11:55:11Z</time>
        <extensions>
          <ns3:TrackPointExtension>
            <ns3:atemp>17.0</ns3:atemp>
          </ns3:TrackPointExtension>
        </extensions>
      </trkpt>
      <trkpt lat="48.88731840066612" lon="2.2600197605788708">
        <ele>32.20000076293945</ele>
        <time>2024-09-28T11:55:17Z</time>
        <extensions>
          <ns3:TrackPointExtension>
            <ns3:atemp>17.0</ns3:atemp>
          </ns3:TrackPointExtension>
        </extensions>
      </trkpt>
      <trkpt lat="48.88690374791622" lon="2.259591529145837">
        <ele>32.400001525878906</ele>
        <time>2024-09-28T11:55:30Z</time>
        <extensions>
          <ns3:TrackPointExtension>
            <ns3:atemp>17.0</ns3:atemp>
          </ns3:TrackPointExtension>
        </extensions>
      </trkpt>
      <trkpt lat="48.886607363820076" lon="2.2593979071825743">
        <ele>32.599998474121094</ele>
        <time>2024-09-28T11:55:37Z</time>
        <extensions>
          <ns3:TrackPointExtension>
            <ns3:atemp>17.0</ns3:atemp>
          </ns3:TrackPointExtension>
        </extensions>
      </trkpt>
      <trkpt lat="48.88643804937601" lon="2.259195987135172">
        <ele>32.400001525878906</ele>
        <time>2024-09-28T11:55:41Z</time>
        <extensions>
          <ns3:TrackPointExtension>
            <ns3:atemp>17.0</ns3:atemp>
          </ns3:TrackPointExtension>
        </extensions>
      </trkpt>
      <trkpt lat="48.885971596464515" lon="2.2588800732046366">
        <ele>33.20000076293945</ele>
        <time>2024-09-28T11:55:51Z</time>
        <extensions>
          <ns3:TrackPointExtension>
            <ns3:atemp>17.0</ns3:atemp>
          </ns3:TrackPointExtension>
        </extensions>
      </trkpt>
      <trkpt lat="48.88582969084382" lon="2.2587260138243437">
        <ele>34.0</ele>
        <time>2024-09-28T11:55:55Z</time>
        <extensions>
          <ns3:TrackPointExtension>
            <ns3:atemp>17.0</ns3:atemp>
          </ns3:TrackPointExtension>
        </extensions>
      </trkpt>
      <trkpt lat="48.88566708192229" lon="2.258644038811326">
        <ele>34.79999923706055</ele>
        <time>2024-09-28T11:56:01Z</time>
        <extensions>
          <ns3:TrackPointExtension>
            <ns3:atemp>17.0</ns3:atemp>
          </ns3:TrackPointExtension>
        </extensions>
      </trkpt>
      <trkpt lat="48.88554613105953" lon="2.258811593055725">
        <ele>35.20000076293945</ele>
        <time>2024-09-28T11:56:40Z</time>
        <extensions>
          <ns3:TrackPointExtension>
            <ns3:atemp>17.0</ns3:atemp>
          </ns3:TrackPointExtension>
        </extensions>
      </trkpt>
      <trkpt lat="48.885549986734986" lon="2.259096661582589">
        <ele>35.599998474121094</ele>
        <time>2024-09-28T11:56:53Z</time>
        <extensions>
          <ns3:TrackPointExtension>
            <ns3:atemp>18.0</ns3:atemp>
          </ns3:TrackPointExtension>
        </extensions>
      </trkpt>
      <trkpt lat="48.885461054742336" lon="2.2592635452747345">
        <ele>36.0</ele>
        <time>2024-09-28T11:57:04Z</time>
        <extensions>
          <ns3:TrackPointExtension>
            <ns3:atemp>18.0</ns3:atemp>
          </ns3:TrackPointExtension>
        </extensions>
      </trkpt>
      <trkpt lat="48.88517456129193" lon="2.2602135501801968">
        <ele>36.599998474121094</ele>
        <time>2024-09-28T11:57:52Z</time>
        <extensions>
          <ns3:TrackPointExtension>
            <ns3:atemp>18.0</ns3:atemp>
          </ns3:TrackPointExtension>
        </extensions>
      </trkpt>
      <trkpt lat="48.885084204375744" lon="2.260269457474351">
        <ele>36.400001525878906</ele>
        <time>2024-09-28T11:58:00Z</time>
        <extensions>
          <ns3:TrackPointExtension>
            <ns3:atemp>18.0</ns3:atemp>
          </ns3:TrackPointExtension>
        </extensions>
      </trkpt>
      <trkpt lat="48.88497901149094" lon="2.260457882657647">
        <ele>36.20000076293945</ele>
        <time>2024-09-28T11:58:08Z</time>
        <extensions>
          <ns3:TrackPointExtension>
            <ns3:atemp>18.0</ns3:atemp>
          </ns3:TrackPointExtension>
        </extensions>
      </trkpt>
      <trkpt lat="48.88497741892934" lon="2.260515969246626">
        <ele>36.400001525878906</ele>
        <time>2024-09-28T11:58:10Z</time>
        <extensions>
          <ns3:TrackPointExtension>
            <ns3:atemp>18.0</ns3:atemp>
          </ns3:TrackPointExtension>
        </extensions>
      </trkpt>
      <trkpt lat="48.88492863625288" lon="2.2605201601982117">
        <ele>36.400001525878906</ele>
        <time>2024-09-28T11:58:13Z</time>
        <extensions>
          <ns3:TrackPointExtension>
            <ns3:atemp>18.0</ns3:atemp>
          </ns3:TrackPointExtension>
        </extensions>
      </trkpt>
      <trkpt lat="48.88459000736475" lon="2.2603526059538126">
        <ele>37.20000076293945</ele>
        <time>2024-09-28T11:58:24Z</time>
        <extensions>
          <ns3:TrackPointExtension>
            <ns3:atemp>18.0</ns3:atemp>
          </ns3:TrackPointExtension>
        </extensions>
      </trkpt>
      <trkpt lat="48.88421039097011" lon="2.2602351754903793">
        <ele>37.20000076293945</ele>
        <time>2024-09-28T11:58:34Z</time>
        <extensions>
          <ns3:TrackPointExtension>
            <ns3:atemp>18.0</ns3:atemp>
          </ns3:TrackPointExtension>
        </extensions>
      </trkpt>
      <trkpt lat="48.88380579650402" lon="2.260005008429289">
        <ele>36.79999923706055</ele>
        <time>2024-09-28T11:58:43Z</time>
        <extensions>
          <ns3:TrackPointExtension>
            <ns3:atemp>18.0</ns3:atemp>
          </ns3:TrackPointExtension>
        </extensions>
      </trkpt>
      <trkpt lat="48.883419474586844" lon="2.2598579060286283">
        <ele>37.20000076293945</ele>
        <time>2024-09-28T11:58:56Z</time>
        <extensions>
          <ns3:TrackPointExtension>
            <ns3:atemp>18.0</ns3:atemp>
          </ns3:TrackPointExtension>
        </extensions>
      </trkpt>
      <trkpt lat="48.88319651596248" lon="2.2597076185047626">
        <ele>37.0</ele>
        <time>2024-09-28T11:59:10Z</time>
        <extensions>
          <ns3:TrackPointExtension>
            <ns3:atemp>18.0</ns3:atemp>
          </ns3:TrackPointExtension>
        </extensions>
      </trkpt>
      <trkpt lat="48.88290239498019" lon="2.2596198599785566">
        <ele>37.79999923706055</ele>
        <time>2024-09-28T11:59:19Z</time>
        <extensions>
          <ns3:TrackPointExtension>
            <ns3:atemp>18.0</ns3:atemp>
          </ns3:TrackPointExtension>
        </extensions>
      </trkpt>
      <trkpt lat="48.88251540251076" lon="2.259387681260705">
        <ele>38.20000076293945</ele>
        <time>2024-09-28T11:59:28Z</time>
        <extensions>
          <ns3:TrackPointExtension>
            <ns3:atemp>18.0</ns3:atemp>
          </ns3:TrackPointExtension>
        </extensions>
      </trkpt>
      <trkpt lat="48.88174711726606" lon="2.2591021936386824">
        <ele>39.0</ele>
        <time>2024-09-28T11:59:45Z</time>
        <extensions>
          <ns3:TrackPointExtension>
            <ns3:atemp>18.0</ns3:atemp>
          </ns3:TrackPointExtension>
        </extensions>
      </trkpt>
      <trkpt lat="48.88148962520063" lon="2.2588753793388605">
        <ele>39.400001525878906</ele>
        <time>2024-09-28T11:59:53Z</time>
        <extensions>
          <ns3:TrackPointExtension>
            <ns3:atemp>18.0</ns3:atemp>
          </ns3:TrackPointExtension>
        </extensions>
      </trkpt>
      <trkpt lat="48.88104144483805" lon="2.258624257519841">
        <ele>39.599998474121094</ele>
        <time>2024-09-28T12:00:27Z</time>
        <extensions>
          <ns3:TrackPointExtension>
            <ns3:atemp>18.0</ns3:atemp>
          </ns3:TrackPointExtension>
        </extensions>
      </trkpt>
      <trkpt lat="48.88037617318332" lon="2.258292166516185">
        <ele>39.79999923706055</ele>
        <time>2024-09-28T12:00:39Z</time>
        <extensions>
          <ns3:TrackPointExtension>
            <ns3:atemp>18.0</ns3:atemp>
          </ns3:TrackPointExtension>
        </extensions>
      </trkpt>
      <trkpt lat="48.88028556481004" lon="2.2582936752587557">
        <ele>39.400001525878906</ele>
        <time>2024-09-28T12:00:43Z</time>
        <extensions>
          <ns3:TrackPointExtension>
            <ns3:atemp>18.0</ns3:atemp>
          </ns3:TrackPointExtension>
        </extensions>
      </trkpt>
      <trkpt lat="48.88016209937632" lon="2.2585331462323666">
        <ele>39.0</ele>
        <time>2024-09-28T12:00:50Z</time>
        <extensions>
          <ns3:TrackPointExtension>
            <ns3:atemp>18.0</ns3:atemp>
          </ns3:TrackPointExtension>
        </extensions>
      </trkpt>
      <trkpt lat="48.88003796339035" lon="2.2586601320654154">
        <ele>39.20000076293945</ele>
        <time>2024-09-28T12:00:53Z</time>
        <extensions>
          <ns3:TrackPointExtension>
            <ns3:atemp>18.0</ns3:atemp>
          </ns3:TrackPointExtension>
        </extensions>
      </trkpt>
      <trkpt lat="48.879317035898566" lon="2.2589244972914457">
        <ele>37.599998474121094</ele>
        <time>2024-09-28T12:01:04Z</time>
        <extensions>
          <ns3:TrackPointExtension>
            <ns3:atemp>18.0</ns3:atemp>
          </ns3:TrackPointExtension>
        </extensions>
      </trkpt>
      <trkpt lat="48.8786313124001" lon="2.2592358849942684">
        <ele>38.0</ele>
        <time>2024-09-28T12:01:19Z</time>
        <extensions>
          <ns3:TrackPointExtension>
            <ns3:atemp>18.0</ns3:atemp>
          </ns3:TrackPointExtension>
        </extensions>
      </trkpt>
      <trkpt lat="48.878009375184774" lon="2.259599743410945">
        <ele>39.0</ele>
        <time>2024-09-28T12:01:46Z</time>
        <extensions>
          <ns3:TrackPointExtension>
            <ns3:atemp>18.0</ns3:atemp>
          </ns3:TrackPointExtension>
        </extensions>
      </trkpt>
      <trkpt lat="48.877080576494336" lon="2.2602816950529814">
        <ele>39.79999923706055</ele>
        <time>2024-09-28T12:02:09Z</time>
        <extensions>
          <ns3:TrackPointExtension>
            <ns3:atemp>18.0</ns3:atemp>
          </ns3:TrackPointExtension>
        </extensions>
      </trkpt>
      <trkpt lat="48.87669484131038" lon="2.2606489900499582">
        <ele>39.79999923706055</ele>
        <time>2024-09-28T12:02:18Z</time>
        <extensions>
          <ns3:TrackPointExtension>
            <ns3:atemp>18.0</ns3:atemp>
          </ns3:TrackPointExtension>
        </extensions>
      </trkpt>
      <trkpt lat="48.876431649550796" lon="2.2609789855778217">
        <ele>39.599998474121094</ele>
        <time>2024-09-28T12:02:24Z</time>
        <extensions>
          <ns3:TrackPointExtension>
            <ns3:atemp>18.0</ns3:atemp>
          </ns3:TrackPointExtension>
        </extensions>
      </trkpt>
      <trkpt lat="48.875956144183874" lon="2.2618793696165085">
        <ele>38.79999923706055</ele>
        <time>2024-09-28T12:02:41Z</time>
        <extensions>
          <ns3:TrackPointExtension>
            <ns3:atemp>18.0</ns3:atemp>
          </ns3:TrackPointExtension>
        </extensions>
      </trkpt>
      <trkpt lat="48.87596821412444" lon="2.2619361989200115">
        <ele>38.0</ele>
        <time>2024-09-28T12:03:02Z</time>
        <extensions>
          <ns3:TrackPointExtension>
            <ns3:atemp>18.0</ns3:atemp>
          </ns3:TrackPointExtension>
        </extensions>
      </trkpt>
      <trkpt lat="48.87587819248438" lon="2.2620899230241776">
        <ele>37.79999923706055</ele>
        <time>2024-09-28T12:03:06Z</time>
        <extensions>
          <ns3:TrackPointExtension>
            <ns3:atemp>18.0</ns3:atemp>
          </ns3:TrackPointExtension>
        </extensions>
      </trkpt>
      <trkpt lat="48.87584315612912" lon="2.262283628806472">
        <ele>37.79999923706055</ele>
        <time>2024-09-28T12:03:09Z</time>
        <extensions>
          <ns3:TrackPointExtension>
            <ns3:atemp>18.0</ns3:atemp>
          </ns3:TrackPointExtension>
        </extensions>
      </trkpt>
      <trkpt lat="48.87599411420524" lon="2.2627505846321583">
        <ele>38.20000076293945</ele>
        <time>2024-09-28T12:03:15Z</time>
        <extensions>
          <ns3:TrackPointExtension>
            <ns3:atemp>18.0</ns3:atemp>
          </ns3:TrackPointExtension>
        </extensions>
      </trkpt>
      <trkpt lat="48.87624431401491" lon="2.2637494560331106">
        <ele>39.20000076293945</ele>
        <time>2024-09-28T12:03:28Z</time>
        <extensions>
          <ns3:TrackPointExtension>
            <ns3:atemp>18.0</ns3:atemp>
          </ns3:TrackPointExtension>
        </extensions>
      </trkpt>
      <trkpt lat="48.876318242400885" lon="2.2638228815048933">
        <ele>39.400001525878906</ele>
        <time>2024-09-28T12:03:31Z</time>
        <extensions>
          <ns3:TrackPointExtension>
            <ns3:atemp>18.0</ns3:atemp>
          </ns3:TrackPointExtension>
        </extensions>
      </trkpt>
      <trkpt lat="48.87642318382859" lon="2.2636475320905447">
        <ele>39.79999923706055</ele>
        <time>2024-09-28T12:08:45Z</time>
        <extensions>
          <ns3:TrackPointExtension>
            <ns3:atemp>20.0</ns3:atemp>
          </ns3:TrackPointExtension>
        </extensions>
      </trkpt>
      <trkpt lat="48.87626627460122" lon="2.263832436874509">
        <ele>40.599998474121094</ele>
        <time>2024-09-28T13:02:44Z</time>
        <extensions>
          <ns3:TrackPointExtension>
            <ns3:atemp>18.0</ns3:atemp>
          </ns3:TrackPointExtension>
        </extensions>
      </trkpt>
      <trkpt lat="48.87625202536583" lon="2.2638967260718346">
        <ele>40.400001525878906</ele>
        <time>2024-09-28T13:02:47Z</time>
        <extensions>
          <ns3:TrackPointExtension>
            <ns3:atemp>18.0</ns3:atemp>
          </ns3:TrackPointExtension>
        </extensions>
      </trkpt>
      <trkpt lat="48.87641589157283" lon="2.2644174937158823">
        <ele>40.79999923706055</ele>
        <time>2024-09-28T13:02:56Z</time>
        <extensions>
          <ns3:TrackPointExtension>
            <ns3:atemp>18.0</ns3:atemp>
          </ns3:TrackPointExtension>
        </extensions>
      </trkpt>
      <trkpt lat="48.8765540253371" lon="2.265074048191309">
        <ele>41.400001525878906</ele>
        <time>2024-09-28T13:03:04Z</time>
        <extensions>
          <ns3:TrackPointExtension>
            <ns3:atemp>18.0</ns3:atemp>
          </ns3:TrackPointExtension>
        </extensions>
      </trkpt>
      <trkpt lat="48.87698678299785" lon="2.2683414816856384">
        <ele>41.400001525878906</ele>
        <time>2024-09-28T13:03:35Z</time>
        <extensions>
          <ns3:TrackPointExtension>
            <ns3:atemp>17.0</ns3:atemp>
          </ns3:TrackPointExtension>
        </extensions>
      </trkpt>
      <trkpt lat="48.87713698670268" lon="2.269168607890606">
        <ele>41.400001525878906</ele>
        <time>2024-09-28T13:03:43Z</time>
        <extensions>
          <ns3:TrackPointExtension>
            <ns3:atemp>17.0</ns3:atemp>
          </ns3:TrackPointExtension>
        </extensions>
      </trkpt>
      <trkpt lat="48.8773259986192" lon="2.2699881065636873">
        <ele>41.79999923706055</ele>
        <time>2024-09-28T13:03:51Z</time>
        <extensions>
          <ns3:TrackPointExtension>
            <ns3:atemp>17.0</ns3:atemp>
          </ns3:TrackPointExtension>
        </extensions>
      </trkpt>
      <trkpt lat="48.87729045934975" lon="2.2703222930431366">
        <ele>42.0</ele>
        <time>2024-09-28T13:03:54Z</time>
        <extensions>
          <ns3:TrackPointExtension>
            <ns3:atemp>17.0</ns3:atemp>
          </ns3:TrackPointExtension>
        </extensions>
      </trkpt>
      <trkpt lat="48.87694579549134" lon="2.271303813904524">
        <ele>42.599998474121094</ele>
        <time>2024-09-28T13:04:03Z</time>
        <extensions>
          <ns3:TrackPointExtension>
            <ns3:atemp>17.0</ns3:atemp>
          </ns3:TrackPointExtension>
        </extensions>
      </trkpt>
      <trkpt lat="48.876716550439596" lon="2.2722958959639072">
        <ele>42.599998474121094</ele>
        <time>2024-09-28T13:04:12Z</time>
        <extensions>
          <ns3:TrackPointExtension>
            <ns3:atemp>17.0</ns3:atemp>
          </ns3:TrackPointExtension>
        </extensions>
      </trkpt>
      <trkpt lat="48.876665169373155" lon="2.273095529526472">
        <ele>43.20000076293945</ele>
        <time>2024-09-28T13:04:19Z</time>
        <extensions>
          <ns3:TrackPointExtension>
            <ns3:atemp>17.0</ns3:atemp>
          </ns3:TrackPointExtension>
        </extensions>
      </trkpt>
      <trkpt lat="48.87678704224527" lon="2.274904092773795">
        <ele>43.400001525878906</ele>
        <time>2024-09-28T13:04:38Z</time>
        <extensions>
          <ns3:TrackPointExtension>
            <ns3:atemp>16.0</ns3:atemp>
          </ns3:TrackPointExtension>
        </extensions>
      </trkpt>
      <trkpt lat="48.87672652490437" lon="2.27511640638113">
        <ele>42.599998474121094</ele>
        <time>2024-09-28T13:04:53Z</time>
        <extensions>
          <ns3:TrackPointExtension>
            <ns3:atemp>16.0</ns3:atemp>
          </ns3:TrackPointExtension>
        </extensions>
      </trkpt>
      <trkpt lat="48.876572381705046" lon="2.2753086872398853">
        <ele>42.400001525878906</ele>
        <time>2024-09-28T13:05:00Z</time>
        <extensions>
          <ns3:TrackPointExtension>
            <ns3:atemp>16.0</ns3:atemp>
          </ns3:TrackPointExtension>
        </extensions>
      </trkpt>
      <trkpt lat="48.876524437218904" lon="2.275527287274599">
        <ele>42.599998474121094</ele>
        <time>2024-09-28T13:05:03Z</time>
        <extensions>
          <ns3:TrackPointExtension>
            <ns3:atemp>16.0</ns3:atemp>
          </ns3:TrackPointExtension>
        </extensions>
      </trkpt>
      <trkpt lat="48.87657321989536" lon="2.2757725417613983">
        <ele>43.0</ele>
        <time>2024-09-28T13:05:06Z</time>
        <extensions>
          <ns3:TrackPointExtension>
            <ns3:atemp>16.0</ns3:atemp>
          </ns3:TrackPointExtension>
        </extensions>
      </trkpt>
      <trkpt lat="48.87685258872807" lon="2.276534792035818">
        <ele>43.20000076293945</ele>
        <time>2024-09-28T13:05:16Z</time>
        <extensions>
          <ns3:TrackPointExtension>
            <ns3:atemp>16.0</ns3:atemp>
          </ns3:TrackPointExtension>
        </extensions>
      </trkpt>
      <trkpt lat="48.87725089676678" lon="2.2788345348089933">
        <ele>43.0</ele>
        <time>2024-09-28T13:05:42Z</time>
        <extensions>
          <ns3:TrackPointExtension>
            <ns3:atemp>16.0</ns3:atemp>
          </ns3:TrackPointExtension>
        </extensions>
      </trkpt>
      <trkpt lat="48.877248549833894" lon="2.2789140790700912">
        <ele>43.0</ele>
        <time>2024-09-28T13:05:44Z</time>
        <extensions>
          <ns3:TrackPointExtension>
            <ns3:atemp>16.0</ns3:atemp>
          </ns3:TrackPointExtension>
        </extensions>
      </trkpt>
      <trkpt lat="48.8772152736783" lon="2.278962777927518">
        <ele>43.0</ele>
        <time>2024-09-28T13:05:49Z</time>
        <extensions>
          <ns3:TrackPointExtension>
            <ns3:atemp>16.0</ns3:atemp>
          </ns3:TrackPointExtension>
        </extensions>
      </trkpt>
      <trkpt lat="48.87709784321487" lon="2.2789123188704252">
        <ele>42.79999923706055</ele>
        <time>2024-09-28T13:05:59Z</time>
        <extensions>
          <ns3:TrackPointExtension>
            <ns3:atemp>16.0</ns3:atemp>
          </ns3:TrackPointExtension>
        </extensions>
      </trkpt>
      <trkpt lat="48.87704704888165" lon="2.278977446258068">
        <ele>42.79999923706055</ele>
        <time>2024-09-28T13:06:02Z</time>
        <extensions>
          <ns3:TrackPointExtension>
            <ns3:atemp>16.0</ns3:atemp>
          </ns3:TrackPointExtension>
        </extensions>
      </trkpt>
      <trkpt lat="48.877057023346424" lon="2.2794532869011164">
        <ele>43.400001525878906</ele>
        <time>2024-09-28T13:06:11Z</time>
        <extensions>
          <ns3:TrackPointExtension>
            <ns3:atemp>16.0</ns3:atemp>
          </ns3:TrackPointExtension>
        </extensions>
      </trkpt>
      <trkpt lat="48.87697244994342" lon="2.279922589659691">
        <ele>44.0</ele>
        <time>2024-09-28T13:06:22Z</time>
        <extensions>
          <ns3:TrackPointExtension>
            <ns3:atemp>16.0</ns3:atemp>
          </ns3:TrackPointExtension>
        </extensions>
      </trkpt>
      <trkpt lat="48.87687446549535" lon="2.2808300144970417">
        <ele>44.400001525878906</ele>
        <time>2024-09-28T13:06:33Z</time>
        <extensions>
          <ns3:TrackPointExtension>
            <ns3:atemp>16.0</ns3:atemp>
          </ns3:TrackPointExtension>
        </extensions>
      </trkpt>
      <trkpt lat="48.876948561519384" lon="2.2819784190505743">
        <ele>45.20000076293945</ele>
        <time>2024-09-28T13:06:46Z</time>
        <extensions>
          <ns3:TrackPointExtension>
            <ns3:atemp>16.0</ns3:atemp>
          </ns3:TrackPointExtension>
        </extensions>
      </trkpt>
      <trkpt lat="48.87689550407231" lon="2.2822967637330294">
        <ele>45.400001525878906</ele>
        <time>2024-09-28T13:06:50Z</time>
        <extensions>
          <ns3:TrackPointExtension>
            <ns3:atemp>16.0</ns3:atemp>
          </ns3:TrackPointExtension>
        </extensions>
      </trkpt>
      <trkpt lat="48.87678695842624" lon="2.2826843429356813">
        <ele>45.599998474121094</ele>
        <time>2024-09-28T13:06:57Z</time>
        <extensions>
          <ns3:TrackPointExtension>
            <ns3:atemp>16.0</ns3:atemp>
          </ns3:TrackPointExtension>
        </extensions>
      </trkpt>
      <trkpt lat="48.876811349764466" lon="2.2827776335179806">
        <ele>45.599998474121094</ele>
        <time>2024-09-28T13:06:59Z</time>
        <extensions>
          <ns3:TrackPointExtension>
            <ns3:atemp>16.0</ns3:atemp>
          </ns3:TrackPointExtension>
        </extensions>
      </trkpt>
      <trkpt lat="48.876906065270305" lon="2.28290026076138">
        <ele>45.599998474121094</ele>
        <time>2024-09-28T13:07:02Z</time>
        <extensions>
          <ns3:TrackPointExtension>
            <ns3:atemp>16.0</ns3:atemp>
          </ns3:TrackPointExtension>
        </extensions>
      </trkpt>
      <trkpt lat="48.877217872068286" lon="2.2831558249890804">
        <ele>44.79999923706055</ele>
        <time>2024-09-28T13:07:11Z</time>
        <extensions>
          <ns3:TrackPointExtension>
            <ns3:atemp>16.0</ns3:atemp>
          </ns3:TrackPointExtension>
        </extensions>
      </trkpt>
      <trkpt lat="48.8771359808743" lon="2.2834706492722034">
        <ele>44.79999923706055</ele>
        <time>2024-09-28T13:07:17Z</time>
        <extensions>
          <ns3:TrackPointExtension>
            <ns3:atemp>16.0</ns3:atemp>
          </ns3:TrackPointExtension>
        </extensions>
      </trkpt>
      <trkpt lat="48.877090299502015" lon="2.2841750644147396">
        <ele>44.20000076293945</ele>
        <time>2024-09-28T13:07:28Z</time>
        <extensions>
          <ns3:TrackPointExtension>
            <ns3:atemp>16.0</ns3:atemp>
          </ns3:TrackPointExtension>
        </extensions>
      </trkpt>
      <trkpt lat="48.87601850554347" lon="2.287700828164816">
        <ele>50.20000076293945</ele>
        <time>2024-09-28T13:08:42Z</time>
        <extensions>
          <ns3:TrackPointExtension>
            <ns3:atemp>16.0</ns3:atemp>
          </ns3:TrackPointExtension>
        </extensions>
      </trkpt>
      <trkpt lat="48.87471620924771" lon="2.2917887661606073">
        <ele>57.599998474121094</ele>
        <time>2024-09-28T13:09:34Z</time>
        <extensions>
          <ns3:TrackPointExtension>
            <ns3:atemp>15.0</ns3:atemp>
          </ns3:TrackPointExtension>
        </extensions>
      </trkpt>
      <trkpt lat="48.87447279877961" lon="2.2926607355475426">
        <ele>59.400001525878906</ele>
        <time>2024-09-28T13:09:46Z</time>
        <extensions>
          <ns3:TrackPointExtension>
            <ns3:atemp>15.0</ns3:atemp>
          </ns3:TrackPointExtension>
        </extensions>
      </trkpt>
      <trkpt lat="48.87433181516826" lon="2.2929535154253244">
        <ele>59.79999923706055</ele>
        <time>2024-09-28T13:10:20Z</time>
        <extensions>
          <ns3:TrackPointExtension>
            <ns3:atemp>15.0</ns3:atemp>
          </ns3:TrackPointExtension>
        </extensions>
      </trkpt>
      <trkpt lat="48.87408220209181" lon="2.293797405436635">
        <ele>60.599998474121094</ele>
        <time>2024-09-28T13:10:35Z</time>
        <extensions>
          <ns3:TrackPointExtension>
            <ns3:atemp>15.0</ns3:atemp>
          </ns3:TrackPointExtension>
        </extensions>
      </trkpt>
      <trkpt lat="48.87399662286043" lon="2.2939221281558275">
        <ele>61.0</ele>
        <time>2024-09-28T13:10:38Z</time>
        <extensions>
          <ns3:TrackPointExtension>
            <ns3:atemp>15.0</ns3:atemp>
          </ns3:TrackPointExtension>
        </extensions>
      </trkpt>
      <trkpt lat="48.87349270284176" lon="2.2941913548856974">
        <ele>61.79999923706055</ele>
        <time>2024-09-28T13:10:49Z</time>
        <extensions>
          <ns3:TrackPointExtension>
            <ns3:atemp>15.0</ns3:atemp>
          </ns3:TrackPointExtension>
        </extensions>
      </trkpt>
      <trkpt lat="48.87330578640103" lon="2.2944174986332655">
        <ele>62.0</ele>
        <time>2024-09-28T13:10:54Z</time>
        <extensions>
          <ns3:TrackPointExtension>
            <ns3:atemp>15.0</ns3:atemp>
          </ns3:TrackPointExtension>
        </extensions>
      </trkpt>
      <trkpt lat="48.87321978807449" lon="2.2946142219007015">
        <ele>62.0</ele>
        <time>2024-09-28T13:10:58Z</time>
        <extensions>
          <ns3:TrackPointExtension>
            <ns3:atemp>15.0</ns3:atemp>
          </ns3:TrackPointExtension>
        </extensions>
      </trkpt>
      <trkpt lat="48.873140243813396" lon="2.2949667647480965">
        <ele>62.20000076293945</ele>
        <time>2024-09-28T13:11:04Z</time>
        <extensions>
          <ns3:TrackPointExtension>
            <ns3:atemp>15.0</ns3:atemp>
          </ns3:TrackPointExtension>
        </extensions>
      </trkpt>
      <trkpt lat="48.87312792241573" lon="2.295183604583144">
        <ele>62.20000076293945</ele>
        <time>2024-09-28T13:11:08Z</time>
        <extensions>
          <ns3:TrackPointExtension>
            <ns3:atemp>16.0</ns3:atemp>
          </ns3:TrackPointExtension>
        </extensions>
      </trkpt>
      <trkpt lat="48.87321618385613" lon="2.2955575212836266">
        <ele>62.0</ele>
        <time>2024-09-28T13:11:15Z</time>
        <extensions>
          <ns3:TrackPointExtension>
            <ns3:atemp>15.0</ns3:atemp>
          </ns3:TrackPointExtension>
        </extensions>
      </trkpt>
      <trkpt lat="48.8733540661633" lon="2.295941999182105">
        <ele>61.400001525878906</ele>
        <time>2024-09-28T13:11:22Z</time>
        <extensions>
          <ns3:TrackPointExtension>
            <ns3:atemp>15.0</ns3:atemp>
          </ns3:TrackPointExtension>
        </extensions>
      </trkpt>
      <trkpt lat="48.87317913584411" lon="2.2966080252081156">
        <ele>60.20000076293945</ele>
        <time>2024-09-28T13:11:31Z</time>
        <extensions>
          <ns3:TrackPointExtension>
            <ns3:atemp>16.0</ns3:atemp>
          </ns3:TrackPointExtension>
        </extensions>
      </trkpt>
      <trkpt lat="48.87287512421608" lon="2.2974492330104113">
        <ele>58.400001525878906</ele>
        <time>2024-09-28T13:11:44Z</time>
        <extensions>
          <ns3:TrackPointExtension>
            <ns3:atemp>16.0</ns3:atemp>
          </ns3:TrackPointExtension>
        </extensions>
      </trkpt>
      <trkpt lat="48.87233943678439" lon="2.2992924973368645">
        <ele>55.400001525878906</ele>
        <time>2024-09-28T13:12:05Z</time>
        <extensions>
          <ns3:TrackPointExtension>
            <ns3:atemp>16.0</ns3:atemp>
          </ns3:TrackPointExtension>
        </extensions>
      </trkpt>
      <trkpt lat="48.87202385812998" lon="2.300127502530813">
        <ele>53.0</ele>
        <time>2024-09-28T13:12:36Z</time>
        <extensions>
          <ns3:TrackPointExtension>
            <ns3:atemp>16.0</ns3:atemp>
          </ns3:TrackPointExtension>
        </extensions>
      </trkpt>
      <trkpt lat="48.87168548069894" lon="2.3013805970549583">
        <ele>50.79999923706055</ele>
        <time>2024-09-28T13:13:05Z</time>
        <extensions>
          <ns3:TrackPointExtension>
            <ns3:atemp>15.0</ns3:atemp>
          </ns3:TrackPointExtension>
        </extensions>
      </trkpt>
      <trkpt lat="48.87098525650799" lon="2.303441036492586">
        <ele>46.400001525878906</ele>
        <time>2024-09-28T13:13:36Z</time>
        <extensions>
          <ns3:TrackPointExtension>
            <ns3:atemp>15.0</ns3:atemp>
          </ns3:TrackPointExtension>
        </extensions>
      </trkpt>
      <trkpt lat="48.87052693404257" lon="2.3049862403422594">
        <ele>44.0</ele>
        <time>2024-09-28T13:14:18Z</time>
        <extensions>
          <ns3:TrackPointExtension>
            <ns3:atemp>15.0</ns3:atemp>
          </ns3:TrackPointExtension>
        </extensions>
      </trkpt>
      <trkpt lat="48.87014916166663" lon="2.306068427860737">
        <ele>42.599998474121094</ele>
        <time>2024-09-28T13:14:35Z</time>
        <extensions>
          <ns3:TrackPointExtension>
            <ns3:atemp>15.0</ns3:atemp>
          </ns3:TrackPointExtension>
        </extensions>
      </trkpt>
      <trkpt lat="48.86959444731474" lon="2.3079307191073895">
        <ele>41.20000076293945</ele>
        <time>2024-09-28T13:14:58Z</time>
        <extensions>
          <ns3:TrackPointExtension>
            <ns3:atemp>15.0</ns3:atemp>
          </ns3:TrackPointExtension>
        </extensions>
      </trkpt>
      <trkpt lat="48.86891350150108" lon="2.309916727244854">
        <ele>38.400001525878906</ele>
        <time>2024-09-28T13:16:14Z</time>
        <extensions>
          <ns3:TrackPointExtension>
            <ns3:atemp>16.0</ns3:atemp>
          </ns3:TrackPointExtension>
        </extensions>
      </trkpt>
      <trkpt lat="48.86785821989179" lon="2.313243504613638">
        <ele>37.400001525878906</ele>
        <time>2024-09-28T13:17:39Z</time>
        <extensions>
          <ns3:TrackPointExtension>
            <ns3:atemp>16.0</ns3:atemp>
          </ns3:TrackPointExtension>
        </extensions>
      </trkpt>
      <trkpt lat="48.86770977638662" lon="2.313753627240658">
        <ele>37.79999923706055</ele>
        <time>2024-09-28T13:17:56Z</time>
        <extensions>
          <ns3:TrackPointExtension>
            <ns3:atemp>16.0</ns3:atemp>
          </ns3:TrackPointExtension>
        </extensions>
      </trkpt>
      <trkpt lat="48.86770541779697" lon="2.313945908099413">
        <ele>37.79999923706055</ele>
        <time>2024-09-28T13:18:05Z</time>
        <extensions>
          <ns3:TrackPointExtension>
            <ns3:atemp>16.0</ns3:atemp>
          </ns3:TrackPointExtension>
        </extensions>
      </trkpt>
      <trkpt lat="48.86751816608012" lon="2.3144207429140806">
        <ele>38.0</ele>
        <time>2024-09-28T13:18:15Z</time>
        <extensions>
          <ns3:TrackPointExtension>
            <ns3:atemp>16.0</ns3:atemp>
          </ns3:TrackPointExtension>
        </extensions>
      </trkpt>
      <trkpt lat="48.86705833487213" lon="2.3158715665340424">
        <ele>37.599998474121094</ele>
        <time>2024-09-28T13:18:38Z</time>
        <extensions>
          <ns3:TrackPointExtension>
            <ns3:atemp>16.0</ns3:atemp>
          </ns3:TrackPointExtension>
        </extensions>
      </trkpt>
      <trkpt lat="48.8668592646718" lon="2.316400967538357">
        <ele>37.400001525878906</ele>
        <time>2024-09-28T13:18:59Z</time>
        <extensions>
          <ns3:TrackPointExtension>
            <ns3:atemp>16.0</ns3:atemp>
          </ns3:TrackPointExtension>
        </extensions>
      </trkpt>
      <trkpt lat="48.866035994142294" lon="2.3190126847475767">
        <ele>37.599998474121094</ele>
        <time>2024-09-28T13:19:36Z</time>
        <extensions>
          <ns3:TrackPointExtension>
            <ns3:atemp>16.0</ns3:atemp>
          </ns3:TrackPointExtension>
        </extensions>
      </trkpt>
      <trkpt lat="48.86594488285482" lon="2.3191555961966515">
        <ele>37.599998474121094</ele>
        <time>2024-09-28T13:19:39Z</time>
        <extensions>
          <ns3:TrackPointExtension>
            <ns3:atemp>16.0</ns3:atemp>
          </ns3:TrackPointExtension>
        </extensions>
      </trkpt>
      <trkpt lat="48.8657386880368" lon="2.3192318715155125">
        <ele>37.20000076293945</ele>
        <time>2024-09-28T13:19:43Z</time>
        <extensions>
          <ns3:TrackPointExtension>
            <ns3:atemp>16.0</ns3:atemp>
          </ns3:TrackPointExtension>
        </extensions>
      </trkpt>
      <trkpt lat="48.865117002278566" lon="2.3190245032310486">
        <ele>35.599998474121094</ele>
        <time>2024-09-28T13:19:51Z</time>
        <extensions>
          <ns3:TrackPointExtension>
            <ns3:atemp>16.0</ns3:atemp>
          </ns3:TrackPointExtension>
        </extensions>
      </trkpt>
      <trkpt lat="48.86473445221782" lon="2.3192895390093327">
        <ele>33.20000076293945</ele>
        <time>2024-09-28T13:19:59Z</time>
        <extensions>
          <ns3:TrackPointExtension>
            <ns3:atemp>16.0</ns3:atemp>
          </ns3:TrackPointExtension>
        </extensions>
      </trkpt>
      <trkpt lat="48.86445650830865" lon="2.319815084338188">
        <ele>33.0</ele>
        <time>2024-09-28T13:20:01Z</time>
        <extensions>
          <ns3:TrackPointExtension>
            <ns3:atemp>16.0</ns3:atemp>
          </ns3:TrackPointExtension>
        </extensions>
      </trkpt>
      <trkpt lat="48.86433237232268" lon="2.320253122597933">
        <ele>33.0</ele>
        <time>2024-09-28T13:20:04Z</time>
        <extensions>
          <ns3:TrackPointExtension>
            <ns3:atemp>16.0</ns3:atemp>
          </ns3:TrackPointExtension>
        </extensions>
      </trkpt>
      <trkpt lat="48.86401469819248" lon="2.3208192363381386">
        <ele>33.20000076293945</ele>
        <time>2024-09-28T13:20:08Z</time>
        <extensions>
          <ns3:TrackPointExtension>
            <ns3:atemp>16.0</ns3:atemp>
          </ns3:TrackPointExtension>
        </extensions>
      </trkpt>
      <trkpt lat="48.863458978012204" lon="2.322017177939415">
        <ele>37.599998474121094</ele>
        <time>2024-09-28T13:20:21Z</time>
        <extensions>
          <ns3:TrackPointExtension>
            <ns3:atemp>16.0</ns3:atemp>
          </ns3:TrackPointExtension>
        </extensions>
      </trkpt>
      <trkpt lat="48.862643921747804" lon="2.324455976486206">
        <ele>37.400001525878906</ele>
        <time>2024-09-28T13:20:43Z</time>
        <extensions>
          <ns3:TrackPointExtension>
            <ns3:atemp>16.0</ns3:atemp>
          </ns3:TrackPointExtension>
        </extensions>
      </trkpt>
      <trkpt lat="48.86221267282963" lon="2.3258479591459036">
        <ele>37.599998474121094</ele>
        <time>2024-09-28T13:20:58Z</time>
        <extensions>
          <ns3:TrackPointExtension>
            <ns3:atemp>16.0</ns3:atemp>
          </ns3:TrackPointExtension>
        </extensions>
      </trkpt>
      <trkpt lat="48.860787749290466" lon="2.330243680626154">
        <ele>38.79999923706055</ele>
        <time>2024-09-28T13:21:48Z</time>
        <extensions>
          <ns3:TrackPointExtension>
            <ns3:atemp>16.0</ns3:atemp>
          </ns3:TrackPointExtension>
        </extensions>
      </trkpt>
      <trkpt lat="48.860588846728206" lon="2.3310180846601725">
        <ele>39.599998474121094</ele>
        <time>2024-09-28T13:21:56Z</time>
        <extensions>
          <ns3:TrackPointExtension>
            <ns3:atemp>16.0</ns3:atemp>
          </ns3:TrackPointExtension>
        </extensions>
      </trkpt>
      <trkpt lat="48.860365049913526" lon="2.33209440484643">
        <ele>39.0</ele>
        <time>2024-09-28T13:22:09Z</time>
        <extensions>
          <ns3:TrackPointExtension>
            <ns3:atemp>16.0</ns3:atemp>
          </ns3:TrackPointExtension>
        </extensions>
      </trkpt>
      <trkpt lat="48.860288858413696" lon="2.332473350688815">
        <ele>38.400001525878906</ele>
        <time>2024-09-28T13:22:15Z</time>
        <extensions>
          <ns3:TrackPointExtension>
            <ns3:atemp>16.0</ns3:atemp>
          </ns3:TrackPointExtension>
        </extensions>
      </trkpt>
      <trkpt lat="48.860270669683814" lon="2.3327450081706047">
        <ele>38.400001525878906</ele>
        <time>2024-09-28T13:22:21Z</time>
        <extensions>
          <ns3:TrackPointExtension>
            <ns3:atemp>16.0</ns3:atemp>
          </ns3:TrackPointExtension>
        </extensions>
      </trkpt>
      <trkpt lat="48.86012054979801" lon="2.333001997321844">
        <ele>38.400001525878906</ele>
        <time>2024-09-28T13:22:51Z</time>
        <extensions>
          <ns3:TrackPointExtension>
            <ns3:atemp>16.0</ns3:atemp>
          </ns3:TrackPointExtension>
        </extensions>
      </trkpt>
      <trkpt lat="48.86001728475094" lon="2.3330819606781006">
        <ele>38.400001525878906</ele>
        <time>2024-09-28T13:22:57Z</time>
        <extensions>
          <ns3:TrackPointExtension>
            <ns3:atemp>16.0</ns3:atemp>
          </ns3:TrackPointExtension>
        </extensions>
      </trkpt>
      <trkpt lat="48.85990848764777" lon="2.3330749198794365">
        <ele>38.599998474121094</ele>
        <time>2024-09-28T13:23:01Z</time>
        <extensions>
          <ns3:TrackPointExtension>
            <ns3:atemp>16.0</ns3:atemp>
          </ns3:TrackPointExtension>
        </extensions>
      </trkpt>
      <trkpt lat="48.858853625133634" lon="2.3325053695589304">
        <ele>39.79999923706055</ele>
        <time>2024-09-28T13:23:29Z</time>
        <extensions>
          <ns3:TrackPointExtension>
            <ns3:atemp>16.0</ns3:atemp>
          </ns3:TrackPointExtension>
        </extensions>
      </trkpt>
      <trkpt lat="48.858722280710936" lon="2.3323748633265495">
        <ele>39.20000076293945</ele>
        <time>2024-09-28T13:23:33Z</time>
        <extensions>
          <ns3:TrackPointExtension>
            <ns3:atemp>16.0</ns3:atemp>
          </ns3:TrackPointExtension>
        </extensions>
      </trkpt>
      <trkpt lat="48.85869646444917" lon="2.332205381244421">
        <ele>38.79999923706055</ele>
        <time>2024-09-28T13:23:36Z</time>
        <extensions>
          <ns3:TrackPointExtension>
            <ns3:atemp>16.0</ns3:atemp>
          </ns3:TrackPointExtension>
        </extensions>
      </trkpt>
      <trkpt lat="48.85896300897002" lon="2.3312837071716785">
        <ele>38.400001525878906</ele>
        <time>2024-09-28T13:23:48Z</time>
        <extensions>
          <ns3:TrackPointExtension>
            <ns3:atemp>16.0</ns3:atemp>
          </ns3:TrackPointExtension>
        </extensions>
      </trkpt>
      <trkpt lat="48.85947832837701" lon="2.3297766409814358">
        <ele>38.79999923706055</ele>
        <time>2024-09-28T13:24:16Z</time>
        <extensions>
          <ns3:TrackPointExtension>
            <ns3:atemp>16.0</ns3:atemp>
          </ns3:TrackPointExtension>
        </extensions>
      </trkpt>
      <trkpt lat="48.859666837379336" lon="2.32902092859149">
        <ele>39.20000076293945</ele>
        <time>2024-09-28T13:24:37Z</time>
        <extensions>
          <ns3:TrackPointExtension>
            <ns3:atemp>16.0</ns3:atemp>
          </ns3:TrackPointExtension>
        </extensions>
      </trkpt>
      <trkpt lat="48.860038658604026" lon="2.327881073579192">
        <ele>38.0</ele>
        <time>2024-09-28T13:24:51Z</time>
        <extensions>
          <ns3:TrackPointExtension>
            <ns3:atemp>16.0</ns3:atemp>
          </ns3:TrackPointExtension>
        </extensions>
      </trkpt>
      <trkpt lat="48.86031936854124" lon="2.327217645943165">
        <ele>38.0</ele>
        <time>2024-09-28T13:25:00Z</time>
        <extensions>
          <ns3:TrackPointExtension>
            <ns3:atemp>16.0</ns3:atemp>
          </ns3:TrackPointExtension>
        </extensions>
      </trkpt>
      <trkpt lat="48.860640563070774" lon="2.326086340472102">
        <ele>37.79999923706055</ele>
        <time>2024-09-28T13:25:14Z</time>
        <extensions>
          <ns3:TrackPointExtension>
            <ns3:atemp>16.0</ns3:atemp>
          </ns3:TrackPointExtension>
        </extensions>
      </trkpt>
      <trkpt lat="48.86069177649915" lon="2.3257917165756226">
        <ele>37.79999923706055</ele>
        <time>2024-09-28T13:25:18Z</time>
        <extensions>
          <ns3:TrackPointExtension>
            <ns3:atemp>16.0</ns3:atemp>
          </ns3:TrackPointExtension>
        </extensions>
      </trkpt>
      <trkpt lat="48.86239414103329" lon="2.320000994950533">
        <ele>37.0</ele>
        <time>2024-09-28T13:26:26Z</time>
        <extensions>
          <ns3:TrackPointExtension>
            <ns3:atemp>16.0</ns3:atemp>
          </ns3:TrackPointExtension>
        </extensions>
      </trkpt>
      <trkpt lat="48.86261634528637" lon="2.319321306422353">
        <ele>37.20000076293945</ele>
        <time>2024-09-28T13:26:52Z</time>
        <extensions>
          <ns3:TrackPointExtension>
            <ns3:atemp>16.0</ns3:atemp>
          </ns3:TrackPointExtension>
        </extensions>
      </trkpt>
      <trkpt lat="48.86269354261458" lon="2.319170432165265">
        <ele>37.0</ele>
        <time>2024-09-28T13:27:00Z</time>
        <extensions>
          <ns3:TrackPointExtension>
            <ns3:atemp>16.0</ns3:atemp>
          </ns3:TrackPointExtension>
        </extensions>
      </trkpt>
      <trkpt lat="48.86277560144663" lon="2.3188227508217096">
        <ele>37.400001525878906</ele>
        <time>2024-09-28T13:27:18Z</time>
        <extensions>
          <ns3:TrackPointExtension>
            <ns3:atemp>16.0</ns3:atemp>
          </ns3:TrackPointExtension>
        </extensions>
      </trkpt>
      <trkpt lat="48.86298221535981" lon="2.318205004557967">
        <ele>37.0</ele>
        <time>2024-09-28T13:27:26Z</time>
        <extensions>
          <ns3:TrackPointExtension>
            <ns3:atemp>16.0</ns3:atemp>
          </ns3:TrackPointExtension>
        </extensions>
      </trkpt>
      <trkpt lat="48.863025130704045" lon="2.317919349297881">
        <ele>36.599998474121094</ele>
        <time>2024-09-28T13:27:29Z</time>
        <extensions>
          <ns3:TrackPointExtension>
            <ns3:atemp>16.0</ns3:atemp>
          </ns3:TrackPointExtension>
        </extensions>
      </trkpt>
      <trkpt lat="48.86292614042759" lon="2.3137787729501724">
        <ele>36.0</ele>
        <time>2024-09-28T13:28:42Z</time>
        <extensions>
          <ns3:TrackPointExtension>
            <ns3:atemp>16.0</ns3:atemp>
          </ns3:TrackPointExtension>
        </extensions>
      </trkpt>
      <trkpt lat="48.86295413598418" lon="2.313487669453025">
        <ele>35.79999923706055</ele>
        <time>2024-09-28T13:28:49Z</time>
        <extensions>
          <ns3:TrackPointExtension>
            <ns3:atemp>16.0</ns3:atemp>
          </ns3:TrackPointExtension>
        </extensions>
      </trkpt>
      <trkpt lat="48.862924464046955" lon="2.313217604532838">
        <ele>36.0</ele>
        <time>2024-09-28T13:28:53Z</time>
        <extensions>
          <ns3:TrackPointExtension>
            <ns3:atemp>16.0</ns3:atemp>
          </ns3:TrackPointExtension>
        </extensions>
      </trkpt>
      <trkpt lat="48.86288364417851" lon="2.3116448242217302">
        <ele>35.79999923706055</ele>
        <time>2024-09-28T13:29:12Z</time>
        <extensions>
          <ns3:TrackPointExtension>
            <ns3:atemp>16.0</ns3:atemp>
          </ns3:TrackPointExtension>
        </extensions>
      </trkpt>
      <trkpt lat="48.862702678889036" lon="2.3107285145670176">
        <ele>35.79999923706055</ele>
        <time>2024-09-28T13:29:25Z</time>
        <extensions>
          <ns3:TrackPointExtension>
            <ns3:atemp>16.0</ns3:atemp>
          </ns3:TrackPointExtension>
        </extensions>
      </trkpt>
      <trkpt lat="48.862717263400555" lon="2.3104145284742117">
        <ele>35.20000076293945</ele>
        <time>2024-09-28T13:29:47Z</time>
        <extensions>
          <ns3:TrackPointExtension>
            <ns3:atemp>16.0</ns3:atemp>
          </ns3:TrackPointExtension>
        </extensions>
      </trkpt>
      <trkpt lat="48.862645933404565" lon="2.310013370588422">
        <ele>35.20000076293945</ele>
        <time>2024-09-28T13:29:54Z</time>
        <extensions>
          <ns3:TrackPointExtension>
            <ns3:atemp>17.0</ns3:atemp>
          </ns3:TrackPointExtension>
        </extensions>
      </trkpt>
      <trkpt lat="48.86263210326433" lon="2.3096966184675694">
        <ele>35.20000076293945</ele>
        <time>2024-09-28T13:29:58Z</time>
        <extensions>
          <ns3:TrackPointExtension>
            <ns3:atemp>17.0</ns3:atemp>
          </ns3:TrackPointExtension>
        </extensions>
      </trkpt>
      <trkpt lat="48.86257183738053" lon="2.3065529856830835">
        <ele>34.599998474121094</ele>
        <time>2024-09-28T13:30:30Z</time>
        <extensions>
          <ns3:TrackPointExtension>
            <ns3:atemp>16.0</ns3:atemp>
          </ns3:TrackPointExtension>
        </extensions>
      </trkpt>
      <trkpt lat="48.86247913353145" lon="2.303633401170373">
        <ele>35.0</ele>
        <time>2024-09-28T13:30:59Z</time>
        <extensions>
          <ns3:TrackPointExtension>
            <ns3:atemp>16.0</ns3:atemp>
          </ns3:TrackPointExtension>
        </extensions>
      </trkpt>
      <trkpt lat="48.86254987679422" lon="2.301961714401841">
        <ele>35.20000076293945</ele>
        <time>2024-09-28T13:31:23Z</time>
        <extensions>
          <ns3:TrackPointExtension>
            <ns3:atemp>16.0</ns3:atemp>
          </ns3:TrackPointExtension>
        </extensions>
      </trkpt>
      <trkpt lat="48.86254015378654" lon="2.3017083294689655">
        <ele>35.20000076293945</ele>
        <time>2024-09-28T13:31:33Z</time>
        <extensions>
          <ns3:TrackPointExtension>
            <ns3:atemp>16.0</ns3:atemp>
          </ns3:TrackPointExtension>
        </extensions>
      </trkpt>
      <trkpt lat="48.86246136389673" lon="2.3013735562562943">
        <ele>35.0</ele>
        <time>2024-09-28T13:31:40Z</time>
        <extensions>
          <ns3:TrackPointExtension>
            <ns3:atemp>16.0</ns3:atemp>
          </ns3:TrackPointExtension>
        </extensions>
      </trkpt>
      <trkpt lat="48.862338652834296" lon="2.2998697590082884">
        <ele>34.400001525878906</ele>
        <time>2024-09-28T13:31:58Z</time>
        <extensions>
          <ns3:TrackPointExtension>
            <ns3:atemp>17.0</ns3:atemp>
          </ns3:TrackPointExtension>
        </extensions>
      </trkpt>
      <trkpt lat="48.86216045357287" lon="2.2989179100841284">
        <ele>34.20000076293945</ele>
        <time>2024-09-28T13:32:07Z</time>
        <extensions>
          <ns3:TrackPointExtension>
            <ns3:atemp>17.0</ns3:atemp>
          </ns3:TrackPointExtension>
        </extensions>
      </trkpt>
      <trkpt lat="48.862023409456015" lon="2.2984034288674593">
        <ele>34.0</ele>
        <time>2024-09-28T13:32:12Z</time>
        <extensions>
          <ns3:TrackPointExtension>
            <ns3:atemp>17.0</ns3:atemp>
          </ns3:TrackPointExtension>
        </extensions>
      </trkpt>
      <trkpt lat="48.86183506809175" lon="2.297727009281516">
        <ele>34.0</ele>
        <time>2024-09-28T13:32:19Z</time>
        <extensions>
          <ns3:TrackPointExtension>
            <ns3:atemp>17.0</ns3:atemp>
          </ns3:TrackPointExtension>
        </extensions>
      </trkpt>
      <trkpt lat="48.86157070286572" lon="2.2970142122358084">
        <ele>34.0</ele>
        <time>2024-09-28T13:32:27Z</time>
        <extensions>
          <ns3:TrackPointExtension>
            <ns3:atemp>17.0</ns3:atemp>
          </ns3:TrackPointExtension>
        </extensions>
      </trkpt>
      <trkpt lat="48.861383367329836" lon="2.2965903393924236">
        <ele>34.0</ele>
        <time>2024-09-28T13:32:32Z</time>
        <extensions>
          <ns3:TrackPointExtension>
            <ns3:atemp>16.0</ns3:atemp>
          </ns3:TrackPointExtension>
        </extensions>
      </trkpt>
      <trkpt lat="48.86103560216725" lon="2.2959568351507187">
        <ele>34.20000076293945</ele>
        <time>2024-09-28T13:32:41Z</time>
        <extensions>
          <ns3:TrackPointExtension>
            <ns3:atemp>16.0</ns3:atemp>
          </ns3:TrackPointExtension>
        </extensions>
      </trkpt>
      <trkpt lat="48.86067811399698" lon="2.295396253466606">
        <ele>34.400001525878906</ele>
        <time>2024-09-28T13:32:51Z</time>
        <extensions>
          <ns3:TrackPointExtension>
            <ns3:atemp>16.0</ns3:atemp>
          </ns3:TrackPointExtension>
        </extensions>
      </trkpt>
      <trkpt lat="48.86044476181269" lon="2.295099198818207">
        <ele>34.400001525878906</ele>
        <time>2024-09-28T13:33:02Z</time>
        <extensions>
          <ns3:TrackPointExtension>
            <ns3:atemp>16.0</ns3:atemp>
          </ns3:TrackPointExtension>
        </extensions>
      </trkpt>
      <trkpt lat="48.86025885120034" lon="2.294784877449274">
        <ele>34.400001525878906</ele>
        <time>2024-09-28T13:33:16Z</time>
        <extensions>
          <ns3:TrackPointExtension>
            <ns3:atemp>16.0</ns3:atemp>
          </ns3:TrackPointExtension>
        </extensions>
      </trkpt>
      <trkpt lat="48.86036681011319" lon="2.2949266992509365">
        <ele>34.400001525878906</ele>
        <time>2024-09-28T13:33:41Z</time>
        <extensions>
          <ns3:TrackPointExtension>
            <ns3:atemp>17.0</ns3:atemp>
          </ns3:TrackPointExtension>
        </extensions>
      </trkpt>
    </trkseg>
  </trk>
</gpx>